{
    "1": [
        33,
        "picture"
    ],
    "2": [
        1001,
        "lamp"
    ],
    "5": [
        671,
        "chair"
    ],
    "6": [
        370,
        "lamp"
    ],
    "9": [
        434,
        "bookshelf"
    ],
    "10": [
        241,
        "lamp"
    ],
    "12": [
        672,
        "heater"
    ],
    "13": [
        387,
        "shelf"
    ],
    "14": [
        109,
        "picture"
    ],
    "15": [
        113,
        "lamp"
    ],
    "16": [
        224,
        "plush_toy"
    ],
    "18": [
        651,
        "picture"
    ],
    "19": [
        444,
        "book"
    ],
    "24": [
        624,
        "bin"
    ],
    "25": [
        752,
        "kitchen_counter"
    ],
    "28": [
        396,
        "board"
    ],
    "30": [
        36,
        "box"
    ],
    "37": [
        888,
        "bottle"
    ],
    "38": [
        218,
        "towel"
    ],
    "40": [
        17,
        "lamp"
    ],
    "41": [
        879,
        "box"
    ],
    "42": [
        125,
        "cardboard_box"
    ],
    "43": [
        450,
        "bookshelf"
    ],
    "44": [
        962,
        "toy"
    ],
    "47": [
        875,
        "shelf"
    ],
    "48": [
        514,
        "casket"
    ],
    "49": [
        548,
        "picture"
    ],
    "50": [
        1013,
        "box"
    ],
    "51": [
        753,
        "stovetop"
    ],
    "52": [
        303,
        "washing_machine"
    ],
    "54": [
        144,
        "shower"
    ],
    "57": [
        78,
        "toy"
    ],
    "61": [
        283,
        "stovetop"
    ],
    "64": [
        1007,
        "door"
    ],
    "66": [
        267,
        "pouffe"
    ],
    "67": [
        121,
        "bottle"
    ],
    "69": [
        966,
        "toy"
    ],
    "70": [
        657,
        "wardrobe"
    ],
    "71": [
        695,
        "box"
    ],
    "72": [
        1073,
        "wardrobe"
    ],
    "74": [
        97,
        "bath_towel"
    ],
    "75": [
        207,
        "cardboard"
    ],
    "76": [
        104,
        "heater"
    ],
    "77": [
        275,
        "door"
    ],
    "79": [
        523,
        "pillow"
    ],
    "80": [
        166,
        "cabinet"
    ],
    "82": [
        420,
        "case"
    ],
    "83": [
        120,
        "bottle"
    ],
    "84": [
        419,
        "case"
    ],
    "87": [
        42,
        "box"
    ],
    "89": [
        12,
        "picture"
    ],
    "91": [
        736,
        "toaster"
    ],
    "92": [
        602,
        "heater"
    ],
    "93": [
        741,
        "tray"
    ],
    "94": [
        14,
        "door"
    ],
    "95": [
        71,
        "box"
    ],
    "96": [
        867,
        "frame"
    ],
    "97": [
        973,
        "toy"
    ],
    "98": [
        133,
        "device"
    ],
    "99": [
        503,
        "window"
    ],
    "102": [
        533,
        "vase"
    ],
    "104": [
        345,
        "lamp"
    ],
    "105": [
        20,
        "radio"
    ],
    "106": [
        68,
        "printer"
    ],
    "107": [
        640,
        "hanger"
    ],
    "108": [
        213,
        "toy"
    ],
    "109": [
        350,
        "picture"
    ],
    "110": [
        406,
        "chair"
    ],
    "115": [
        175,
        "picture"
    ],
    "116": [
        67,
        "shoe"
    ],
    "117": [
        457,
        "book"
    ],
    "118": [
        504,
        "table"
    ],
    "121": [
        902,
        "pouffe"
    ],
    "123": [
        293,
        "kitchen_cabinet"
    ],
    "125": [
        743,
        "food_tray"
    ],
    "126": [
        1022,
        "pillow"
    ],
    "127": [
        418,
        "box"
    ],
    "129": [
        279,
        "wall_clock"
    ],
    "130": [
        527,
        "pillow"
    ],
    "132": [
        41,
        "box"
    ],
    "133": [
        282,
        "kitchen_cabinet"
    ],
    "134": [
        27,
        "wardrobe"
    ],
    "136": [
        694,
        "ornament"
    ],
    "137": [
        1005,
        "mirror"
    ],
    "139": [
        898,
        "wardrobe"
    ],
    "140": [
        748,
        "cup"
    ],
    "143": [
        317,
        "vase"
    ],
    "144": [
        799,
        "box"
    ],
    "145": [
        512,
        "ornament"
    ],
    "148": [
        269,
        "pillow"
    ],
    "149": [
        708,
        "cabinet"
    ],
    "154": [
        905,
        "air_conditioning"
    ],
    "157": [
        305,
        "kitchen_counter"
    ],
    "158": [
        292,
        "refrigerator"
    ],
    "160": [
        621,
        "sink"
    ],
    "162": [
        1091,
        "mirror"
    ],
    "167": [
        522,
        "plant"
    ],
    "168": [
        746,
        "scale"
    ],
    "171": [
        796,
        "broom"
    ],
    "172": [
        552,
        "picture"
    ],
    "173": [
        869,
        "box"
    ],
    "175": [
        18,
        "picture"
    ],
    "177": [
        728,
        "oven"
    ],
    "179": [
        439,
        "book"
    ],
    "180": [
        989,
        "ceiling_window"
    ],
    "181": [
        927,
        "lamp"
    ],
    "182": [
        981,
        "toy"
    ],
    "183": [
        392,
        "picture"
    ],
    "185": [
        1070,
        "picture"
    ],
    "187": [
        11,
        "picture"
    ],
    "188": [
        414,
        "box"
    ],
    "191": [
        558,
        "picture"
    ],
    "193": [
        449,
        "book"
    ],
    "197": [
        281,
        "device"
    ],
    "199": [
        141,
        "soap_bottle"
    ],
    "201": [
        142,
        "soap_bottle"
    ],
    "202": [
        115,
        "cabinet"
    ],
    "204": [
        627,
        "jar"
    ],
    "206": [
        873,
        "bottle"
    ],
    "209": [
        760,
        "kitchen_cabinet"
    ],
    "210": [
        710,
        "rug"
    ],
    "211": [
        312,
        "tap"
    ],
    "213": [
        689,
        "bottle"
    ],
    "216": [
        667,
        "picture"
    ],
    "220": [
        268,
        "couch"
    ],
    "221": [
        984,
        "clothes"
    ],
    "222": [
        505,
        "pouffe"
    ],
    "224": [
        50,
        "book"
    ],
    "225": [
        122,
        "cardboard_box"
    ],
    "227": [
        740,
        "kitchen_cabinet"
    ],
    "230": [
        386,
        "shelf"
    ],
    "231": [
        612,
        "shower_tap"
    ],
    "233": [
        430,
        "book"
    ],
    "234": [
        727,
        "range_hood"
    ],
    "235": [
        777,
        "tray"
    ],
    "237": [
        850,
        "flower_stand"
    ],
    "242": [
        356,
        "door"
    ],
    "246": [
        668,
        "door"
    ],
    "247": [
        105,
        "bath_towel"
    ],
    "248": [
        358,
        "window"
    ],
    "249": [
        734,
        "bottle"
    ],
    "250": [
        957,
        "tv"
    ],
    "251": [
        412,
        "lamp"
    ],
    "253": [
        700,
        "ornament"
    ],
    "254": [
        508,
        "door"
    ],
    "256": [
        145,
        "door"
    ],
    "259": [
        112,
        "mirror"
    ],
    "262": [
        704,
        "hat"
    ],
    "263": [
        620,
        "bathroom_cabinet"
    ],
    "264": [
        940,
        "picture"
    ],
    "265": [
        616,
        "mirror"
    ],
    "266": [
        114,
        "platform"
    ],
    "268": [
        1076,
        "cardboard_box"
    ],
    "270": [
        8,
        "picture"
    ],
    "271": [
        405,
        "picture"
    ],
    "272": [
        427,
        "cabinet"
    ],
    "276": [
        384,
        "mirror_frame"
    ],
    "278": [
        954,
        "window"
    ],
    "279": [
        417,
        "box"
    ],
    "280": [
        328,
        "bottle"
    ],
    "281": [
        294,
        "kitchen_cabinet"
    ],
    "283": [
        775,
        "tap"
    ],
    "286": [
        271,
        "drum"
    ],
    "290": [
        437,
        "book"
    ],
    "291": [
        625,
        "box_of_tissues"
    ],
    "292": [
        89,
        "box"
    ],
    "293": [
        230,
        "backpack"
    ],
    "295": [
        314,
        "microwave"
    ],
    "296": [
        603,
        "bathroom_towel"
    ],
    "298": [
        316,
        "tv"
    ],
    "305": [
        35,
        "container"
    ],
    "306": [
        622,
        "bin"
    ],
    "307": [
        975,
        "cabinet"
    ],
    "309": [
        596,
        "window"
    ],
    "310": [
        1078,
        "flower_stand"
    ],
    "312": [
        792,
        "power_breaker_box"
    ],
    "313": [
        855,
        "box"
    ],
    "315": [
        839,
        "air_conditioning"
    ],
    "316": [
        318,
        "device"
    ],
    "317": [
        441,
        "book"
    ],
    "318": [
        589,
        "casket"
    ],
    "320": [
        431,
        "book"
    ],
    "324": [
        847,
        "desk_lamp"
    ],
    "325": [
        849,
        "flower"
    ],
    "327": [
        202,
        "guitar"
    ],
    "328": [
        556,
        "picture"
    ],
    "329": [
        881,
        "box"
    ],
    "331": [
        126,
        "bottle"
    ],
    "332": [
        609,
        "bathroom_shelf"
    ],
    "333": [
        659,
        "jacket"
    ],
    "334": [
        193,
        "cart"
    ],
    "338": [
        354,
        "cabinet"
    ],
    "339": [
        942,
        "stuffed_animal"
    ],
    "340": [
        660,
        "flowerpot"
    ],
    "341": [
        196,
        "picture"
    ],
    "343": [
        526,
        "pillow"
    ],
    "344": [
        614,
        "door"
    ],
    "346": [
        192,
        "curtain"
    ],
    "349": [
        456,
        "bookshelf"
    ],
    "350": [
        661,
        "plant"
    ],
    "354": [
        81,
        "box"
    ],
    "355": [
        1018,
        "cabinet"
    ],
    "356": [
        499,
        "cabinet"
    ],
    "358": [
        22,
        "stuffed_animal"
    ],
    "359": [
        352,
        "hanger"
    ],
    "360": [
        208,
        "desk"
    ],
    "363": [
        788,
        "window"
    ],
    "365": [
        959,
        "toy"
    ],
    "369": [
        76,
        "box"
    ],
    "370": [
        401,
        "lamp"
    ],
    "372": [
        404,
        "picture"
    ],
    "375": [
        394,
        "blanket"
    ],
    "376": [
        15,
        "lamp"
    ],
    "377": [
        16,
        "lamp"
    ],
    "378": [
        606,
        "rug"
    ],
    "380": [
        302,
        "cabinet"
    ],
    "381": [
        887,
        "frame"
    ],
    "383": [
        304,
        "cabinet"
    ],
    "384": [
        851,
        "dresser"
    ],
    "385": [
        856,
        "cabinet"
    ],
    "387": [
        165,
        "toilet"
    ],
    "389": [
        270,
        "pillow"
    ],
    "391": [
        299,
        "chair"
    ],
    "394": [
        601,
        "bathroom_shelf"
    ],
    "396": [
        110,
        "picture"
    ],
    "397": [
        848,
        "hat"
    ],
    "399": [
        521,
        "pillow"
    ],
    "400": [
        703,
        "casket"
    ],
    "468": [
        917,
        "window"
    ],
    "402": [
        1015,
        "bag"
    ],
    "403": [
        327,
        "tray"
    ],
    "406": [
        520,
        "tv_stand"
    ],
    "407": [
        298,
        "chair"
    ],
    "409": [
        47,
        "desk"
    ],
    "410": [
        599,
        "picture"
    ],
    "411": [
        309,
        "picture"
    ],
    "413": [
        699,
        "ornament"
    ],
    "414": [
        751,
        "food"
    ],
    "419": [
        1064,
        "box"
    ],
    "422": [
        433,
        "bookshelf"
    ],
    "423": [
        955,
        "pouffe"
    ],
    "424": [
        342,
        "ventilation"
    ],
    "427": [
        134,
        "tap"
    ],
    "429": [
        585,
        "basket"
    ],
    "432": [
        827,
        "picture"
    ],
    "433": [
        467,
        "wardrobe"
    ],
    "435": [
        1075,
        "clutter"
    ],
    "436": [
        174,
        "paper_towel_dispenser"
    ],
    "437": [
        200,
        "picture"
    ],
    "438": [
        971,
        "toy"
    ],
    "439": [
        801,
        "cabinet"
    ],
    "440": [
        324,
        "speaker"
    ],
    "443": [
        1017,
        "box"
    ],
    "444": [
        426,
        "speaker"
    ],
    "446": [
        266,
        "table"
    ],
    "447": [
        295,
        "kitchen_counter"
    ],
    "448": [
        600,
        "bathroom_towel"
    ],
    "449": [
        70,
        "laptop"
    ],
    "450": [
        735,
        "bottle"
    ],
    "451": [
        803,
        "bottle"
    ],
    "454": [
        319,
        "device"
    ],
    "458": [
        697,
        "cabinet"
    ],
    "459": [
        290,
        "door"
    ],
    "461": [
        40,
        "box"
    ],
    "464": [
        857,
        "desk_lamp"
    ],
    "466": [
        79,
        "car"
    ],
    "467": [
        763,
        "kitchen_cabinet"
    ],
    "469": [
        90,
        "doll"
    ],
    "471": [
        871,
        "cup"
    ],
    "473": [
        835,
        "vacuum_cleaner"
    ],
    "474": [
        310,
        "paper_towel"
    ],
    "476": [
        69,
        "chair"
    ],
    "477": [
        805,
        "storage_cabinet"
    ],
    "478": [
        681,
        "computer"
    ],
    "479": [
        1006,
        "hanger"
    ],
    "480": [
        274,
        "curtain_rod"
    ],
    "481": [
        712,
        "chair"
    ],
    "483": [
        57,
        "stuffed_animal"
    ],
    "485": [
        517,
        "box"
    ],
    "487": [
        1068,
        "storage_cabinet"
    ],
    "489": [
        359,
        "hat"
    ],
    "490": [
        372,
        "wardrobe"
    ],
    "491": [
        854,
        "hat"
    ],
    "492": [
        182,
        "mirror"
    ],
    "494": [
        435,
        "bookshelf"
    ],
    "498": [
        525,
        "pillow"
    ],
    "501": [
        1092,
        "mat"
    ],
    "504": [
        454,
        "book"
    ],
    "505": [
        794,
        "broom"
    ],
    "507": [
        323,
        "ornament"
    ],
    "508": [
        528,
        "pillow"
    ],
    "510": [
        300,
        "chair"
    ],
    "513": [
        939,
        "picture"
    ],
    "517": [
        49,
        "picture"
    ],
    "518": [
        38,
        "box"
    ],
    "522": [
        893,
        "frame"
    ],
    "523": [
        226,
        "bag"
    ],
    "524": [
        961,
        "toy"
    ],
    "525": [
        46,
        "desk_chair"
    ],
    "526": [
        137,
        "cup"
    ],
    "527": [
        393,
        "bed"
    ],
    "528": [
        344,
        "ventilation"
    ],
    "530": [
        826,
        "picture"
    ],
    "532": [
        216,
        "cup"
    ],
    "534": [
        1062,
        "bedside_table"
    ],
    "535": [
        1003,
        "picture"
    ],
    "536": [
        26,
        "box"
    ],
    "538": [
        209,
        "casket"
    ],
    "539": [
        77,
        "desk"
    ],
    "540": [
        222,
        "pillow"
    ],
    "542": [
        860,
        "box"
    ],
    "543": [
        1004,
        "air_conditioning"
    ],
    "544": [
        313,
        "kitchen_cabinet"
    ],
    "545": [
        306,
        "toaster"
    ],
    "547": [
        903,
        "device"
    ],
    "548": [
        334,
        "picture"
    ],
    "550": [
        424,
        "newspaper"
    ],
    "551": [
        155,
        "picture"
    ],
    "552": [
        853,
        "hat"
    ],
    "556": [
        23,
        "cardboard_box"
    ],
    "558": [
        495,
        "picture"
    ],
    "559": [
        979,
        "chair"
    ],
    "560": [
        331,
        "cup"
    ],
    "561": [
        453,
        "bookshelf"
    ],
    "563": [
        108,
        "picture"
    ],
    "564": [
        285,
        "paper_towel"
    ],
    "565": [
        941,
        "lamp"
    ],
    "566": [
        301,
        "sink"
    ],
    "568": [
        977,
        "pillow"
    ],
    "570": [
        48,
        "clock"
    ],
    "574": [
        557,
        "picture"
    ],
    "575": [
        273,
        "picture"
    ],
    "580": [
        80,
        "car"
    ],
    "582": [
        329,
        "case"
    ],
    "584": [
        58,
        "stuffed_animal"
    ],
    "585": [
        128,
        "bottle"
    ],
    "586": [
        532,
        "l"
    ],
    "589": [
        891,
        "ornament"
    ],
    "590": [
        982,
        "clutter"
    ],
    "592": [
        34,
        "mirror"
    ],
    "595": [
        798,
        "shovel"
    ],
    "596": [
        6,
        "curtain"
    ],
    "599": [
        168,
        "paper_towel"
    ],
    "600": [
        745,
        "soap_dispenser"
    ],
    "602": [
        658,
        "chair"
    ],
    "605": [
        425,
        "ornament"
    ],
    "609": [
        802,
        "basket_of_something"
    ],
    "611": [
        143,
        "soap_bottle"
    ],
    "614": [
        1024,
        "hanger"
    ],
    "616": [
        920,
        "door"
    ],
    "617": [
        86,
        "cabinet"
    ],
    "618": [
        843,
        "lamp"
    ],
    "621": [
        865,
        "toy"
    ],
    "624": [
        436,
        "book"
    ],
    "625": [
        28,
        "cabinet"
    ],
    "626": [
        96,
        "picture"
    ],
    "628": [
        451,
        "book"
    ],
    "629": [
        764,
        "kitchen_cabinet"
    ],
    "630": [
        7,
        "picture"
    ],
    "631": [
        949,
        "decoration"
    ],
    "633": [
        220,
        "bed"
    ],
    "634": [
        498,
        "armchair"
    ],
    "635": [
        598,
        "picture"
    ],
    "636": [
        530,
        "stand"
    ],
    "638": [
        315,
        "liquid_soap"
    ],
    "640": [
        738,
        "cup"
    ],
    "642": [
        429,
        "bookshelf"
    ],
    "644": [
        619,
        "cup"
    ],
    "646": [
        53,
        "picture"
    ],
    "647": [
        204,
        "crib"
    ],
    "648": [
        680,
        "laptop"
    ],
    "649": [
        921,
        "table"
    ],
    "652": [
        884,
        "clutter"
    ],
    "655": [
        899,
        "door"
    ],
    "658": [
        791,
        "shelf"
    ],
    "660": [
        776,
        "tray"
    ],
    "661": [
        967,
        "toy"
    ],
    "662": [
        164,
        "cabinet"
    ],
    "664": [
        217,
        "towel"
    ],
    "666": [
        1019,
        "cabinet"
    ],
    "669": [
        382,
        "picture"
    ],
    "672": [
        284,
        "kitchen_top"
    ],
    "673": [
        914,
        "couch"
    ],
    "676": [
        793,
        "handle"
    ],
    "677": [
        1028,
        "box"
    ],
    "679": [
        432,
        "book"
    ],
    "682": [
        84,
        "chair"
    ],
    "683": [
        730,
        "picture"
    ],
    "687": [
        445,
        "book"
    ],
    "688": [
        965,
        "toy"
    ],
    "691": [
        1061,
        "bed"
    ],
    "692": [
        399,
        "device"
    ],
    "694": [
        553,
        "picture"
    ],
    "695": [
        1000,
        "lamp"
    ],
    "697": [
        88,
        "computer_mouse"
    ],
    "698": [
        1023,
        "pillow"
    ],
    "699": [
        870,
        "cabinet"
    ],
    "702": [
        156,
        "picture"
    ],
    "705": [
        442,
        "ornament"
    ],
    "706": [
        1010,
        "flower"
    ],
    "711": [
        547,
        "picture"
    ],
    "713": [
        555,
        "picture"
    ],
    "714": [
        670,
        "chair"
    ],
    "717": [
        56,
        "stuffed_animal"
    ],
    "718": [
        513,
        "tv"
    ],
    "719": [
        1077,
        "storage_cabinet"
    ],
    "720": [
        117,
        "tissue_box"
    ],
    "721": [
        443,
        "book"
    ],
    "722": [
        705,
        "clutter"
    ],
    "729": [
        201,
        "picture"
    ],
    "731": [
        25,
        "globe"
    ],
    "734": [
        749,
        "plant"
    ],
    "738": [
        872,
        "picture"
    ],
    "739": [
        958,
        "toy"
    ],
    "742": [
        500,
        "heater"
    ],
    "743": [
        1066,
        "chair"
    ],
    "750": [
        1083,
        "curtain"
    ],
    "751": [
        845,
        "curtain"
    ],
    "752": [
        184,
        "wardrobe"
    ],
    "754": [
        322,
        "flowerpot"
    ],
    "755": [
        72,
        "device"
    ],
    "760": [
        1082,
        "curtain_rod"
    ],
    "761": [
        554,
        "picture"
    ],
    "762": [
        129,
        "bottle_of_soap"
    ],
    "763": [
        398,
        "picture"
    ],
    "766": [
        983,
        "storage_cabinet"
    ],
    "768": [
        1056,
        "pillow"
    ],
    "771": [
        702,
        "kitchen_appliance"
    ],
    "772": [
        123,
        "cardboard_box"
    ],
    "773": [
        291,
        "wall_cabinet"
    ],
    "774": [
        296,
        "kitchen_counter_support"
    ],
    "776": [
        737,
        "coffee_machine"
    ],
    "778": [
        280,
        "door"
    ],
    "781": [
        858,
        "box"
    ],
    "783": [
        237,
        "picture"
    ],
    "786": [
        45,
        "bag"
    ],
    "787": [
        147,
        "rug"
    ],
    "796": [
        135,
        "soap_dispenser"
    ],
    "797": [
        683,
        "stack_of_papers"
    ],
    "799": [
        516,
        "clutter"
    ],
    "800": [
        1081,
        "air_conditioning"
    ],
    "803": [
        713,
        "chair"
    ],
    "805": [
        221,
        "pillow"
    ],
    "808": [
        438,
        "book"
    ],
    "809": [
        795,
        "broom"
    ],
    "818": [
        1063,
        "hat"
    ],
    "819": [
        964,
        "toy"
    ],
    "820": [
        82,
        "box"
    ],
    "822": [
        9,
        "picture"
    ],
    "824": [
        765,
        "kitchen_cabinet"
    ],
    "825": [
        440,
        "book"
    ],
    "828": [
        518,
        "book"
    ],
    "830": [
        524,
        "pillow"
    ],
    "831": [
        550,
        "picture"
    ],
    "833": [
        73,
        "box"
    ],
    "834": [
        1079,
        "curtain"
    ],
    "835": [
        124,
        "cardboard_box"
    ],
    "836": [
        171,
        "box_of_tissues"
    ],
    "839": [
        742,
        "paper_towel"
    ],
    "840": [
        55,
        "book"
    ],
    "841": [
        747,
        "kitchen_appliance"
    ],
    "844": [
        214,
        "cabinet"
    ],
    "845": [
        308,
        "lamp"
    ],
    "846": [
        413,
        "paper"
    ],
    "847": [
        116,
        "storage_box"
    ],
    "851": [
        968,
        "toy"
    ],
    "852": [
        1025,
        "hanger"
    ],
    "853": [
        348,
        "picture"
    ],
    "854": [
        750,
        "food"
    ],
    "856": [
        330,
        "vase"
    ],
    "859": [
        59,
        "box"
    ],
    "862": [
        37,
        "box"
    ],
    "866": [
        978,
        "pillow"
    ],
    "867": [
        1026,
        "device"
    ],
    "870": [
        715,
        "kitchen_table"
    ],
    "872": [
        206,
        "armchair"
    ],
    "873": [
        379,
        "door"
    ],
    "874": [
        841,
        "picture"
    ],
    "875": [
        297,
        "chair"
    ],
    "878": [
        161,
        "door"
    ],
    "881": [
        24,
        "rocking_horse"
    ],
    "883": [
        549,
        "picture"
    ],
    "885": [
        586,
        "tissue_box"
    ],
    "887": [
        228,
        "bag"
    ],
    "888": [
        687,
        "computer_desk"
    ],
    "889": [
        173,
        "window"
    ],
    "890": [
        987,
        "railing"
    ],
    "891": [
        85,
        "toy"
    ],
    "892": [
        448,
        "bookshelf"
    ],
    "894": [
        181,
        "lamp"
    ],
    "895": [
        170,
        "box_of_tissues"
    ],
    "896": [
        229,
        "bottle"
    ],
    "897": [
        469,
        "door"
    ],
    "898": [
        759,
        "kitchen_cabinet"
    ],
    "900": [
        1086,
        "picture"
    ],
    "902": [
        682,
        "printer"
    ],
    "906": [
        210,
        "lamp"
    ],
    "909": [
        75,
        "box"
    ],
    "910": [
        371,
        "curtain"
    ],
    "913": [
        136,
        "soap"
    ],
    "914": [
        800,
        "cabinet"
    ],
    "917": [
        44,
        "bag"
    ],
    "918": [
        529,
        "pillow"
    ],
    "919": [
        714,
        "chair"
    ],
    "920": [
        969,
        "toy"
    ],
    "921": [
        19,
        "cabinet"
    ],
    "923": [
        219,
        "ball"
    ],
    "924": [
        388,
        "cabinet"
    ],
    "927": [
        320,
        "device"
    ],
    "928": [
        492,
        "door"
    ],
    "929": [
        506,
        "pouffe"
    ],
    "931": [
        43,
        "bag"
    ],
    "932": [
        630,
        "bathroom_cabinet"
    ],
    "933": [
        686,
        "sculpture"
    ],
    "934": [
        83,
        "box"
    ],
    "935": [
        307,
        "coffee_machine"
    ],
    "936": [
        458,
        "window"
    ],
    "939": [
        878,
        "shelf"
    ],
    "940": [
        397,
        "lamp"
    ],
    "941": [
        287,
        "door"
    ],
    "942": [
        892,
        "hanger"
    ],
    "944": [
        265,
        "cabinet"
    ],
    "945": [
        761,
        "kitchen_cabinet"
    ],
    "949": [
        1080,
        "flower"
    ],
    "950": [
        1067,
        "chair"
    ],
    "952": [
        215,
        "toy"
    ],
    "953": [
        100,
        "window"
    ],
    "954": [
        1058,
        "blanket"
    ],
    "955": [
        455,
        "book"
    ],
    "956": [
        111,
        "picture"
    ],
    "957": [
        874,
        "bottle"
    ],
    "959": [
        276,
        "curtain"
    ],
    "961": [
        943,
        "chest"
    ],
    "962": [
        618,
        "brush"
    ],
    "966": [
        882,
        "box"
    ],
    "967": [
        863,
        "lamp"
    ],
    "970": [
        948,
        "door"
    ],
    "971": [
        701,
        "tray"
    ],
    "973": [
        787,
        "window"
    ],
    "974": [
        326,
        "tray"
    ],
    "976": [
        1014,
        "bed"
    ],
    "980": [
        885,
        "storage_cabinet"
    ],
    "982": [
        335,
        "case"
    ],
    "985": [
        501,
        "ornament"
    ],
    "986": [
        782,
        "wardrobe"
    ],
    "988": [
        198,
        "door"
    ],
    "989": [
        766,
        "kitchen_cabinet"
    ],
    "990": [
        1009,
        "picture"
    ],
    "991": [
        762,
        "kitchen_cabinet"
    ],
    "992": [
        423,
        "clutter"
    ],
    "993": [
        189,
        "lamp"
    ],
    "994": [
        692,
        "box"
    ],
    "995": [
        688,
        "computer_mouse"
    ],
    "998": [
        972,
        "toy"
    ],
    "999": [
        446,
        "book"
    ],
    "1001": [
        711,
        "chair"
    ],
    "1002": [
        649,
        "lamp"
    ],
    "1004": [
        416,
        "box"
    ],
    "1005": [
        21,
        "car"
    ],
    "1006": [
        118,
        "bottle"
    ],
    "1010": [
        582,
        "vacuum_cleaner"
    ],
    "1012": [
        191,
        "toy"
    ],
    "1013": [
        54,
        "picture"
    ],
    "1014": [
        428,
        "keyboard_piano"
    ],
    "1017": [
        140,
        "shower_soap_shelf"
    ],
    "1019": [
        172,
        "cardboard"
    ],
    "1021": [
        804,
        "storage_box"
    ],
    "1022": [
        886,
        "lamp"
    ],
    "1026": [
        157,
        "picture"
    ],
    "1027": [
        74,
        "newspaper"
    ],
    "1029": [
        590,
        "vase"
    ],
    "1030": [
        980,
        "box"
    ],
    "1031": [
        39,
        "box"
    ],
    "1032": [
        1084,
        "window"
    ],
    "1033": [
        332,
        "cup"
    ],
    "1034": [
        415,
        "box"
    ],
    "1037": [
        698,
        "plant"
    ],
    "1039": [
        187,
        "calendar"
    ],
    "1040": [
        223,
        "plush_toy"
    ],
    "1042": [
        733,
        "window"
    ],
    "1045": [
        447,
        "bookshelf"
    ],
    "1046": [
        583,
        "basket"
    ],
    "1048": [
        866,
        "picture"
    ],
    "1049": [
        1057,
        "pillow"
    ],
    "1050": [
        744,
        "sink"
    ],
    "1052": [
        610,
        "shampoo"
    ],
    "1053": [
        227,
        "hanger"
    ],
    "1056": [
        617,
        "device"
    ],
    "1058": [
        693,
        "box"
    ],
    "1066": [
        333,
        "picture"
    ],
    "1067": [
        608,
        "bathroom_shelf"
    ],
    "1069": [
        970,
        "cabinet"
    ],
    "1072": [
        311,
        "liquid_soap"
    ],
    "1073": [
        956,
        "pouffe"
    ],
    "1074": [
        132,
        "sink"
    ],
    "1075": [
        195,
        "picture"
    ],
    "1076": [
        963,
        "toy"
    ],
    "1078": [
        1065,
        "curtain"
    ],
    "1079": [
        546,
        "picture"
    ],
    "1080": [
        584,
        "basket"
    ],
    "1081": [
        690,
        "tool_box"
    ],
    "1082": [
        551,
        "picture"
    ],
    "1085": [
        836,
        "armchair"
    ],
    "1086": [
        452,
        "book"
    ],
    "1087": [
        842,
        "bed"
    ],
    "1089": [
        1087,
        "box"
    ],
    "1091": [
        225,
        "blanket"
    ],
    "1092": [
        106,
        "picture"
    ]
}