{
    "1": [
        319,
        "decoration"
    ],
    "2": [
        16,
        "heater"
    ],
    "3": [
        54,
        "window"
    ],
    "4": [
        301,
        "table"
    ],
    "6": [
        311,
        "book"
    ],
    "7": [
        140,
        "book"
    ],
    "9": [
        168,
        "table"
    ],
    "11": [
        59,
        "folder"
    ],
    "16": [
        142,
        "book"
    ],
    "17": [
        355,
        "candle"
    ],
    "18": [
        392,
        "kitchen_countertop_item"
    ],
    "19": [
        79,
        "vent"
    ],
    "20": [
        409,
        "kitchen_countertop_item"
    ],
    "21": [
        118,
        "table"
    ],
    "22": [
        38,
        "rug"
    ],
    "24": [
        78,
        "picture"
    ],
    "25": [
        123,
        "box"
    ],
    "26": [
        341,
        "dining_chair"
    ],
    "27": [
        371,
        "oven"
    ],
    "28": [
        192,
        "shelf"
    ],
    "29": [
        144,
        "book"
    ],
    "30": [
        35,
        "sheet"
    ],
    "32": [
        179,
        "ceiling_lamp"
    ],
    "34": [
        122,
        "box"
    ],
    "36": [
        93,
        "pillow"
    ],
    "37": [
        27,
        "sculpture"
    ],
    "38": [
        143,
        "book"
    ],
    "40": [
        329,
        "box"
    ],
    "41": [
        146,
        "book"
    ],
    "42": [
        72,
        "book"
    ],
    "45": [
        153,
        "book"
    ],
    "48": [
        288,
        "rug"
    ],
    "49": [
        164,
        "stool"
    ],
    "53": [
        402,
        "decoration"
    ],
    "54": [
        268,
        "door"
    ],
    "55": [
        281,
        "mirror"
    ],
    "57": [
        188,
        "bathroom_accessory"
    ],
    "58": [
        320,
        "book"
    ],
    "59": [
        401,
        "shelf"
    ],
    "60": [
        216,
        "mirror"
    ],
    "62": [
        300,
        "pillow"
    ],
    "64": [
        150,
        "book"
    ],
    "65": [
        339,
        "dining_chair"
    ],
    "67": [
        57,
        "drawer"
    ],
    "77": [
        137,
        "decoration"
    ],
    "80": [
        134,
        "appliance"
    ],
    "81": [
        376,
        "kitchen_cabinet"
    ],
    "82": [
        17,
        "chair"
    ],
    "87": [
        19,
        "picture"
    ],
    "88": [
        148,
        "book"
    ],
    "92": [
        73,
        "book"
    ],
    "94": [
        114,
        "door"
    ],
    "95": [
        13,
        "ceiling_lamp"
    ]
}