{
    "2": [
        42,
        "pipe"
    ],
    "3": [
        310,
        "fan"
    ],
    "5": [
        372,
        "coffee_machine"
    ],
    "6": [
        389,
        "kitchen_cabinet"
    ],
    "8": [
        255,
        "flowerpot"
    ],
    "12": [
        626,
        "towel"
    ],
    "13": [
        566,
        "wall_lamp"
    ],
    "14": [
        580,
        "kitchen_cabinet"
    ],
    "15": [
        268,
        "lamp"
    ],
    "16": [
        202,
        "soapbox"
    ],
    "17": [
        620,
        "plant"
    ],
    "18": [
        317,
        "candle"
    ],
    "21": [
        574,
        "kitchen_utensil"
    ],
    "23": [
        266,
        "plant"
    ],
    "24": [
        646,
        "door"
    ],
    "26": [
        253,
        "shelf"
    ],
    "27": [
        32,
        "blanket"
    ],
    "28": [
        702,
        "shelf"
    ],
    "29": [
        72,
        "door_window"
    ],
    "35": [
        309,
        "plant"
    ],
    "36": [
        404,
        "plant"
    ],
    "39": [
        610,
        "mirror"
    ],
    "40": [
        13,
        "towel"
    ],
    "42": [
        166,
        "bathroom_cabinet"
    ],
    "43": [
        120,
        "table"
    ],
    "45": [
        624,
        "bed"
    ],
    "46": [
        127,
        "plant"
    ],
    "49": [
        388,
        "kitchen_cabinet"
    ],
    "51": [
        295,
        "candle"
    ],
    "54": [
        54,
        "pipe"
    ],
    "55": [
        211,
        "shower_knob"
    ],
    "56": [
        316,
        "plate_of_food"
    ],
    "57": [
        1,
        "door_window"
    ],
    "58": [
        78,
        "closet"
    ],
    "60": [
        540,
        "book"
    ],
    "61": [
        631,
        "pillow"
    ],
    "62": [
        394,
        "kitchen_counter"
    ],
    "70": [
        325,
        "pillow"
    ],
    "71": [
        595,
        "pillow"
    ],
    "72": [
        413,
        "kitchen_cabinet"
    ],
    "74": [
        304,
        "door"
    ],
    "75": [
        597,
        "brochure"
    ],
    "76": [
        673,
        "mirror"
    ],
    "80": [
        14,
        "plant"
    ],
    "82": [
        37,
        "fan"
    ],
    "85": [
        480,
        "elevator"
    ],
    "87": [
        479,
        "elevator"
    ],
    "88": [
        4,
        "chest_of_drawers"
    ],
    "90": [
        65,
        "door"
    ],
    "94": [
        658,
        "plant"
    ],
    "95": [
        71,
        "door_window"
    ],
    "98": [
        649,
        "picture"
    ],
    "99": [
        683,
        "door"
    ],
    "100": [
        123,
        "lamp"
    ],
    "104": [
        602,
        "door_window"
    ],
    "105": [
        35,
        "shelf"
    ],
    "106": [
        66,
        "door_window"
    ],
    "108": [
        690,
        "toilet_brush"
    ],
    "109": [
        378,
        "kitchen_utensil"
    ],
    "111": [
        666,
        "brochure"
    ],
    "112": [
        421,
        "box"
    ],
    "114": [
        670,
        "pillow"
    ],
    "116": [
        450,
        "lamp"
    ],
    "118": [
        196,
        "shelf"
    ],
    "119": [
        403,
        "brochure"
    ],
    "120": [
        628,
        "plant"
    ],
    "121": [
        452,
        "window"
    ],
    "122": [
        634,
        "door_window"
    ],
    "125": [
        359,
        "plate"
    ],
    "128": [
        417,
        "box"
    ],
    "130": [
        700,
        "shelf"
    ],
    "131": [
        617,
        "cabinet"
    ],
    "132": [
        40,
        "shelf"
    ],
    "134": [
        590,
        "wall_lamp"
    ],
    "137": [
        415,
        "range_hood"
    ],
    "139": [
        412,
        "trashcan"
    ],
    "144": [
        373,
        "microwave"
    ],
    "145": [
        219,
        "toilet_paper_dispenser"
    ],
    "148": [
        370,
        "kitchen_counter"
    ],
    "149": [
        576,
        "kitchen_cabinet"
    ],
    "150": [
        220,
        "bathroom_cabinet"
    ],
    "151": [
        541,
        "book"
    ],
    "153": [
        9,
        "table"
    ],
    "154": [
        287,
        "vase"
    ],
    "155": [
        369,
        "oven"
    ],
    "159": [
        377,
        "kitchen_utensil"
    ],
    "160": [
        109,
        "flowerpot"
    ],
    "161": [
        368,
        "kitchen_cabinet"
    ],
    "165": [
        159,
        "cabinet"
    ],
    "172": [
        24,
        "door"
    ],
    "176": [
        251,
        "shelf"
    ],
    "177": [
        265,
        "sink"
    ],
    "178": [
        577,
        "kitchen_cabinet"
    ],
    "179": [
        328,
        "door_window"
    ],
    "181": [
        171,
        "lamp"
    ],
    "182": [
        10,
        "mirror"
    ],
    "184": [
        8,
        "door_window"
    ],
    "185": [
        675,
        "window"
    ],
    "186": [
        586,
        "pipe"
    ],
    "192": [
        244,
        "trashcan"
    ],
    "193": [
        438,
        "wall_lamp"
    ],
    "195": [
        553,
        "elevator"
    ],
    "197": [
        687,
        "toilet_paper"
    ],
    "198": [
        34,
        "blanket"
    ],
    "201": [
        583,
        "plate"
    ],
    "203": [
        229,
        "mirror"
    ],
    "205": [
        183,
        "shower"
    ],
    "206": [
        286,
        "chest_of_drawers"
    ],
    "207": [
        573,
        "kitchen_cabinet"
    ],
    "210": [
        667,
        "bed"
    ],
    "212": [
        371,
        "sink"
    ],
    "213": [
        288,
        "plant"
    ],
    "214": [
        598,
        "book"
    ],
    "215": [
        2,
        "armchair"
    ],
    "218": [
        423,
        "box"
    ],
    "220": [
        145,
        "shelf"
    ],
    "221": [
        407,
        "cup"
    ],
    "224": [
        121,
        "lamp"
    ],
    "225": [
        581,
        "kitchen_counter"
    ],
    "226": [
        33,
        "pillow"
    ],
    "227": [
        187,
        "brochure"
    ],
    "228": [
        695,
        "shower_hose"
    ],
    "230": [
        243,
        "toilet_paper_dispenser"
    ],
    "232": [
        418,
        "box"
    ],
    "235": [
        685,
        "button"
    ],
    "236": [
        350,
        "chair"
    ],
    "239": [
        599,
        "door_window"
    ],
    "242": [
        426,
        "book"
    ],
    "243": [
        538,
        "book"
    ],
    "244": [
        642,
        "closet"
    ],
    "246": [
        432,
        "plant"
    ],
    "247": [
        627,
        "newspaper"
    ],
    "249": [
        416,
        "clock"
    ],
    "250": [
        124,
        "bed"
    ],
    "251": [
        357,
        "plate_of_food"
    ],
    "252": [
        615,
        "nightstand"
    ],
    "254": [
        151,
        "board"
    ],
    "255": [
        381,
        "bottle"
    ],
    "256": [
        162,
        "toilet_paper"
    ],
    "257": [
        608,
        "door"
    ],
    "258": [
        218,
        "toilet_brush"
    ],
    "259": [
        235,
        "scale"
    ],
    "263": [
        382,
        "bottle"
    ],
    "264": [
        119,
        "door"
    ],
    "265": [
        400,
        "brochure"
    ],
    "266": [
        410,
        "food_tray"
    ],
    "267": [
        408,
        "cup"
    ],
    "268": [
        696,
        "showerhead"
    ],
    "271": [
        592,
        "couch"
    ],
    "275": [
        665,
        "nightstand"
    ],
    "279": [
        632,
        "pillow"
    ],
    "280": [
        684,
        "radiator"
    ],
    "281": [
        214,
        "trashcan"
    ],
    "286": [
        17,
        "bed"
    ],
    "291": [
        648,
        "picture"
    ],
    "292": [
        460,
        "door"
    ],
    "293": [
        662,
        "towel"
    ],
    "294": [
        635,
        "curtain"
    ],
    "296": [
        663,
        "pillow"
    ],
    "302": [
        241,
        "toilet_paper"
    ],
    "307": [
        360,
        "plate"
    ],
    "309": [
        217,
        "toilet_paper"
    ],
    "311": [
        596,
        "pillow"
    ],
    "312": [
        11,
        "door"
    ],
    "313": [
        390,
        "kitchen_cabinet"
    ],
    "316": [
        671,
        "pillow"
    ],
    "317": [
        131,
        "lamp"
    ],
    "319": [
        352,
        "chair"
    ],
    "321": [
        395,
        "bar_chair"
    ],
    "322": [
        384,
        "kitchen_cabinet"
    ],
    "324": [
        18,
        "speaker"
    ],
    "325": [
        126,
        "pillow"
    ],
    "328": [
        5,
        "picture"
    ],
    "330": [
        323,
        "pillow"
    ],
    "331": [
        294,
        "candle"
    ],
    "332": [
        240,
        "toilet_paper"
    ],
    "334": [
        264,
        "bathroom_counter"
    ],
    "335": [
        160,
        "toilet_paper_dispenser"
    ],
    "336": [
        167,
        "bath_sink"
    ],
    "339": [
        275,
        "lamp"
    ],
    "342": [
        12,
        "pillow"
    ],
    "343": [
        203,
        "button"
    ],
    "344": [
        7,
        "wall_lamp"
    ],
    "345": [
        110,
        "plant"
    ],
    "346": [
        314,
        "plant"
    ],
    "347": [
        21,
        "table"
    ],
    "349": [
        58,
        "pipe"
    ],
    "351": [
        130,
        "pillow"
    ],
    "352": [
        329,
        "door_window"
    ],
    "354": [
        353,
        "chair"
    ],
    "355": [
        655,
        "wall_lamp"
    ],
    "357": [
        385,
        "kitchen_cabinet"
    ],
    "358": [
        104,
        "door_window"
    ],
    "359": [
        366,
        "chair"
    ],
    "360": [
        584,
        "sink"
    ],
    "361": [
        478,
        "elevator"
    ],
    "363": [
        106,
        "door_window"
    ],
    "365": [
        669,
        "towel"
    ],
    "367": [
        181,
        "shower_hose"
    ],
    "368": [
        664,
        "pillow"
    ],
    "371": [
        593,
        "pillow"
    ],
    "372": [
        409,
        "plate"
    ],
    "377": [
        625,
        "towel"
    ],
    "378": [
        355,
        "chair"
    ],
    "380": [
        324,
        "pillow"
    ],
    "381": [
        650,
        "chest_of_drawers"
    ],
    "382": [
        351,
        "chair"
    ],
    "384": [
        589,
        "elevator"
    ],
    "387": [
        600,
        "curtain"
    ],
    "388": [
        164,
        "button"
    ],
    "390": [
        31,
        "blanket"
    ],
    "391": [
        206,
        "cosmetic"
    ],
    "394": [
        594,
        "pillow"
    ],
    "395": [
        621,
        "plant"
    ],
    "397": [
        208,
        "bath_faucet"
    ],
    "398": [
        379,
        "towel"
    ],
    "401": [
        30,
        "chest_of_drawers"
    ],
    "402": [
        70,
        "lamp"
    ],
    "403": [
        45,
        "pipe"
    ],
    "407": [
        367,
        "vacuum_cleaner"
    ],
    "409": [
        184,
        "shower"
    ],
    "410": [
        68,
        "door_window"
    ],
    "412": [
        291,
        "remote_control"
    ],
    "414": [
        238,
        "door"
    ],
    "415": [
        6,
        "wall_lamp"
    ],
    "418": [
        239,
        "toilet"
    ],
    "419": [
        376,
        "plate"
    ],
    "421": [
        221,
        "sink"
    ],
    "423": [
        43,
        "pipe"
    ],
    "424": [
        312,
        "door_window"
    ],
    "427": [
        556,
        "wall_lamp"
    ],
    "430": [
        622,
        "plant"
    ],
    "431": [
        69,
        "lamp"
    ],
    "432": [
        252,
        "toilet_paper"
    ],
    "433": [
        537,
        "bookshelf"
    ],
    "435": [
        213,
        "showerhead"
    ],
    "436": [
        383,
        "kitchen_countertop_items"
    ],
    "437": [
        431,
        "cabinet"
    ],
    "438": [
        348,
        "curtain"
    ],
    "440": [
        289,
        "decoder"
    ],
    "441": [
        141,
        "door_window"
    ],
    "442": [
        349,
        "table"
    ],
    "443": [
        629,
        "pillow"
    ],
    "445": [
        616,
        "closet"
    ],
    "448": [
        67,
        "door_window"
    ],
    "450": [
        454,
        "alarm"
    ],
    "452": [
        623,
        "shelf"
    ],
    "454": [
        399,
        "brochure"
    ],
    "455": [
        117,
        "door"
    ],
    "456": [
        609,
        "wall_lamp"
    ],
    "458": [
        612,
        "closet"
    ],
    "459": [
        118,
        "door"
    ],
    "460": [
        161,
        "toilet_brush"
    ],
    "465": [
        660,
        "bed"
    ],
    "466": [
        654,
        "brochure"
    ],
    "469": [
        585,
        "towel"
    ],
    "474": [
        315,
        "plate_of_food"
    ],
    "475": [
        111,
        "window"
    ],
    "476": [
        44,
        "hanger"
    ],
    "477": [
        495,
        "wall_lamp"
    ],
    "481": [
        293,
        "tv"
    ],
    "485": [
        601,
        "curtain_rod"
    ],
    "488": [
        129,
        "pillow"
    ],
    "489": [
        299,
        "picture"
    ],
    "491": [
        338,
        "wall_lamp"
    ],
    "493": [
        691,
        "trashcan"
    ],
    "497": [
        101,
        "door"
    ],
    "498": [
        199,
        "toilet_paper"
    ],
    "499": [
        153,
        "door"
    ],
    "500": [
        339,
        "picture"
    ],
    "501": [
        147,
        "trashcan"
    ],
    "503": [
        278,
        "railing"
    ],
    "504": [
        307,
        "lamp"
    ],
    "505": [
        15,
        "pillow"
    ],
    "506": [
        296,
        "candle"
    ],
    "509": [
        443,
        "elevator"
    ],
    "511": [
        3,
        "plant"
    ],
    "514": [
        163,
        "toilet"
    ],
    "516": [
        228,
        "window"
    ],
    "518": [
        365,
        "cup"
    ],
    "519": [
        337,
        "wall_lamp"
    ],
    "521": [
        414,
        "pipe"
    ],
    "522": [
        692,
        "bath_tub"
    ],
    "523": [
        122,
        "table"
    ],
    "524": [
        401,
        "brochure"
    ],
    "529": [
        64,
        "door"
    ],
    "530": [
        688,
        "toilet_paper"
    ],
    "532": [
        215,
        "toilet"
    ],
    "535": [
        254,
        "plant"
    ],
    "539": [
        653,
        "plant"
    ],
    "540": [
        614,
        "brochure"
    ],
    "543": [
        354,
        "chair"
    ],
    "544": [
        557,
        "wall_lamp"
    ],
    "547": [
        234,
        "carpet"
    ],
    "549": [
        420,
        "box"
    ],
    "552": [
        578,
        "kitchen_cabinet"
    ],
    "557": [
        613,
        "nightstand"
    ],
    "559": [
        539,
        "book"
    ],
    "560": [
        647,
        "picture"
    ],
    "561": [
        107,
        "door_window"
    ],
    "562": [
        374,
        "cooker"
    ],
    "563": [
        168,
        "bath_sink"
    ],
    "564": [
        375,
        "pot"
    ],
    "567": [
        425,
        "cabinet"
    ],
    "568": [
        108,
        "shelf"
    ],
    "570": [
        582,
        "cooker"
    ],
    "571": [
        630,
        "pillow"
    ],
    "572": [
        619,
        "candle"
    ],
    "573": [
        703,
        "toilet_paper_dispenser"
    ],
    "574": [
        611,
        "chair"
    ],
    "578": [
        427,
        "vase"
    ],
    "580": [
        326,
        "pillow"
    ],
    "581": [
        169,
        "door"
    ],
    "582": [
        204,
        "bathtub"
    ],
    "587": [
        152,
        "lamp"
    ],
    "588": [
        545,
        "door"
    ],
    "589": [
        603,
        "curtain"
    ],
    "591": [
        63,
        "lamp"
    ],
    "592": [
        150,
        "office_table"
    ],
    "593": [
        446,
        "door"
    ],
    "596": [
        263,
        "radiator"
    ],
    "600": [
        657,
        "nightstand"
    ],
    "601": [
        411,
        "sink"
    ],
    "602": [
        302,
        "alarm"
    ],
    "603": [
        191,
        "showerhead"
    ],
    "604": [
        330,
        "door_window"
    ],
    "605": [
        356,
        "plate_of_food"
    ],
    "609": [
        387,
        "kitchen_cabinet"
    ],
    "611": [
        565,
        "picture"
    ],
    "612": [
        659,
        "book"
    ],
    "613": [
        242,
        "towel"
    ],
    "615": [
        428,
        "plant"
    ],
    "616": [
        563,
        "wall_lamp"
    ],
    "619": [
        308,
        "vase"
    ],
    "620": [
        455,
        "can"
    ],
    "623": [
        103,
        "chair"
    ],
    "624": [
        701,
        "shelf"
    ],
    "625": [
        128,
        "newspaper"
    ],
    "626": [
        604,
        "curtain_rod"
    ],
    "629": [
        73,
        "door_window"
    ],
    "633": [
        544,
        "alarm"
    ],
    "637": [
        393,
        "kitchen_cabinet"
    ],
    "641": [
        148,
        "office_chair"
    ],
    "642": [
        321,
        "pillow"
    ],
    "646": [
        331,
        "window"
    ],
    "648": [
        105,
        "door_window"
    ],
    "649": [
        297,
        "candle"
    ],
    "652": [
        419,
        "box"
    ],
    "653": [
        686,
        "toilet"
    ],
    "654": [
        231,
        "door"
    ],
    "656": [
        249,
        "window"
    ],
    "658": [
        340,
        "picture"
    ],
    "660": [
        182,
        "showerhead"
    ],
    "661": [
        636,
        "curtain"
    ],
    "663": [
        190,
        "trashcan"
    ],
    "665": [
        313,
        "coffee_table"
    ],
    "666": [
        398,
        "pipe"
    ],
    "668": [
        41,
        "shelf"
    ],
    "673": [
        342,
        "picture"
    ],
    "675": [
        386,
        "kitchen_cabinet"
    ],
    "676": [
        16,
        "pillow"
    ],
    "677": [
        232,
        "radiator"
    ],
    "678": [
        422,
        "box"
    ],
    "680": [
        672,
        "wall_lamp"
    ],
    "683": [
        36,
        "shelf"
    ],
    "684": [
        363,
        "plate"
    ],
    "685": [
        698,
        "sink"
    ],
    "689": [
        396,
        "bar_chair"
    ],
    "692": [
        397,
        "bar_chair"
    ],
    "693": [
        46,
        "shelf"
    ],
    "696": [
        320,
        "couch"
    ],
    "697": [
        358,
        "plate_of_food"
    ],
    "698": [
        347,
        "curtain"
    ],
    "700": [
        661,
        "newspaper"
    ],
    "701": [
        125,
        "pillow"
    ],
    "702": [
        575,
        "kitchen_cabinet"
    ]
}