{
    "2": [
        139,
        "door"
    ],
    "3": [
        14,
        "lamp"
    ],
    "5": [
        198,
        "washer"
    ],
    "7": [
        266,
        "shelf"
    ],
    "9": [
        153,
        "chair"
    ],
    "10": [
        327,
        "curtain"
    ],
    "13": [
        63,
        "radiator"
    ],
    "14": [
        180,
        "shelf"
    ],
    "15": [
        61,
        "sofa_seat"
    ],
    "16": [
        340,
        "trashcan"
    ],
    "17": [
        76,
        "pillow"
    ],
    "18": [
        57,
        "couch"
    ],
    "23": [
        275,
        "ceiling_lamp"
    ],
    "26": [
        11,
        "cabinet"
    ],
    "28": [
        313,
        "painting"
    ],
    "30": [
        358,
        "shower_door"
    ],
    "38": [
        352,
        "lamp"
    ],
    "41": [
        206,
        "radiator"
    ],
    "43": [
        159,
        "table"
    ],
    "49": [
        170,
        "trashcan"
    ],
    "50": [
        135,
        "cabinet"
    ],
    "51": [
        278,
        "furnace"
    ],
    "55": [
        75,
        "pillow"
    ],
    "58": [
        248,
        "lamp"
    ],
    "59": [
        59,
        "pillow"
    ],
    "62": [
        155,
        "chair"
    ],
    "63": [
        230,
        "cabinet"
    ],
    "64": [
        257,
        "door"
    ],
    "65": [
        286,
        "window"
    ],
    "68": [
        123,
        "window"
    ],
    "72": [
        156,
        "chair"
    ],
    "73": [
        247,
        "lamp"
    ],
    "75": [
        305,
        "cabinet"
    ],
    "76": [
        321,
        "towel"
    ],
    "77": [
        102,
        "ceiling_lamp"
    ],
    "79": [
        227,
        "shelf"
    ],
    "83": [
        353,
        "lamp"
    ],
    "84": [
        297,
        "bed"
    ],
    "85": [
        125,
        "window"
    ],
    "86": [
        214,
        "curtain"
    ],
    "91": [
        270,
        "cabinet"
    ],
    "94": [
        268,
        "pillow"
    ],
    "95": [
        235,
        "oven"
    ],
    "98": [
        317,
        "door"
    ],
    "102": [
        245,
        "radiator"
    ],
    "106": [
        301,
        "ceiling_lamp"
    ],
    "109": [
        35,
        "door"
    ],
    "110": [
        138,
        "radiator"
    ],
    "112": [
        328,
        "trashcan"
    ],
    "113": [
        364,
        "attic_door"
    ],
    "114": [
        137,
        "table"
    ],
    "115": [
        175,
        "shelf"
    ],
    "119": [
        202,
        "cutting_board"
    ],
    "121": [
        291,
        "wardrobe"
    ],
    "123": [
        234,
        "oven"
    ],
    "134": [
        209,
        "table"
    ],
    "135": [
        323,
        "window"
    ],
    "137": [
        60,
        "table"
    ],
    "138": [
        237,
        "stove"
    ],
    "139": [
        174,
        "cabinet"
    ],
    "140": [
        289,
        "radiator"
    ],
    "143": [
        181,
        "table"
    ],
    "146": [
        360,
        "shower_bar"
    ],
    "149": [
        267,
        "bed"
    ],
    "152": [
        265,
        "door"
    ],
    "154": [
        34,
        "clock"
    ],
    "155": [
        152,
        "chair"
    ],
    "157": [
        43,
        "wall_board"
    ],
    "161": [
        314,
        "painting"
    ],
    "164": [
        73,
        "curtain"
    ],
    "166": [
        324,
        "painting"
    ],
    "168": [
        325,
        "bathtub"
    ],
    "170": [
        347,
        "clothes_hanger"
    ],
    "172": [
        320,
        "sink"
    ],
    "173": [
        157,
        "chair"
    ],
    "174": [
        271,
        "art_frame"
    ],
    "176": [
        217,
        "shelf"
    ],
    "178": [
        222,
        "chair"
    ],
    "179": [
        357,
        "towel"
    ],
    "181": [
        178,
        "table"
    ],
    "182": [
        254,
        "wardrobe"
    ],
    "185": [
        103,
        "mirror"
    ],
    "191": [
        173,
        "door"
    ],
    "196": [
        213,
        "curtain"
    ],
    "198": [
        82,
        "cabinet"
    ],
    "200": [
        171,
        "radiator"
    ],
    "201": [
        196,
        "washing_machine"
    ],
    "203": [
        169,
        "door"
    ],
    "204": [
        294,
        "cabinet"
    ],
    "207": [
        372,
        "ceiling_lamp"
    ],
    "208": [
        18,
        "window"
    ],
    "209": [
        332,
        "toilet"
    ],
    "210": [
        298,
        "pillow"
    ],
    "213": [
        81,
        "door"
    ],
    "215": [
        48,
        "radiator"
    ],
    "218": [
        121,
        "window"
    ],
    "219": [
        272,
        "ceiling_lamp"
    ],
    "222": [
        337,
        "shelf"
    ],
    "224": [
        136,
        "chair"
    ],
    "225": [
        119,
        "table"
    ],
    "232": [
        58,
        "pillow"
    ],
    "235": [
        54,
        "painting"
    ],
    "237": [
        3,
        "doormat"
    ],
    "240": [
        199,
        "dishwasher"
    ],
    "242": [
        177,
        "shelf"
    ],
    "243": [
        250,
        "window"
    ],
    "245": [
        33,
        "door"
    ],
    "247": [
        244,
        "door"
    ],
    "248": [
        205,
        "faucet"
    ],
    "249": [
        131,
        "shelf"
    ],
    "252": [
        296,
        "lamp"
    ],
    "254": [
        68,
        "mirror"
    ],
    "256": [
        371,
        "lamp"
    ],
    "257": [
        233,
        "cabinet"
    ],
    "258": [
        260,
        "window"
    ],
    "262": [
        84,
        "ceiling_lamp"
    ],
    "263": [
        221,
        "painting"
    ],
    "264": [
        318,
        "mirror"
    ],
    "266": [
        203,
        "cutting_board"
    ],
    "267": [
        74,
        "couch"
    ],
    "273": [
        80,
        "cabinet"
    ],
    "274": [
        329,
        "shower_bar"
    ],
    "276": [
        226,
        "table"
    ],
    "278": [
        224,
        "chair"
    ],
    "280": [
        269,
        "cabinet"
    ],
    "282": [
        154,
        "chair"
    ],
    "283": [
        210,
        "kettle"
    ],
    "284": [
        88,
        "decoration"
    ],
    "286": [
        290,
        "mirror"
    ],
    "288": [
        333,
        "toilet_brush"
    ],
    "290": [
        299,
        "door"
    ],
    "294": [
        109,
        "curtain"
    ],
    "296": [
        187,
        "window"
    ],
    "300": [
        293,
        "cabinet"
    ],
    "303": [
        212,
        "window"
    ],
    "304": [
        116,
        "radiator"
    ],
    "306": [
        132,
        "shelf"
    ],
    "307": [
        375,
        "window"
    ],
    "309": [
        295,
        "cabinet"
    ],
    "312": [
        150,
        "cabinet"
    ],
    "314": [
        95,
        "toilet"
    ],
    "316": [
        158,
        "flower_vase"
    ],
    "317": [
        179,
        "microwave"
    ],
    "324": [
        96,
        "radiator"
    ],
    "325": [
        349,
        "painting"
    ],
    "328": [
        261,
        "curtain"
    ],
    "333": [
        225,
        "chair"
    ],
    "338": [
        201,
        "kettle"
    ],
    "340": [
        292,
        "cabinet"
    ],
    "342": [
        27,
        "radiator"
    ],
    "343": [
        197,
        "washer"
    ],
    "347": [
        231,
        "paper_towel"
    ],
    "348": [
        334,
        "attic_door"
    ],
    "350": [
        17,
        "door"
    ],
    "354": [
        223,
        "chair"
    ],
    "356": [
        56,
        "tv"
    ],
    "357": [
        55,
        "cabinet"
    ],
    "359": [
        69,
        "table"
    ],
    "360": [
        142,
        "furnace"
    ],
    "361": [
        36,
        "door"
    ],
    "369": [
        77,
        "cabinet"
    ],
    "372": [
        204,
        "sink"
    ],
    "374": [
        133,
        "painting"
    ]
}