{
    "3": [
        48,
        "ornament"
    ],
    "6": [
        492,
        "lamp"
    ],
    "11": [
        274,
        "mirror"
    ],
    "12": [
        499,
        "towel_bar"
    ],
    "15": [
        425,
        "drawer"
    ],
    "17": [
        422,
        "pillow"
    ],
    "18": [
        86,
        "pot"
    ],
    "19": [
        431,
        "bathmat"
    ],
    "22": [
        237,
        "bag"
    ],
    "23": [
        83,
        "countertop_item"
    ],
    "24": [
        372,
        "cabinet_door"
    ],
    "28": [
        424,
        "drawer"
    ],
    "31": [
        405,
        "lamp"
    ],
    "33": [
        567,
        "drawer"
    ],
    "38": [
        103,
        "painting"
    ],
    "39": [
        407,
        "lamp"
    ],
    "41": [
        225,
        "dumbbell"
    ],
    "42": [
        49,
        "cabinet"
    ],
    "43": [
        90,
        "kitchen_cabinet"
    ],
    "44": [
        212,
        "modem"
    ],
    "45": [
        408,
        "lamp"
    ],
    "46": [
        511,
        "shower_cabin"
    ],
    "48": [
        352,
        "window"
    ],
    "51": [
        322,
        "ventilation"
    ],
    "52": [
        145,
        "door"
    ],
    "54": [
        27,
        "pillow"
    ],
    "56": [
        444,
        "toy"
    ],
    "58": [
        176,
        "door"
    ],
    "59": [
        178,
        "towel"
    ],
    "62": [
        16,
        "carpet"
    ],
    "63": [
        85,
        "countertop_item"
    ],
    "65": [
        129,
        "flowerpot"
    ],
    "66": [
        353,
        "painting"
    ],
    "68": [
        77,
        "kitchen_cabinet"
    ],
    "72": [
        520,
        "book"
    ],
    "73": [
        109,
        "bottles"
    ],
    "76": [
        36,
        "lamp"
    ],
    "77": [
        38,
        "lamp"
    ],
    "78": [
        252,
        "bed"
    ],
    "81": [
        238,
        "bag"
    ],
    "82": [
        524,
        "door"
    ],
    "83": [
        315,
        "door"
    ],
    "84": [
        443,
        "toy"
    ],
    "90": [
        565,
        "drawer"
    ],
    "91": [
        446,
        "toy"
    ],
    "95": [
        224,
        "dumbbell"
    ],
    "97": [
        566,
        "drawer"
    ],
    "100": [
        486,
        "lamp"
    ],
    "103": [
        382,
        "drawer"
    ],
    "104": [
        256,
        "chest_of_drawers"
    ],
    "107": [
        41,
        "tv_stand"
    ],
    "111": [
        248,
        "ornament"
    ],
    "113": [
        554,
        "lamp"
    ],
    "114": [
        184,
        "towel"
    ],
    "117": [
        299,
        "cabinet"
    ],
    "122": [
        495,
        "countertop_item"
    ],
    "123": [
        29,
        "window_shade"
    ],
    "124": [
        465,
        "smoke_detector"
    ],
    "126": [
        263,
        "window_shade"
    ],
    "128": [
        35,
        "door_window"
    ],
    "132": [
        426,
        "drawer"
    ],
    "135": [
        460,
        "wardrobe"
    ],
    "136": [
        206,
        "file"
    ],
    "137": [
        221,
        "dumbbell"
    ],
    "138": [
        12,
        "ornament"
    ],
    "140": [
        46,
        "ornament"
    ],
    "141": [
        181,
        "wash_cabinet"
    ],
    "142": [
        385,
        "door"
    ],
    "149": [
        376,
        "cabinet_door"
    ],
    "150": [
        364,
        "lamp"
    ],
    "151": [
        383,
        "drawer"
    ],
    "155": [
        231,
        "window_shade"
    ],
    "156": [
        142,
        "bed_cabinet"
    ],
    "158": [
        156,
        "window"
    ],
    "160": [
        210,
        "cross"
    ],
    "161": [
        151,
        "chest_of_drawers"
    ],
    "162": [
        172,
        "toilet_paper"
    ],
    "163": [
        235,
        "bag"
    ],
    "165": [
        222,
        "dumbbell"
    ],
    "167": [
        24,
        "pillow"
    ],
    "170": [
        98,
        "stool"
    ],
    "171": [
        89,
        "ventilation_hood"
    ],
    "172": [
        257,
        "tv"
    ],
    "176": [
        228,
        "chest_of_drawers"
    ],
    "178": [
        43,
        "amplifier"
    ],
    "179": [
        406,
        "lamp"
    ],
    "180": [
        26,
        "pillow"
    ],
    "181": [
        288,
        "painting"
    ],
    "182": [
        128,
        "flowerpot"
    ],
    "184": [
        448,
        "book"
    ],
    "187": [
        461,
        "lamp"
    ],
    "188": [
        37,
        "lamp"
    ],
    "192": [
        373,
        "cabinet_door"
    ],
    "195": [
        504,
        "window"
    ],
    "196": [
        296,
        "mirror"
    ],
    "197": [
        108,
        "table"
    ],
    "200": [
        569,
        "drawer"
    ],
    "202": [
        482,
        "window"
    ],
    "205": [
        496,
        "countertop_item"
    ],
    "207": [
        55,
        "drawer"
    ],
    "208": [
        205,
        "desk"
    ],
    "210": [
        17,
        "table"
    ],
    "211": [
        147,
        "painting"
    ],
    "212": [
        463,
        "lamp"
    ],
    "215": [
        245,
        "air_conditioning"
    ],
    "216": [
        96,
        "stool"
    ],
    "217": [
        19,
        "tablet"
    ],
    "218": [
        445,
        "toy"
    ],
    "220": [
        140,
        "door"
    ],
    "221": [
        216,
        "window_shade"
    ],
    "224": [
        79,
        "kitchen_counter"
    ],
    "225": [
        15,
        "doormat"
    ],
    "226": [
        40,
        "lamp"
    ],
    "227": [
        11,
        "painting"
    ],
    "228": [
        523,
        "door"
    ],
    "231": [
        268,
        "pillow"
    ],
    "232": [
        432,
        "bathmat"
    ],
    "233": [
        493,
        "countertop_item"
    ],
    "236": [
        218,
        "ventilation"
    ],
    "238": [
        44,
        "speaker"
    ],
    "239": [
        434,
        "liquid_soap"
    ],
    "241": [
        10,
        "ornament"
    ],
    "242": [
        282,
        "lamp"
    ],
    "246": [
        283,
        "lamp"
    ],
    "247": [
        363,
        "window"
    ],
    "248": [
        219,
        "printer"
    ],
    "249": [
        321,
        "window"
    ],
    "251": [
        31,
        "ornament"
    ],
    "253": [
        58,
        "drawer"
    ],
    "254": [
        371,
        "cabinet_door"
    ],
    "255": [
        123,
        "plant"
    ],
    "257": [
        427,
        "drawer"
    ],
    "258": [
        124,
        "chair"
    ],
    "261": [
        297,
        "mirror"
    ],
    "263": [
        260,
        "window"
    ],
    "264": [
        438,
        "lamp"
    ],
    "265": [
        18,
        "ventilation"
    ],
    "267": [
        208,
        "keyboard"
    ],
    "270": [
        232,
        "cloth_hanger"
    ],
    "272": [
        204,
        "monitor"
    ],
    "274": [
        464,
        "lamp"
    ],
    "277": [
        361,
        "window"
    ],
    "279": [
        267,
        "pillow"
    ],
    "280": [
        88,
        "kitchen_cabinet"
    ],
    "281": [
        295,
        "window"
    ],
    "282": [
        92,
        "fridge"
    ],
    "285": [
        107,
        "chair"
    ],
    "286": [
        149,
        "window_shade"
    ],
    "287": [
        356,
        "painting"
    ],
    "289": [
        368,
        "cabinet_door"
    ],
    "293": [
        130,
        "flowerpot"
    ],
    "295": [
        369,
        "cabinet_door"
    ],
    "296": [
        171,
        "toilet"
    ],
    "298": [
        32,
        "alarm"
    ],
    "300": [
        82,
        "countertop_item"
    ],
    "302": [
        167,
        "curtain"
    ],
    "308": [
        319,
        "paper_holder"
    ],
    "310": [
        379,
        "cabinet_door"
    ],
    "311": [
        23,
        "pillow"
    ],
    "312": [
        300,
        "washbasin"
    ],
    "313": [
        227,
        "yoga_mat"
    ],
    "314": [
        374,
        "cabinet_door"
    ],
    "317": [
        414,
        "painting"
    ],
    "318": [
        367,
        "cabinet_door"
    ],
    "321": [
        87,
        "oven_and_stove"
    ],
    "322": [
        51,
        "box"
    ],
    "323": [
        220,
        "dumbbell"
    ],
    "324": [
        271,
        "clock"
    ],
    "325": [
        302,
        "countertop"
    ],
    "326": [
        217,
        "carpet"
    ],
    "328": [
        327,
        "painting"
    ],
    "329": [
        411,
        "tile"
    ],
    "332": [
        378,
        "cabinet_door"
    ],
    "334": [
        370,
        "cabinet_door"
    ],
    "335": [
        360,
        "window_shade"
    ],
    "336": [
        236,
        "bag"
    ],
    "337": [
        270,
        "pillow"
    ],
    "340": [
        56,
        "drawer"
    ],
    "341": [
        233,
        "bag"
    ],
    "342": [
        97,
        "stool"
    ],
    "344": [
        412,
        "tile"
    ],
    "345": [
        251,
        "bedside_cabinet"
    ],
    "347": [
        52,
        "box"
    ],
    "348": [
        273,
        "table_cloth"
    ],
    "349": [
        13,
        "table"
    ],
    "352": [
        229,
        "book"
    ],
    "355": [
        153,
        "tv"
    ],
    "357": [
        301,
        "washbasin"
    ],
    "359": [
        317,
        "toilet"
    ],
    "360": [
        455,
        "photo_mount"
    ],
    "361": [
        417,
        "pillow"
    ],
    "365": [
        449,
        "drawer"
    ],
    "366": [
        381,
        "drawer"
    ],
    "367": [
        60,
        "post"
    ],
    "368": [
        318,
        "toilet_brush"
    ],
    "369": [
        258,
        "door"
    ],
    "370": [
        125,
        "table"
    ],
    "371": [
        180,
        "mirror"
    ],
    "372": [
        28,
        "pillow"
    ],
    "373": [
        150,
        "window"
    ],
    "374": [
        253,
        "armchair"
    ],
    "377": [
        357,
        "lamp"
    ],
    "378": [
        439,
        "smoke_detector"
    ],
    "380": [
        211,
        "cabinet"
    ],
    "381": [
        568,
        "drawer"
    ],
    "382": [
        454,
        "camera"
    ],
    "384": [
        477,
        "window_shade"
    ],
    "385": [
        226,
        "yoga_mat"
    ],
    "388": [
        491,
        "lamp"
    ],
    "395": [
        25,
        "pillow"
    ],
    "399": [
        50,
        "box"
    ],
    "402": [
        570,
        "drawer"
    ],
    "403": [
        533,
        "window"
    ],
    "404": [
        9,
        "painting"
    ],
    "406": [
        421,
        "pillow"
    ],
    "407": [
        365,
        "lamp"
    ],
    "408": [
        143,
        "bed_cabinet_lamp"
    ],
    "409": [
        418,
        "pillow"
    ],
    "410": [
        93,
        "coffee_machine"
    ],
    "411": [
        200,
        "lamp"
    ],
    "412": [
        22,
        "blanket"
    ],
    "415": [
        53,
        "bottles"
    ],
    "416": [
        30,
        "window"
    ],
    "418": [
        380,
        "dishwasher"
    ],
    "419": [
        91,
        "kitchen_cabinet"
    ],
    "420": [
        170,
        "towel"
    ],
    "422": [
        527,
        "toy"
    ],
    "427": [
        323,
        "paper_holder"
    ],
    "429": [
        215,
        "window"
    ],
    "435": [
        375,
        "cabinet_door"
    ],
    "438": [
        223,
        "dumbbell"
    ],
    "439": [
        266,
        "pillow"
    ],
    "440": [
        409,
        "lamp"
    ],
    "441": [
        155,
        "window_shade"
    ],
    "446": [
        354,
        "painting"
    ],
    "450": [
        76,
        "kitchen_cabinet"
    ],
    "451": [
        423,
        "pillow"
    ],
    "452": [
        105,
        "chair"
    ],
    "453": [
        419,
        "pillow"
    ],
    "457": [
        21,
        "blanket"
    ],
    "459": [
        290,
        "door"
    ],
    "464": [
        366,
        "cabinet_door"
    ],
    "465": [
        450,
        "drawer"
    ],
    "468": [
        63,
        "tv"
    ],
    "470": [
        106,
        "chair"
    ],
    "473": [
        20,
        "sofa"
    ],
    "475": [
        57,
        "drawer"
    ],
    "476": [
        34,
        "door"
    ],
    "477": [
        377,
        "cabinet_door"
    ],
    "481": [
        234,
        "bag"
    ],
    "482": [
        152,
        "mirror"
    ],
    "484": [
        420,
        "pillow"
    ],
    "491": [
        84,
        "countertop_item"
    ],
    "493": [
        261,
        "window_shade"
    ],
    "494": [
        473,
        "window_shade"
    ],
    "495": [
        104,
        "chair"
    ],
    "496": [
        563,
        "door"
    ],
    "497": [
        8,
        "painting"
    ],
    "500": [
        429,
        "drawer"
    ],
    "501": [
        247,
        "ornament"
    ],
    "503": [
        146,
        "painting"
    ],
    "505": [
        179,
        "towel_bar"
    ],
    "506": [
        250,
        "ornament"
    ],
    "508": [
        362,
        "window"
    ],
    "509": [
        81,
        "countertop_item"
    ],
    "510": [
        80,
        "sink"
    ],
    "513": [
        519,
        "book"
    ],
    "514": [
        281,
        "door"
    ],
    "516": [
        141,
        "bed"
    ],
    "518": [
        410,
        "tile"
    ],
    "519": [
        54,
        "drawer"
    ],
    "520": [
        254,
        "armchair"
    ],
    "522": [
        447,
        "toy"
    ],
    "523": [
        462,
        "lamp"
    ],
    "524": [
        255,
        "coffee_table"
    ],
    "526": [
        203,
        "office_chair"
    ],
    "527": [
        213,
        "door"
    ],
    "528": [
        269,
        "pillow"
    ],
    "529": [
        264,
        "window"
    ],
    "530": [
        249,
        "ornament"
    ],
    "531": [
        199,
        "lamp"
    ],
    "532": [
        512,
        "shower"
    ],
    "533": [
        207,
        "mouse"
    ],
    "535": [
        95,
        "countertop"
    ],
    "537": [
        246,
        "photo_mount"
    ],
    "538": [
        532,
        "window"
    ],
    "539": [
        78,
        "kitchen_counter"
    ],
    "540": [
        182,
        "washbasin_counter"
    ],
    "541": [
        359,
        "door"
    ],
    "542": [
        39,
        "lamp"
    ],
    "545": [
        94,
        "book"
    ],
    "548": [
        45,
        "plant"
    ],
    "550": [
        428,
        "drawer"
    ],
    "563": [
        61,
        "post"
    ],
    "571": [
        47,
        "ornament"
    ]
}