{
    "1": [
        405,
        "cardboard_box"
    ],
    "2": [
        247,
        "flower_vase"
    ],
    "3": [
        191,
        "lamp"
    ],
    "6": [
        213,
        "door"
    ],
    "7": [
        372,
        "storage_box"
    ],
    "8": [
        245,
        "shelf"
    ],
    "10": [
        374,
        "storage_box"
    ],
    "13": [
        162,
        "table"
    ],
    "14": [
        298,
        "decoration"
    ],
    "15": [
        272,
        "mirror"
    ],
    "17": [
        490,
        "basket_of_something"
    ],
    "18": [
        44,
        "container"
    ],
    "20": [
        493,
        "pillow"
    ],
    "25": [
        151,
        "pillow"
    ],
    "28": [
        385,
        "basket_of_something"
    ],
    "31": [
        351,
        "clothes_bag"
    ],
    "32": [
        66,
        "tool"
    ],
    "33": [
        130,
        "chair"
    ],
    "34": [
        502,
        "carpet"
    ],
    "39": [
        410,
        "lamp"
    ],
    "40": [
        522,
        "lamp"
    ],
    "42": [
        345,
        "lamp"
    ],
    "48": [
        301,
        "door"
    ],
    "50": [
        229,
        "table"
    ],
    "54": [
        495,
        "pillow"
    ],
    "60": [
        104,
        "decoration"
    ],
    "62": [
        491,
        "device"
    ],
    "64": [
        450,
        "decoration"
    ],
    "65": [
        161,
        "decoration"
    ],
    "66": [
        276,
        "paper_towel"
    ],
    "69": [
        43,
        "container"
    ],
    "70": [
        368,
        "storage_box"
    ],
    "71": [
        370,
        "storage_box"
    ],
    "72": [
        394,
        "storage_box"
    ],
    "74": [
        289,
        "mirror"
    ],
    "75": [
        136,
        "pouffe"
    ],
    "76": [
        121,
        "door"
    ],
    "77": [
        110,
        "door"
    ],
    "81": [
        174,
        "chair"
    ],
    "83": [
        21,
        "carpet"
    ],
    "84": [
        452,
        "chest"
    ],
    "85": [
        12,
        "trashcan"
    ],
    "90": [
        469,
        "treadmill"
    ],
    "91": [
        205,
        "curtain"
    ],
    "92": [
        447,
        "shelf"
    ],
    "93": [
        486,
        "shelf"
    ],
    "94": [
        119,
        "shelf"
    ],
    "95": [
        259,
        "door"
    ],
    "96": [
        474,
        "lamp"
    ],
    "98": [
        129,
        "shelf"
    ],
    "100": [
        196,
        "toy"
    ],
    "101": [
        299,
        "trashcan"
    ],
    "102": [
        308,
        "clock"
    ],
    "104": [
        26,
        "bicycle"
    ],
    "109": [
        446,
        "armchair"
    ],
    "111": [
        89,
        "fruit"
    ],
    "114": [
        235,
        "bed"
    ],
    "118": [
        187,
        "toy"
    ],
    "122": [
        473,
        "lamp"
    ],
    "125": [
        131,
        "decoration"
    ],
    "126": [
        331,
        "window"
    ],
    "127": [
        211,
        "lamp"
    ],
    "128": [
        16,
        "container"
    ],
    "129": [
        197,
        "toy"
    ],
    "130": [
        23,
        "container"
    ],
    "131": [
        395,
        "storage_box"
    ],
    "132": [
        296,
        "sink_cabinet"
    ],
    "134": [
        160,
        "basket"
    ],
    "136": [
        236,
        "pillow"
    ],
    "137": [
        307,
        "decoration"
    ],
    "138": [
        149,
        "flower_vase"
    ],
    "139": [
        400,
        "storage_box"
    ],
    "140": [
        81,
        "sink"
    ],
    "142": [
        246,
        "tv"
    ],
    "143": [
        164,
        "lamp"
    ],
    "144": [
        165,
        "vase"
    ],
    "145": [
        231,
        "fan"
    ],
    "148": [
        28,
        "garage_light"
    ],
    "150": [
        228,
        "table"
    ],
    "151": [
        74,
        "microwave"
    ],
    "152": [
        342,
        "trashcan"
    ],
    "155": [
        152,
        "pillow"
    ],
    "157": [
        75,
        "table"
    ],
    "158": [
        482,
        "lamp"
    ],
    "159": [
        157,
        "flower_vase"
    ],
    "160": [
        216,
        "high_shelf"
    ],
    "161": [
        369,
        "storage_box"
    ],
    "162": [
        58,
        "broom"
    ],
    "163": [
        5,
        "clothes_hanger"
    ],
    "164": [
        284,
        "towel"
    ],
    "165": [
        448,
        "chair"
    ],
    "167": [
        175,
        "chair"
    ],
    "168": [
        214,
        "shelf"
    ],
    "169": [
        488,
        "device"
    ],
    "170": [
        387,
        "cardboard_box"
    ],
    "171": [
        470,
        "exercise_equipment"
    ],
    "172": [
        42,
        "container"
    ],
    "173": [
        283,
        "bath_cabinet"
    ],
    "176": [
        449,
        "fridge"
    ],
    "177": [
        134,
        "fan"
    ],
    "178": [
        154,
        "decoration"
    ],
    "180": [
        392,
        "shelf"
    ],
    "182": [
        441,
        "window"
    ],
    "184": [
        192,
        "fire_alarm"
    ],
    "185": [
        398,
        "storage_box"
    ],
    "186": [
        88,
        "flower_vase"
    ],
    "187": [
        202,
        "wardrobe"
    ],
    "188": [
        54,
        "toy"
    ],
    "189": [
        376,
        "storage_box"
    ],
    "191": [
        144,
        "blanket"
    ],
    "192": [
        86,
        "window"
    ],
    "196": [
        242,
        "pillow"
    ],
    "199": [
        402,
        "pillow"
    ],
    "200": [
        367,
        "storage_box"
    ],
    "202": [
        406,
        "cardboard_box"
    ],
    "204": [
        454,
        "chair"
    ],
    "205": [
        206,
        "curtain"
    ],
    "206": [
        393,
        "storage_box"
    ],
    "207": [
        137,
        "armchair"
    ],
    "209": [
        53,
        "toy"
    ],
    "211": [
        304,
        "closet_shelf"
    ],
    "212": [
        107,
        "window"
    ],
    "213": [
        80,
        "dishwasher"
    ],
    "214": [
        277,
        "cabinet"
    ],
    "215": [
        51,
        "toy"
    ],
    "216": [
        227,
        "wardrobe"
    ],
    "218": [
        485,
        "tv"
    ],
    "220": [
        456,
        "container"
    ],
    "223": [
        261,
        "device"
    ],
    "224": [
        439,
        "window"
    ],
    "225": [
        478,
        "lamp"
    ],
    "226": [
        279,
        "toilet"
    ],
    "229": [
        195,
        "lamp"
    ],
    "231": [
        108,
        "door"
    ],
    "232": [
        215,
        "lamp"
    ],
    "233": [
        319,
        "window"
    ],
    "234": [
        133,
        "door"
    ],
    "239": [
        318,
        "window"
    ],
    "241": [
        20,
        "armchair"
    ],
    "242": [
        457,
        "couch"
    ],
    "244": [
        293,
        "curtain"
    ],
    "245": [
        281,
        "door"
    ],
    "246": [
        290,
        "clock"
    ],
    "249": [
        481,
        "lamp"
    ],
    "250": [
        218,
        "toy"
    ],
    "252": [
        357,
        "lamp"
    ],
    "254": [
        156,
        "fireplace"
    ],
    "255": [
        208,
        "shelf"
    ],
    "256": [
        388,
        "tool_box"
    ],
    "257": [
        27,
        "cardboard_box"
    ],
    "258": [
        126,
        "armchair"
    ],
    "259": [
        461,
        "carpet"
    ],
    "263": [
        243,
        "pillow"
    ],
    "265": [
        451,
        "chair"
    ],
    "269": [
        238,
        "pillow"
    ],
    "271": [
        240,
        "pillow"
    ],
    "272": [
        123,
        "fan"
    ],
    "274": [
        404,
        "trashcan"
    ],
    "275": [
        220,
        "toy"
    ],
    "276": [
        381,
        "basket_of_something"
    ],
    "277": [
        34,
        "vacuum_cleaner"
    ],
    "282": [
        188,
        "table"
    ],
    "283": [
        352,
        "pipe"
    ],
    "284": [
        143,
        "pillow"
    ],
    "288": [
        273,
        "window"
    ],
    "289": [
        139,
        "vase"
    ],
    "292": [
        373,
        "storage_box"
    ],
    "296": [
        384,
        "tool_box"
    ],
    "298": [
        458,
        "table"
    ],
    "299": [
        459,
        "carpet"
    ],
    "300": [
        362,
        "picture_frame"
    ],
    "301": [
        253,
        "ceiling_lamp"
    ],
    "302": [
        248,
        "door"
    ],
    "307": [
        440,
        "window"
    ],
    "315": [
        169,
        "decoration"
    ],
    "316": [
        347,
        "basket_of_something"
    ],
    "317": [
        484,
        "lamp"
    ],
    "318": [
        125,
        "decoration"
    ],
    "319": [
        378,
        "lamp"
    ],
    "320": [
        294,
        "towel"
    ],
    "321": [
        252,
        "ceiling_lamp"
    ],
    "323": [
        185,
        "mirror"
    ],
    "324": [
        128,
        "tv"
    ],
    "325": [
        8,
        "ladder"
    ],
    "326": [
        348,
        "basket_of_something"
    ],
    "328": [
        337,
        "washing_machine"
    ],
    "330": [
        225,
        "window"
    ],
    "331": [
        226,
        "window"
    ],
    "332": [
        145,
        "pillow"
    ],
    "333": [
        343,
        "pipe"
    ],
    "335": [
        244,
        "fire_alarm"
    ],
    "336": [
        480,
        "lamp"
    ],
    "338": [
        361,
        "picture_frame"
    ],
    "339": [
        403,
        "lamp"
    ],
    "341": [
        358,
        "candle_holder"
    ],
    "342": [
        18,
        "grill"
    ],
    "346": [
        212,
        "bed"
    ],
    "347": [
        239,
        "pillow"
    ],
    "348": [
        150,
        "couch"
    ],
    "351": [
        386,
        "tool_box"
    ],
    "352": [
        355,
        "shelf"
    ],
    "353": [
        364,
        "shelf"
    ],
    "354": [
        14,
        "garage_door"
    ],
    "356": [
        262,
        "art_frame"
    ],
    "357": [
        499,
        "storage_box"
    ],
    "358": [
        17,
        "container"
    ],
    "359": [
        190,
        "wardrobe"
    ],
    "364": [
        49,
        "cardboard_box"
    ],
    "365": [
        472,
        "lamp"
    ],
    "367": [
        295,
        "towel"
    ],
    "368": [
        302,
        "toilet"
    ],
    "369": [
        291,
        "towel"
    ],
    "370": [
        377,
        "storage_box"
    ],
    "372": [
        328,
        "door"
    ],
    "373": [
        339,
        "container"
    ],
    "374": [
        173,
        "chair"
    ],
    "375": [
        13,
        "garage_door"
    ],
    "376": [
        336,
        "washing_machine"
    ],
    "378": [
        382,
        "tool_box"
    ],
    "379": [
        354,
        "vacuum_cleaner"
    ],
    "380": [
        232,
        "lamp"
    ],
    "381": [
        359,
        "decoration"
    ],
    "382": [
        189,
        "aquarium"
    ],
    "384": [
        497,
        "cardboard_box"
    ],
    "385": [
        492,
        "bed"
    ],
    "387": [
        444,
        "window"
    ],
    "392": [
        142,
        "pillow"
    ],
    "393": [
        353,
        "vacuum_cleaner"
    ],
    "394": [
        399,
        "storage_box"
    ],
    "395": [
        282,
        "curtain"
    ],
    "396": [
        340,
        "container"
    ],
    "397": [
        476,
        "lamp"
    ],
    "398": [
        503,
        "pillar"
    ],
    "399": [
        360,
        "container"
    ],
    "402": [
        46,
        "device"
    ],
    "403": [
        153,
        "decoration"
    ],
    "406": [
        489,
        "device"
    ],
    "410": [
        464,
        "toy"
    ],
    "412": [
        183,
        "door"
    ],
    "415": [
        401,
        "pillow"
    ],
    "418": [
        463,
        "toy"
    ],
    "424": [
        148,
        "table"
    ],
    "425": [
        217,
        "toy"
    ],
    "428": [
        375,
        "storage_box"
    ],
    "429": [
        76,
        "shelf"
    ],
    "431": [
        465,
        "table"
    ],
    "432": [
        52,
        "toy"
    ],
    "433": [
        147,
        "pillow"
    ],
    "435": [
        168,
        "table"
    ],
    "437": [
        172,
        "chair"
    ],
    "438": [
        78,
        "shelf"
    ],
    "440": [
        193,
        "table"
    ],
    "442": [
        467,
        "door"
    ],
    "443": [
        83,
        "shelf"
    ],
    "444": [
        408,
        "cardboard_box"
    ],
    "445": [
        356,
        "mirror"
    ],
    "447": [
        57,
        "shelf"
    ],
    "449": [
        389,
        "radiator"
    ],
    "450": [
        233,
        "lamp"
    ],
    "451": [
        498,
        "storage_box"
    ],
    "452": [
        6,
        "ladder"
    ],
    "453": [
        241,
        "pillow"
    ],
    "454": [
        396,
        "storage_box"
    ],
    "455": [
        72,
        "window"
    ],
    "456": [
        194,
        "chair"
    ],
    "457": [
        146,
        "pillow"
    ],
    "458": [
        159,
        "table"
    ],
    "459": [
        407,
        "cardboard_box"
    ],
    "462": [
        494,
        "pillow"
    ],
    "465": [
        22,
        "shelf"
    ],
    "466": [
        35,
        "device"
    ],
    "467": [
        335,
        "broom"
    ],
    "468": [
        455,
        "basket"
    ],
    "469": [
        479,
        "lamp"
    ],
    "470": [
        79,
        "shelf"
    ],
    "471": [
        184,
        "curtain"
    ],
    "473": [
        383,
        "tool_box"
    ],
    "474": [
        487,
        "device"
    ],
    "476": [
        140,
        "table"
    ],
    "479": [
        379,
        "device"
    ],
    "480": [
        297,
        "paper_towel"
    ],
    "481": [
        171,
        "chair"
    ],
    "482": [
        397,
        "storage_box"
    ],
    "483": [
        501,
        "clock"
    ],
    "484": [
        346,
        "pipe"
    ],
    "485": [
        7,
        "device"
    ],
    "486": [
        117,
        "shelf"
    ],
    "488": [
        141,
        "couch"
    ],
    "489": [
        477,
        "lamp"
    ],
    "490": [
        163,
        "chair"
    ],
    "491": [
        55,
        "shelf"
    ],
    "493": [
        73,
        "shelf"
    ],
    "494": [
        237,
        "pillow"
    ],
    "495": [
        344,
        "lamp"
    ],
    "496": [
        105,
        "door"
    ],
    "498": [
        48,
        "tool_box"
    ],
    "499": [
        442,
        "window"
    ],
    "502": [
        186,
        "toy"
    ],
    "503": [
        334,
        "trashcan"
    ],
    "504": [
        527,
        "lamp"
    ],
    "509": [
        496,
        "basket_of_something"
    ],
    "510": [
        127,
        "lamp"
    ],
    "511": [
        371,
        "storage_box"
    ],
    "512": [
        475,
        "lamp"
    ],
    "514": [
        120,
        "refrigerator"
    ],
    "516": [
        338,
        "carpet"
    ],
    "517": [
        349,
        "table"
    ],
    "518": [
        124,
        "fan"
    ],
    "519": [
        409,
        "shelf"
    ],
    "520": [
        483,
        "lamp"
    ],
    "521": [
        158,
        "table"
    ],
    "522": [
        305,
        "basket"
    ],
    "523": [
        87,
        "window"
    ],
    "525": [
        278,
        "towel"
    ]
}