{
    "1": [
        787,
        "hanging_clothes"
    ],
    "2": [
        129,
        "box"
    ],
    "3": [
        125,
        "wood"
    ],
    "4": [
        498,
        "clothes"
    ],
    "5": [
        834,
        "laundry_basket"
    ],
    "6": [
        614,
        "box"
    ],
    "7": [
        1030,
        "dining_chair"
    ],
    "9": [
        692,
        "shoe"
    ],
    "11": [
        994,
        "kitchen_cabinet"
    ],
    "12": [
        590,
        "storage_shelving"
    ],
    "14": [
        967,
        "cooker"
    ],
    "15": [
        249,
        "book"
    ],
    "16": [
        600,
        "pillow"
    ],
    "17": [
        660,
        "window"
    ],
    "19": [
        36,
        "mirror"
    ],
    "20": [
        977,
        "knife_holder"
    ],
    "23": [
        932,
        "shoe"
    ],
    "24": [
        211,
        "box"
    ],
    "27": [
        721,
        "support_beam"
    ],
    "28": [
        499,
        "pillow"
    ],
    "29": [
        448,
        "soap_bottle"
    ],
    "31": [
        860,
        "board"
    ],
    "32": [
        703,
        "clutter"
    ],
    "33": [
        62,
        "plate"
    ],
    "36": [
        416,
        "bench"
    ],
    "37": [
        134,
        "rope"
    ],
    "38": [
        603,
        "pillow"
    ],
    "39": [
        487,
        "ceiling_lamp"
    ],
    "40": [
        491,
        "exercise_ball"
    ],
    "41": [
        91,
        "floor_mat"
    ],
    "44": [
        771,
        "partition"
    ],
    "45": [
        1095,
        "hook"
    ],
    "47": [
        765,
        "firewood"
    ],
    "48": [
        39,
        "box"
    ],
    "50": [
        271,
        "bag"
    ],
    "51": [
        1074,
        "box"
    ],
    "55": [
        848,
        "dishrag"
    ],
    "56": [
        409,
        "mirror"
    ],
    "57": [
        597,
        "box"
    ],
    "59": [
        986,
        "soap_dish_cubby"
    ],
    "60": [
        142,
        "box"
    ],
    "61": [
        864,
        "toilet_cleaner"
    ],
    "63": [
        262,
        "plush_toy"
    ],
    "65": [
        237,
        "book"
    ],
    "66": [
        210,
        "chair__w_clutter"
    ],
    "69": [
        1080,
        "furnace"
    ],
    "70": [
        253,
        "book"
    ],
    "71": [
        242,
        "book"
    ],
    "72": [
        234,
        "book"
    ],
    "77": [
        740,
        "box"
    ],
    "78": [
        749,
        "bucket"
    ],
    "80": [
        772,
        "ladder"
    ],
    "81": [
        276,
        "book"
    ],
    "82": [
        589,
        "cabinet"
    ],
    "83": [
        457,
        "bathroom_cabinet"
    ],
    "84": [
        1083,
        "tv"
    ],
    "85": [
        588,
        "cabinet"
    ],
    "86": [
        613,
        "box"
    ],
    "87": [
        405,
        "basket"
    ],
    "88": [
        888,
        "toilet_brush_holder"
    ],
    "91": [
        980,
        "coffee_machine"
    ],
    "92": [
        970,
        "bottle"
    ],
    "94": [
        854,
        "bathroom_shelf"
    ],
    "96": [
        1078,
        "cabinet"
    ],
    "99": [
        683,
        "bag"
    ],
    "100": [
        1070,
        "speaker"
    ],
    "101": [
        191,
        "canvas"
    ],
    "102": [
        1085,
        "appliance"
    ],
    "105": [
        745,
        "box"
    ],
    "106": [
        750,
        "bucket"
    ],
    "107": [
        832,
        "window"
    ],
    "108": [
        229,
        "book"
    ],
    "110": [
        636,
        "cardboard_box"
    ],
    "111": [
        945,
        "door"
    ],
    "113": [
        220,
        "pan"
    ],
    "114": [
        261,
        "plush_toy"
    ],
    "115": [
        269,
        "box"
    ],
    "116": [
        698,
        "picture_frame"
    ],
    "117": [
        117,
        "toy"
    ],
    "120": [
        685,
        "shelf_with_clutter"
    ],
    "121": [
        451,
        "shower_mat"
    ],
    "123": [
        733,
        "door"
    ],
    "126": [
        327,
        "rod"
    ],
    "127": [
        358,
        "rug"
    ],
    "129": [
        30,
        "door"
    ],
    "131": [
        561,
        "wardrobe"
    ],
    "132": [
        645,
        "bottle"
    ],
    "133": [
        1072,
        "box"
    ],
    "134": [
        761,
        "basket_of_something"
    ],
    "135": [
        1005,
        "ceiling_lamp"
    ],
    "136": [
        557,
        "hanging_clothes"
    ],
    "137": [
        148,
        "bag"
    ],
    "139": [
        400,
        "brush"
    ],
    "140": [
        562,
        "wardrobe"
    ],
    "141": [
        627,
        "appliance"
    ],
    "143": [
        55,
        "bowl"
    ],
    "144": [
        219,
        "cloth"
    ],
    "145": [
        449,
        "soap_dispenser"
    ],
    "146": [
        54,
        "wine_bottle"
    ],
    "147": [
        728,
        "tire"
    ],
    "148": [
        842,
        "hanging_clothes"
    ],
    "149": [
        226,
        "book"
    ],
    "151": [
        642,
        "board"
    ],
    "152": [
        611,
        "bucket"
    ],
    "153": [
        286,
        "exercise_mat_roll"
    ],
    "154": [
        644,
        "bag"
    ],
    "155": [
        933,
        "locker"
    ],
    "156": [
        816,
        "hose"
    ],
    "157": [
        1028,
        "dining_chair"
    ],
    "159": [
        360,
        "door"
    ],
    "160": [
        199,
        "throw_blanket"
    ],
    "163": [
        411,
        "bathroom_towel"
    ],
    "166": [
        1050,
        "pillow"
    ],
    "167": [
        1052,
        "wall_clock"
    ],
    "168": [
        1091,
        "bottle"
    ],
    "173": [
        862,
        "bathroom_shelf"
    ],
    "176": [
        525,
        "bed"
    ],
    "177": [
        447,
        "soap_bottle"
    ],
    "178": [
        984,
        "jar"
    ],
    "179": [
        760,
        "basket_of_something"
    ],
    "180": [
        574,
        "bottle"
    ],
    "182": [
        1054,
        "rug"
    ],
    "183": [
        876,
        "ceiling_lamp"
    ],
    "187": [
        532,
        "door"
    ],
    "188": [
        76,
        "plate"
    ],
    "189": [
        133,
        "pillow"
    ],
    "191": [
        966,
        "range_hood"
    ],
    "192": [
        1046,
        "plant"
    ],
    "193": [
        565,
        "monitor"
    ],
    "194": [
        437,
        "shower_hose"
    ],
    "196": [
        193,
        "canvas"
    ],
    "197": [
        412,
        "sink"
    ],
    "200": [
        1077,
        "cabinet"
    ],
    "202": [
        329,
        "bucket"
    ],
    "203": [
        395,
        "wall_soap_shelf"
    ],
    "205": [
        742,
        "bucket"
    ],
    "206": [
        135,
        "foosball_game_table"
    ],
    "208": [
        488,
        "window"
    ],
    "209": [
        287,
        "cloth"
    ],
    "210": [
        757,
        "ladder"
    ],
    "211": [
        240,
        "book"
    ],
    "212": [
        463,
        "towel"
    ],
    "213": [
        981,
        "jar"
    ],
    "214": [
        246,
        "book"
    ],
    "215": [
        453,
        "cosmetics"
    ],
    "217": [
        301,
        "support_beam"
    ],
    "218": [
        259,
        "cabinet"
    ],
    "219": [
        48,
        "bowl"
    ],
    "220": [
        459,
        "mop"
    ],
    "224": [
        8,
        "sink_pipe"
    ],
    "225": [
        853,
        "toilet_cleaner"
    ],
    "226": [
        88,
        "container"
    ],
    "227": [
        882,
        "mirror"
    ],
    "228": [
        116,
        "toy"
    ],
    "229": [
        93,
        "pot"
    ],
    "231": [
        494,
        "rug"
    ],
    "232": [
        401,
        "hair_brush"
    ],
    "233": [
        89,
        "bowl"
    ],
    "234": [
        275,
        "book"
    ],
    "235": [
        404,
        "bathroom_shelf"
    ],
    "236": [
        990,
        "kitchen_cabinet"
    ],
    "237": [
        839,
        "mirror"
    ],
    "238": [
        592,
        "storage_shelving"
    ],
    "240": [
        680,
        "door"
    ],
    "242": [
        752,
        "wood"
    ],
    "243": [
        50,
        "cloth"
    ],
    "244": [
        1084,
        "tv_stand"
    ],
    "245": [
        553,
        "hanging_clothes"
    ],
    "246": [
        641,
        "board"
    ],
    "248": [
        192,
        "canvas"
    ],
    "249": [
        1082,
        "rug"
    ],
    "250": [
        571,
        "painting"
    ],
    "251": [
        893,
        "bathroom_shelf"
    ],
    "252": [
        729,
        "bucket"
    ],
    "253": [
        558,
        "hanging_clothes"
    ],
    "254": [
        428,
        "window"
    ],
    "256": [
        330,
        "bucket"
    ],
    "258": [
        863,
        "toilet_cleaner"
    ],
    "259": [
        114,
        "window"
    ],
    "260": [
        446,
        "shampoo"
    ],
    "261": [
        130,
        "seat"
    ],
    "262": [
        136,
        "doll"
    ],
    "263": [
        121,
        "box"
    ],
    "264": [
        969,
        "bottle"
    ],
    "266": [
        200,
        "toy"
    ],
    "271": [
        595,
        "box"
    ],
    "272": [
        983,
        "bag"
    ],
    "275": [
        591,
        "box"
    ],
    "276": [
        402,
        "toothbrush"
    ],
    "277": [
        214,
        "box"
    ],
    "278": [
        123,
        "chest"
    ],
    "280": [
        971,
        "bottle"
    ],
    "281": [
        332,
        "pillow"
    ],
    "282": [
        258,
        "box"
    ],
    "283": [
        630,
        "tool_box"
    ],
    "284": [
        973,
        "spice_rack"
    ],
    "287": [
        766,
        "box"
    ],
    "290": [
        74,
        "plate"
    ],
    "291": [
        472,
        "towel"
    ],
    "293": [
        567,
        "computer_desk"
    ],
    "294": [
        689,
        "shoe"
    ],
    "295": [
        282,
        "book"
    ],
    "296": [
        631,
        "tool"
    ],
    "297": [
        331,
        "clothes"
    ],
    "298": [
        619,
        "box"
    ],
    "299": [
        753,
        "bucket"
    ],
    "300": [
        227,
        "book"
    ],
    "301": [
        443,
        "shampoo"
    ],
    "302": [
        1076,
        "bookshelf"
    ],
    "303": [
        213,
        "box"
    ],
    "304": [
        238,
        "book"
    ],
    "305": [
        124,
        "handbag"
    ],
    "307": [
        72,
        "bowl"
    ],
    "308": [
        789,
        "hanging_clothes"
    ],
    "309": [
        794,
        "shoe"
    ],
    "311": [
        471,
        "towel"
    ],
    "312": [
        867,
        "toilet_brush"
    ],
    "313": [
        260,
        "shelf"
    ],
    "315": [
        608,
        "rod"
    ],
    "316": [
        297,
        "support_beam"
    ],
    "317": [
        784,
        "box"
    ],
    "318": [
        67,
        "jar"
    ],
    "319": [
        746,
        "bucket"
    ],
    "321": [
        328,
        "door"
    ],
    "322": [
        779,
        "shoe"
    ],
    "323": [
        594,
        "box"
    ],
    "324": [
        856,
        "cleaning_clutter"
    ],
    "327": [
        381,
        "basket"
    ],
    "328": [
        549,
        "cabinet"
    ],
    "329": [
        496,
        "bed"
    ],
    "330": [
        623,
        "pillow"
    ],
    "331": [
        927,
        "door"
    ],
    "332": [
        208,
        "dining_chair"
    ],
    "333": [
        235,
        "book"
    ],
    "334": [
        701,
        "clutter"
    ],
    "335": [
        60,
        "cloth"
    ],
    "337": [
        391,
        "decoration"
    ],
    "339": [
        920,
        "radiator"
    ],
    "340": [
        415,
        "faucet"
    ],
    "341": [
        264,
        "clothes"
    ],
    "342": [
        244,
        "book"
    ],
    "343": [
        604,
        "bag"
    ],
    "344": [
        679,
        "door"
    ],
    "346": [
        201,
        "decorative_plant"
    ],
    "348": [
        926,
        "carpet_roll"
    ],
    "350": [
        617,
        "motorcycle"
    ],
    "351": [
        890,
        "toilet_paper"
    ],
    "352": [
        962,
        "dishrag"
    ],
    "354": [
        1016,
        "dresser"
    ],
    "355": [
        899,
        "shower_tray"
    ],
    "356": [
        1064,
        "window"
    ],
    "357": [
        987,
        "kitchen_cabinet"
    ],
    "359": [
        382,
        "toothbrush"
    ],
    "360": [
        410,
        "bathroom_towel"
    ],
    "362": [
        268,
        "box"
    ],
    "364": [
        639,
        "board"
    ],
    "365": [
        138,
        "workout_bike"
    ],
    "366": [
        1001,
        "kitchen_cabinet"
    ],
    "367": [
        806,
        "electric_wire_casing"
    ],
    "368": [
        266,
        "candle"
    ],
    "370": [
        83,
        "bowl"
    ],
    "371": [
        1059,
        "curtain_rod"
    ],
    "372": [
        1032,
        "rug"
    ],
    "375": [
        203,
        "dining_table"
    ],
    "376": [
        1087,
        "appliance"
    ],
    "377": [
        492,
        "bag"
    ],
    "378": [
        464,
        "towel"
    ],
    "380": [
        883,
        "sink"
    ],
    "382": [
        239,
        "book"
    ],
    "383": [
        183,
        "curtain"
    ],
    "385": [
        783,
        "stool"
    ],
    "386": [
        233,
        "book"
    ],
    "387": [
        868,
        "plunger"
    ],
    "388": [
        531,
        "cabinet"
    ],
    "391": [
        236,
        "book"
    ],
    "392": [
        181,
        "curtain"
    ],
    "393": [
        228,
        "book"
    ],
    "394": [
        764,
        "wood"
    ],
    "397": [
        556,
        "hanging_clothes"
    ],
    "405": [
        1057,
        "curtain"
    ],
    "406": [
        564,
        "chair"
    ],
    "408": [
        118,
        "box"
    ],
    "409": [
        333,
        "pillow"
    ],
    "412": [
        283,
        "decoration"
    ],
    "413": [
        944,
        "wall_hanging_decoration"
    ],
    "415": [
        1051,
        "blanket"
    ],
    "417": [
        495,
        "yoga_mat"
    ],
    "418": [
        300,
        "support_beam"
    ],
    "420": [
        198,
        "cat_food"
    ],
    "422": [
        697,
        "bag"
    ],
    "424": [
        272,
        "box"
    ],
    "428": [
        607,
        "box"
    ],
    "430": [
        865,
        "toilet_cleaner"
    ],
    "431": [
        625,
        "pillow"
    ],
    "432": [
        1024,
        "window"
    ],
    "434": [
        821,
        "box"
    ],
    "436": [
        751,
        "wood"
    ],
    "437": [
        44,
        "coffee_mug"
    ],
    "438": [
        230,
        "book"
    ],
    "439": [
        791,
        "ceiling_lamp"
    ],
    "440": [
        1060,
        "curtain"
    ],
    "441": [
        497,
        "door"
    ],
    "442": [
        46,
        "bowl"
    ],
    "443": [
        33,
        "box"
    ],
    "444": [
        593,
        "storage_shelving"
    ],
    "445": [
        602,
        "pillow"
    ],
    "446": [
        628,
        "bag"
    ],
    "449": [
        90,
        "bowl"
    ],
    "450": [
        881,
        "curtain"
    ],
    "451": [
        985,
        "decoration"
    ],
    "453": [
        580,
        "bottle"
    ],
    "454": [
        1018,
        "picture"
    ],
    "456": [
        730,
        "machine"
    ],
    "457": [
        998,
        "kitchen_cabinet"
    ],
    "460": [
        974,
        "sink"
    ],
    "461": [
        598,
        "pillow"
    ],
    "463": [
        194,
        "canvas"
    ],
    "464": [
        768,
        "board"
    ],
    "465": [
        763,
        "wood"
    ],
    "466": [
        579,
        "bottle"
    ],
    "467": [
        265,
        "candle"
    ],
    "468": [
        1079,
        "cabinet"
    ],
    "471": [
        452,
        "cosmetic"
    ],
    "472": [
        189,
        "painting"
    ],
    "477": [
        894,
        "shower_tap"
    ],
    "478": [
        523,
        "beanbag_chair"
    ],
    "479": [
        68,
        "jar"
    ],
    "480": [
        736,
        "tool"
    ],
    "482": [
        569,
        "computer_tower"
    ],
    "483": [
        650,
        "box"
    ],
    "484": [
        570,
        "monitor"
    ],
    "486": [
        686,
        "plush_toy"
    ],
    "487": [
        693,
        "shoe"
    ],
    "488": [
        869,
        "hanging_clothes"
    ],
    "489": [
        877,
        "door"
    ],
    "490": [
        725,
        "tire"
    ],
    "491": [
        727,
        "tire"
    ],
    "492": [
        732,
        "stool"
    ],
    "495": [
        844,
        "hanging_clothes"
    ],
    "496": [
        1025,
        "curtain_valence"
    ],
    "497": [
        1049,
        "pillow"
    ],
    "498": [
        849,
        "bucket"
    ],
    "500": [
        993,
        "kitchen_cabinet"
    ],
    "501": [
        367,
        "blinds"
    ],
    "503": [
        1092,
        "bottle"
    ],
    "504": [
        576,
        "pillow"
    ],
    "505": [
        9,
        "towel_bar"
    ],
    "506": [
        1100,
        "decoration"
    ],
    "507": [
        466,
        "towel"
    ],
    "509": [
        934,
        "bag"
    ],
    "510": [
        144,
        "tv"
    ],
    "511": [
        584,
        "bag"
    ],
    "512": [
        178,
        "curtain_rod"
    ],
    "513": [
        718,
        "support_beam"
    ],
    "514": [
        762,
        "axe"
    ],
    "515": [
        919,
        "painting"
    ],
    "516": [
        241,
        "book"
    ],
    "517": [
        723,
        "support_beam"
    ],
    "518": [
        943,
        "hanging_clothes"
    ],
    "520": [
        811,
        "box"
    ],
    "521": [
        735,
        "tool"
    ],
    "522": [
        739,
        "trashcan"
    ],
    "523": [
        115,
        "pillow"
    ],
    "524": [
        384,
        "toothbrush"
    ],
    "526": [
        529,
        "office_chair"
    ],
    "527": [
        197,
        "box"
    ],
    "528": [
        700,
        "doormat"
    ],
    "530": [
        788,
        "hanging_clothes"
    ],
    "531": [
        815,
        "refrigerator"
    ],
    "532": [
        1031,
        "dining_table"
    ],
    "533": [
        131,
        "dartboard"
    ],
    "534": [
        885,
        "faucet"
    ],
    "535": [
        690,
        "shoe"
    ],
    "538": [
        988,
        "kitchen_cabinet"
    ],
    "539": [
        629,
        "tool"
    ],
    "541": [
        887,
        "bathroom_cabinet"
    ],
    "542": [
        43,
        "coffee_maker"
    ],
    "543": [
        599,
        "pillow"
    ],
    "545": [
        500,
        "office_chair"
    ],
    "546": [
        85,
        "cloth"
    ],
    "547": [
        111,
        "door"
    ],
    "548": [
        702,
        "folding_chair"
    ],
    "549": [
        782,
        "bag"
    ],
    "550": [
        819,
        "vacuum_cleaner"
    ],
    "551": [
        1058,
        "window"
    ],
    "552": [
        383,
        "toothbrush"
    ],
    "554": [
        632,
        "box"
    ],
    "555": [
        467,
        "towel"
    ],
    "556": [
        722,
        "support_beam"
    ],
    "557": [
        222,
        "wreath"
    ],
    "558": [
        672,
        "garage_door"
    ],
    "559": [
        399,
        "brush"
    ],
    "560": [
        859,
        "laundry_basket"
    ],
    "561": [
        851,
        "toilet_cleaner"
    ],
    "562": [
        979,
        "kitchen_appliance"
    ],
    "564": [
        678,
        "door"
    ],
    "566": [
        37,
        "trash_bag"
    ],
    "567": [
        776,
        "box"
    ],
    "568": [
        289,
        "box"
    ],
    "569": [
        493,
        "box"
    ],
    "570": [
        694,
        "shoe"
    ],
    "571": [
        42,
        "pot"
    ],
    "572": [
        145,
        "bowl"
    ],
    "573": [
        28,
        "window"
    ],
    "574": [
        403,
        "hair_dryer"
    ],
    "576": [
        202,
        "kitchen_appliance"
    ],
    "577": [
        469,
        "towel"
    ],
    "578": [
        120,
        "box"
    ],
    "580": [
        626,
        "bag"
    ],
    "581": [
        455,
        "towel"
    ],
    "582": [
        996,
        "kitchen_cabinet"
    ],
    "583": [
        1035,
        "ceiling_lamp"
    ],
    "584": [
        696,
        "container"
    ],
    "586": [
        843,
        "hanging_clothes"
    ],
    "587": [
        149,
        "bag"
    ],
    "590": [
        737,
        "tool"
    ],
    "591": [
        273,
        "book"
    ],
    "592": [
        518,
        "blinds"
    ],
    "593": [
        968,
        "paper_towel"
    ],
    "596": [
        687,
        "flowerpot"
    ],
    "597": [
        582,
        "cabinet"
    ],
    "598": [
        1017,
        "door"
    ],
    "599": [
        793,
        "shoe"
    ],
    "600": [
        465,
        "towel"
    ],
    "601": [
        866,
        "toilet_cleaner"
    ],
    "602": [
        278,
        "book"
    ],
    "604": [
        215,
        "bucket"
    ],
    "608": [
        780,
        "shoe"
    ],
    "610": [
        818,
        "pipe"
    ],
    "613": [
        224,
        "shade"
    ],
    "614": [
        524,
        "box"
    ],
    "615": [
        425,
        "decorative_plant"
    ],
    "616": [
        255,
        "book"
    ],
    "617": [
        184,
        "window"
    ],
    "618": [
        304,
        "support_beam"
    ],
    "619": [
        325,
        "lamp_stand"
    ],
    "620": [
        774,
        "box"
    ],
    "622": [
        285,
        "exercise_mat_roll"
    ],
    "623": [
        307,
        "support_beam"
    ],
    "625": [
        504,
        "book"
    ],
    "626": [
        726,
        "tire"
    ],
    "627": [
        179,
        "curtain_rod"
    ],
    "628": [
        218,
        "box"
    ],
    "629": [
        232,
        "book"
    ],
    "632": [
        550,
        "bed"
    ],
    "633": [
        586,
        "appliance"
    ],
    "634": [
        299,
        "support_beam"
    ],
    "635": [
        51,
        "bowl"
    ],
    "636": [
        855,
        "book"
    ],
    "638": [
        35,
        "tap"
    ],
    "640": [
        846,
        "wall_soap_shelf"
    ],
    "641": [
        755,
        "box"
    ],
    "642": [
        143,
        "box"
    ],
    "643": [
        454,
        "clothes_dryer"
    ],
    "644": [
        223,
        "wreath"
    ],
    "645": [
        439,
        "wall_soap_shelf"
    ],
    "646": [
        972,
        "bottle"
    ],
    "647": [
        647,
        "bottle"
    ],
    "648": [
        734,
        "trash_bag"
    ],
    "649": [
        659,
        "window"
    ],
    "651": [
        440,
        "shower_rail"
    ],
    "652": [
        507,
        "trashcan"
    ],
    "653": [
        568,
        "keyboard"
    ],
    "654": [
        946,
        "ceiling_lamp"
    ],
    "655": [
        298,
        "support_beam"
    ],
    "657": [
        695,
        "shoe"
    ],
    "662": [
        773,
        "ladder"
    ],
    "665": [
        622,
        "throw_blanket"
    ],
    "668": [
        86,
        "container"
    ],
    "672": [
        69,
        "lid"
    ],
    "674": [
        781,
        "bag"
    ],
    "676": [
        785,
        "hanging_clothes"
    ],
    "677": [
        140,
        "box"
    ],
    "678": [
        290,
        "bag"
    ],
    "679": [
        847,
        "faucet"
    ],
    "681": [
        38,
        "box"
    ],
    "682": [
        280,
        "book"
    ],
    "683": [
        503,
        "book"
    ],
    "685": [
        714,
        "ceiling_door"
    ],
    "687": [
        31,
        "pipe"
    ],
    "688": [
        501,
        "cabinet"
    ],
    "689": [
        420,
        "wall_toilet_paper"
    ],
    "690": [
        407,
        "weight"
    ],
    "691": [
        64,
        "cloth"
    ],
    "692": [
        209,
        "dining_chair"
    ],
    "693": [
        965,
        "decoration"
    ],
    "694": [
        1055,
        "coffee_table"
    ],
    "695": [
        45,
        "bowl"
    ],
    "697": [
        583,
        "box"
    ],
    "698": [
        1000,
        "kitchen_cabinet"
    ],
    "700": [
        442,
        "shower_door"
    ],
    "701": [
        581,
        "painting"
    ],
    "702": [
        427,
        "decorative_plant"
    ],
    "707": [
        252,
        "book"
    ],
    "708": [
        270,
        "box"
    ],
    "709": [
        461,
        "towel"
    ],
    "710": [
        417,
        "trashcan"
    ],
    "711": [
        302,
        "support_beam"
    ],
    "713": [
        759,
        "basket"
    ],
    "715": [
        526,
        "cabinet"
    ],
    "716": [
        303,
        "support_beam"
    ],
    "717": [
        719,
        "support_beam"
    ],
    "718": [
        809,
        "bag"
    ],
    "719": [
        767,
        "box"
    ],
    "720": [
        572,
        "bottle"
    ],
    "721": [
        66,
        "lid"
    ],
    "722": [
        418,
        "toilet_brush"
    ],
    "724": [
        6,
        "toilet_paper_dispenser"
    ],
    "725": [
        177,
        "curtain_rod"
    ],
    "726": [
        754,
        "stick"
    ],
    "727": [
        362,
        "decoration"
    ],
    "729": [
        637,
        "box"
    ],
    "730": [
        633,
        "box"
    ],
    "731": [
        648,
        "bottle"
    ],
    "732": [
        929,
        "shoe"
    ],
    "733": [
        73,
        "bottle"
    ],
    "734": [
        1081,
        "rug"
    ],
    "735": [
        139,
        "box"
    ],
    "737": [
        207,
        "dining_chair"
    ],
    "738": [
        462,
        "bathroom_cabinet"
    ],
    "739": [
        421,
        "toilet"
    ],
    "741": [
        441,
        "bathtub"
    ],
    "743": [
        731,
        "trashcan"
    ],
    "744": [
        7,
        "pipe"
    ],
    "746": [
        609,
        "wood"
    ],
    "747": [
        747,
        "trashcan"
    ],
    "748": [
        1026,
        "curtain_rod"
    ],
    "755": [
        206,
        "dining_chair"
    ],
    "758": [
        596,
        "box"
    ],
    "759": [
        691,
        "shoe"
    ],
    "760": [
        1089,
        "bottle"
    ],
    "761": [
        146,
        "pad"
    ],
    "762": [
        566,
        "box"
    ],
    "764": [
        359,
        "bulletin_board"
    ],
    "765": [
        414,
        "sink"
    ],
    "766": [
        684,
        "shelf_with_clutter"
    ],
    "767": [
        445,
        "shampoo"
    ],
    "769": [
        555,
        "coat_hanger"
    ],
    "770": [
        618,
        "box"
    ],
    "772": [
        635,
        "cardboard_box"
    ],
    "773": [
        41,
        "box"
    ],
    "775": [
        65,
        "lid"
    ],
    "776": [
        212,
        "box"
    ],
    "778": [
        87,
        "container"
    ],
    "779": [
        460,
        "mop"
    ],
    "781": [
        436,
        "shower_tap"
    ],
    "782": [
        59,
        "plate"
    ],
    "783": [
        505,
        "desk"
    ],
    "784": [
        274,
        "book"
    ],
    "785": [
        560,
        "wardrobe"
    ],
    "786": [
        646,
        "bottle"
    ],
    "788": [
        930,
        "shoe"
    ],
    "789": [
        999,
        "kitchen_cabinet"
    ],
    "791": [
        655,
        "window"
    ],
    "792": [
        444,
        "shampoo"
    ],
    "793": [
        777,
        "box"
    ],
    "794": [
        61,
        "plate"
    ],
    "795": [
        936,
        "bowl"
    ],
    "799": [
        688,
        "shoe"
    ],
    "800": [
        649,
        "bucket"
    ],
    "802": [
        419,
        "wall_toilet_paper"
    ],
    "803": [
        889,
        "toilet_paper_dispenser"
    ],
    "804": [
        805,
        "electric_wire_casing"
    ],
    "806": [
        892,
        "toilet"
    ],
    "807": [
        12,
        "toilet_brush"
    ],
    "808": [
        1071,
        "speaker"
    ],
    "810": [
        305,
        "support_beam"
    ],
    "812": [
        221,
        "newspaper"
    ],
    "813": [
        850,
        "bucket"
    ],
    "814": [
        814,
        "refrigerator"
    ],
    "815": [
        961,
        "calendar"
    ],
    "816": [
        413,
        "faucet"
    ],
    "820": [
        456,
        "towel"
    ],
    "821": [
        58,
        "plate"
    ],
    "823": [
        884,
        "sink_pipe"
    ],
    "824": [
        1097,
        "can"
    ],
    "825": [
        858,
        "toilet"
    ],
    "826": [
        182,
        "curtain"
    ],
    "827": [
        180,
        "curtain"
    ],
    "828": [
        931,
        "shoe"
    ],
    "831": [
        552,
        "hanging_clothes"
    ],
    "832": [
        257,
        "book"
    ],
    "835": [
        406,
        "toothbrush"
    ],
    "836": [
        769,
        "stool"
    ],
    "837": [
        898,
        "radiator"
    ],
    "839": [
        75,
        "plate"
    ],
    "840": [
        70,
        "bottle"
    ],
    "841": [
        322,
        "balcony_railing"
    ],
    "842": [
        573,
        "bottle"
    ],
    "845": [
        288,
        "box"
    ],
    "847": [
        11,
        "wall_lamp"
    ],
    "848": [
        836,
        "box"
    ],
    "849": [
        119,
        "box"
    ],
    "850": [
        554,
        "hanging_clothes"
    ],
    "851": [
        63,
        "cloth"
    ],
    "852": [
        94,
        "box"
    ],
    "854": [
        601,
        "pillow"
    ],
    "856": [
        284,
        "decoration"
    ],
    "859": [
        790,
        "tool"
    ],
    "860": [
        393,
        "wall_lamp"
    ],
    "861": [
        671,
        "door"
    ],
    "862": [
        528,
        "wardrobe"
    ],
    "863": [
        337,
        "ceiling_lamp"
    ],
    "864": [
        770,
        "rug"
    ],
    "865": [
        296,
        "support_beam"
    ],
    "866": [
        1045,
        "side_table"
    ],
    "868": [
        786,
        "hanging_clothes"
    ],
    "871": [
        963,
        "dishrag"
    ],
    "873": [
        196,
        "window"
    ],
    "874": [
        251,
        "book"
    ],
    "877": [
        643,
        "board"
    ],
    "878": [
        879,
        "bathroom_towel"
    ],
    "882": [
        1061,
        "window"
    ],
    "884": [
        176,
        "curtain_rod"
    ],
    "886": [
        895,
        "shower_cabin"
    ],
    "887": [
        1003,
        "oven"
    ],
    "888": [
        812,
        "box"
    ],
    "890": [
        610,
        "carpet_roll"
    ],
    "894": [
        250,
        "book"
    ],
    "898": [
        263,
        "kitchen_appliance"
    ],
    "899": [
        937,
        "floor_mat"
    ],
    "901": [
        1014,
        "sliding_door"
    ],
    "905": [
        615,
        "box"
    ],
    "906": [
        605,
        "bag"
    ],
    "907": [
        243,
        "book"
    ],
    "908": [
        53,
        "bowl"
    ],
    "910": [
        52,
        "bowl"
    ],
    "913": [
        880,
        "curtain_rod"
    ],
    "914": [
        992,
        "kitchen_top"
    ],
    "915": [
        578,
        "pillow"
    ],
    "916": [
        1090,
        "bottle"
    ],
    "917": [
        621,
        "table"
    ],
    "918": [
        527,
        "desk"
    ],
    "919": [
        151,
        "desk"
    ],
    "920": [
        820,
        "laundry_basket"
    ],
    "921": [
        1062,
        "curtain_rod"
    ],
    "922": [
        1029,
        "dining_chair"
    ],
    "923": [
        147,
        "candle"
    ],
    "925": [
        543,
        "window"
    ],
    "926": [
        756,
        "box"
    ],
    "927": [
        575,
        "bed"
    ],
    "928": [
        717,
        "support_beam"
    ],
    "929": [
        1086,
        "appliance"
    ],
    "930": [
        658,
        "wall_lamp"
    ],
    "931": [
        989,
        "kitchen_cabinet"
    ],
    "932": [
        1047,
        "l"
    ],
    "933": [
        997,
        "kitchen_cabinet"
    ],
    "934": [
        216,
        "box"
    ],
    "935": [
        205,
        "dining_chair"
    ],
    "936": [
        502,
        "decoration"
    ],
    "937": [
        1069,
        "curtain_rod"
    ],
    "938": [
        964,
        "mortar"
    ],
    "939": [
        32,
        "box"
    ],
    "942": [
        544,
        "blinds"
    ],
    "943": [
        551,
        "hanging_clothes"
    ],
    "946": [
        279,
        "book"
    ],
    "948": [
        1048,
        "pillow"
    ],
    "949": [
        857,
        "cleaning_clutter"
    ],
    "952": [
        248,
        "book"
    ],
    "955": [
        14,
        "toilet"
    ],
    "956": [
        306,
        "support_beam"
    ],
    "957": [
        308,
        "support_beam"
    ],
    "960": [
        1027,
        "dining_chair"
    ],
    "962": [
        585,
        "box"
    ],
    "963": [
        34,
        "tap"
    ],
    "965": [
        724,
        "support_beam"
    ],
    "966": [
        817,
        "pipe"
    ],
    "967": [
        1002,
        "kitchen_cabinet"
    ],
    "968": [
        738,
        "tool"
    ],
    "969": [
        838,
        "bathroom_cabinet"
    ],
    "970": [
        127,
        "box"
    ],
    "973": [
        1053,
        "pillow"
    ],
    "974": [
        1063,
        "curtain"
    ],
    "976": [
        450,
        "cosmetic"
    ],
    "977": [
        891,
        "pipe"
    ],
    "979": [
        978,
        "jar"
    ],
    "980": [
        256,
        "book"
    ],
    "981": [
        743,
        "bucket"
    ],
    "982": [
        612,
        "canister"
    ],
    "984": [
        245,
        "book"
    ],
    "985": [
        775,
        "basket"
    ],
    "986": [
        810,
        "cabinet"
    ],
    "987": [
        841,
        "hanging_clothes"
    ],
    "991": [
        1088,
        "appliance"
    ],
    "992": [
        324,
        "lamp"
    ],
    "993": [
        606,
        "box"
    ],
    "994": [
        640,
        "board"
    ],
    "996": [
        141,
        "box"
    ],
    "997": [
        1015,
        "cabinet"
    ],
    "998": [
        398,
        "hair_brush"
    ],
    "999": [
        720,
        "support_beam"
    ],
    "1000": [
        113,
        "curtain_rod"
    ],
    "1001": [
        293,
        "door"
    ],
    "1002": [
        150,
        "bag"
    ],
    "1003": [
        473,
        "towel"
    ],
    "1004": [
        204,
        "dining_chair"
    ],
    "1006": [
        741,
        "board"
    ],
    "1007": [
        137,
        "heater"
    ],
    "1008": [
        126,
        "box"
    ],
    "1009": [
        852,
        "toilet_cleaner"
    ],
    "1010": [
        716,
        "support_beam"
    ],
    "1011": [
        519,
        "window"
    ],
    "1014": [
        661,
        "window"
    ],
    "1015": [
        928,
        "cabinet"
    ],
    "1016": [
        13,
        "toilet_brush_holder"
    ],
    "1017": [
        624,
        "pillow"
    ],
    "1018": [
        132,
        "box"
    ],
    "1021": [
        1075,
        "bookshelf"
    ],
    "1022": [
        92,
        "pipe"
    ],
    "1023": [
        361,
        "door"
    ],
    "1024": [
        758,
        "wood"
    ],
    "1026": [
        10,
        "sink"
    ],
    "1028": [
        247,
        "book"
    ],
    "1030": [
        281,
        "book"
    ],
    "1031": [
        326,
        "flowerpot"
    ],
    "1032": [
        616,
        "trash_bag"
    ],
    "1033": [
        620,
        "carpet_roll"
    ],
    "1036": [
        397,
        "wall_soap_shelf"
    ],
    "1038": [
        254,
        "book"
    ],
    "1039": [
        1056,
        "ceiling_lamp"
    ],
    "1040": [
        634,
        "box"
    ],
    "1041": [
        681,
        "door"
    ],
    "1042": [
        458,
        "towel"
    ],
    "1043": [
        577,
        "pillow"
    ],
    "1044": [
        1019,
        "picture"
    ],
    "1045": [
        748,
        "basket_of_something"
    ],
    "1046": [
        509,
        "ceiling_lamp"
    ],
    "1048": [
        638,
        "vacuum_cleaner"
    ],
    "1050": [
        334,
        "tap"
    ],
    "1053": [
        845,
        "sink"
    ],
    "1054": [
        40,
        "box"
    ],
    "1055": [
        291,
        "weight"
    ],
    "1056": [
        878,
        "bathroom_towel"
    ],
    "1058": [
        190,
        "painting"
    ],
    "1060": [
        490,
        "beanbag_chair"
    ],
    "1061": [
        378,
        "bottle"
    ],
    "1062": [
        396,
        "wall_soap_shelf"
    ],
    "1063": [
        128,
        "box"
    ],
    "1064": [
        394,
        "wall_lamp"
    ],
    "1065": [
        778,
        "box"
    ],
    "1066": [
        489,
        "wardrobe"
    ],
    "1067": [
        982,
        "jar"
    ],
    "1068": [
        861,
        "washing_machine"
    ],
    "1070": [
        935,
        "bowl"
    ],
    "1071": [
        1073,
        "box"
    ],
    "1072": [
        408,
        "mirror"
    ],
    "1075": [
        438,
        "shower_hose_head"
    ],
    "1079": [
        840,
        "coat_hanger"
    ],
    "1080": [
        217,
        "box"
    ],
    "1081": [
        71,
        "plate"
    ],
    "1084": [
        225,
        "shade"
    ],
    "1085": [
        323,
        "lamp"
    ],
    "1087": [
        392,
        "wall_lamp"
    ],
    "1090": [
        699,
        "cabinet__w_clutter"
    ],
    "1091": [
        195,
        "furnace"
    ],
    "1092": [
        231,
        "book"
    ],
    "1093": [
        277,
        "book"
    ],
    "1097": [
        1096,
        "appliance"
    ],
    "1098": [
        886,
        "soap_dispenser"
    ],
    "1099": [
        468,
        "towel"
    ],
    "1100": [
        426,
        "decorative_plant"
    ]
}