{
    "2": [
        195,
        "plate"
    ],
    "3": [
        28,
        "bathroom_accessory"
    ],
    "4": [
        137,
        "vase"
    ],
    "6": [
        171,
        "chair"
    ],
    "7": [
        217,
        "towel"
    ],
    "8": [
        295,
        "towel"
    ],
    "9": [
        305,
        "shower_hose_head"
    ],
    "11": [
        194,
        "plate"
    ],
    "13": [
        242,
        "window"
    ],
    "15": [
        48,
        "bed"
    ],
    "17": [
        92,
        "window"
    ],
    "18": [
        165,
        "mirror"
    ],
    "19": [
        302,
        "flower_vase"
    ],
    "20": [
        143,
        "vase"
    ],
    "25": [
        90,
        "window"
    ],
    "27": [
        279,
        "mini_fridge"
    ],
    "29": [
        248,
        "flowerpot"
    ],
    "30": [
        252,
        "pillow"
    ],
    "32": [
        259,
        "bag"
    ],
    "33": [
        71,
        "table"
    ],
    "34": [
        83,
        "tv"
    ],
    "38": [
        25,
        "shower_hose_head"
    ],
    "39": [
        91,
        "window"
    ],
    "41": [
        166,
        "wall_cubby"
    ],
    "43": [
        17,
        "sink"
    ],
    "44": [
        73,
        "cabinet"
    ],
    "46": [
        32,
        "towel"
    ],
    "47": [
        167,
        "wall_cubby"
    ],
    "49": [
        47,
        "rug"
    ],
    "51": [
        176,
        "table"
    ],
    "53": [
        263,
        "appliance"
    ],
    "55": [
        82,
        "rug"
    ],
    "56": [
        213,
        "toilet_paper_dispenser"
    ],
    "57": [
        254,
        "pillow"
    ],
    "58": [
        193,
        "bottle"
    ],
    "59": [
        293,
        "towel"
    ],
    "61": [
        16,
        "bathroom_cabinet"
    ],
    "62": [
        13,
        "toilet_paper"
    ],
    "64": [
        203,
        "window"
    ],
    "65": [
        70,
        "decoration"
    ],
    "68": [
        174,
        "chair"
    ],
    "71": [
        308,
        "pouffe"
    ],
    "73": [
        258,
        "blanket"
    ],
    "74": [
        50,
        "pillow"
    ],
    "75": [
        177,
        "curtain"
    ],
    "76": [
        18,
        "sink"
    ],
    "78": [
        211,
        "toilet"
    ],
    "79": [
        109,
        "book"
    ],
    "80": [
        236,
        "lamp"
    ],
    "81": [
        69,
        "lamp"
    ],
    "82": [
        202,
        "window"
    ],
    "83": [
        148,
        "vase"
    ],
    "84": [
        86,
        "curtain"
    ],
    "85": [
        180,
        "decoration"
    ],
    "86": [
        275,
        "bottle"
    ],
    "87": [
        14,
        "toilet_brush_holder"
    ],
    "89": [
        237,
        "curtain"
    ],
    "90": [
        81,
        "pillow"
    ],
    "91": [
        187,
        "tv"
    ],
    "92": [
        197,
        "glass"
    ],
    "93": [
        262,
        "box"
    ],
    "94": [
        75,
        "curtain"
    ],
    "96": [
        54,
        "door"
    ],
    "97": [
        123,
        "flower_vase"
    ],
    "98": [
        191,
        "coffee_machine"
    ],
    "99": [
        111,
        "appliance"
    ],
    "100": [
        186,
        "bowl_of_fruit"
    ],
    "102": [
        245,
        "decoration"
    ],
    "103": [
        246,
        "table"
    ],
    "105": [
        112,
        "appliance"
    ],
    "106": [
        24,
        "tap"
    ],
    "107": [
        231,
        "desk"
    ],
    "111": [
        179,
        "lamp"
    ],
    "115": [
        117,
        "vase"
    ],
    "116": [
        121,
        "plane"
    ],
    "119": [
        214,
        "toilet_brush_holder"
    ],
    "122": [
        274,
        "mirror"
    ],
    "123": [
        67,
        "sofa_chair"
    ],
    "124": [
        172,
        "chair"
    ],
    "126": [
        182,
        "desk_chair"
    ],
    "129": [
        247,
        "sofa_chair"
    ],
    "130": [
        113,
        "flowerpot"
    ],
    "132": [
        273,
        "mini_fridge"
    ],
    "133": [
        181,
        "desk"
    ],
    "134": [
        126,
        "curtain"
    ],
    "139": [
        199,
        "cup"
    ],
    "140": [
        42,
        "rack"
    ],
    "142": [
        107,
        "book"
    ],
    "145": [
        51,
        "pillow"
    ],
    "147": [
        96,
        "window"
    ],
    "148": [
        276,
        "bottle"
    ],
    "150": [
        221,
        "trash_can"
    ],
    "151": [
        12,
        "toilet"
    ],
    "157": [
        219,
        "pipe"
    ],
    "158": [
        218,
        "towel_bar"
    ],
    "162": [
        250,
        "table"
    ],
    "163": [
        238,
        "curtain"
    ],
    "165": [
        169,
        "door"
    ],
    "167": [
        52,
        "pillow"
    ],
    "168": [
        68,
        "pillow"
    ],
    "169": [
        84,
        "curtain"
    ],
    "170": [
        249,
        "flowerpot"
    ],
    "172": [
        178,
        "curtain"
    ],
    "173": [
        277,
        "coffee_maker"
    ],
    "174": [
        80,
        "pillow"
    ],
    "177": [
        201,
        "window"
    ],
    "178": [
        66,
        "curtain"
    ],
    "179": [
        278,
        "decoration"
    ],
    "180": [
        215,
        "toilet_paper"
    ],
    "181": [
        196,
        "glass"
    ],
    "182": [
        251,
        "table"
    ],
    "183": [
        100,
        "window"
    ],
    "184": [
        257,
        "pillow"
    ],
    "185": [
        64,
        "bathtub"
    ],
    "186": [
        19,
        "towel"
    ],
    "188": [
        241,
        "window"
    ],
    "190": [
        227,
        "door"
    ],
    "192": [
        290,
        "toilet_paper"
    ],
    "193": [
        30,
        "towel"
    ],
    "194": [
        128,
        "window"
    ],
    "195": [
        65,
        "flower_vase"
    ],
    "196": [
        228,
        "door"
    ],
    "197": [
        244,
        "flower_vase"
    ],
    "199": [
        309,
        "pouffe"
    ],
    "200": [
        125,
        "sofa_chair"
    ],
    "201": [
        29,
        "heater"
    ],
    "203": [
        294,
        "towel"
    ],
    "206": [
        261,
        "appliance"
    ],
    "207": [
        288,
        "mirror"
    ],
    "208": [
        307,
        "tap"
    ],
    "210": [
        204,
        "window"
    ],
    "212": [
        292,
        "heater"
    ],
    "213": [
        120,
        "tray"
    ],
    "214": [
        43,
        "rack"
    ],
    "215": [
        234,
        "bed"
    ],
    "216": [
        304,
        "towel"
    ],
    "217": [
        110,
        "appliance"
    ],
    "218": [
        253,
        "pillow"
    ],
    "219": [
        108,
        "bowl_of_fruit"
    ],
    "222": [
        272,
        "cabinet"
    ],
    "224": [
        116,
        "vase"
    ],
    "225": [
        85,
        "curtain"
    ],
    "226": [
        310,
        "pouffe"
    ],
    "227": [
        34,
        "window"
    ],
    "228": [
        175,
        "flower_vase"
    ],
    "229": [
        152,
        "rug"
    ],
    "230": [
        224,
        "rug"
    ],
    "233": [
        296,
        "shelf"
    ],
    "234": [
        291,
        "toilet_brush_holder"
    ],
    "236": [
        303,
        "towel"
    ],
    "237": [
        255,
        "pillow"
    ],
    "238": [
        94,
        "curtain"
    ],
    "240": [
        183,
        "lamp"
    ],
    "241": [
        190,
        "door"
    ],
    "245": [
        20,
        "towel"
    ],
    "247": [
        232,
        "tv"
    ],
    "248": [
        115,
        "cabinet"
    ],
    "249": [
        31,
        "towel"
    ],
    "250": [
        243,
        "window"
    ],
    "251": [
        26,
        "bathroom_accessory"
    ],
    "252": [
        76,
        "curtain"
    ],
    "257": [
        192,
        "mini_fridge"
    ],
    "258": [
        216,
        "sink"
    ],
    "260": [
        222,
        "mirror"
    ],
    "262": [
        301,
        "sink"
    ],
    "263": [
        260,
        "appliance"
    ],
    "264": [
        11,
        "mirror"
    ],
    "265": [
        22,
        "towel"
    ],
    "267": [
        289,
        "toilet"
    ],
    "269": [
        72,
        "blanket"
    ],
    "271": [
        49,
        "pillow"
    ],
    "272": [
        45,
        "mirror"
    ],
    "273": [
        77,
        "painting"
    ],
    "274": [
        300,
        "cabinet"
    ],
    "276": [
        89,
        "window"
    ],
    "277": [
        212,
        "toilet_paper"
    ],
    "281": [
        79,
        "couch"
    ],
    "282": [
        198,
        "cup"
    ],
    "283": [
        27,
        "bathroom_accessory"
    ],
    "284": [
        287,
        "window"
    ],
    "285": [
        122,
        "plane"
    ],
    "286": [
        233,
        "desk_chair"
    ],
    "289": [
        118,
        "vase"
    ],
    "290": [
        21,
        "towel"
    ],
    "292": [
        173,
        "chair"
    ],
    "293": [
        240,
        "window"
    ],
    "294": [
        78,
        "sofa_chair"
    ],
    "298": [
        74,
        "cabinet"
    ],
    "299": [
        256,
        "pillow"
    ],
    "301": [
        105,
        "window"
    ],
    "302": [
        41,
        "door"
    ],
    "303": [
        297,
        "heater"
    ],
    "304": [
        124,
        "bag"
    ],
    "305": [
        103,
        "window"
    ],
    "306": [
        185,
        "box"
    ],
    "307": [
        184,
        "appliance"
    ],
    "309": [
        35,
        "blinds"
    ],
    "310": [
        306,
        "trash_can"
    ]
}