{
    "1": [
        419,
        "picture"
    ],
    "2": [
        404,
        "picture"
    ],
    "3": [
        348,
        "lamp"
    ],
    "4": [
        102,
        "lamp"
    ],
    "5": [
        210,
        "box"
    ],
    "6": [
        322,
        "stove"
    ],
    "8": [
        416,
        "picture"
    ],
    "9": [
        356,
        "heater"
    ],
    "10": [
        25,
        "rack"
    ],
    "11": [
        233,
        "board"
    ],
    "12": [
        263,
        "plant"
    ],
    "13": [
        396,
        "picture"
    ],
    "15": [
        234,
        "picture"
    ],
    "16": [
        118,
        "door"
    ],
    "17": [
        376,
        "picture"
    ],
    "18": [
        216,
        "vacuum_cleaner"
    ],
    "19": [
        130,
        "box"
    ],
    "20": [
        129,
        "door"
    ],
    "23": [
        324,
        "binder"
    ],
    "24": [
        223,
        "clothes_container"
    ],
    "25": [
        98,
        "toy"
    ],
    "27": [
        200,
        "box"
    ],
    "29": [
        96,
        "cabinet"
    ],
    "31": [
        109,
        "table"
    ],
    "33": [
        379,
        "picture"
    ],
    "34": [
        86,
        "toy"
    ],
    "35": [
        286,
        "chair"
    ],
    "39": [
        345,
        "door"
    ],
    "40": [
        28,
        "office_chair"
    ],
    "41": [
        391,
        "picture"
    ],
    "43": [
        410,
        "picture"
    ],
    "46": [
        159,
        "lamp"
    ],
    "47": [
        330,
        "door"
    ],
    "49": [
        306,
        "bin"
    ],
    "50": [
        413,
        "picture"
    ],
    "51": [
        394,
        "picture"
    ],
    "55": [
        382,
        "picture"
    ],
    "56": [
        313,
        "oven"
    ],
    "57": [
        249,
        "table"
    ],
    "60": [
        229,
        "sewing_machine"
    ],
    "61": [
        117,
        "rack"
    ],
    "62": [
        298,
        "kitchen_appliance"
    ],
    "63": [
        27,
        "desk"
    ],
    "64": [
        304,
        "tap"
    ],
    "66": [
        377,
        "picture"
    ],
    "67": [
        203,
        "bicycle"
    ],
    "68": [
        320,
        "set_of_armchairs"
    ],
    "72": [
        426,
        "picture"
    ],
    "73": [
        353,
        "jacket"
    ],
    "75": [
        361,
        "dresser"
    ],
    "76": [
        35,
        "book"
    ],
    "77": [
        187,
        "tap"
    ],
    "81": [
        78,
        "chair"
    ],
    "82": [
        409,
        "picture"
    ],
    "85": [
        289,
        "chair"
    ],
    "87": [
        226,
        "washing_machine"
    ],
    "88": [
        307,
        "bin"
    ],
    "89": [
        403,
        "picture"
    ],
    "92": [
        374,
        "toy"
    ],
    "94": [
        278,
        "vase"
    ],
    "95": [
        44,
        "pillow"
    ],
    "96": [
        177,
        "bathtub"
    ],
    "97": [
        400,
        "picture"
    ],
    "98": [
        401,
        "picture"
    ],
    "100": [
        18,
        "rack"
    ],
    "103": [
        280,
        "vase"
    ],
    "104": [
        281,
        "speaker"
    ],
    "105": [
        270,
        "picture"
    ],
    "106": [
        315,
        "toy"
    ],
    "107": [
        384,
        "picture"
    ],
    "108": [
        93,
        "plush_toy"
    ],
    "115": [
        427,
        "picture"
    ],
    "117": [
        347,
        "lamp"
    ],
    "118": [
        137,
        "lamp"
    ],
    "119": [
        68,
        "cuddly_toy"
    ],
    "120": [
        34,
        "towel"
    ],
    "121": [
        211,
        "clothes_dryer"
    ],
    "122": [
        33,
        "towel"
    ],
    "123": [
        228,
        "basket"
    ],
    "124": [
        73,
        "door"
    ],
    "126": [
        352,
        "jacket"
    ],
    "127": [
        257,
        "tv"
    ],
    "129": [
        162,
        "mirror"
    ],
    "131": [
        418,
        "picture"
    ],
    "133": [
        125,
        "cabinet"
    ],
    "136": [
        417,
        "picture"
    ],
    "137": [
        237,
        "electric_outlet"
    ],
    "138": [
        276,
        "lamp"
    ],
    "139": [
        95,
        "box"
    ],
    "142": [
        111,
        "window"
    ],
    "143": [
        378,
        "picture"
    ],
    "145": [
        380,
        "picture"
    ],
    "146": [
        252,
        "sliding_glass_door"
    ],
    "148": [
        319,
        "kitchen_table"
    ],
    "150": [
        12,
        "ladder"
    ],
    "151": [
        105,
        "heater"
    ],
    "153": [
        207,
        "electric_box"
    ],
    "154": [
        393,
        "picture"
    ],
    "157": [
        390,
        "picture"
    ],
    "160": [
        219,
        "box"
    ],
    "161": [
        398,
        "picture"
    ],
    "162": [
        19,
        "heater"
    ],
    "165": [
        83,
        "window"
    ],
    "167": [
        156,
        "book"
    ],
    "168": [
        408,
        "picture"
    ],
    "169": [
        284,
        "table"
    ],
    "173": [
        138,
        "bedroom_ceiling"
    ],
    "176": [
        412,
        "picture"
    ],
    "177": [
        321,
        "kitchen_appliance"
    ],
    "178": [
        175,
        "sink"
    ],
    "179": [
        36,
        "alarm_clock"
    ],
    "180": [
        392,
        "picture"
    ],
    "181": [
        235,
        "cart"
    ],
    "183": [
        84,
        "book"
    ],
    "184": [
        112,
        "wardrobe"
    ],
    "187": [
        194,
        "lamp"
    ],
    "188": [
        424,
        "picture"
    ],
    "190": [
        314,
        "shelf"
    ],
    "191": [
        260,
        "plant"
    ],
    "195": [
        11,
        "window"
    ],
    "196": [
        224,
        "clothes_container"
    ],
    "197": [
        354,
        "jacket"
    ],
    "198": [
        6,
        "door"
    ],
    "201": [
        310,
        "board"
    ],
    "202": [
        215,
        "step_stool"
    ],
    "203": [
        13,
        "refrigerator"
    ],
    "204": [
        256,
        "shelf"
    ],
    "206": [
        305,
        "kitchen_utensil"
    ],
    "207": [
        323,
        "rack"
    ],
    "208": [
        375,
        "picture"
    ],
    "209": [
        201,
        "washing_machine_and_dryer"
    ],
    "210": [
        77,
        "toy"
    ],
    "212": [
        271,
        "shelf"
    ],
    "213": [
        62,
        "door"
    ],
    "214": [
        3,
        "led_tv"
    ],
    "215": [
        245,
        "ball"
    ],
    "216": [
        114,
        "lamp"
    ],
    "219": [
        88,
        "toy"
    ],
    "220": [
        179,
        "door"
    ],
    "221": [
        411,
        "picture"
    ],
    "222": [
        383,
        "picture"
    ],
    "223": [
        381,
        "picture"
    ],
    "224": [
        250,
        "l"
    ],
    "225": [
        364,
        "box"
    ],
    "228": [
        406,
        "picture"
    ],
    "231": [
        258,
        "computer_equipment"
    ],
    "233": [
        221,
        "box"
    ],
    "234": [
        355,
        "jacket"
    ],
    "235": [
        184,
        "shower"
    ],
    "236": [
        407,
        "picture"
    ],
    "237": [
        254,
        "heater"
    ],
    "239": [
        150,
        "wardrobe"
    ],
    "242": [
        267,
        "picture"
    ],
    "244": [
        421,
        "picture"
    ],
    "245": [
        294,
        "cabinet"
    ],
    "248": [
        76,
        "bed"
    ],
    "249": [
        67,
        "wardrobe"
    ],
    "250": [
        387,
        "picture"
    ],
    "251": [
        43,
        "toy"
    ],
    "252": [
        139,
        "bed"
    ],
    "253": [
        422,
        "picture"
    ],
    "255": [
        89,
        "toy"
    ],
    "257": [
        202,
        "box"
    ],
    "258": [
        193,
        "garage_door"
    ],
    "259": [
        172,
        "bin"
    ],
    "260": [
        225,
        "clothes_container"
    ],
    "261": [
        296,
        "kitchen_appliance"
    ],
    "262": [
        63,
        "lamp"
    ],
    "264": [
        151,
        "rack"
    ],
    "267": [
        208,
        "hose"
    ],
    "268": [
        121,
        "paper_storage"
    ],
    "270": [
        152,
        "door"
    ],
    "271": [
        166,
        "lamp"
    ],
    "275": [
        147,
        "window"
    ],
    "277": [
        155,
        "box"
    ],
    "279": [
        204,
        "bicycle"
    ],
    "280": [
        236,
        "electric_outlet"
    ],
    "281": [
        145,
        "cabinet"
    ],
    "284": [
        99,
        "toy"
    ],
    "285": [
        279,
        "vase"
    ],
    "290": [
        80,
        "plush_toy"
    ],
    "291": [
        157,
        "lamp"
    ],
    "292": [
        128,
        "clothes"
    ],
    "293": [
        85,
        "toy"
    ],
    "296": [
        362,
        "door"
    ],
    "297": [
        227,
        "cabinet"
    ],
    "298": [
        405,
        "picture"
    ],
    "299": [
        91,
        "ironing_board"
    ],
    "301": [
        388,
        "picture"
    ],
    "302": [
        265,
        "picture"
    ],
    "305": [
        143,
        "cabinet"
    ],
    "307": [
        120,
        "office_chair"
    ],
    "309": [
        232,
        "trashcan"
    ],
    "312": [
        350,
        "jacket"
    ],
    "315": [
        423,
        "picture"
    ],
    "316": [
        274,
        "cabinet"
    ],
    "318": [
        397,
        "picture"
    ],
    "320": [
        163,
        "mirror"
    ],
    "321": [
        259,
        "bouquet"
    ],
    "322": [
        420,
        "picture"
    ],
    "324": [
        14,
        "ceiling_lamp"
    ],
    "325": [
        297,
        "kitchen_appliance"
    ],
    "326": [
        1,
        "armchair"
    ],
    "327": [
        287,
        "chair"
    ],
    "329": [
        124,
        "bed"
    ],
    "331": [
        318,
        "kitchen_lower_cabinet"
    ],
    "333": [
        146,
        "heater"
    ],
    "336": [
        161,
        "mirror"
    ],
    "337": [
        20,
        "box"
    ],
    "339": [
        288,
        "chair"
    ],
    "340": [
        171,
        "heater"
    ],
    "342": [
        37,
        "hat"
    ],
    "343": [
        213,
        "cabinet"
    ],
    "344": [
        170,
        "step_stool"
    ],
    "346": [
        206,
        "electric_box"
    ],
    "347": [
        277,
        "shelf"
    ],
    "348": [
        31,
        "blanket"
    ],
    "349": [
        127,
        "table"
    ],
    "350": [
        173,
        "cabinet"
    ],
    "351": [
        108,
        "armchair"
    ],
    "352": [
        360,
        "shelf"
    ],
    "353": [
        290,
        "chair"
    ],
    "356": [
        79,
        "table"
    ],
    "357": [
        168,
        "cabinet"
    ],
    "359": [
        185,
        "shower_soap_shelf"
    ],
    "360": [
        57,
        "ceiling_lamp"
    ],
    "361": [
        291,
        "chair"
    ],
    "362": [
        389,
        "picture"
    ],
    "363": [
        268,
        "picture"
    ],
    "364": [
        248,
        "table"
    ],
    "365": [
        269,
        "picture"
    ],
    "366": [
        351,
        "jacket"
    ],
    "367": [
        272,
        "plant"
    ],
    "368": [
        334,
        "toilet_paper"
    ],
    "369": [
        328,
        "lamp"
    ],
    "370": [
        311,
        "cabinet"
    ],
    "371": [
        402,
        "picture"
    ],
    "373": [
        66,
        "toy"
    ],
    "374": [
        186,
        "shower_tap"
    ],
    "375": [
        70,
        "lamp"
    ],
    "376": [
        333,
        "door"
    ],
    "377": [
        385,
        "picture"
    ],
    "383": [
        425,
        "picture"
    ],
    "385": [
        107,
        "window"
    ],
    "386": [
        17,
        "refrigerator"
    ],
    "388": [
        264,
        "plant_ornament"
    ],
    "389": [
        4,
        "tv_stand"
    ],
    "391": [
        26,
        "bed"
    ],
    "392": [
        292,
        "refrigerator"
    ],
    "393": [
        75,
        "bed"
    ],
    "394": [
        262,
        "pad"
    ],
    "395": [
        148,
        "window"
    ],
    "396": [
        349,
        "door"
    ],
    "397": [
        293,
        "table"
    ],
    "398": [
        90,
        "rack"
    ],
    "399": [
        395,
        "picture"
    ],
    "400": [
        415,
        "picture"
    ],
    "401": [
        119,
        "tv"
    ],
    "403": [
        399,
        "picture"
    ],
    "404": [
        94,
        "backpack"
    ],
    "405": [
        142,
        "cabinet"
    ],
    "406": [
        261,
        "plant"
    ],
    "409": [
        205,
        "ladder"
    ],
    "410": [
        246,
        "ball"
    ],
    "411": [
        238,
        "box"
    ],
    "412": [
        266,
        "picture"
    ],
    "416": [
        222,
        "clothes_container"
    ],
    "417": [
        386,
        "picture"
    ],
    "422": [
        169,
        "bin"
    ],
    "424": [
        140,
        "dresser"
    ],
    "426": [
        214,
        "box"
    ],
    "427": [
        358,
        "box"
    ]
}