{
    "1": [
        120,
        "couch"
    ],
    "2": [
        107,
        "book"
    ],
    "3": [
        281,
        "armchair"
    ],
    "4": [
        161,
        "picture"
    ],
    "5": [
        15,
        "bathtub"
    ],
    "6": [
        243,
        "sculpture"
    ],
    "8": [
        268,
        "curtain"
    ],
    "9": [
        278,
        "pillar"
    ],
    "10": [
        109,
        "book"
    ],
    "13": [
        45,
        "pillow"
    ],
    "14": [
        81,
        "door"
    ],
    "15": [
        304,
        "plush_toy"
    ],
    "16": [
        82,
        "door"
    ],
    "18": [
        128,
        "rug"
    ],
    "20": [
        63,
        "window"
    ],
    "21": [
        166,
        "sensor"
    ],
    "23": [
        269,
        "lamp"
    ],
    "27": [
        207,
        "sink"
    ],
    "28": [
        57,
        "window"
    ],
    "29": [
        122,
        "pillow"
    ],
    "30": [
        380,
        "shower_rail"
    ],
    "32": [
        202,
        "oven"
    ],
    "33": [
        290,
        "pillow"
    ],
    "35": [
        163,
        "sensor"
    ],
    "36": [
        285,
        "door"
    ],
    "37": [
        111,
        "box"
    ],
    "38": [
        183,
        "tv"
    ],
    "39": [
        343,
        "mirror"
    ],
    "40": [
        164,
        "sensor"
    ],
    "41": [
        318,
        "pillow"
    ],
    "42": [
        110,
        "book"
    ],
    "43": [
        155,
        "chair"
    ],
    "46": [
        273,
        "vent"
    ],
    "47": [
        215,
        "lamp"
    ],
    "48": [
        90,
        "lamp"
    ],
    "49": [
        64,
        "window"
    ],
    "50": [
        89,
        "vent"
    ],
    "52": [
        305,
        "pillar"
    ],
    "54": [
        291,
        "pillow"
    ],
    "55": [
        147,
        "table"
    ],
    "57": [
        302,
        "armchair"
    ],
    "58": [
        306,
        "lamp"
    ],
    "59": [
        325,
        "pillow"
    ],
    "60": [
        186,
        "chair"
    ],
    "61": [
        314,
        "box"
    ],
    "62": [
        211,
        "paper_towel"
    ],
    "63": [
        317,
        "bed"
    ],
    "64": [
        185,
        "cabinet"
    ],
    "66": [
        282,
        "rug"
    ],
    "68": [
        94,
        "speaker"
    ],
    "71": [
        158,
        "cabinet"
    ],
    "72": [
        203,
        "oven"
    ],
    "74": [
        387,
        "toilet_paper"
    ],
    "75": [
        311,
        "lamp"
    ],
    "76": [
        336,
        "curtain"
    ],
    "77": [
        97,
        "shelf"
    ],
    "78": [
        255,
        "sensor"
    ],
    "80": [
        248,
        "toilet"
    ],
    "81": [
        58,
        "window"
    ],
    "82": [
        60,
        "window"
    ],
    "83": [
        289,
        "pillow"
    ],
    "88": [
        316,
        "nightstand"
    ],
    "90": [
        350,
        "toilet_paper"
    ],
    "94": [
        329,
        "door"
    ],
    "95": [
        79,
        "table"
    ],
    "96": [
        390,
        "sink"
    ],
    "97": [
        235,
        "lamp"
    ],
    "98": [
        225,
        "door"
    ],
    "101": [
        14,
        "toilet"
    ],
    "102": [
        149,
        "chair"
    ],
    "104": [
        199,
        "kitchen_cabinet"
    ],
    "106": [
        134,
        "armchair"
    ],
    "107": [
        139,
        "pillar"
    ],
    "108": [
        36,
        "wardrobe"
    ],
    "110": [
        326,
        "plush_toy"
    ],
    "115": [
        19,
        "shower_cabin"
    ],
    "116": [
        279,
        "radiator"
    ],
    "117": [
        379,
        "shower_rail"
    ],
    "119": [
        95,
        "shelf"
    ],
    "120": [
        17,
        "bin"
    ],
    "122": [
        191,
        "chair"
    ],
    "123": [
        356,
        "door"
    ],
    "125": [
        266,
        "picture"
    ],
    "128": [
        170,
        "sensor"
    ],
    "129": [
        8,
        "curtain"
    ],
    "130": [
        272,
        "lamp"
    ],
    "131": [
        355,
        "weight"
    ],
    "132": [
        67,
        "window"
    ],
    "133": [
        331,
        "rug"
    ],
    "135": [
        177,
        "window"
    ],
    "137": [
        160,
        "picture"
    ],
    "138": [
        287,
        "nightstand"
    ],
    "139": [
        382,
        "mirror"
    ],
    "140": [
        288,
        "bed"
    ],
    "141": [
        84,
        "lamp"
    ],
    "142": [
        12,
        "pillar"
    ],
    "143": [
        87,
        "vent"
    ],
    "146": [
        44,
        "pillow"
    ],
    "147": [
        38,
        "chair"
    ],
    "149": [
        205,
        "refrigerator"
    ],
    "152": [
        301,
        "radiator"
    ],
    "153": [
        348,
        "armchair"
    ],
    "154": [
        22,
        "door"
    ],
    "155": [
        56,
        "window"
    ],
    "156": [
        153,
        "chair"
    ],
    "158": [
        119,
        "speaker"
    ],
    "159": [
        249,
        "toilet_paper"
    ],
    "163": [
        330,
        "rug"
    ],
    "166": [
        388,
        "washbasin"
    ],
    "167": [
        37,
        "desk"
    ],
    "169": [
        256,
        "washing_machine"
    ],
    "170": [
        298,
        "curtain"
    ],
    "172": [
        152,
        "chair"
    ],
    "177": [
        102,
        "shelf"
    ],
    "178": [
        76,
        "picture"
    ],
    "179": [
        247,
        "toilet_brush"
    ],
    "181": [
        169,
        "sensor"
    ],
    "182": [
        292,
        "pillow"
    ],
    "183": [
        392,
        "pillar"
    ],
    "185": [
        244,
        "mirror"
    ],
    "188": [
        178,
        "window"
    ],
    "190": [
        140,
        "cabinet"
    ],
    "193": [
        35,
        "picture"
    ],
    "194": [
        47,
        "nightstand"
    ],
    "195": [
        276,
        "door"
    ],
    "196": [
        250,
        "washbasin"
    ],
    "197": [
        345,
        "basket"
    ],
    "198": [
        141,
        "chair"
    ],
    "199": [
        385,
        "toilet"
    ],
    "200": [
        346,
        "sink"
    ],
    "201": [
        48,
        "nightstand"
    ],
    "203": [
        75,
        "picture"
    ],
    "205": [
        124,
        "pillow"
    ],
    "206": [
        68,
        "window"
    ],
    "208": [
        283,
        "vent"
    ],
    "213": [
        18,
        "sink"
    ],
    "214": [
        125,
        "pillow"
    ],
    "215": [
        168,
        "sensor"
    ],
    "219": [
        54,
        "blinds"
    ],
    "220": [
        16,
        "mirror"
    ],
    "221": [
        351,
        "toilet"
    ],
    "222": [
        377,
        "radiator"
    ],
    "224": [
        189,
        "chair"
    ],
    "225": [
        280,
        "radiator"
    ],
    "226": [
        212,
        "range_hood"
    ],
    "227": [
        338,
        "radiator"
    ],
    "228": [
        162,
        "lamp"
    ],
    "230": [
        232,
        "wardrobe"
    ],
    "231": [
        313,
        "lamp"
    ],
    "232": [
        208,
        "sink"
    ],
    "233": [
        88,
        "vent"
    ],
    "236": [
        62,
        "window"
    ],
    "237": [
        245,
        "lamp"
    ],
    "238": [
        130,
        "piano"
    ],
    "240": [
        201,
        "kitchen_cabinet"
    ],
    "241": [
        133,
        "armchair"
    ],
    "242": [
        270,
        "lamp"
    ],
    "243": [
        352,
        "toilet_brush"
    ],
    "244": [
        73,
        "pillar"
    ],
    "245": [
        324,
        "pillow"
    ],
    "246": [
        77,
        "chair"
    ],
    "249": [
        267,
        "picture"
    ],
    "251": [
        113,
        "tv"
    ],
    "252": [
        142,
        "chair"
    ],
    "253": [
        135,
        "table"
    ],
    "254": [
        312,
        "lamp"
    ],
    "255": [
        322,
        "pillow"
    ],
    "256": [
        184,
        "table"
    ],
    "258": [
        393,
        "door"
    ],
    "259": [
        137,
        "mirror"
    ],
    "260": [
        188,
        "chair"
    ],
    "261": [
        395,
        "pillow"
    ],
    "263": [
        375,
        "lamp"
    ],
    "264": [
        13,
        "bidet"
    ],
    "267": [
        195,
        "chair"
    ],
    "269": [
        190,
        "cabinet"
    ],
    "270": [
        126,
        "rug"
    ],
    "274": [
        154,
        "chair"
    ],
    "275": [
        39,
        "mirror"
    ],
    "277": [
        193,
        "chair"
    ],
    "278": [
        148,
        "chair"
    ],
    "279": [
        65,
        "window"
    ],
    "281": [
        138,
        "mirror"
    ],
    "283": [
        123,
        "couch"
    ],
    "284": [
        206,
        "refrigerator"
    ],
    "285": [
        31,
        "door"
    ],
    "286": [
        204,
        "oven"
    ],
    "287": [
        136,
        "picture"
    ],
    "288": [
        389,
        "sink"
    ],
    "289": [
        175,
        "window"
    ],
    "290": [
        213,
        "lamp"
    ],
    "292": [
        129,
        "lamp"
    ],
    "295": [
        98,
        "picture"
    ],
    "298": [
        349,
        "bathtub"
    ],
    "300": [
        286,
        "nightstand"
    ],
    "301": [
        226,
        "door"
    ],
    "302": [
        315,
        "box"
    ],
    "307": [
        293,
        "candle"
    ],
    "309": [
        121,
        "pillow"
    ],
    "310": [
        66,
        "window"
    ],
    "314": [
        210,
        "coffee_machine"
    ],
    "315": [
        150,
        "chair"
    ],
    "316": [
        308,
        "curtain"
    ],
    "320": [
        46,
        "pillow"
    ],
    "321": [
        176,
        "window"
    ],
    "323": [
        214,
        "lamp"
    ],
    "324": [
        167,
        "sensor"
    ],
    "325": [
        108,
        "cabinet"
    ],
    "329": [
        174,
        "blinds"
    ],
    "331": [
        59,
        "window"
    ],
    "333": [
        391,
        "curtain"
    ],
    "335": [
        309,
        "radiator"
    ],
    "336": [
        61,
        "window"
    ],
    "337": [
        258,
        "box"
    ],
    "338": [
        300,
        "radiator"
    ],
    "340": [
        42,
        "bed"
    ],
    "341": [
        192,
        "chair"
    ],
    "343": [
        127,
        "chair"
    ],
    "345": [
        196,
        "chair"
    ],
    "350": [
        257,
        "towel"
    ],
    "351": [
        319,
        "pillow"
    ],
    "353": [
        43,
        "pillow"
    ],
    "354": [
        151,
        "chair"
    ],
    "356": [
        118,
        "speaker"
    ],
    "357": [
        93,
        "record_player"
    ],
    "358": [
        294,
        "sensor"
    ],
    "359": [
        71,
        "telescope"
    ],
    "360": [
        86,
        "vent"
    ],
    "362": [
        112,
        "record_player"
    ],
    "363": [
        41,
        "lamp"
    ],
    "364": [
        194,
        "chair"
    ],
    "365": [
        91,
        "picture"
    ],
    "368": [
        165,
        "sensor"
    ],
    "371": [
        10,
        "armchair"
    ],
    "372": [
        323,
        "pillow"
    ],
    "374": [
        339,
        "pillar"
    ],
    "375": [
        200,
        "table"
    ],
    "376": [
        321,
        "pillow"
    ],
    "378": [
        105,
        "book"
    ],
    "379": [
        303,
        "pillow"
    ],
    "381": [
        277,
        "tv"
    ],
    "382": [
        55,
        "window"
    ],
    "386": [
        354,
        "bidet"
    ],
    "387": [
        20,
        "shelf"
    ],
    "389": [
        21,
        "vase"
    ],
    "392": [
        187,
        "chair"
    ],
    "393": [
        28,
        "curtain"
    ],
    "394": [
        116,
        "picture"
    ],
    "395": [
        297,
        "wardrobe"
    ]
}