{
    "1": [
        52,
        "picture"
    ],
    "2": [
        249,
        "box"
    ],
    "4": [
        225,
        "oven_and_stove"
    ],
    "5": [
        177,
        "painting"
    ],
    "6": [
        187,
        "kitchen_cabinet"
    ],
    "7": [
        555,
        "cabinet"
    ],
    "8": [
        268,
        "dining_chair"
    ],
    "9": [
        427,
        "toy"
    ],
    "10": [
        569,
        "box"
    ],
    "11": [
        532,
        "rack_of_weights"
    ],
    "12": [
        94,
        "painting"
    ],
    "14": [
        368,
        "couch"
    ],
    "15": [
        325,
        "pillow"
    ],
    "18": [
        105,
        "shelf"
    ],
    "19": [
        269,
        "dining_chair"
    ],
    "20": [
        318,
        "picture"
    ],
    "22": [
        208,
        "kitchen_cabinet"
    ],
    "23": [
        564,
        "box"
    ],
    "24": [
        372,
        "pillow"
    ],
    "25": [
        400,
        "ceiling_lamp"
    ],
    "26": [
        539,
        "box"
    ],
    "27": [
        107,
        "plush_toy"
    ],
    "28": [
        146,
        "door"
    ],
    "31": [
        216,
        "dishwasher"
    ],
    "38": [
        279,
        "doormat"
    ],
    "39": [
        68,
        "picture"
    ],
    "40": [
        260,
        "lounge_chair"
    ],
    "41": [
        324,
        "pillow"
    ],
    "42": [
        367,
        "table"
    ],
    "43": [
        537,
        "box"
    ],
    "45": [
        192,
        "tissue_box"
    ],
    "46": [
        596,
        "box"
    ],
    "47": [
        559,
        "storage_shelving"
    ],
    "49": [
        124,
        "wall_hanging_decoration"
    ],
    "51": [
        156,
        "wall_toilet_paper"
    ],
    "52": [
        229,
        "cabinet"
    ],
    "57": [
        259,
        "coffee_table"
    ],
    "58": [
        370,
        "pillow"
    ],
    "59": [
        550,
        "box"
    ],
    "60": [
        23,
        "rug"
    ],
    "63": [
        331,
        "end_table"
    ],
    "64": [
        305,
        "stool"
    ],
    "68": [
        50,
        "picture"
    ],
    "71": [
        471,
        "bathroom_cabinet"
    ],
    "72": [
        46,
        "end_table"
    ],
    "73": [
        538,
        "box"
    ],
    "76": [
        387,
        "picture"
    ],
    "77": [
        463,
        "washing_machine"
    ],
    "78": [
        587,
        "box"
    ],
    "79": [
        302,
        "painting"
    ],
    "82": [
        196,
        "painting"
    ],
    "83": [
        581,
        "box"
    ],
    "84": [
        38,
        "cabinet"
    ],
    "86": [
        388,
        "picture"
    ],
    "88": [
        128,
        "painting"
    ],
    "89": [
        93,
        "painting"
    ],
    "90": [
        184,
        "door"
    ],
    "93": [
        321,
        "cabinet"
    ],
    "94": [
        464,
        "toilet"
    ],
    "95": [
        104,
        "window"
    ],
    "96": [
        11,
        "ceiling_lamp"
    ],
    "101": [
        568,
        "box"
    ],
    "103": [
        100,
        "chest_of_drawers"
    ],
    "104": [
        503,
        "ventilation"
    ],
    "105": [
        513,
        "boiler"
    ],
    "106": [
        71,
        "wall_lamp"
    ],
    "107": [
        535,
        "box"
    ],
    "112": [
        439,
        "curtain"
    ],
    "115": [
        557,
        "support_beam"
    ],
    "117": [
        42,
        "blinds"
    ],
    "119": [
        278,
        "rug"
    ],
    "120": [
        505,
        "pipe"
    ],
    "121": [
        101,
        "window_curtain"
    ],
    "124": [
        322,
        "tv"
    ],
    "126": [
        320,
        "picture"
    ],
    "128": [
        310,
        "window"
    ],
    "129": [
        236,
        "window"
    ],
    "130": [
        188,
        "kitchen_cabinet"
    ],
    "131": [
        90,
        "painting"
    ],
    "132": [
        195,
        "bar_chair"
    ],
    "133": [
        467,
        "toilet_brush"
    ],
    "134": [
        424,
        "cabinet"
    ],
    "135": [
        142,
        "picture"
    ],
    "138": [
        541,
        "box"
    ],
    "139": [
        423,
        "toy"
    ],
    "140": [
        247,
        "box"
    ],
    "142": [
        218,
        "coffee_machine"
    ],
    "143": [
        75,
        "ceiling_lamp"
    ],
    "147": [
        33,
        "bed"
    ],
    "149": [
        519,
        "air_conditioner"
    ],
    "152": [
        371,
        "armchair"
    ],
    "153": [
        118,
        "door"
    ],
    "154": [
        358,
        "window"
    ],
    "155": [
        56,
        "closet_door"
    ],
    "157": [
        576,
        "box"
    ],
    "158": [
        584,
        "box"
    ],
    "159": [
        430,
        "toy"
    ],
    "160": [
        217,
        "dishrag"
    ],
    "161": [
        221,
        "sink"
    ],
    "162": [
        475,
        "soap_dispenser"
    ],
    "164": [
        398,
        "door"
    ],
    "166": [
        19,
        "cosmetic"
    ],
    "169": [
        14,
        "bathroom_cabinet"
    ],
    "171": [
        385,
        "painting"
    ],
    "172": [
        308,
        "window"
    ],
    "173": [
        37,
        "chest_of_drawers"
    ],
    "174": [
        113,
        "painting"
    ],
    "175": [
        230,
        "cabinet"
    ],
    "176": [
        521,
        "cabinet"
    ],
    "177": [
        552,
        "chair"
    ],
    "178": [
        337,
        "ceiling_lamp"
    ],
    "179": [
        565,
        "box"
    ],
    "181": [
        303,
        "box"
    ],
    "182": [
        417,
        "stool"
    ],
    "183": [
        451,
        "shower_tub"
    ],
    "184": [
        256,
        "cabinet"
    ],
    "185": [
        586,
        "box"
    ],
    "188": [
        592,
        "box"
    ],
    "189": [
        594,
        "luggage"
    ],
    "191": [
        250,
        "hanging_clothes"
    ],
    "193": [
        524,
        "cabinet"
    ],
    "195": [
        422,
        "pillow"
    ],
    "196": [
        89,
        "painting"
    ],
    "197": [
        51,
        "picture"
    ],
    "198": [
        114,
        "shelf"
    ],
    "200": [
        360,
        "window"
    ],
    "201": [
        472,
        "bathroom_counter"
    ],
    "202": [
        235,
        "window"
    ],
    "203": [
        154,
        "faucet"
    ],
    "205": [
        15,
        "sink"
    ],
    "206": [
        347,
        "broom"
    ],
    "207": [
        506,
        "bucket"
    ],
    "208": [
        214,
        "kitchen_counter"
    ],
    "209": [
        338,
        "ceiling_lamp"
    ],
    "211": [
        223,
        "faucet"
    ],
    "212": [
        580,
        "box"
    ],
    "213": [
        583,
        "box"
    ],
    "216": [
        48,
        "bedside_lamp"
    ],
    "218": [
        523,
        "cabinet"
    ],
    "220": [
        316,
        "shelf"
    ],
    "225": [
        502,
        "air_conditioning"
    ],
    "226": [
        16,
        "faucet"
    ],
    "227": [
        193,
        "bowl"
    ],
    "228": [
        227,
        "paper_towel"
    ],
    "229": [
        136,
        "cabinet"
    ],
    "230": [
        364,
        "table"
    ],
    "231": [
        17,
        "soap_dispenser"
    ],
    "232": [
        131,
        "painting"
    ],
    "234": [
        253,
        "pillow"
    ],
    "236": [
        109,
        "bed"
    ],
    "238": [
        602,
        "box"
    ],
    "240": [
        182,
        "dining_chair"
    ],
    "241": [
        363,
        "door"
    ],
    "242": [
        271,
        "dining_chair"
    ],
    "243": [
        434,
        "carpet"
    ],
    "244": [
        237,
        "window"
    ],
    "246": [
        526,
        "box"
    ],
    "248": [
        530,
        "rack_of_weights"
    ],
    "249": [
        413,
        "window"
    ],
    "251": [
        411,
        "shelf"
    ],
    "254": [
        108,
        "picture"
    ],
    "255": [
        425,
        "toy"
    ],
    "256": [
        391,
        "picture"
    ],
    "257": [
        473,
        "sink"
    ],
    "258": [
        575,
        "box"
    ],
    "259": [
        110,
        "bed"
    ],
    "260": [
        36,
        "picture"
    ],
    "261": [
        194,
        "bar_chair"
    ],
    "262": [
        106,
        "plush_toy"
    ],
    "264": [
        409,
        "closet_door"
    ],
    "265": [
        517,
        "pipe"
    ],
    "266": [
        533,
        "exercise_ball"
    ],
    "267": [
        426,
        "toy"
    ],
    "268": [
        342,
        "doormat"
    ],
    "269": [
        375,
        "carpet"
    ],
    "270": [
        180,
        "shelf_with_art"
    ],
    "271": [
        45,
        "end_table"
    ],
    "272": [
        140,
        "laptop"
    ],
    "273": [
        429,
        "toy"
    ],
    "274": [
        547,
        "cabinet"
    ],
    "275": [
        397,
        "flag"
    ],
    "276": [
        597,
        "toy"
    ],
    "277": [
        386,
        "painting"
    ],
    "278": [
        137,
        "desk_lamp"
    ],
    "279": [
        224,
        "toaster"
    ],
    "280": [
        179,
        "painting"
    ],
    "281": [
        219,
        "paper_towel"
    ],
    "282": [
        440,
        "door"
    ],
    "283": [
        415,
        "cabinet"
    ],
    "286": [
        561,
        "box"
    ],
    "287": [
        395,
        "picture"
    ],
    "288": [
        548,
        "basket"
    ],
    "289": [
        454,
        "window"
    ],
    "290": [
        143,
        "lamp"
    ],
    "291": [
        544,
        "hanging_clothes"
    ],
    "292": [
        248,
        "box"
    ],
    "293": [
        277,
        "doormat"
    ],
    "295": [
        577,
        "box"
    ],
    "296": [
        595,
        "box"
    ],
    "298": [
        132,
        "bed"
    ],
    "299": [
        301,
        "painting"
    ],
    "301": [
        421,
        "pillow"
    ],
    "302": [
        474,
        "faucet"
    ],
    "303": [
        582,
        "box"
    ],
    "304": [
        69,
        "picture"
    ],
    "306": [
        335,
        "bookshelf"
    ],
    "307": [
        536,
        "box"
    ],
    "308": [
        231,
        "picture"
    ],
    "309": [
        605,
        "box"
    ],
    "310": [
        518,
        "boiler"
    ],
    "312": [
        317,
        "picture"
    ],
    "314": [
        66,
        "closet_door"
    ],
    "315": [
        134,
        "window"
    ],
    "316": [
        123,
        "picture"
    ],
    "322": [
        522,
        "cabinet"
    ],
    "324": [
        566,
        "box"
    ],
    "325": [
        206,
        "kitchen_cabinet"
    ],
    "327": [
        416,
        "stool"
    ],
    "329": [
        428,
        "toy"
    ],
    "330": [
        181,
        "shelf_with_art"
    ],
    "331": [
        365,
        "table"
    ],
    "333": [
        418,
        "table"
    ],
    "334": [
        130,
        "cabinet_door"
    ],
    "335": [
        35,
        "painting"
    ],
    "336": [
        515,
        "pipe"
    ],
    "337": [
        585,
        "box"
    ],
    "338": [
        470,
        "clothes_hamper"
    ],
    "339": [
        509,
        "bucket"
    ],
    "340": [
        112,
        "painting"
    ],
    "341": [
        319,
        "picture"
    ],
    "343": [
        99,
        "box"
    ],
    "348": [
        252,
        "pillow"
    ],
    "349": [
        176,
        "painting"
    ],
    "351": [
        204,
        "decorative_plant"
    ],
    "352": [
        578,
        "box"
    ],
    "354": [
        534,
        "stool"
    ],
    "355": [
        341,
        "carpet"
    ],
    "356": [
        591,
        "box"
    ],
    "357": [
        330,
        "end_table"
    ],
    "359": [
        432,
        "trashcan"
    ],
    "360": [
        201,
        "door"
    ],
    "361": [
        507,
        "bucket"
    ],
    "364": [
        514,
        "boiler"
    ],
    "365": [
        190,
        "refrigerator"
    ],
    "366": [
        599,
        "box"
    ],
    "367": [
        491,
        "doormat"
    ],
    "368": [
        574,
        "box"
    ],
    "369": [
        369,
        "pillow"
    ],
    "370": [
        551,
        "box"
    ],
    "371": [
        504,
        "ventilation"
    ],
    "372": [
        588,
        "box"
    ],
    "373": [
        86,
        "closet_door"
    ],
    "374": [
        449,
        "shower_cabin"
    ],
    "375": [
        189,
        "kitchen_cabinet"
    ],
    "376": [
        185,
        "basket_of_something"
    ],
    "377": [
        111,
        "painting"
    ],
    "378": [
        480,
        "door"
    ],
    "379": [
        560,
        "storage_shelving"
    ],
    "381": [
        460,
        "basket"
    ],
    "382": [
        96,
        "painting"
    ],
    "384": [
        270,
        "dining_chair"
    ],
    "385": [
        420,
        "pillow"
    ],
    "386": [
        246,
        "shelf"
    ],
    "387": [
        332,
        "couch"
    ],
    "389": [
        141,
        "trashcan"
    ],
    "392": [
        43,
        "window"
    ],
    "396": [
        529,
        "weight_bench"
    ],
    "397": [
        70,
        "picture"
    ],
    "398": [
        228,
        "kitchen_appliance"
    ],
    "401": [
        349,
        "ceiling_fan"
    ],
    "402": [
        334,
        "pillow"
    ],
    "409": [
        528,
        "cart"
    ],
    "410": [
        315,
        "exercise_bike"
    ],
    "411": [
        468,
        "basket"
    ],
    "412": [
        543,
        "shelf"
    ],
    "413": [
        251,
        "pillow"
    ],
    "414": [
        562,
        "box"
    ],
    "417": [
        57,
        "picture"
    ],
    "418": [
        18,
        "cosmetic"
    ],
    "419": [
        590,
        "box"
    ],
    "420": [
        280,
        "carpet"
    ],
    "422": [
        340,
        "carpet"
    ],
    "423": [
        606,
        "pipe"
    ],
    "425": [
        304,
        "table"
    ],
    "427": [
        88,
        "painting"
    ],
    "429": [
        232,
        "tv"
    ],
    "430": [
        326,
        "cabinet"
    ],
    "431": [
        408,
        "closet_door"
    ],
    "432": [
        373,
        "pillow"
    ],
    "436": [
        390,
        "picture"
    ],
    "437": [
        186,
        "kitchen_cabinet"
    ],
    "440": [
        276,
        "doormat"
    ],
    "441": [
        311,
        "painting"
    ],
    "442": [
        24,
        "rug"
    ],
    "443": [
        520,
        "vacuum_cleaner"
    ],
    "444": [
        32,
        "door"
    ],
    "445": [
        361,
        "window"
    ],
    "449": [
        314,
        "bookshelf"
    ],
    "450": [
        13,
        "toilet"
    ],
    "452": [
        558,
        "storage_shelving"
    ],
    "453": [
        3,
        "door"
    ],
    "455": [
        261,
        "lounge_chair"
    ],
    "456": [
        20,
        "tissue_box"
    ],
    "457": [
        205,
        "decorative_plant"
    ],
    "458": [
        598,
        "box"
    ],
    "460": [
        313,
        "door"
    ],
    "463": [
        34,
        "wall_hanging_decoration"
    ],
    "464": [
        457,
        "wall_hanging_decoration"
    ],
    "466": [
        531,
        "rack_of_weights"
    ],
    "467": [
        155,
        "toilet"
    ],
    "468": [
        135,
        "cabinet"
    ],
    "469": [
        570,
        "box"
    ],
    "471": [
        366,
        "table"
    ],
    "472": [
        151,
        "ceiling_lamp"
    ],
    "473": [
        465,
        "hanging_clothes"
    ],
    "474": [
        512,
        "pipe"
    ],
    "475": [
        516,
        "pipe"
    ],
    "476": [
        87,
        "closet_door"
    ],
    "477": [
        359,
        "window"
    ],
    "478": [
        158,
        "rug"
    ],
    "481": [
        47,
        "bedside_lamp"
    ],
    "482": [
        389,
        "picture"
    ],
    "484": [
        556,
        "support_beam"
    ],
    "486": [
        571,
        "box"
    ],
    "487": [
        39,
        "bench"
    ],
    "489": [
        419,
        "couch"
    ],
    "490": [
        98,
        "ceiling_fan"
    ],
    "491": [
        138,
        "desk"
    ],
    "492": [
        139,
        "box"
    ],
    "493": [
        553,
        "cloth"
    ],
    "494": [
        273,
        "dining_table"
    ],
    "496": [
        74,
        "ceiling_lamp"
    ],
    "498": [
        609,
        "desk_chair"
    ],
    "499": [
        323,
        "rocking_chair"
    ],
    "500": [
        510,
        "wall_electronics"
    ],
    "502": [
        357,
        "window"
    ],
    "503": [
        540,
        "box"
    ],
    "509": [
        329,
        "decorative_quilt"
    ],
    "512": [
        300,
        "painting"
    ],
    "513": [
        254,
        "pillow"
    ],
    "514": [
        203,
        "window"
    ],
    "516": [
        207,
        "kitchen_cabinet"
    ],
    "519": [
        466,
        "bathroom_towel"
    ],
    "523": [
        494,
        "door"
    ],
    "524": [
        527,
        "ladder"
    ],
    "525": [
        40,
        "window_curtain"
    ],
    "526": [
        508,
        "bucket"
    ],
    "527": [
        84,
        "door"
    ],
    "528": [
        563,
        "table"
    ],
    "529": [
        272,
        "dining_chair"
    ],
    "530": [
        392,
        "picture"
    ],
    "531": [
        476,
        "tissue_box"
    ],
    "532": [
        452,
        "window_curtain"
    ],
    "534": [
        41,
        "window_curtain"
    ],
    "536": [
        393,
        "picture"
    ],
    "538": [
        95,
        "painting"
    ],
    "539": [
        410,
        "shelf"
    ],
    "541": [
        554,
        "box"
    ],
    "545": [
        572,
        "box"
    ],
    "546": [
        327,
        "decoration"
    ],
    "547": [
        396,
        "picture"
    ],
    "548": [
        431,
        "toy"
    ],
    "549": [
        610,
        "ceiling_lamp"
    ],
    "550": [
        328,
        "armchair"
    ],
    "551": [
        266,
        "ceiling_fan"
    ],
    "554": [
        199,
        "mirror_frame"
    ],
    "555": [
        12,
        "shower_curtain"
    ],
    "556": [
        21,
        "decorative_plant"
    ],
    "557": [
        456,
        "wall_hanging_decoration"
    ],
    "558": [
        126,
        "ceiling_fan"
    ],
    "559": [
        115,
        "shelf"
    ],
    "560": [
        549,
        "box"
    ],
    "563": [
        579,
        "box"
    ],
    "565": [
        102,
        "speaker"
    ],
    "566": [
        211,
        "kitchen_cabinet"
    ],
    "568": [
        573,
        "box"
    ],
    "569": [
        600,
        "box"
    ],
    "570": [
        258,
        "picture"
    ],
    "571": [
        601,
        "box"
    ],
    "574": [
        127,
        "painting"
    ],
    "575": [
        55,
        "closet_door"
    ],
    "579": [
        191,
        "kitchen_island"
    ],
    "580": [
        414,
        "window"
    ],
    "581": [
        233,
        "wall_hanging_decoration"
    ],
    "583": [
        333,
        "pillow"
    ],
    "584": [
        267,
        "support_beam"
    ],
    "586": [
        30,
        "ceiling_fan"
    ],
    "588": [
        309,
        "window"
    ],
    "590": [
        542,
        "box"
    ],
    "591": [
        152,
        "bathroom_cabinet"
    ],
    "592": [
        49,
        "shelf"
    ],
    "597": [
        67,
        "picture"
    ],
    "599": [
        567,
        "box"
    ],
    "601": [
        215,
        "kitchen_counter"
    ],
    "602": [
        220,
        "microwave"
    ],
    "603": [
        376,
        "armchair"
    ],
    "604": [
        462,
        "clothes_dryer"
    ],
    "605": [
        469,
        "cabinet"
    ],
    "606": [
        511,
        "ladder"
    ],
    "607": [
        525,
        "cabinet"
    ],
    "609": [
        262,
        "blanket"
    ]
}