{
    "1": [
        723,
        "box"
    ],
    "2": [
        122,
        "vase"
    ],
    "3": [
        680,
        "ceiling_lamp"
    ],
    "5": [
        595,
        "window"
    ],
    "6": [
        715,
        "door"
    ],
    "7": [
        86,
        "brochure"
    ],
    "8": [
        496,
        "box"
    ],
    "10": [
        583,
        "window"
    ],
    "12": [
        614,
        "liquid_soap"
    ],
    "14": [
        367,
        "board"
    ],
    "16": [
        622,
        "table"
    ],
    "17": [
        539,
        "stack_of_papers"
    ],
    "18": [
        581,
        "office_chair"
    ],
    "19": [
        307,
        "picture"
    ],
    "20": [
        162,
        "tv"
    ],
    "25": [
        661,
        "notes"
    ],
    "26": [
        675,
        "office_chair"
    ],
    "28": [
        436,
        "sink"
    ],
    "29": [
        78,
        "cosmetics"
    ],
    "30": [
        151,
        "picture"
    ],
    "31": [
        463,
        "board"
    ],
    "33": [
        181,
        "pile_of_magazines"
    ],
    "34": [
        75,
        "notes"
    ],
    "36": [
        564,
        "door_knob"
    ],
    "38": [
        232,
        "vase"
    ],
    "39": [
        418,
        "kitchen_appliance"
    ],
    "42": [
        500,
        "magazine"
    ],
    "43": [
        325,
        "office_chair"
    ],
    "44": [
        207,
        "telephone"
    ],
    "48": [
        129,
        "decorative_plant"
    ],
    "49": [
        312,
        "book"
    ],
    "50": [
        327,
        "ceiling_lamp"
    ],
    "51": [
        331,
        "ceiling_lamp"
    ],
    "52": [
        313,
        "book"
    ],
    "55": [
        508,
        "door"
    ],
    "56": [
        649,
        "poster"
    ],
    "58": [
        360,
        "decoration"
    ],
    "59": [
        662,
        "monitor"
    ],
    "62": [
        381,
        "air_vent"
    ],
    "64": [
        687,
        "ceiling_lamp"
    ],
    "66": [
        347,
        "brochure"
    ],
    "68": [
        580,
        "bin"
    ],
    "69": [
        29,
        "papers"
    ],
    "74": [
        635,
        "floor_lamp"
    ],
    "75": [
        443,
        "liquid_cleaner"
    ],
    "76": [
        634,
        "shelf"
    ],
    "78": [
        69,
        "coffee_mug"
    ],
    "79": [
        279,
        "pillar"
    ],
    "80": [
        260,
        "decoration"
    ],
    "81": [
        559,
        "air_vent"
    ],
    "82": [
        698,
        "brochure"
    ],
    "84": [
        66,
        "table"
    ],
    "85": [
        295,
        "office_chair"
    ],
    "86": [
        71,
        "cup"
    ],
    "87": [
        517,
        "window"
    ],
    "88": [
        731,
        "chair"
    ],
    "89": [
        30,
        "coffee_mug"
    ],
    "91": [
        107,
        "window"
    ],
    "92": [
        423,
        "cups"
    ],
    "95": [
        24,
        "notes"
    ],
    "96": [
        135,
        "cabinet"
    ],
    "97": [
        146,
        "bag"
    ],
    "98": [
        58,
        "case"
    ],
    "100": [
        493,
        "box"
    ],
    "101": [
        730,
        "chair"
    ],
    "102": [
        428,
        "fridge"
    ],
    "105": [
        183,
        "carpet"
    ],
    "106": [
        384,
        "cosmetics"
    ],
    "108": [
        486,
        "canvas"
    ],
    "112": [
        338,
        "chair"
    ],
    "113": [
        718,
        "canopy"
    ],
    "114": [
        150,
        "hanging_clothes"
    ],
    "116": [
        177,
        "book"
    ],
    "120": [
        344,
        "brochure"
    ],
    "121": [
        712,
        "box"
    ],
    "123": [
        417,
        "kitchen_appliance"
    ],
    "124": [
        85,
        "office_table"
    ],
    "126": [
        140,
        "brochure"
    ],
    "128": [
        475,
        "box"
    ],
    "129": [
        598,
        "fire_extinguisher"
    ],
    "130": [
        99,
        "picture"
    ],
    "131": [
        405,
        "notes"
    ],
    "132": [
        116,
        "chair"
    ],
    "133": [
        40,
        "bag"
    ],
    "135": [
        521,
        "chair"
    ],
    "136": [
        563,
        "wall_electronics"
    ],
    "137": [
        481,
        "clutter"
    ],
    "138": [
        196,
        "door"
    ],
    "141": [
        235,
        "shelf"
    ],
    "142": [
        606,
        "ceiling_lamp"
    ],
    "143": [
        277,
        "decorative_plant"
    ],
    "145": [
        112,
        "window"
    ],
    "148": [
        182,
        "magazine"
    ],
    "149": [
        44,
        "door"
    ],
    "151": [
        158,
        "air_vent"
    ],
    "152": [
        5,
        "camera"
    ],
    "153": [
        168,
        "table_lamp"
    ],
    "154": [
        379,
        "toilet_paper"
    ],
    "155": [
        616,
        "fridge"
    ],
    "159": [
        642,
        "decoration"
    ],
    "160": [
        424,
        "cups"
    ],
    "161": [
        544,
        "pile_of_magazines"
    ],
    "163": [
        653,
        "chair"
    ],
    "167": [
        281,
        "table"
    ],
    "169": [
        553,
        "box"
    ],
    "171": [
        550,
        "floor_lamp"
    ],
    "172": [
        109,
        "cabinet"
    ],
    "173": [
        593,
        "window"
    ],
    "175": [
        533,
        "door"
    ],
    "176": [
        356,
        "decoration"
    ],
    "177": [
        587,
        "cabinet"
    ],
    "182": [
        315,
        "pile_of_magazines"
    ],
    "185": [
        657,
        "notes"
    ],
    "189": [
        6,
        "monitor"
    ],
    "190": [
        309,
        "cabinet"
    ],
    "191": [
        345,
        "brochure"
    ],
    "192": [
        465,
        "ceiling_lamp"
    ],
    "195": [
        63,
        "notes"
    ],
    "199": [
        322,
        "cover"
    ],
    "200": [
        180,
        "table"
    ],
    "201": [
        179,
        "brochure"
    ],
    "204": [
        37,
        "box"
    ],
    "206": [
        217,
        "door_knob"
    ],
    "208": [
        53,
        "ceiling_lamp"
    ],
    "209": [
        185,
        "board"
    ],
    "210": [
        535,
        "decorative_plant"
    ],
    "213": [
        219,
        "cabinet"
    ],
    "215": [
        693,
        "ceiling_lamp"
    ],
    "216": [
        695,
        "brochures"
    ],
    "217": [
        252,
        "decoration"
    ],
    "221": [
        411,
        "notes"
    ],
    "222": [
        504,
        "board"
    ],
    "225": [
        386,
        "toilet"
    ],
    "226": [
        599,
        "shelf"
    ],
    "227": [
        133,
        "box"
    ],
    "231": [
        91,
        "picture"
    ],
    "232": [
        113,
        "notes"
    ],
    "233": [
        506,
        "air_vent"
    ],
    "235": [
        437,
        "microwave"
    ],
    "236": [
        114,
        "notes"
    ],
    "237": [
        619,
        "bin"
    ],
    "239": [
        348,
        "brochure"
    ],
    "240": [
        665,
        "telephone"
    ],
    "241": [
        56,
        "bottle"
    ],
    "242": [
        732,
        "chair"
    ],
    "244": [
        729,
        "table"
    ],
    "245": [
        262,
        "shelf"
    ],
    "246": [
        413,
        "coffee_machine"
    ],
    "247": [
        492,
        "curtain"
    ],
    "248": [
        514,
        "brochure"
    ],
    "249": [
        164,
        "picture"
    ],
    "250": [
        18,
        "box"
    ],
    "251": [
        401,
        "liquid_soap"
    ],
    "252": [
        201,
        "decoration"
    ],
    "253": [
        3,
        "picture"
    ],
    "259": [
        343,
        "brochure"
    ],
    "260": [
        203,
        "seat"
    ],
    "263": [
        388,
        "wash_cabinet"
    ],
    "264": [
        683,
        "ceiling_lamp"
    ],
    "265": [
        406,
        "notes"
    ],
    "266": [
        302,
        "ceiling_lamp"
    ],
    "267": [
        572,
        "bin"
    ],
    "268": [
        452,
        "board"
    ],
    "269": [
        28,
        "box"
    ],
    "270": [
        139,
        "bag"
    ],
    "272": [
        613,
        "kitchen_appliance"
    ],
    "273": [
        513,
        "brochure"
    ],
    "274": [
        489,
        "banner"
    ],
    "275": [
        45,
        "brochure"
    ],
    "277": [
        472,
        "pot"
    ],
    "278": [
        328,
        "ceiling_lamp"
    ],
    "281": [
        579,
        "desk"
    ],
    "282": [
        324,
        "office_chair"
    ],
    "284": [
        645,
        "mat"
    ],
    "286": [
        359,
        "decoration"
    ],
    "287": [
        188,
        "sign"
    ],
    "288": [
        255,
        "decoration"
    ],
    "290": [
        15,
        "purse"
    ],
    "291": [
        562,
        "sign"
    ],
    "292": [
        369,
        "picture_frame"
    ],
    "295": [
        361,
        "decoration"
    ],
    "296": [
        688,
        "ceiling_lamp"
    ],
    "297": [
        520,
        "chair"
    ],
    "298": [
        39,
        "luggage"
    ],
    "301": [
        676,
        "desk"
    ],
    "302": [
        234,
        "blackboard"
    ],
    "303": [
        543,
        "pile_of_magazines"
    ],
    "306": [
        588,
        "decorative_plant"
    ],
    "308": [
        451,
        "board"
    ],
    "310": [
        537,
        "wall_electronics"
    ],
    "311": [
        104,
        "brochure"
    ],
    "313": [
        445,
        "clutter"
    ],
    "324": [
        329,
        "ceiling_lamp"
    ],
    "326": [
        526,
        "chair"
    ],
    "327": [
        130,
        "brochure"
    ],
    "328": [
        209,
        "pile_of_magazines"
    ],
    "330": [
        89,
        "decoration"
    ],
    "336": [
        35,
        "desk"
    ],
    "337": [
        522,
        "chair"
    ],
    "339": [
        416,
        "cup"
    ],
    "340": [
        220,
        "vase"
    ],
    "341": [
        242,
        "decoration"
    ],
    "345": [
        59,
        "box"
    ],
    "346": [
        103,
        "fridge"
    ],
    "347": [
        503,
        "board"
    ],
    "349": [
        505,
        "board"
    ],
    "350": [
        126,
        "brochure"
    ],
    "351": [
        733,
        "chair"
    ],
    "354": [
        541,
        "computer_mouse"
    ],
    "355": [
        55,
        "printer"
    ],
    "357": [
        629,
        "ceiling_lamp"
    ],
    "365": [
        355,
        "decoration"
    ],
    "367": [
        439,
        "drawer_sink_table"
    ],
    "368": [
        12,
        "toy"
    ],
    "369": [
        538,
        "cabinet"
    ],
    "372": [
        415,
        "wall_lamp"
    ],
    "373": [
        100,
        "fire_alarm"
    ],
    "375": [
        561,
        "door"
    ],
    "376": [
        94,
        "calendar"
    ],
    "378": [
        516,
        "chair"
    ],
    "379": [
        23,
        "notes"
    ],
    "380": [
        31,
        "box"
    ],
    "381": [
        364,
        "sign"
    ],
    "384": [
        57,
        "cabinet"
    ],
    "387": [
        431,
        "kitchen_cabinet"
    ],
    "388": [
        153,
        "sofa"
    ],
    "390": [
        633,
        "bin"
    ],
    "391": [
        54,
        "ceiling_lamp"
    ],
    "392": [
        389,
        "cabinet"
    ],
    "393": [
        601,
        "decoration"
    ],
    "395": [
        727,
        "cup"
    ],
    "397": [
        175,
        "picture"
    ],
    "398": [
        296,
        "office_chair"
    ],
    "405": [
        592,
        "exit_sign"
    ],
    "406": [
        326,
        "office_chair"
    ],
    "407": [
        611,
        "kitchen_cabinet"
    ],
    "408": [
        651,
        "desk"
    ],
    "409": [
        330,
        "ceiling_lamp"
    ],
    "412": [
        600,
        "decorative_plant"
    ],
    "417": [
        460,
        "table_lamp"
    ],
    "418": [
        241,
        "shelf"
    ],
    "420": [
        664,
        "printer"
    ],
    "421": [
        321,
        "cover"
    ],
    "422": [
        477,
        "box"
    ],
    "426": [
        641,
        "monitor"
    ],
    "428": [
        660,
        "notes"
    ],
    "431": [
        163,
        "cabinet"
    ],
    "434": [
        474,
        "pot"
    ],
    "437": [
        64,
        "brochure"
    ],
    "439": [
        14,
        "cabinet"
    ],
    "441": [
        422,
        "kitchen_cabinet"
    ],
    "442": [
        105,
        "floor_stand"
    ],
    "443": [
        419,
        "cup"
    ],
    "445": [
        487,
        "cabinet"
    ],
    "446": [
        102,
        "brochure"
    ],
    "447": [
        479,
        "box"
    ],
    "448": [
        270,
        "file_cabinet"
    ],
    "449": [
        80,
        "mug"
    ],
    "450": [
        366,
        "board"
    ],
    "451": [
        238,
        "decoration"
    ],
    "454": [
        73,
        "book"
    ],
    "457": [
        507,
        "air_vent"
    ],
    "458": [
        716,
        "sign"
    ],
    "460": [
        256,
        "shelf"
    ],
    "462": [
        230,
        "vase"
    ],
    "463": [
        349,
        "mat"
    ],
    "464": [
        421,
        "kitchen_appliance"
    ],
    "466": [
        681,
        "ceiling_lamp"
    ],
    "467": [
        488,
        "decoration"
    ],
    "468": [
        154,
        "coffee_table"
    ],
    "469": [
        166,
        "brochure"
    ],
    "470": [
        246,
        "decoration"
    ],
    "471": [
        468,
        "decorative_plant"
    ],
    "472": [
        656,
        "notes"
    ],
    "475": [
        96,
        "plant"
    ],
    "477": [
        461,
        "table"
    ],
    "480": [
        62,
        "case"
    ],
    "481": [
        229,
        "decoration"
    ],
    "482": [
        432,
        "bowl"
    ],
    "483": [
        473,
        "printer"
    ],
    "484": [
        427,
        "door"
    ],
    "486": [
        120,
        "pile_of_magazines"
    ],
    "487": [
        708,
        "shelf"
    ],
    "489": [
        704,
        "keys"
    ],
    "490": [
        624,
        "decorative_plant"
    ],
    "491": [
        101,
        "basket"
    ],
    "492": [
        337,
        "chair"
    ],
    "494": [
        511,
        "board"
    ],
    "495": [
        372,
        "bin"
    ],
    "498": [
        17,
        "cosmetics"
    ],
    "502": [
        655,
        "notes"
    ],
    "504": [
        509,
        "board"
    ],
    "505": [
        412,
        "bin"
    ],
    "507": [
        569,
        "desk"
    ],
    "509": [
        115,
        "chair"
    ],
    "510": [
        597,
        "fire_alarm"
    ],
    "511": [
        603,
        "decorative_plant"
    ],
    "512": [
        700,
        "note"
    ],
    "513": [
        536,
        "wall_lamp"
    ],
    "514": [
        189,
        "picture"
    ],
    "517": [
        48,
        "chair"
    ],
    "520": [
        523,
        "chair"
    ],
    "521": [
        38,
        "box"
    ],
    "524": [
        206,
        "wall_lamp"
    ],
    "529": [
        702,
        "calendar"
    ],
    "531": [
        240,
        "table"
    ],
    "532": [
        124,
        "cabinet"
    ],
    "533": [
        630,
        "ceiling_lamp"
    ],
    "537": [
        70,
        "papers"
    ],
    "538": [
        647,
        "cabinet"
    ],
    "545": [
        202,
        "notes"
    ],
    "548": [
        552,
        "cabinet"
    ],
    "551": [
        157,
        "chair"
    ],
    "552": [
        584,
        "picture"
    ],
    "553": [
        259,
        "decoration"
    ],
    "554": [
        591,
        "floor_lamp"
    ],
    "562": [
        609,
        "kitchen_wall"
    ],
    "563": [
        546,
        "box"
    ],
    "564": [
        244,
        "decoration"
    ],
    "565": [
        403,
        "board"
    ],
    "567": [
        351,
        "decoration"
    ],
    "569": [
        623,
        "microwave"
    ],
    "570": [
        685,
        "ceiling_lamp"
    ],
    "571": [
        332,
        "cabinet"
    ],
    "572": [
        530,
        "fire_sprinkler"
    ],
    "573": [
        519,
        "chair"
    ],
    "574": [
        363,
        "wall_lamp"
    ],
    "576": [
        441,
        "kitchen_appliance"
    ],
    "578": [
        117,
        "cabinet"
    ],
    "580": [
        132,
        "box"
    ],
    "581": [
        160,
        "brochure"
    ],
    "582": [
        340,
        "banner"
    ],
    "583": [
        714,
        "mat"
    ],
    "585": [
        319,
        "desk"
    ],
    "586": [
        450,
        "air_vent"
    ],
    "587": [
        671,
        "desk"
    ],
    "589": [
        494,
        "box"
    ],
    "591": [
        261,
        "decoration"
    ],
    "592": [
        298,
        "office_chair"
    ],
    "593": [
        19,
        "papers"
    ],
    "594": [
        440,
        "tap"
    ],
    "596": [
        502,
        "magazine"
    ],
    "598": [
        169,
        "box"
    ],
    "599": [
        455,
        "picture"
    ],
    "600": [
        297,
        "office_chair"
    ],
    "602": [
        571,
        "office_chair"
    ],
    "603": [
        171,
        "box"
    ],
    "604": [
        414,
        "kitchen_cabinet"
    ],
    "606": [
        336,
        "decorative_plant"
    ],
    "607": [
        377,
        "ceiling_lamp"
    ],
    "608": [
        90,
        "notes"
    ],
    "610": [
        456,
        "door"
    ],
    "611": [
        672,
        "chair"
    ],
    "612": [
        258,
        "decoration"
    ],
    "613": [
        263,
        "shelf"
    ],
    "614": [
        467,
        "cabinet"
    ],
    "616": [
        515,
        "table"
    ],
    "617": [
        518,
        "chair"
    ],
    "619": [
        65,
        "board"
    ],
    "622": [
        585,
        "fire_alarm"
    ],
    "623": [
        684,
        "ceiling_lamp"
    ],
    "627": [
        60,
        "dustbin"
    ],
    "628": [
        529,
        "ceiling_lamp"
    ],
    "630": [
        282,
        "projector"
    ],
    "631": [
        686,
        "ceiling_lamp"
    ],
    "632": [
        131,
        "vase"
    ],
    "633": [
        612,
        "kitchen_lower_cabinet"
    ],
    "634": [
        512,
        "table_lamp"
    ],
    "635": [
        208,
        "table"
    ],
    "636": [
        159,
        "brochure"
    ],
    "638": [
        156,
        "chair"
    ],
    "639": [
        525,
        "table"
    ],
    "641": [
        161,
        "pile_of_magazines"
    ],
    "642": [
        365,
        "board"
    ],
    "644": [
        524,
        "chair"
    ],
    "645": [
        276,
        "picture"
    ],
    "646": [
        248,
        "decoration"
    ],
    "648": [
        726,
        "box"
    ],
    "649": [
        61,
        "box"
    ],
    "650": [
        701,
        "calculator"
    ],
    "651": [
        725,
        "bowl"
    ],
    "653": [
        317,
        "book"
    ],
    "654": [
        498,
        "magazine"
    ],
    "655": [
        547,
        "book"
    ],
    "656": [
        639,
        "office_chair"
    ],
    "657": [
        243,
        "decoration"
    ],
    "660": [
        476,
        "box"
    ],
    "661": [
        167,
        "brochure"
    ],
    "662": [
        245,
        "shelf"
    ],
    "663": [
        471,
        "pot"
    ],
    "664": [
        638,
        "air_vent"
    ],
    "665": [
        373,
        "cabinet"
    ],
    "666": [
        10,
        "monitor"
    ],
    "667": [
        466,
        "projector"
    ],
    "669": [
        357,
        "decoration"
    ],
    "670": [
        618,
        "bin"
    ],
    "671": [
        187,
        "picture"
    ],
    "673": [
        335,
        "picture"
    ],
    "674": [
        20,
        "papers"
    ],
    "679": [
        36,
        "locker"
    ],
    "684": [
        387,
        "washbasin"
    ],
    "687": [
        555,
        "box"
    ],
    "690": [
        127,
        "brochure"
    ],
    "692": [
        339,
        "board"
    ],
    "694": [
        654,
        "board"
    ],
    "699": [
        673,
        "bin"
    ],
    "700": [
        682,
        "ceiling_lamp"
    ],
    "701": [
        499,
        "brochure"
    ],
    "702": [
        216,
        "door"
    ],
    "703": [
        528,
        "papers"
    ],
    "708": [
        47,
        "notes"
    ],
    "709": [
        108,
        "window"
    ],
    "710": [
        703,
        "sign"
    ],
    "711": [
        442,
        "liquid_cleaner"
    ],
    "712": [
        663,
        "shelf"
    ],
    "713": [
        640,
        "desk"
    ],
    "715": [
        490,
        "cabinet"
    ],
    "718": [
        11,
        "statue"
    ],
    "720": [
        720,
        "cup"
    ],
    "722": [
        8,
        "window"
    ],
    "723": [
        420,
        "kitchen_appliance"
    ],
    "724": [
        358,
        "decoration"
    ],
    "725": [
        615,
        "tap"
    ],
    "728": [
        84,
        "cabinet"
    ],
    "730": [
        707,
        "exit_sign"
    ]
}