{
    "2": [
        110,
        "box"
    ],
    "3": [
        152,
        "picture"
    ],
    "7": [
        666,
        "cabinet"
    ],
    "10": [
        232,
        "box"
    ],
    "11": [
        735,
        "curtain"
    ],
    "12": [
        720,
        "flower_stand"
    ],
    "13": [
        262,
        "rack"
    ],
    "14": [
        153,
        "shelf"
    ],
    "15": [
        763,
        "trashcan"
    ],
    "16": [
        648,
        "cabinet"
    ],
    "17": [
        134,
        "sofa"
    ],
    "18": [
        40,
        "showerhead"
    ],
    "20": [
        233,
        "box"
    ],
    "21": [
        284,
        "blanket"
    ],
    "22": [
        457,
        "bag"
    ],
    "23": [
        424,
        "window"
    ],
    "24": [
        646,
        "cabinet"
    ],
    "26": [
        760,
        "toilet_paper"
    ],
    "27": [
        126,
        "backpack"
    ],
    "28": [
        576,
        "shelf"
    ],
    "29": [
        47,
        "picture"
    ],
    "31": [
        237,
        "box"
    ],
    "32": [
        69,
        "cabinet"
    ],
    "34": [
        285,
        "shelf"
    ],
    "35": [
        411,
        "ventilation"
    ],
    "36": [
        159,
        "can"
    ],
    "37": [
        362,
        "container"
    ],
    "38": [
        546,
        "pipe"
    ],
    "39": [
        522,
        "pipe"
    ],
    "40": [
        46,
        "picture"
    ],
    "41": [
        555,
        "boxes"
    ],
    "43": [
        743,
        "radio"
    ],
    "45": [
        721,
        "flowerpot"
    ],
    "46": [
        55,
        "soap_dispenser"
    ],
    "47": [
        381,
        "box"
    ],
    "48": [
        518,
        "gas_meter"
    ],
    "49": [
        571,
        "boxes"
    ],
    "50": [
        104,
        "book"
    ],
    "52": [
        446,
        "lamp"
    ],
    "53": [
        174,
        "book"
    ],
    "54": [
        84,
        "bed"
    ],
    "55": [
        727,
        "lamp"
    ],
    "56": [
        246,
        "shoe_case"
    ],
    "57": [
        87,
        "chair"
    ],
    "58": [
        187,
        "box"
    ],
    "59": [
        667,
        "cabinet"
    ],
    "61": [
        165,
        "printer"
    ],
    "63": [
        343,
        "toy"
    ],
    "65": [
        239,
        "case"
    ],
    "67": [
        647,
        "cabinet"
    ],
    "73": [
        509,
        "plenum_box"
    ],
    "74": [
        783,
        "cosmetics"
    ],
    "75": [
        804,
        "umbrella"
    ],
    "76": [
        299,
        "shelf"
    ],
    "77": [
        451,
        "picture"
    ],
    "80": [
        173,
        "book"
    ],
    "81": [
        717,
        "lamp"
    ],
    "82": [
        63,
        "tv"
    ],
    "83": [
        127,
        "painting"
    ],
    "86": [
        252,
        "shoe_case"
    ],
    "88": [
        251,
        "shoe_case"
    ],
    "89": [
        271,
        "electrical_controller"
    ],
    "90": [
        542,
        "brush"
    ],
    "91": [
        248,
        "shoe_case"
    ],
    "92": [
        184,
        "desk"
    ],
    "93": [
        257,
        "shoe_case"
    ],
    "94": [
        757,
        "lamp"
    ],
    "95": [
        574,
        "box"
    ],
    "96": [
        752,
        "cabinet"
    ],
    "97": [
        146,
        "book"
    ],
    "100": [
        361,
        "container"
    ],
    "102": [
        218,
        "bag"
    ],
    "103": [
        688,
        "cabinet"
    ],
    "104": [
        157,
        "picture"
    ],
    "105": [
        235,
        "box"
    ],
    "107": [
        414,
        "light"
    ],
    "108": [
        651,
        "cabinet"
    ],
    "109": [
        311,
        "box"
    ],
    "110": [
        507,
        "pipe"
    ],
    "111": [
        680,
        "chair"
    ],
    "114": [
        673,
        "beanbag_chair"
    ],
    "117": [
        564,
        "beer_crate"
    ],
    "118": [
        65,
        "radio"
    ],
    "119": [
        784,
        "shelf"
    ],
    "120": [
        272,
        "light_switch"
    ],
    "121": [
        600,
        "flower_stand"
    ],
    "123": [
        49,
        "bathtub"
    ],
    "124": [
        141,
        "light_switch"
    ],
    "125": [
        806,
        "umbrella"
    ],
    "127": [
        678,
        "chair"
    ],
    "128": [
        294,
        "bags"
    ],
    "129": [
        725,
        "sofa"
    ],
    "130": [
        54,
        "tap"
    ],
    "131": [
        191,
        "book"
    ],
    "132": [
        716,
        "ventilation"
    ],
    "134": [
        665,
        "cabinet"
    ],
    "135": [
        317,
        "door"
    ],
    "136": [
        249,
        "shoe_case"
    ],
    "137": [
        144,
        "door"
    ],
    "138": [
        264,
        "basket"
    ],
    "140": [
        371,
        "book"
    ],
    "141": [
        724,
        "pillow"
    ],
    "142": [
        288,
        "container"
    ],
    "143": [
        598,
        "window"
    ],
    "145": [
        538,
        "shoe"
    ],
    "146": [
        529,
        "electrical_box"
    ],
    "148": [
        331,
        "mascot"
    ],
    "149": [
        265,
        "basket"
    ],
    "150": [
        594,
        "smoke_detector"
    ],
    "152": [
        766,
        "window"
    ],
    "154": [
        245,
        "shoe_case"
    ],
    "156": [
        118,
        "rack"
    ],
    "157": [
        601,
        "window"
    ],
    "158": [
        708,
        "picture"
    ],
    "160": [
        403,
        "light_switch"
    ],
    "161": [
        289,
        "box"
    ],
    "163": [
        612,
        "shelf"
    ],
    "164": [
        29,
        "shelf"
    ],
    "165": [
        148,
        "cabinet"
    ],
    "166": [
        570,
        "container"
    ],
    "168": [
        86,
        "stuffed_animal"
    ],
    "169": [
        147,
        "book"
    ],
    "172": [
        227,
        "box"
    ],
    "173": [
        268,
        "box"
    ],
    "174": [
        44,
        "flowerpot"
    ],
    "175": [
        461,
        "hanger"
    ],
    "176": [
        608,
        "photo"
    ],
    "178": [
        556,
        "cabinet"
    ],
    "179": [
        261,
        "shoe_case"
    ],
    "180": [
        675,
        "decor"
    ],
    "181": [
        736,
        "window"
    ],
    "182": [
        552,
        "iron"
    ],
    "183": [
        593,
        "smoke_detector"
    ],
    "184": [
        541,
        "mop"
    ],
    "185": [
        389,
        "desk"
    ],
    "186": [
        220,
        "bag"
    ],
    "187": [
        140,
        "control_panel"
    ],
    "189": [
        739,
        "flowerpot"
    ],
    "190": [
        383,
        "book"
    ],
    "191": [
        163,
        "pc_tower"
    ],
    "193": [
        107,
        "bags"
    ],
    "195": [
        779,
        "mirror"
    ],
    "196": [
        580,
        "clothes_dryer"
    ],
    "197": [
        433,
        "cabinet"
    ],
    "198": [
        587,
        "lamp"
    ],
    "199": [
        655,
        "cabinet"
    ],
    "200": [
        430,
        "book"
    ],
    "202": [
        279,
        "screw_box"
    ],
    "203": [
        415,
        "flowerpot"
    ],
    "205": [
        682,
        "table"
    ],
    "206": [
        375,
        "book"
    ],
    "207": [
        561,
        "shelf"
    ],
    "208": [
        81,
        "lamp"
    ],
    "209": [
        607,
        "photo"
    ],
    "210": [
        623,
        "oven"
    ],
    "213": [
        588,
        "lamp"
    ],
    "216": [
        377,
        "book"
    ],
    "217": [
        801,
        "air_purifier"
    ],
    "218": [
        36,
        "sink"
    ],
    "219": [
        91,
        "rug"
    ],
    "220": [
        521,
        "pipe"
    ],
    "222": [
        778,
        "sink"
    ],
    "224": [
        50,
        "bathroom_rug"
    ],
    "225": [
        190,
        "book"
    ],
    "227": [
        535,
        "box"
    ],
    "228": [
        676,
        "decor"
    ],
    "229": [
        519,
        "water_pump"
    ],
    "230": [
        597,
        "window"
    ],
    "231": [
        132,
        "flowerpot"
    ],
    "232": [
        270,
        "lamp"
    ],
    "233": [
        269,
        "box"
    ],
    "234": [
        745,
        "clock"
    ],
    "235": [
        728,
        "remote_control"
    ],
    "236": [
        768,
        "towel"
    ],
    "237": [
        34,
        "toilet_paper"
    ],
    "238": [
        179,
        "binders"
    ],
    "242": [
        471,
        "decor"
    ],
    "243": [
        568,
        "detergent"
    ],
    "244": [
        734,
        "picture"
    ],
    "245": [
        256,
        "shoe_case"
    ],
    "246": [
        360,
        "container"
    ],
    "247": [
        290,
        "container"
    ],
    "248": [
        100,
        "case"
    ],
    "249": [
        551,
        "boxes"
    ],
    "250": [
        391,
        "toy"
    ],
    "251": [
        123,
        "lamp"
    ],
    "252": [
        553,
        "box"
    ],
    "253": [
        495,
        "smoke_detector"
    ],
    "254": [
        548,
        "toilet_paper"
    ],
    "255": [
        322,
        "board"
    ],
    "256": [
        387,
        "trashcan"
    ],
    "257": [
        39,
        "bottle_of_detergent"
    ],
    "258": [
        125,
        "lamp"
    ],
    "259": [
        16,
        "window"
    ],
    "260": [
        335,
        "mascot"
    ],
    "262": [
        460,
        "alarm_control"
    ],
    "263": [
        602,
        "table"
    ],
    "264": [
        388,
        "bucket"
    ],
    "267": [
        158,
        "picture"
    ],
    "269": [
        525,
        "electrical_box"
    ],
    "270": [
        562,
        "bags"
    ],
    "271": [
        254,
        "shoe_case"
    ],
    "272": [
        579,
        "cables"
    ],
    "274": [
        500,
        "pipe"
    ],
    "275": [
        366,
        "cabinet"
    ],
    "276": [
        175,
        "window"
    ],
    "277": [
        709,
        "picture"
    ],
    "278": [
        523,
        "pipe"
    ],
    "279": [
        473,
        "decor"
    ],
    "280": [
        238,
        "case"
    ],
    "281": [
        250,
        "shoe_case"
    ],
    "282": [
        630,
        "cabinet"
    ],
    "284": [
        348,
        "container"
    ],
    "285": [
        193,
        "book"
    ],
    "286": [
        178,
        "stools"
    ],
    "287": [
        459,
        "motion_detector"
    ],
    "288": [
        520,
        "water_outlet"
    ],
    "289": [
        583,
        "lamp"
    ],
    "290": [
        458,
        "bench"
    ],
    "291": [
        170,
        "monitor"
    ],
    "292": [
        365,
        "radio"
    ],
    "294": [
        780,
        "shower_cabin"
    ],
    "296": [
        776,
        "tap"
    ],
    "298": [
        536,
        "shoe"
    ],
    "301": [
        161,
        "shelf"
    ],
    "302": [
        658,
        "cabinet"
    ],
    "303": [
        777,
        "cabinet"
    ],
    "305": [
        703,
        "decor"
    ],
    "311": [
        240,
        "closet"
    ],
    "312": [
        539,
        "shoe"
    ],
    "314": [
        200,
        "picture"
    ],
    "315": [
        83,
        "tv_remote"
    ],
    "317": [
        122,
        "hanger"
    ],
    "318": [
        515,
        "water_tank"
    ],
    "320": [
        344,
        "toy"
    ],
    "321": [
        135,
        "laptop"
    ],
    "322": [
        434,
        "box"
    ],
    "323": [
        85,
        "cabinet"
    ],
    "324": [
        544,
        "crutches"
    ],
    "325": [
        478,
        "hanger"
    ],
    "326": [
        632,
        "cabinet"
    ],
    "327": [
        516,
        "furnace"
    ],
    "331": [
        621,
        "blanket"
    ],
    "332": [
        373,
        "globe"
    ],
    "333": [
        236,
        "box"
    ],
    "335": [
        95,
        "backpack"
    ],
    "336": [
        136,
        "cabinet"
    ],
    "338": [
        291,
        "box"
    ],
    "340": [
        618,
        "cabinet"
    ],
    "343": [
        12,
        "bottle"
    ],
    "344": [
        440,
        "lamp"
    ],
    "345": [
        116,
        "crate"
    ],
    "346": [
        177,
        "trashcan"
    ],
    "348": [
        506,
        "pipe"
    ],
    "349": [
        744,
        "shelf"
    ],
    "351": [
        211,
        "smoke_detector"
    ],
    "352": [
        452,
        "shoe"
    ],
    "353": [
        32,
        "toilet"
    ],
    "354": [
        645,
        "cabinet"
    ],
    "356": [
        342,
        "toy"
    ],
    "357": [
        550,
        "shoe"
    ],
    "360": [
        428,
        "flowerpot"
    ],
    "361": [
        103,
        "case"
    ],
    "364": [
        710,
        "picture"
    ],
    "365": [
        385,
        "cabinet"
    ],
    "366": [
        540,
        "shoe_rack"
    ],
    "367": [
        102,
        "bags"
    ],
    "371": [
        660,
        "cabinet"
    ],
    "374": [
        340,
        "board"
    ],
    "377": [
        636,
        "tap"
    ],
    "378": [
        418,
        "picture"
    ],
    "379": [
        731,
        "pillow"
    ],
    "381": [
        643,
        "table"
    ],
    "382": [
        696,
        "stovetop"
    ],
    "384": [
        131,
        "picture"
    ],
    "387": [
        420,
        "door"
    ],
    "388": [
        771,
        "towel"
    ],
    "391": [
        462,
        "wall_electronics"
    ],
    "394": [
        352,
        "container"
    ],
    "395": [
        567,
        "boxes"
    ],
    "396": [
        90,
        "control_panel"
    ],
    "397": [
        172,
        "case"
    ],
    "400": [
        626,
        "decor"
    ],
    "401": [
        197,
        "cabinet"
    ],
    "402": [
        472,
        "decor"
    ],
    "405": [
        338,
        "bed"
    ],
    "406": [
        629,
        "tv_stand"
    ],
    "408": [
        195,
        "book"
    ],
    "409": [
        585,
        "lamp"
    ],
    "412": [
        255,
        "shoe_case"
    ],
    "413": [
        633,
        "bread_box"
    ],
    "414": [
        226,
        "box"
    ],
    "416": [
        764,
        "clock"
    ],
    "417": [
        259,
        "shoe_case"
    ],
    "418": [
        730,
        "cabinet"
    ],
    "419": [
        657,
        "cabinet"
    ],
    "422": [
        52,
        "towel_bar"
    ],
    "423": [
        334,
        "mascot"
    ],
    "425": [
        281,
        "box"
    ],
    "428": [
        494,
        "keys"
    ],
    "429": [
        773,
        "soap_bottle"
    ],
    "430": [
        162,
        "hole_puncher"
    ],
    "431": [
        234,
        "box"
    ],
    "433": [
        73,
        "cabinet"
    ],
    "434": [
        740,
        "mug"
    ],
    "435": [
        346,
        "clock"
    ],
    "438": [
        549,
        "ironing_board"
    ],
    "439": [
        114,
        "boxes"
    ],
    "440": [
        762,
        "toilet_brush"
    ],
    "441": [
        106,
        "clothes"
    ],
    "442": [
        684,
        "vase"
    ],
    "443": [
        517,
        "gauge"
    ],
    "444": [
        150,
        "picture"
    ],
    "445": [
        592,
        "ventilation"
    ],
    "446": [
        108,
        "binders"
    ],
    "447": [
        351,
        "container"
    ],
    "448": [
        661,
        "cabinet"
    ],
    "449": [
        92,
        "rug"
    ],
    "450": [
        390,
        "backpack"
    ],
    "452": [
        229,
        "box"
    ],
    "454": [
        537,
        "vacuum_cleaner"
    ],
    "455": [
        31,
        "washing_machine"
    ],
    "457": [
        282,
        "bag"
    ],
    "458": [
        487,
        "wardrobe"
    ],
    "459": [
        196,
        "book"
    ],
    "460": [
        705,
        "decor"
    ],
    "461": [
        128,
        "painting"
    ],
    "462": [
        349,
        "container"
    ],
    "463": [
        221,
        "wardrobe"
    ],
    "464": [
        280,
        "box"
    ],
    "466": [
        382,
        "book"
    ],
    "468": [
        664,
        "cabinet"
    ],
    "470": [
        622,
        "sofa"
    ],
    "474": [
        533,
        "ladder"
    ],
    "475": [
        329,
        "electric_cord"
    ],
    "476": [
        70,
        "chair"
    ],
    "477": [
        376,
        "box"
    ],
    "479": [
        714,
        "table_cloth"
    ],
    "480": [
        715,
        "table_cloth"
    ],
    "481": [
        97,
        "hanging_clothes"
    ],
    "482": [
        501,
        "door"
    ],
    "484": [
        363,
        "container"
    ],
    "485": [
        528,
        "cables"
    ],
    "487": [
        663,
        "cabinet"
    ],
    "489": [
        514,
        "water_meter"
    ],
    "490": [
        151,
        "picture"
    ],
    "491": [
        505,
        "pipe"
    ],
    "492": [
        530,
        "switch"
    ],
    "493": [
        201,
        "mousepad"
    ],
    "494": [
        733,
        "sofa"
    ],
    "497": [
        545,
        "pipe"
    ],
    "498": [
        260,
        "shoe_case"
    ],
    "499": [
        56,
        "basket"
    ],
    "501": [
        358,
        "container"
    ],
    "502": [
        437,
        "lamp"
    ],
    "503": [
        357,
        "container"
    ],
    "504": [
        425,
        "door"
    ],
    "505": [
        438,
        "lamp"
    ],
    "506": [
        569,
        "container"
    ],
    "507": [
        625,
        "glasses"
    ],
    "509": [
        169,
        "mouse"
    ],
    "510": [
        222,
        "wardrobe"
    ],
    "511": [
        105,
        "bag"
    ],
    "514": [
        277,
        "box"
    ],
    "515": [
        310,
        "toy"
    ],
    "517": [
        45,
        "candle_holder"
    ],
    "518": [
        565,
        "beer_crate"
    ],
    "520": [
        767,
        "toilet"
    ],
    "521": [
        101,
        "book"
    ],
    "522": [
        747,
        "thermostat"
    ],
    "523": [
        496,
        "ventilation"
    ],
    "524": [
        558,
        "bag"
    ],
    "525": [
        293,
        "box"
    ],
    "526": [
        490,
        "door"
    ],
    "527": [
        145,
        "calendar"
    ],
    "529": [
        729,
        "remote_control"
    ],
    "530": [
        41,
        "cosmetics"
    ],
    "532": [
        194,
        "book"
    ],
    "533": [
        315,
        "window"
    ],
    "534": [
        785,
        "shelf"
    ],
    "535": [
        489,
        "door"
    ],
    "536": [
        24,
        "shelf"
    ],
    "537": [
        694,
        "cabinet"
    ],
    "539": [
        805,
        "umbrella"
    ],
    "540": [
        508,
        "plenum_box"
    ],
    "542": [
        13,
        "decor"
    ],
    "544": [
        722,
        "cabinet"
    ],
    "547": [
        405,
        "picture"
    ],
    "548": [
        300,
        "shoe_case"
    ],
    "549": [
        28,
        "mirror"
    ],
    "551": [
        649,
        "cabinet"
    ],
    "552": [
        502,
        "router"
    ],
    "553": [
        42,
        "bathrobe"
    ],
    "554": [
        445,
        "lamp"
    ],
    "555": [
        526,
        "box"
    ],
    "558": [
        316,
        "window"
    ],
    "559": [
        364,
        "cabinet"
    ],
    "560": [
        599,
        "flower_stand"
    ],
    "564": [
        493,
        "keys"
    ],
    "565": [
        112,
        "book"
    ],
    "566": [
        456,
        "bag"
    ],
    "567": [
        619,
        "pillow"
    ],
    "568": [
        341,
        "toy"
    ],
    "569": [
        584,
        "lamp"
    ],
    "570": [
        336,
        "mascot"
    ],
    "572": [
        431,
        "book"
    ],
    "573": [
        454,
        "bench"
    ],
    "574": [
        589,
        "lamp"
    ],
    "575": [
        656,
        "cabinet"
    ],
    "577": [
        753,
        "curtain"
    ],
    "579": [
        216,
        "case"
    ],
    "580": [
        614,
        "flowerpot"
    ],
    "581": [
        230,
        "box"
    ],
    "582": [
        89,
        "plate"
    ],
    "583": [
        499,
        "window"
    ],
    "584": [
        466,
        "window"
    ],
    "585": [
        627,
        "tv"
    ],
    "586": [
        524,
        "pipe"
    ],
    "588": [
        467,
        "door"
    ],
    "590": [
        613,
        "flowerpot"
    ],
    "592": [
        266,
        "box"
    ],
    "593": [
        789,
        "showerhead"
    ],
    "594": [
        484,
        "cabinet"
    ],
    "595": [
        668,
        "clock"
    ],
    "596": [
        754,
        "window"
    ],
    "597": [
        374,
        "bucket"
    ],
    "598": [
        332,
        "mascot"
    ],
    "601": [
        450,
        "picture"
    ],
    "602": [
        511,
        "pipe"
    ],
    "603": [
        386,
        "chair"
    ],
    "604": [
        742,
        "wardrobe"
    ],
    "607": [
        566,
        "bottle"
    ],
    "608": [
        62,
        "window"
    ],
    "610": [
        43,
        "trashcan"
    ],
    "612": [
        769,
        "basket"
    ],
    "614": [
        611,
        "flower_vase"
    ],
    "617": [
        228,
        "box"
    ],
    "618": [
        176,
        "chair"
    ],
    "620": [
        35,
        "towel"
    ],
    "621": [
        591,
        "ventilation"
    ],
    "622": [
        14,
        "shelf"
    ],
    "626": [
        217,
        "bag"
    ],
    "630": [
        168,
        "keyboard"
    ],
    "633": [
        244,
        "shoe_case"
    ],
    "635": [
        741,
        "flower_vase"
    ],
    "636": [
        215,
        "case"
    ],
    "637": [
        180,
        "headphones"
    ],
    "638": [
        775,
        "thermostat"
    ],
    "639": [
        258,
        "shoe_case"
    ],
    "640": [
        96,
        "cabinet"
    ],
    "641": [
        188,
        "box"
    ],
    "644": [
        347,
        "toy"
    ],
    "646": [
        790,
        "shower_hose"
    ],
    "647": [
        247,
        "shoe_case"
    ],
    "648": [
        401,
        "cabinet"
    ],
    "650": [
        732,
        "door"
    ],
    "651": [
        399,
        "shelf"
    ],
    "652": [
        449,
        "doormat"
    ],
    "653": [
        171,
        "monitor"
    ],
    "654": [
        330,
        "pillow"
    ],
    "655": [
        328,
        "rug"
    ],
    "656": [
        782,
        "cosmetics"
    ],
    "657": [
        287,
        "vacuum_cleaner"
    ],
    "658": [
        662,
        "cabinet"
    ],
    "659": [
        231,
        "box"
    ],
    "660": [
        199,
        "picture"
    ],
    "661": [
        61,
        "window"
    ],
    "663": [
        581,
        "doormat"
    ],
    "667": [
        439,
        "lamp"
    ],
    "669": [
        37,
        "cabinet"
    ],
    "670": [
        640,
        "kettle"
    ],
    "672": [
        453,
        "shoe"
    ],
    "673": [
        659,
        "cabinet"
    ],
    "675": [
        512,
        "pipe"
    ],
    "676": [
        679,
        "chair"
    ],
    "678": [
        746,
        "electric_cord"
    ],
    "682": [
        355,
        "container"
    ],
    "683": [
        167,
        "laptop"
    ],
    "684": [
        350,
        "container"
    ],
    "686": [
        635,
        "coffee_machine"
    ],
    "687": [
        788,
        "shower_dial"
    ],
    "688": [
        74,
        "wardrobe"
    ],
    "690": [
        292,
        "box"
    ],
    "691": [
        353,
        "container"
    ],
    "693": [
        681,
        "chair"
    ],
    "694": [
        78,
        "door"
    ],
    "695": [
        298,
        "box"
    ],
    "696": [
        513,
        "pipe"
    ],
    "697": [
        345,
        "toy"
    ],
    "698": [
        610,
        "vase"
    ],
    "699": [
        786,
        "basket"
    ],
    "700": [
        638,
        "fruit_bowl"
    ],
    "701": [
        718,
        "smoke_detector"
    ],
    "702": [
        432,
        "lamp"
    ],
    "703": [
        429,
        "flowerpot"
    ],
    "704": [
        402,
        "picture"
    ],
    "705": [
        395,
        "bricks"
    ],
    "706": [
        38,
        "bottle_of_detergent"
    ],
    "708": [
        109,
        "book"
    ],
    "710": [
        510,
        "pipe"
    ],
    "711": [
        609,
        "shelf"
    ],
    "713": [
        723,
        "table"
    ],
    "716": [
        133,
        "window"
    ],
    "717": [
        267,
        "box"
    ],
    "719": [
        59,
        "bathroom_rug"
    ],
    "720": [
        378,
        "box"
    ],
    "723": [
        590,
        "ventilation"
    ],
    "724": [
        337,
        "mascot"
    ],
    "725": [
        575,
        "crate"
    ],
    "726": [
        631,
        "cabinet"
    ],
    "727": [
        650,
        "cabinet"
    ],
    "729": [
        750,
        "electric_plug"
    ],
    "730": [
        198,
        "picture"
    ],
    "731": [
        781,
        "cosmetics"
    ],
    "732": [
        1,
        "ventilation"
    ],
    "734": [
        774,
        "towel"
    ],
    "736": [
        82,
        "cabinet"
    ],
    "737": [
        480,
        "hanger"
    ],
    "738": [
        354,
        "container"
    ],
    "739": [
        751,
        "tv"
    ],
    "740": [
        185,
        "cabinet"
    ],
    "741": [
        416,
        "picture"
    ],
    "744": [
        33,
        "flush"
    ],
    "745": [
        577,
        "wall_control"
    ],
    "746": [
        312,
        "wardrobe"
    ],
    "747": [
        770,
        "rug"
    ],
    "748": [
        606,
        "photo"
    ],
    "751": [
        802,
        "towel_bar"
    ],
    "752": [
        803,
        "bicycle_helmet"
    ],
    "753": [
        654,
        "cabinet"
    ],
    "754": [
        772,
        "towel_bar"
    ],
    "756": [
        326,
        "shelf"
    ],
    "758": [
        333,
        "mascot"
    ],
    "759": [
        253,
        "shoe_case"
    ],
    "760": [
        242,
        "shoe_case"
    ],
    "761": [
        441,
        "lamp"
    ],
    "762": [
        113,
        "book"
    ],
    "763": [
        547,
        "toilet_paper"
    ],
    "764": [
        117,
        "bags"
    ],
    "767": [
        307,
        "lamp"
    ],
    "768": [
        57,
        "toilet_brush"
    ],
    "769": [
        704,
        "decor"
    ],
    "770": [
        274,
        "basket"
    ],
    "771": [
        677,
        "chair"
    ],
    "772": [
        497,
        "lamp"
    ],
    "773": [
        417,
        "picture"
    ],
    "775": [
        392,
        "toy"
    ],
    "778": [
        320,
        "decor"
    ],
    "779": [
        758,
        "ventilation"
    ],
    "782": [
        596,
        "window"
    ],
    "783": [
        72,
        "cabinet"
    ],
    "784": [
        692,
        "cabinet"
    ],
    "785": [
        273,
        "electric_outlet"
    ],
    "786": [
        219,
        "bag"
    ],
    "787": [
        470,
        "decor"
    ],
    "788": [
        71,
        "exercise_bike"
    ],
    "789": [
        156,
        "shelf"
    ],
    "793": [
        603,
        "flower_stand"
    ],
    "794": [
        301,
        "box"
    ],
    "795": [
        400,
        "shelf"
    ],
    "796": [
        620,
        "pillow"
    ],
    "797": [
        479,
        "hanger"
    ],
    "799": [
        286,
        "bottle_of_detergent"
    ],
    "802": [
        674,
        "cabinet"
    ],
    "803": [
        652,
        "cabinet"
    ],
    "804": [
        243,
        "shoe_case"
    ],
    "805": [
        130,
        "picture"
    ],
    "806": [
        356,
        "container"
    ],
    "808": [
        308,
        "smoke_detector"
    ]
}