{
    "1": [
        80,
        "shower_rail"
    ],
    "3": [
        335,
        "table"
    ],
    "4": [
        21,
        "decoration"
    ],
    "5": [
        39,
        "ceiling_lamp"
    ],
    "8": [
        411,
        "toilet"
    ],
    "9": [
        389,
        "kitchen_lower_cabinet"
    ],
    "11": [
        298,
        "table"
    ],
    "13": [
        193,
        "picture"
    ],
    "14": [
        342,
        "window_glass"
    ],
    "15": [
        169,
        "nightstand"
    ],
    "17": [
        131,
        "closet_shelving"
    ],
    "18": [
        390,
        "kitchen_lower_cabinet"
    ],
    "19": [
        77,
        "toilet_paper"
    ],
    "20": [
        340,
        "cabinet"
    ],
    "21": [
        52,
        "laptop"
    ],
    "26": [
        288,
        "desk"
    ],
    "28": [
        297,
        "wall_electronics"
    ],
    "30": [
        238,
        "bed"
    ],
    "31": [
        429,
        "ceiling_molding"
    ],
    "33": [
        386,
        "kitchen_lower_cabinet"
    ],
    "34": [
        248,
        "desk"
    ],
    "35": [
        382,
        "kitchen_cabinet"
    ],
    "36": [
        267,
        "decoration"
    ],
    "37": [
        409,
        "door"
    ],
    "38": [
        396,
        "ceiling_lamp"
    ],
    "40": [
        128,
        "clothes"
    ],
    "42": [
        387,
        "kitchen_lower_cabinet"
    ],
    "44": [
        246,
        "desk_chair"
    ],
    "45": [
        225,
        "picture"
    ],
    "48": [
        272,
        "pillow"
    ],
    "49": [
        237,
        "ceiling_molding"
    ],
    "50": [
        355,
        "cooker"
    ],
    "51": [
        250,
        "cup"
    ],
    "53": [
        125,
        "clothes"
    ],
    "54": [
        53,
        "keyboard"
    ],
    "55": [
        165,
        "window_curtain"
    ],
    "56": [
        287,
        "desk_chair"
    ],
    "58": [
        278,
        "cuddly_toy"
    ],
    "59": [
        236,
        "pillow"
    ],
    "60": [
        65,
        "door"
    ],
    "61": [
        15,
        "pillow"
    ],
    "63": [
        243,
        "board"
    ],
    "64": [
        284,
        "wardrobe"
    ],
    "65": [
        233,
        "rug"
    ],
    "68": [
        231,
        "door"
    ],
    "74": [
        330,
        "bowl_of_fruits"
    ],
    "75": [
        73,
        "air_conditioning"
    ],
    "76": [
        412,
        "trash_can"
    ],
    "77": [
        383,
        "kitchen_cabinet"
    ],
    "78": [
        63,
        "ceiling_molding"
    ],
    "79": [
        417,
        "table"
    ],
    "82": [
        313,
        "couch"
    ],
    "84": [
        66,
        "mirror"
    ],
    "86": [
        120,
        "clothes"
    ],
    "89": [
        259,
        "cup"
    ],
    "90": [
        164,
        "window_curtain"
    ],
    "91": [
        102,
        "weight"
    ],
    "95": [
        420,
        "cosmetics"
    ],
    "97": [
        280,
        "bed"
    ],
    "102": [
        328,
        "decorative_plant"
    ],
    "103": [
        402,
        "bathroom_towel"
    ],
    "106": [
        329,
        "speaker"
    ],
    "107": [
        352,
        "sink"
    ],
    "108": [
        351,
        "kitchen_appliance"
    ],
    "113": [
        3,
        "ceiling_lamp"
    ],
    "115": [
        391,
        "kitchen_lower_cabinet"
    ],
    "117": [
        121,
        "clothes"
    ],
    "118": [
        2,
        "ceiling_lamp"
    ],
    "121": [
        187,
        "telephone"
    ],
    "123": [
        408,
        "air_conditioning"
    ],
    "124": [
        43,
        "door"
    ],
    "125": [
        178,
        "nightstand"
    ],
    "128": [
        69,
        "cosmetic"
    ],
    "130": [
        79,
        "bath_towel"
    ],
    "131": [
        435,
        "door"
    ],
    "133": [
        194,
        "picture"
    ],
    "135": [
        290,
        "window_curtain"
    ],
    "136": [
        256,
        "cup"
    ],
    "137": [
        410,
        "toilet_brush_holder"
    ],
    "138": [
        130,
        "boxes"
    ],
    "139": [
        26,
        "window_glass"
    ],
    "140": [
        68,
        "bouquet"
    ],
    "143": [
        312,
        "wall_electronics"
    ],
    "145": [
        14,
        "pillow"
    ],
    "146": [
        253,
        "cup"
    ],
    "147": [
        301,
        "ceiling_lamp"
    ],
    "148": [
        55,
        "chair"
    ],
    "152": [
        385,
        "kitchen_cabinet"
    ],
    "153": [
        247,
        "clutter"
    ],
    "154": [
        195,
        "picture"
    ],
    "156": [
        345,
        "blinds"
    ],
    "158": [
        58,
        "chair"
    ],
    "164": [
        444,
        "clothes"
    ],
    "165": [
        76,
        "toilet"
    ],
    "168": [
        433,
        "air_conditioning"
    ],
    "169": [
        336,
        "box"
    ],
    "171": [
        353,
        "door"
    ],
    "174": [
        361,
        "oven"
    ],
    "181": [
        189,
        "picture"
    ],
    "183": [
        28,
        "air_conditioning"
    ],
    "185": [
        82,
        "shower_curtain"
    ],
    "186": [
        113,
        "clothes"
    ],
    "190": [
        401,
        "frame"
    ],
    "191": [
        71,
        "bathroom_towel"
    ],
    "194": [
        394,
        "window_curtain"
    ],
    "195": [
        276,
        "cuddly_toy"
    ],
    "196": [
        251,
        "cup"
    ],
    "197": [
        249,
        "shelf_clutter"
    ],
    "198": [
        418,
        "faucet"
    ],
    "199": [
        348,
        "ceiling_molding"
    ],
    "201": [
        30,
        "glass"
    ],
    "202": [
        74,
        "bidet"
    ],
    "204": [
        122,
        "clothes"
    ],
    "205": [
        393,
        "window_curtain"
    ],
    "206": [
        358,
        "door"
    ],
    "207": [
        257,
        "cup"
    ],
    "208": [
        154,
        "window"
    ],
    "209": [
        138,
        "closet_area_for_hanging_clothes"
    ],
    "211": [
        158,
        "ceiling_molding"
    ],
    "213": [
        192,
        "tray"
    ],
    "214": [
        13,
        "tv_stand"
    ],
    "215": [
        123,
        "hanging_clothes"
    ],
    "216": [
        331,
        "chair"
    ],
    "217": [
        140,
        "ceiling_lamp"
    ],
    "221": [
        443,
        "paper"
    ],
    "222": [
        196,
        "picture"
    ],
    "225": [
        10,
        "rug"
    ],
    "226": [
        108,
        "ceiling_molding"
    ],
    "231": [
        106,
        "ceiling_lamp"
    ],
    "232": [
        273,
        "pillow"
    ],
    "234": [
        213,
        "mirror"
    ],
    "235": [
        148,
        "pillow"
    ],
    "236": [
        431,
        "bathroom_shelf"
    ],
    "238": [
        293,
        "bin"
    ],
    "239": [
        220,
        "ceiling_lamp"
    ],
    "241": [
        254,
        "cup"
    ],
    "242": [
        18,
        "electrical_controller"
    ],
    "245": [
        392,
        "kitchen_top"
    ],
    "249": [
        275,
        "cuddly_toy"
    ],
    "250": [
        119,
        "clothes"
    ],
    "251": [
        75,
        "trash_can"
    ],
    "252": [
        279,
        "bed_sheet"
    ],
    "253": [
        296,
        "stool"
    ],
    "254": [
        49,
        "blanket"
    ],
    "256": [
        205,
        "door"
    ],
    "258": [
        182,
        "ceiling_molding"
    ],
    "259": [
        252,
        "cup"
    ],
    "260": [
        144,
        "chest_of_drawers"
    ],
    "261": [
        81,
        "showerhead"
    ],
    "262": [
        263,
        "ceiling_lamp"
    ],
    "266": [
        152,
        "rug"
    ],
    "267": [
        224,
        "picture"
    ],
    "269": [
        141,
        "tv"
    ],
    "270": [
        143,
        "picture"
    ],
    "271": [
        258,
        "cup"
    ],
    "272": [
        302,
        "air_conditioning"
    ],
    "273": [
        72,
        "sink_cabinet"
    ],
    "274": [
        191,
        "picture"
    ],
    "275": [
        332,
        "chair"
    ],
    "276": [
        199,
        "cabinet"
    ],
    "277": [
        356,
        "refrigerator"
    ],
    "279": [
        59,
        "table"
    ],
    "281": [
        271,
        "board"
    ],
    "283": [
        423,
        "bathtub"
    ],
    "284": [
        384,
        "kitchen_cabinet"
    ],
    "285": [
        212,
        "picture"
    ],
    "287": [
        137,
        "clothes"
    ],
    "289": [
        156,
        "door"
    ],
    "290": [
        56,
        "chair"
    ],
    "291": [
        177,
        "flowerpot"
    ],
    "292": [
        17,
        "pillow"
    ],
    "293": [
        146,
        "pillow"
    ],
    "294": [
        337,
        "picture"
    ],
    "296": [
        44,
        "window_glass"
    ],
    "297": [
        232,
        "bean_bag_chair"
    ],
    "299": [
        359,
        "door"
    ],
    "300": [
        439,
        "window"
    ],
    "301": [
        255,
        "cup"
    ],
    "302": [
        364,
        "kitchen_appliance"
    ],
    "305": [
        109,
        "curtain"
    ],
    "306": [
        78,
        "bathrobe"
    ],
    "307": [
        413,
        "bathroom_shelf"
    ],
    "308": [
        350,
        "ceiling_lamp"
    ],
    "310": [
        12,
        "control"
    ],
    "311": [
        245,
        "tablet"
    ],
    "312": [
        153,
        "rug"
    ],
    "314": [
        260,
        "shelf"
    ],
    "315": [
        334,
        "chair"
    ],
    "316": [
        338,
        "casket"
    ],
    "317": [
        270,
        "paper"
    ],
    "319": [
        103,
        "rug"
    ],
    "320": [
        403,
        "sink_cabinet"
    ],
    "321": [
        363,
        "kitchen_extractor"
    ],
    "322": [
        62,
        "ceiling_lamp"
    ],
    "323": [
        416,
        "decorative_plant"
    ],
    "325": [
        347,
        "rack"
    ],
    "326": [
        5,
        "window_glass"
    ],
    "328": [
        339,
        "cabinet_clutter"
    ],
    "331": [
        24,
        "sofa_seat"
    ],
    "332": [
        311,
        "picture"
    ],
    "336": [
        419,
        "cosmetics"
    ],
    "339": [
        124,
        "hanging_clothes"
    ],
    "340": [
        136,
        "clothes"
    ],
    "342": [
        47,
        "chest_of_drawers"
    ],
    "344": [
        415,
        "bathrobe"
    ],
    "347": [
        48,
        "blanket"
    ],
    "349": [
        155,
        "bed"
    ],
    "350": [
        228,
        "wardrobe"
    ],
    "356": [
        314,
        "blanket"
    ],
    "358": [
        166,
        "chair"
    ],
    "359": [
        211,
        "picture"
    ],
    "360": [
        132,
        "clothes"
    ],
    "363": [
        242,
        "blinds"
    ],
    "365": [
        388,
        "kitchen_lower_cabinet"
    ],
    "367": [
        60,
        "ceiling_molding"
    ],
    "368": [
        291,
        "window_curtain"
    ],
    "369": [
        277,
        "cuddly_toy"
    ],
    "370": [
        286,
        "wardrobe"
    ],
    "371": [
        407,
        "toilet_paper"
    ],
    "372": [
        310,
        "tv"
    ],
    "378": [
        299,
        "ceiling_molding"
    ],
    "381": [
        16,
        "pillow"
    ],
    "383": [
        346,
        "blinds"
    ],
    "385": [
        230,
        "wardrobe"
    ],
    "386": [
        126,
        "clothes"
    ],
    "387": [
        362,
        "microwave"
    ],
    "388": [
        67,
        "flower_vase"
    ],
    "389": [
        349,
        "ceiling_lamp"
    ],
    "396": [
        235,
        "pillow"
    ],
    "397": [
        285,
        "wardrobe"
    ],
    "398": [
        333,
        "chair"
    ],
    "399": [
        229,
        "wardrobe"
    ],
    "402": [
        234,
        "bed_table"
    ],
    "403": [
        430,
        "bathrobe"
    ],
    "404": [
        51,
        "desk_chair"
    ],
    "405": [
        274,
        "pillow"
    ],
    "408": [
        54,
        "chair"
    ],
    "410": [
        281,
        "rug"
    ],
    "415": [
        127,
        "clothes"
    ],
    "416": [
        432,
        "ceiling_lamp"
    ],
    "417": [
        110,
        "curtain_rod"
    ],
    "418": [
        57,
        "chair"
    ],
    "421": [
        20,
        "headphones"
    ],
    "423": [
        19,
        "case"
    ],
    "424": [
        341,
        "window_glass"
    ],
    "425": [
        23,
        "sofa_seat"
    ],
    "428": [
        25,
        "pouffe"
    ],
    "429": [
        133,
        "hanging_clothes"
    ],
    "430": [
        266,
        "decoration"
    ],
    "432": [
        295,
        "door"
    ],
    "433": [
        218,
        "ceiling_molding"
    ],
    "434": [
        269,
        "decoration"
    ],
    "435": [
        414,
        "window"
    ],
    "438": [
        134,
        "hanging_clothes"
    ],
    "443": [
        240,
        "window_glass"
    ],
    "445": [
        129,
        "closet_area_for_hanging_clothes"
    ]
}