{
    "2": [
        557,
        "tap"
    ],
    "3": [
        444,
        "speaker"
    ],
    "5": [
        561,
        "tablet"
    ],
    "8": [
        225,
        "box"
    ],
    "9": [
        481,
        "picture"
    ],
    "11": [
        434,
        "box"
    ],
    "14": [
        623,
        "lamp"
    ],
    "15": [
        541,
        "pot"
    ],
    "16": [
        631,
        "toilet_paper"
    ],
    "20": [
        224,
        "box"
    ],
    "21": [
        769,
        "pillow"
    ],
    "23": [
        529,
        "window"
    ],
    "24": [
        106,
        "case"
    ],
    "25": [
        61,
        "rug"
    ],
    "26": [
        592,
        "towel"
    ],
    "27": [
        394,
        "picture"
    ],
    "28": [
        117,
        "bag"
    ],
    "30": [
        589,
        "cabinet"
    ],
    "35": [
        751,
        "pitcher"
    ],
    "37": [
        243,
        "blanket"
    ],
    "38": [
        20,
        "cup"
    ],
    "39": [
        154,
        "door"
    ],
    "41": [
        205,
        "lamp"
    ],
    "42": [
        591,
        "cabinet"
    ],
    "44": [
        450,
        "fireplace_utensil"
    ],
    "45": [
        233,
        "box"
    ],
    "47": [
        836,
        "fire_alarm"
    ],
    "48": [
        712,
        "box"
    ],
    "49": [
        12,
        "tap"
    ],
    "50": [
        804,
        "figure"
    ],
    "51": [
        742,
        "box"
    ],
    "52": [
        532,
        "table"
    ],
    "55": [
        800,
        "bouquet"
    ],
    "56": [
        714,
        "towel"
    ],
    "57": [
        174,
        "rug"
    ],
    "58": [
        306,
        "picture"
    ],
    "59": [
        29,
        "window"
    ],
    "60": [
        141,
        "door"
    ],
    "61": [
        508,
        "figure"
    ],
    "62": [
        405,
        "stack_of_papers"
    ],
    "63": [
        593,
        "refrigerator"
    ],
    "64": [
        629,
        "tap"
    ],
    "65": [
        543,
        "pot"
    ],
    "66": [
        89,
        "table"
    ],
    "69": [
        665,
        "cabinet"
    ],
    "70": [
        256,
        "cabinet"
    ],
    "72": [
        701,
        "box"
    ],
    "73": [
        462,
        "shelf"
    ],
    "74": [
        110,
        "book"
    ],
    "75": [
        105,
        "case"
    ],
    "77": [
        710,
        "box"
    ],
    "78": [
        814,
        "curtain"
    ],
    "80": [
        495,
        "picture"
    ],
    "81": [
        461,
        "closet"
    ],
    "82": [
        680,
        "towel_bar"
    ],
    "84": [
        340,
        "shoe"
    ],
    "85": [
        76,
        "fan"
    ],
    "86": [
        15,
        "box"
    ],
    "87": [
        582,
        "cabinet"
    ],
    "90": [
        737,
        "book"
    ],
    "92": [
        171,
        "flower"
    ],
    "95": [
        818,
        "ornament"
    ],
    "96": [
        732,
        "box"
    ],
    "99": [
        345,
        "storage_shelving"
    ],
    "100": [
        760,
        "lamp"
    ],
    "103": [
        18,
        "sink"
    ],
    "104": [
        95,
        "picture"
    ],
    "105": [
        163,
        "towel"
    ],
    "107": [
        735,
        "box"
    ],
    "108": [
        49,
        "picture"
    ],
    "109": [
        509,
        "basket"
    ],
    "110": [
        780,
        "cabinet"
    ],
    "113": [
        371,
        "box"
    ],
    "114": [
        166,
        "sink"
    ],
    "115": [
        520,
        "holy_cross"
    ],
    "118": [
        496,
        "curtain"
    ],
    "119": [
        782,
        "clock"
    ],
    "120": [
        807,
        "curtain"
    ],
    "122": [
        781,
        "cabinet"
    ],
    "123": [
        441,
        "tv"
    ],
    "124": [
        805,
        "figure"
    ],
    "125": [
        660,
        "window"
    ],
    "126": [
        186,
        "clothes_hanger"
    ],
    "128": [
        363,
        "rug"
    ],
    "129": [
        249,
        "picture"
    ],
    "131": [
        400,
        "desk"
    ],
    "133": [
        231,
        "box"
    ],
    "136": [
        82,
        "bag"
    ],
    "137": [
        130,
        "window"
    ],
    "138": [
        194,
        "laundry_basket"
    ],
    "139": [
        480,
        "ornament"
    ],
    "140": [
        813,
        "window"
    ],
    "142": [
        610,
        "picture"
    ],
    "145": [
        188,
        "shelf"
    ],
    "146": [
        775,
        "radio"
    ],
    "147": [
        725,
        "box"
    ],
    "149": [
        774,
        "pillow"
    ],
    "151": [
        607,
        "picture"
    ],
    "152": [
        310,
        "vase"
    ],
    "153": [
        431,
        "picture"
    ],
    "154": [
        590,
        "cabinet"
    ],
    "155": [
        398,
        "picture"
    ],
    "157": [
        14,
        "cup"
    ],
    "159": [
        526,
        "cabinet"
    ],
    "161": [
        739,
        "box"
    ],
    "162": [
        229,
        "bag"
    ],
    "163": [
        531,
        "kitchen_island"
    ],
    "167": [
        786,
        "basket"
    ],
    "168": [
        230,
        "bag"
    ],
    "170": [
        447,
        "fireplace"
    ],
    "171": [
        3,
        "curtain"
    ],
    "172": [
        16,
        "cosmetics"
    ],
    "174": [
        569,
        "dishwasher"
    ],
    "176": [
        649,
        "lamp"
    ],
    "177": [
        134,
        "doll"
    ],
    "180": [
        237,
        "bag"
    ],
    "182": [
        741,
        "box"
    ],
    "183": [
        548,
        "pot"
    ],
    "185": [
        8,
        "lamp"
    ],
    "186": [
        122,
        "box"
    ],
    "187": [
        48,
        "picture"
    ],
    "188": [
        619,
        "hanger"
    ],
    "191": [
        540,
        "lamp"
    ],
    "193": [
        197,
        "laundry_basket"
    ],
    "194": [
        364,
        "rug"
    ],
    "195": [
        333,
        "ornament"
    ],
    "196": [
        193,
        "laundry_basket"
    ],
    "197": [
        44,
        "door"
    ],
    "199": [
        643,
        "door"
    ],
    "202": [
        102,
        "box"
    ],
    "203": [
        550,
        "pot"
    ],
    "204": [
        785,
        "lamp"
    ],
    "205": [
        248,
        "box"
    ],
    "206": [
        410,
        "trashcan"
    ],
    "207": [
        445,
        "basket"
    ],
    "208": [
        347,
        "cabinet"
    ],
    "210": [
        334,
        "shoe"
    ],
    "211": [
        126,
        "door"
    ],
    "212": [
        161,
        "picture"
    ],
    "214": [
        181,
        "window"
    ],
    "216": [
        83,
        "bag"
    ],
    "218": [
        244,
        "box"
    ],
    "219": [
        456,
        "figure"
    ],
    "220": [
        184,
        "cabinet"
    ],
    "222": [
        533,
        "chair"
    ],
    "224": [
        88,
        "monitor"
    ],
    "225": [
        647,
        "fire_alarm"
    ],
    "226": [
        303,
        "picture"
    ],
    "227": [
        63,
        "rug"
    ],
    "228": [
        355,
        "alarm"
    ],
    "229": [
        599,
        "rug"
    ],
    "230": [
        271,
        "rug"
    ],
    "231": [
        370,
        "box"
    ],
    "234": [
        695,
        "lamp"
    ],
    "236": [
        128,
        "fire_alarm"
    ],
    "237": [
        359,
        "picture"
    ],
    "238": [
        305,
        "picture"
    ],
    "239": [
        571,
        "cabinet"
    ],
    "240": [
        552,
        "hanger"
    ],
    "241": [
        705,
        "box"
    ],
    "242": [
        522,
        "ornament"
    ],
    "244": [
        790,
        "cabinet"
    ],
    "245": [
        343,
        "shoe"
    ],
    "246": [
        626,
        "cabinet"
    ],
    "247": [
        621,
        "towel"
    ],
    "250": [
        594,
        "trashcan"
    ],
    "251": [
        92,
        "trashcan"
    ],
    "252": [
        798,
        "dresser"
    ],
    "254": [
        245,
        "box"
    ],
    "255": [
        816,
        "picture"
    ],
    "256": [
        426,
        "closet"
    ],
    "257": [
        728,
        "box"
    ],
    "259": [
        387,
        "box"
    ],
    "260": [
        258,
        "toilet"
    ],
    "264": [
        439,
        "pouffe"
    ],
    "265": [
        707,
        "box"
    ],
    "266": [
        689,
        "toilet"
    ],
    "267": [
        702,
        "box"
    ],
    "268": [
        606,
        "window"
    ],
    "269": [
        762,
        "lamp"
    ],
    "270": [
        263,
        "towel_bar"
    ],
    "272": [
        703,
        "box"
    ],
    "273": [
        767,
        "bed"
    ],
    "274": [
        228,
        "box"
    ],
    "275": [
        580,
        "closet"
    ],
    "277": [
        169,
        "soap_dispenser"
    ],
    "278": [
        377,
        "bag"
    ],
    "279": [
        53,
        "toilet_brush"
    ],
    "280": [
        167,
        "cup"
    ],
    "281": [
        768,
        "pillow"
    ],
    "283": [
        94,
        "door"
    ],
    "285": [
        56,
        "tissue_box"
    ],
    "286": [
        246,
        "box"
    ],
    "289": [
        794,
        "casket"
    ],
    "290": [
        449,
        "candle"
    ],
    "291": [
        655,
        "lamp"
    ],
    "292": [
        792,
        "door"
    ],
    "295": [
        525,
        "window"
    ],
    "296": [
        60,
        "rug"
    ],
    "298": [
        581,
        "cabinet"
    ],
    "299": [
        379,
        "box"
    ],
    "300": [
        819,
        "window"
    ],
    "301": [
        279,
        "cabinet"
    ],
    "302": [
        338,
        "shoe"
    ],
    "303": [
        720,
        "box"
    ],
    "304": [
        98,
        "office_chair"
    ],
    "305": [
        247,
        "box"
    ],
    "306": [
        339,
        "shoe"
    ],
    "307": [
        236,
        "pc_tower"
    ],
    "308": [
        542,
        "pot"
    ],
    "310": [
        628,
        "towel"
    ],
    "311": [
        11,
        "sink"
    ],
    "312": [
        697,
        "rack"
    ],
    "313": [
        773,
        "pillow"
    ],
    "314": [
        280,
        "bouquet"
    ],
    "315": [
        357,
        "picture"
    ],
    "317": [
        729,
        "box"
    ],
    "318": [
        351,
        "door"
    ],
    "320": [
        238,
        "bag"
    ],
    "321": [
        828,
        "picture"
    ],
    "322": [
        285,
        "picture"
    ],
    "324": [
        290,
        "fire_alarm"
    ],
    "325": [
        265,
        "bath"
    ],
    "326": [
        329,
        "picture"
    ],
    "327": [
        459,
        "picture"
    ],
    "330": [
        731,
        "box"
    ],
    "334": [
        165,
        "cabinet"
    ],
    "335": [
        574,
        "stove"
    ],
    "336": [
        136,
        "bed"
    ],
    "337": [
        784,
        "closet"
    ],
    "341": [
        168,
        "tap"
    ],
    "342": [
        777,
        "telephone"
    ],
    "343": [
        223,
        "fan"
    ],
    "344": [
        471,
        "picture"
    ],
    "345": [
        821,
        "control_panel"
    ],
    "346": [
        10,
        "cabinet"
    ],
    "349": [
        36,
        "flower"
    ],
    "350": [
        264,
        "curtain"
    ],
    "351": [
        802,
        "shelf"
    ],
    "352": [
        336,
        "shoe"
    ],
    "357": [
        523,
        "ornament"
    ],
    "358": [
        419,
        "ornament"
    ],
    "359": [
        214,
        "window"
    ],
    "360": [
        373,
        "box"
    ],
    "361": [
        401,
        "rack"
    ],
    "363": [
        832,
        "door"
    ],
    "364": [
        2,
        "window"
    ],
    "367": [
        718,
        "picture"
    ],
    "368": [
        772,
        "pillow"
    ],
    "369": [
        120,
        "box"
    ],
    "370": [
        319,
        "basket"
    ],
    "371": [
        376,
        "bag"
    ],
    "372": [
        103,
        "box"
    ],
    "375": [
        414,
        "bag"
    ],
    "376": [
        448,
        "basket"
    ],
    "377": [
        438,
        "armchair"
    ],
    "378": [
        142,
        "door"
    ],
    "379": [
        730,
        "box"
    ],
    "382": [
        389,
        "rack"
    ],
    "383": [
        97,
        "desk"
    ],
    "384": [
        473,
        "ornament"
    ],
    "386": [
        358,
        "picture"
    ],
    "388": [
        733,
        "box"
    ],
    "390": [
        123,
        "rack"
    ],
    "392": [
        316,
        "door"
    ],
    "393": [
        488,
        "cabinet"
    ],
    "395": [
        600,
        "rug"
    ],
    "398": [
        771,
        "pillow"
    ],
    "400": [
        13,
        "liquid_soap"
    ],
    "401": [
        9,
        "lamp"
    ],
    "403": [
        335,
        "shoe"
    ],
    "405": [
        7,
        "mirror"
    ],
    "406": [
        484,
        "lamp"
    ],
    "408": [
        724,
        "box"
    ],
    "409": [
        558,
        "flower"
    ],
    "411": [
        267,
        "bottle_of_detergent"
    ],
    "412": [
        145,
        "fan"
    ],
    "414": [
        485,
        "couch"
    ],
    "415": [
        464,
        "picture"
    ],
    "417": [
        304,
        "picture"
    ],
    "418": [
        114,
        "box"
    ],
    "419": [
        317,
        "door"
    ],
    "422": [
        698,
        "rack"
    ],
    "423": [
        442,
        "cabinet"
    ],
    "424": [
        32,
        "shower_cabin"
    ],
    "425": [
        555,
        "table"
    ],
    "426": [
        111,
        "trashcan"
    ],
    "427": [
        750,
        "cabinet"
    ],
    "428": [
        307,
        "picture"
    ],
    "429": [
        806,
        "box"
    ],
    "430": [
        408,
        "box"
    ],
    "431": [
        157,
        "picture"
    ],
    "432": [
        207,
        "door"
    ],
    "434": [
        34,
        "tap"
    ],
    "435": [
        402,
        "basket"
    ],
    "436": [
        242,
        "bag"
    ],
    "437": [
        192,
        "washing_machine"
    ],
    "439": [
        390,
        "rack"
    ],
    "440": [
        116,
        "box"
    ],
    "441": [
        147,
        "fire_alarm"
    ],
    "442": [
        700,
        "sled"
    ],
    "445": [
        162,
        "towel_bar"
    ],
    "446": [
        706,
        "box"
    ],
    "448": [
        399,
        "picture"
    ],
    "449": [
        491,
        "cabinet"
    ],
    "451": [
        536,
        "chair"
    ],
    "452": [
        717,
        "box"
    ],
    "453": [
        344,
        "shelf"
    ],
    "455": [
        749,
        "box"
    ],
    "456": [
        583,
        "cabinet"
    ],
    "457": [
        190,
        "basket"
    ],
    "458": [
        614,
        "picture"
    ],
    "462": [
        314,
        "ornament"
    ],
    "463": [
        367,
        "food"
    ],
    "467": [
        239,
        "box"
    ],
    "468": [
        734,
        "basket"
    ],
    "469": [
        521,
        "ornament"
    ],
    "470": [
        84,
        "box"
    ],
    "471": [
        425,
        "bag"
    ],
    "473": [
        528,
        "cabinet"
    ],
    "474": [
        477,
        "ornament"
    ],
    "475": [
        551,
        "pot"
    ],
    "480": [
        506,
        "rug"
    ],
    "481": [
        766,
        "bar"
    ],
    "482": [
        530,
        "radio"
    ],
    "483": [
        272,
        "door"
    ],
    "484": [
        91,
        "office_chair"
    ],
    "486": [
        62,
        "rug"
    ],
    "489": [
        560,
        "liquid_soap"
    ],
    "490": [
        812,
        "picture"
    ],
    "491": [
        295,
        "lamp"
    ],
    "499": [
        232,
        "rack"
    ],
    "500": [
        429,
        "picture"
    ],
    "501": [
        27,
        "curtain"
    ],
    "503": [
        235,
        "rack"
    ],
    "504": [
        409,
        "bag"
    ],
    "505": [
        778,
        "lamp"
    ],
    "506": [
        788,
        "book"
    ],
    "509": [
        396,
        "picture"
    ],
    "510": [
        564,
        "paper_towel"
    ],
    "512": [
        366,
        "shoe"
    ],
    "513": [
        203,
        "step_stool"
    ],
    "514": [
        716,
        "box"
    ],
    "515": [
        757,
        "paper"
    ],
    "517": [
        617,
        "towel_bar"
    ],
    "518": [
        115,
        "bottle"
    ],
    "519": [
        109,
        "lamp"
    ],
    "526": [
        516,
        "door"
    ],
    "527": [
        482,
        "toy"
    ],
    "528": [
        803,
        "picture"
    ],
    "529": [
        611,
        "toilet_paper"
    ],
    "531": [
        602,
        "ornament"
    ],
    "532": [
        393,
        "picture"
    ],
    "533": [
        369,
        "picture"
    ],
    "535": [
        342,
        "shoe"
    ],
    "536": [
        286,
        "picture"
    ],
    "537": [
        839,
        "window"
    ],
    "538": [
        418,
        "ornament"
    ],
    "539": [
        573,
        "table"
    ],
    "540": [
        476,
        "wall_clock"
    ],
    "542": [
        227,
        "box"
    ],
    "544": [
        81,
        "bag"
    ],
    "546": [
        312,
        "railing"
    ],
    "547": [
        787,
        "book"
    ],
    "549": [
        158,
        "picture"
    ],
    "550": [
        719,
        "picture"
    ],
    "552": [
        388,
        "book_rack"
    ],
    "554": [
        308,
        "picture"
    ],
    "556": [
        55,
        "toilet"
    ],
    "557": [
        104,
        "box"
    ],
    "558": [
        59,
        "scale"
    ],
    "559": [
        284,
        "picture"
    ],
    "560": [
        457,
        "ornament"
    ],
    "561": [
        452,
        "flower"
    ],
    "563": [
        554,
        "pot"
    ],
    "564": [
        135,
        "box"
    ],
    "565": [
        535,
        "chair"
    ],
    "567": [
        196,
        "brush"
    ],
    "569": [
        176,
        "lamp"
    ],
    "570": [
        71,
        "lamp"
    ],
    "571": [
        616,
        "towel"
    ],
    "572": [
        241,
        "bag"
    ],
    "574": [
        727,
        "box"
    ],
    "576": [
        544,
        "pot"
    ],
    "577": [
        269,
        "sink"
    ],
    "578": [
        404,
        "stack_of_papers"
    ],
    "580": [
        632,
        "box_of_tissue"
    ],
    "581": [
        100,
        "art_frame"
    ],
    "582": [
        630,
        "cup"
    ],
    "583": [
        413,
        "tissue_box"
    ],
    "584": [
        567,
        "cabinet"
    ],
    "585": [
        99,
        "painting"
    ],
    "588": [
        39,
        "cabinet"
    ],
    "589": [
        615,
        "picture"
    ],
    "590": [
        352,
        "clothes_rack"
    ],
    "591": [
        119,
        "box"
    ],
    "592": [
        57,
        "toilet_paper"
    ],
    "593": [
        470,
        "pillow"
    ],
    "594": [
        318,
        "window"
    ],
    "595": [
        738,
        "box"
    ],
    "596": [
        415,
        "cabinet"
    ],
    "599": [
        799,
        "tv"
    ],
    "600": [
        666,
        "sink"
    ],
    "601": [
        85,
        "cardboard_box"
    ],
    "602": [
        185,
        "bottle_of_detergent"
    ],
    "605": [
        378,
        "box"
    ],
    "607": [
        268,
        "tap"
    ],
    "608": [
        713,
        "case"
    ],
    "609": [
        756,
        "paper"
    ],
    "610": [
        24,
        "picture"
    ],
    "613": [
        478,
        "shelf"
    ],
    "614": [
        283,
        "picture"
    ],
    "615": [
        748,
        "bag"
    ],
    "617": [
        50,
        "trash_can"
    ],
    "618": [
        723,
        "box"
    ],
    "619": [
        556,
        "sink"
    ],
    "620": [
        40,
        "laundry_basket"
    ],
    "621": [
        138,
        "pillow"
    ],
    "623": [
        627,
        "sink"
    ],
    "624": [
        497,
        "curtain"
    ],
    "626": [
        328,
        "picture"
    ],
    "629": [
        435,
        "rug"
    ],
    "630": [
        783,
        "figure"
    ],
    "631": [
        202,
        "rug"
    ],
    "634": [
        354,
        "door"
    ],
    "637": [
        215,
        "window"
    ],
    "639": [
        380,
        "box"
    ],
    "640": [
        451,
        "picture"
    ],
    "641": [
        831,
        "door"
    ],
    "642": [
        740,
        "box"
    ],
    "643": [
        365,
        "rug"
    ],
    "644": [
        685,
        "toilet_paper"
    ],
    "645": [
        498,
        "curtain"
    ],
    "646": [
        160,
        "lamp"
    ],
    "647": [
        801,
        "air_conditioner"
    ],
    "648": [
        837,
        "fan"
    ],
    "650": [
        6,
        "towel"
    ],
    "651": [
        493,
        "picture"
    ],
    "653": [
        257,
        "mirror"
    ],
    "654": [
        553,
        "pot"
    ],
    "655": [
        200,
        "door"
    ],
    "658": [
        395,
        "picture"
    ],
    "659": [
        479,
        "ornament"
    ],
    "660": [
        565,
        "coffee_machine"
    ],
    "661": [
        216,
        "window"
    ],
    "662": [
        779,
        "picture"
    ],
    "663": [
        80,
        "window"
    ],
    "665": [
        824,
        "wall_clock"
    ],
    "666": [
        578,
        "toaster"
    ],
    "667": [
        139,
        "picture"
    ],
    "669": [
        636,
        "trashcan"
    ],
    "670": [
        96,
        "basket"
    ],
    "672": [
        131,
        "picture"
    ],
    "674": [
        90,
        "keyboard"
    ],
    "675": [
        22,
        "towel"
    ],
    "676": [
        118,
        "box"
    ],
    "677": [
        282,
        "picture"
    ],
    "678": [
        635,
        "rug"
    ],
    "680": [
        489,
        "lamp"
    ],
    "683": [
        711,
        "box"
    ],
    "684": [
        527,
        "cabinet"
    ],
    "685": [
        490,
        "armchair"
    ],
    "686": [
        577,
        "bag"
    ],
    "689": [
        736,
        "book"
    ],
    "690": [
        745,
        "door"
    ],
    "691": [
        222,
        "fan"
    ],
    "692": [
        65,
        "door"
    ],
    "693": [
        810,
        "picture"
    ],
    "694": [
        721,
        "brush"
    ],
    "695": [
        397,
        "picture"
    ],
    "698": [
        226,
        "box"
    ],
    "699": [
        633,
        "toilet"
    ],
    "700": [
        645,
        "lamp"
    ],
    "704": [
        208,
        "door"
    ],
    "705": [
        33,
        "bath"
    ],
    "706": [
        152,
        "shower_cabin"
    ],
    "707": [
        549,
        "pot"
    ],
    "710": [
        17,
        "shelf"
    ],
    "712": [
        87,
        "picture"
    ],
    "713": [
        121,
        "box"
    ],
    "716": [
        595,
        "bin"
    ],
    "717": [
        341,
        "shoe"
    ],
    "718": [
        704,
        "case"
    ],
    "720": [
        437,
        "lamp"
    ],
    "722": [
        360,
        "picture"
    ],
    "725": [
        221,
        "fire_alarm"
    ],
    "727": [
        77,
        "lamp"
    ],
    "728": [
        604,
        "door"
    ],
    "729": [
        313,
        "alarm"
    ],
    "730": [
        112,
        "box"
    ],
    "735": [
        708,
        "case"
    ],
    "737": [
        534,
        "chair"
    ],
    "738": [
        699,
        "box"
    ],
    "739": [
        465,
        "picture"
    ],
    "740": [
        159,
        "mirror"
    ],
    "741": [
        507,
        "toy"
    ],
    "743": [
        386,
        "box"
    ],
    "744": [
        826,
        "picture"
    ],
    "745": [
        54,
        "plunger"
    ],
    "746": [
        19,
        "tap"
    ],
    "747": [
        726,
        "box"
    ],
    "748": [
        381,
        "bag"
    ],
    "749": [
        124,
        "rack"
    ],
    "750": [
        346,
        "box"
    ],
    "753": [
        172,
        "basket"
    ],
    "754": [
        240,
        "picture"
    ],
    "755": [
        809,
        "picture"
    ],
    "756": [
        825,
        "picture"
    ],
    "757": [
        25,
        "picture"
    ],
    "758": [
        348,
        "cabinet"
    ],
    "759": [
        524,
        "window"
    ],
    "760": [
        811,
        "picture"
    ],
    "763": [
        266,
        "cabinet"
    ],
    "765": [
        52,
        "cabinet"
    ],
    "766": [
        213,
        "window"
    ],
    "768": [
        683,
        "lamp"
    ],
    "769": [
        722,
        "box"
    ],
    "771": [
        37,
        "picture"
    ],
    "772": [
        113,
        "box"
    ],
    "774": [
        559,
        "brush"
    ],
    "775": [
        446,
        "fireplace_wall"
    ],
    "777": [
        164,
        "toilet"
    ],
    "778": [
        625,
        "ornament"
    ],
    "779": [
        770,
        "pillow"
    ],
    "780": [
        586,
        "cabinet"
    ],
    "781": [
        776,
        "electrical_controller"
    ],
    "782": [
        391,
        "office_chair"
    ],
    "783": [
        829,
        "picture"
    ],
    "784": [
        455,
        "candle"
    ],
    "786": [
        588,
        "cabinet"
    ],
    "788": [
        440,
        "air_conditioner"
    ],
    "789": [
        793,
        "dressing_table"
    ],
    "790": [
        827,
        "picture"
    ],
    "791": [
        191,
        "washer"
    ],
    "793": [
        327,
        "rug"
    ],
    "795": [
        624,
        "mirror"
    ],
    "796": [
        568,
        "cabinet"
    ],
    "797": [
        648,
        "lamp"
    ],
    "798": [
        132,
        "picture"
    ],
    "799": [
        320,
        "umbrella"
    ],
    "800": [
        791,
        "ornament"
    ],
    "801": [
        183,
        "basket"
    ],
    "802": [
        372,
        "box"
    ],
    "804": [
        502,
        "chair"
    ],
    "805": [
        189,
        "basket"
    ],
    "806": [
        406,
        "stack_of_papers"
    ],
    "807": [
        511,
        "fan"
    ],
    "808": [
        101,
        "box"
    ],
    "809": [
        403,
        "stack_of_papers"
    ],
    "810": [
        293,
        "fire_alarm"
    ],
    "811": [
        500,
        "table"
    ],
    "814": [
        817,
        "ornament"
    ],
    "815": [
        620,
        "towel"
    ],
    "816": [
        789,
        "book"
    ],
    "819": [
        430,
        "picture"
    ],
    "821": [
        547,
        "pot"
    ],
    "822": [
        501,
        "tissue_box"
    ],
    "827": [
        337,
        "shoe"
    ],
    "831": [
        539,
        "basket"
    ],
    "832": [
        584,
        "microwave"
    ],
    "833": [
        420,
        "ornament"
    ],
    "834": [
        234,
        "box"
    ],
    "835": [
        483,
        "cabinet"
    ],
    "837": [
        747,
        "door"
    ],
    "838": [
        443,
        "speaker"
    ]
}