{
    "1": [
        14,
        "bed_stand"
    ],
    "4": [
        4,
        "laundry_basket"
    ],
    "5": [
        283,
        "coffee_machine"
    ],
    "6": [
        417,
        "container"
    ],
    "7": [
        372,
        "book"
    ],
    "10": [
        154,
        "shoe"
    ],
    "11": [
        499,
        "toy"
    ],
    "13": [
        379,
        "coffee_table"
    ],
    "14": [
        397,
        "heater"
    ],
    "16": [
        533,
        "clothes"
    ],
    "17": [
        328,
        "picture"
    ],
    "18": [
        230,
        "wardrobe"
    ],
    "20": [
        429,
        "firewood"
    ],
    "21": [
        415,
        "door"
    ],
    "22": [
        193,
        "heater"
    ],
    "23": [
        90,
        "sink_cabinet"
    ],
    "24": [
        100,
        "kitchen_cabinet"
    ],
    "29": [
        435,
        "decorative_bowl"
    ],
    "30": [
        55,
        "wall_hanging_decoration"
    ],
    "33": [
        546,
        "shelf"
    ],
    "34": [
        34,
        "cabinet"
    ],
    "35": [
        8,
        "heater"
    ],
    "36": [
        51,
        "wall_hanging_decoration"
    ],
    "38": [
        93,
        "table"
    ],
    "41": [
        54,
        "wall_hanging_decoration"
    ],
    "42": [
        344,
        "bar"
    ],
    "43": [
        430,
        "fire_pit"
    ],
    "44": [
        374,
        "book"
    ],
    "45": [
        642,
        "mirror"
    ],
    "46": [
        456,
        "picture"
    ],
    "47": [
        320,
        "kitchen_top"
    ],
    "50": [
        503,
        "picture"
    ],
    "51": [
        555,
        "clothes"
    ],
    "52": [
        75,
        "doormat"
    ],
    "53": [
        281,
        "cutting_board"
    ],
    "54": [
        377,
        "picture"
    ],
    "55": [
        42,
        "rug"
    ],
    "56": [
        52,
        "wall_hanging_decoration"
    ],
    "57": [
        322,
        "window"
    ],
    "59": [
        599,
        "heater"
    ],
    "60": [
        33,
        "book"
    ],
    "62": [
        633,
        "picture"
    ],
    "65": [
        444,
        "decorative_plate"
    ],
    "67": [
        286,
        "wall_board"
    ],
    "69": [
        67,
        "bookshelf"
    ],
    "71": [
        364,
        "picture"
    ],
    "72": [
        74,
        "doormat"
    ],
    "78": [
        559,
        "heater"
    ],
    "79": [
        488,
        "rug"
    ],
    "80": [
        635,
        "picture"
    ],
    "84": [
        593,
        "lamp"
    ],
    "86": [
        64,
        "book"
    ],
    "87": [
        86,
        "bowl"
    ],
    "88": [
        391,
        "picture"
    ],
    "89": [
        155,
        "rack"
    ],
    "91": [
        179,
        "bathroom_towel"
    ],
    "92": [
        292,
        "oven_and_stove"
    ],
    "93": [
        227,
        "door"
    ],
    "95": [
        153,
        "shoe"
    ],
    "100": [
        59,
        "vase"
    ],
    "101": [
        346,
        "bar"
    ],
    "102": [
        368,
        "pillow"
    ],
    "103": [
        266,
        "bar"
    ],
    "104": [
        110,
        "kitchen_appliance"
    ],
    "110": [
        361,
        "picture"
    ],
    "112": [
        506,
        "hanger"
    ],
    "113": [
        342,
        "bar"
    ],
    "115": [
        521,
        "shower_hose_head"
    ],
    "117": [
        327,
        "lamp"
    ],
    "119": [
        37,
        "book"
    ],
    "120": [
        519,
        "bathroom_cabinet"
    ],
    "121": [
        551,
        "clothes"
    ],
    "122": [
        619,
        "door"
    ],
    "124": [
        586,
        "wall_hanging_decoration"
    ],
    "128": [
        263,
        "bar"
    ],
    "129": [
        431,
        "fire_screen"
    ],
    "130": [
        601,
        "bed_stand"
    ],
    "133": [
        442,
        "decorative_plate"
    ],
    "134": [
        15,
        "decoration"
    ],
    "136": [
        498,
        "toy"
    ],
    "138": [
        400,
        "window"
    ],
    "141": [
        256,
        "rug"
    ],
    "142": [
        267,
        "bar"
    ],
    "143": [
        188,
        "shower_tub"
    ],
    "144": [
        69,
        "wall_clock"
    ],
    "146": [
        348,
        "pillar"
    ],
    "147": [
        339,
        "bar"
    ],
    "149": [
        517,
        "bathroom_utensil"
    ],
    "150": [
        81,
        "window"
    ],
    "151": [
        46,
        "chair"
    ],
    "152": [
        257,
        "rug"
    ],
    "153": [
        405,
        "chair"
    ],
    "154": [
        369,
        "pillow"
    ],
    "155": [
        568,
        "bed_stand"
    ],
    "158": [
        317,
        "kitchen_appliance"
    ],
    "162": [
        316,
        "kitchen_utensil"
    ],
    "163": [
        457,
        "bar"
    ],
    "165": [
        313,
        "kitchen_cabinet"
    ],
    "167": [
        446,
        "decorative_plate"
    ],
    "168": [
        120,
        "vacuum_cleaner"
    ],
    "170": [
        278,
        "cloth"
    ],
    "172": [
        84,
        "kitchen_appliance"
    ],
    "173": [
        312,
        "sink"
    ],
    "174": [
        554,
        "clothes"
    ],
    "176": [
        526,
        "lamp"
    ],
    "177": [
        204,
        "picture"
    ],
    "179": [
        249,
        "rug"
    ],
    "180": [
        610,
        "door"
    ],
    "182": [
        373,
        "book"
    ],
    "183": [
        550,
        "clutter"
    ],
    "184": [
        589,
        "picture"
    ],
    "185": [
        386,
        "rug"
    ],
    "186": [
        319,
        "kitchen_wall"
    ],
    "189": [
        387,
        "window"
    ],
    "191": [
        553,
        "clothes"
    ],
    "192": [
        11,
        "door"
    ],
    "193": [
        363,
        "picture"
    ],
    "197": [
        314,
        "kitchen_cabinet"
    ],
    "198": [
        89,
        "liquid_soap"
    ],
    "200": [
        558,
        "picture"
    ],
    "201": [
        378,
        "lamp"
    ],
    "202": [
        450,
        "cup"
    ],
    "204": [
        22,
        "pillow"
    ],
    "207": [
        616,
        "balcony"
    ],
    "208": [
        356,
        "picture"
    ],
    "210": [
        53,
        "wall_hanging_decoration"
    ],
    "213": [
        407,
        "chair"
    ],
    "215": [
        423,
        "candle_holder"
    ],
    "217": [
        111,
        "kitchen_appliance"
    ],
    "218": [
        590,
        "picture"
    ],
    "221": [
        508,
        "sink"
    ],
    "222": [
        162,
        "door"
    ],
    "223": [
        208,
        "book"
    ],
    "225": [
        452,
        "lamp"
    ],
    "226": [
        270,
        "lamp"
    ],
    "227": [
        362,
        "picture"
    ],
    "228": [
        234,
        "picture"
    ],
    "229": [
        413,
        "door"
    ],
    "230": [
        649,
        "lamp"
    ],
    "231": [
        209,
        "book"
    ],
    "233": [
        19,
        "pillow"
    ],
    "234": [
        542,
        "clothes"
    ],
    "236": [
        166,
        "door"
    ],
    "237": [
        122,
        "door_stopper"
    ],
    "238": [
        190,
        "bathroom_shelf"
    ],
    "239": [
        119,
        "basket"
    ],
    "240": [
        563,
        "dresser"
    ],
    "241": [
        330,
        "doormat"
    ],
    "242": [
        39,
        "book"
    ],
    "244": [
        23,
        "pillow"
    ],
    "245": [
        106,
        "cloth"
    ],
    "248": [
        287,
        "kitchen_cabinet"
    ],
    "249": [
        505,
        "bath_towel"
    ],
    "250": [
        345,
        "bar"
    ],
    "251": [
        293,
        "oven_vent"
    ],
    "254": [
        425,
        "decoration"
    ],
    "255": [
        611,
        "curtain"
    ],
    "256": [
        224,
        "decoration"
    ],
    "257": [
        192,
        "sink"
    ],
    "258": [
        295,
        "kitchen_appliance"
    ],
    "259": [
        335,
        "wardrobe"
    ],
    "260": [
        56,
        "wall_hanging_decoration"
    ],
    "263": [
        441,
        "decorative_plate"
    ],
    "264": [
        261,
        "rug"
    ],
    "265": [
        409,
        "rug"
    ],
    "267": [
        113,
        "kitchen_appliance"
    ],
    "269": [
        264,
        "bar"
    ],
    "270": [
        538,
        "clothes"
    ],
    "271": [
        265,
        "bar"
    ],
    "276": [
        473,
        "window"
    ],
    "279": [
        76,
        "wall_board"
    ],
    "280": [
        515,
        "window"
    ],
    "281": [
        343,
        "bar"
    ],
    "282": [
        522,
        "shower_tap"
    ],
    "283": [
        219,
        "cabinet"
    ],
    "284": [
        380,
        "armchair"
    ],
    "285": [
        136,
        "vacuum_cleaner"
    ],
    "288": [
        172,
        "toilet_paper_dispenser"
    ],
    "290": [
        68,
        "lamp"
    ],
    "291": [
        252,
        "rug"
    ],
    "292": [
        194,
        "lamp"
    ],
    "294": [
        569,
        "bed_stand"
    ],
    "295": [
        396,
        "small_table_stand"
    ],
    "296": [
        438,
        "decorative_plate"
    ],
    "297": [
        570,
        "lamp"
    ],
    "299": [
        381,
        "blanket"
    ],
    "300": [
        454,
        "picture"
    ],
    "303": [
        291,
        "pitcher"
    ],
    "304": [
        7,
        "sofa_chair"
    ],
    "308": [
        210,
        "table"
    ],
    "309": [
        357,
        "picture"
    ],
    "312": [
        85,
        "kitchen_appliance"
    ],
    "315": [
        443,
        "decorative_plate"
    ],
    "317": [
        273,
        "basket_of_something"
    ],
    "320": [
        196,
        "mirror"
    ],
    "322": [
        218,
        "heater"
    ],
    "324": [
        629,
        "hanger"
    ],
    "325": [
        598,
        "armchair"
    ],
    "326": [
        310,
        "kitchen_cabinet"
    ],
    "328": [
        103,
        "cloth"
    ],
    "330": [
        10,
        "picture"
    ],
    "331": [
        50,
        "desk"
    ],
    "332": [
        392,
        "picture"
    ],
    "335": [
        552,
        "clothes"
    ],
    "337": [
        57,
        "wall_hanging_decoration"
    ],
    "339": [
        217,
        "couch"
    ],
    "341": [
        536,
        "clothes"
    ],
    "342": [
        347,
        "bar"
    ],
    "343": [
        124,
        "door"
    ],
    "344": [
        582,
        "door"
    ],
    "345": [
        440,
        "decorative_plate"
    ],
    "346": [
        45,
        "chair"
    ],
    "349": [
        170,
        "toilet"
    ],
    "353": [
        78,
        "door"
    ],
    "354": [
        3,
        "decoration"
    ],
    "355": [
        102,
        "kitchen_cabinet"
    ],
    "358": [
        38,
        "book"
    ],
    "360": [
        447,
        "decorative_plate"
    ],
    "361": [
        213,
        "pillow"
    ],
    "362": [
        584,
        "door"
    ],
    "367": [
        200,
        "lamp"
    ],
    "368": [
        247,
        "rug"
    ],
    "370": [
        428,
        "firewood_holder"
    ],
    "371": [
        389,
        "heater"
    ],
    "373": [
        300,
        "kitchen_cabinet"
    ],
    "374": [
        48,
        "radio"
    ],
    "375": [
        436,
        "decorative_bowl"
    ],
    "376": [
        87,
        "bowl"
    ],
    "379": [
        480,
        "picture"
    ],
    "383": [
        174,
        "toilet_brush"
    ],
    "384": [
        540,
        "clothes"
    ],
    "387": [
        549,
        "clutter"
    ],
    "388": [
        492,
        "bed"
    ],
    "390": [
        636,
        "picture"
    ],
    "394": [
        577,
        "wardrobe"
    ],
    "396": [
        18,
        "pillow"
    ],
    "397": [
        384,
        "lamp"
    ],
    "398": [
        445,
        "decorative_plate"
    ],
    "399": [
        109,
        "kitchen_appliance"
    ],
    "400": [
        359,
        "picture"
    ],
    "402": [
        606,
        "bed"
    ],
    "403": [
        631,
        "sink"
    ],
    "404": [
        467,
        "door"
    ],
    "405": [
        535,
        "hanger"
    ],
    "407": [
        565,
        "bed"
    ],
    "408": [
        437,
        "decorative_plate"
    ],
    "409": [
        66,
        "book"
    ],
    "410": [
        284,
        "basket_of_something"
    ],
    "412": [
        484,
        "picture"
    ],
    "416": [
        432,
        "fireplace"
    ],
    "418": [
        6,
        "hanging_clothes"
    ],
    "423": [
        254,
        "rug"
    ],
    "425": [
        462,
        "lamp"
    ],
    "426": [
        13,
        "lamp"
    ],
    "427": [
        530,
        "case"
    ],
    "428": [
        258,
        "rug"
    ],
    "429": [
        304,
        "kitchen_cabinet"
    ],
    "430": [
        449,
        "cup"
    ],
    "432": [
        490,
        "blanket"
    ],
    "434": [
        520,
        "bathtub"
    ],
    "435": [
        615,
        "balcony_railing"
    ],
    "438": [
        268,
        "picture"
    ],
    "439": [
        360,
        "picture"
    ],
    "440": [
        481,
        "wardrobe"
    ],
    "443": [
        524,
        "bathroom_art"
    ],
    "444": [
        294,
        "kitchen_appliance"
    ],
    "445": [
        101,
        "kitchen_cabinet"
    ],
    "447": [
        529,
        "case"
    ],
    "450": [
        20,
        "pillow"
    ],
    "454": [
        494,
        "window"
    ],
    "455": [
        112,
        "kitchen_appliance"
    ],
    "456": [
        424,
        "candle_holder"
    ],
    "457": [
        504,
        "heater"
    ],
    "458": [
        375,
        "bookshelf"
    ],
    "459": [
        299,
        "kitchen_cabinet"
    ],
    "460": [
        365,
        "table"
    ],
    "461": [
        406,
        "pillow"
    ],
    "466": [
        274,
        "bag"
    ],
    "469": [
        562,
        "mirror"
    ],
    "472": [
        411,
        "display_cabinet"
    ],
    "474": [
        5,
        "ironing_board"
    ],
    "476": [
        318,
        "kitchen_wall"
    ],
    "477": [
        581,
        "curtain"
    ],
    "478": [
        277,
        "cloth"
    ],
    "479": [
        370,
        "l"
    ],
    "480": [
        592,
        "dresser"
    ],
    "481": [
        206,
        "wall_hanging_decoration"
    ],
    "482": [
        352,
        "tv"
    ],
    "483": [
        250,
        "rug"
    ],
    "485": [
        315,
        "tap"
    ],
    "487": [
        253,
        "rug"
    ],
    "488": [
        340,
        "bar"
    ],
    "489": [
        543,
        "bag"
    ],
    "494": [
        232,
        "wardrobe"
    ],
    "496": [
        175,
        "hanger"
    ],
    "500": [
        248,
        "rug"
    ],
    "501": [
        518,
        "tray"
    ],
    "502": [
        262,
        "rug"
    ],
    "504": [
        65,
        "book"
    ],
    "505": [
        297,
        "kitchen_cabinet"
    ],
    "509": [
        585,
        "wardrobe"
    ],
    "510": [
        455,
        "picture"
    ],
    "511": [
        211,
        "pillow"
    ],
    "512": [
        612,
        "curtain"
    ],
    "513": [
        382,
        "armchair"
    ],
    "514": [
        216,
        "pillow"
    ],
    "515": [
        99,
        "kitchen_cabinet"
    ],
    "517": [
        25,
        "door"
    ],
    "520": [
        412,
        "rug"
    ],
    "522": [
        478,
        "door"
    ],
    "523": [
        296,
        "kitchen_appliance"
    ],
    "524": [
        534,
        "clothes"
    ],
    "525": [
        282,
        "cutting_board"
    ],
    "526": [
        88,
        "cloth"
    ],
    "527": [
        32,
        "book"
    ],
    "530": [
        114,
        "kitchen_appliance"
    ],
    "531": [
        239,
        "bar"
    ],
    "535": [
        532,
        "clothes"
    ],
    "536": [
        548,
        "clutter"
    ],
    "537": [
        600,
        "lamp"
    ],
    "538": [
        594,
        "bed_stand"
    ],
    "539": [
        401,
        "chair"
    ],
    "543": [
        105,
        "hanger"
    ],
    "545": [
        632,
        "wall_soap_shelf"
    ],
    "546": [
        259,
        "rug"
    ],
    "547": [
        404,
        "chair"
    ],
    "550": [
        402,
        "chair"
    ],
    "551": [
        152,
        "shoe"
    ],
    "552": [
        367,
        "pillow"
    ],
    "556": [
        385,
        "armchair"
    ],
    "559": [
        115,
        "hanger"
    ],
    "560": [
        255,
        "rug"
    ],
    "561": [
        624,
        "roof"
    ],
    "562": [
        433,
        "display_cabinet"
    ],
    "563": [
        486,
        "heater"
    ],
    "564": [
        453,
        "picture"
    ],
    "565": [
        408,
        "table"
    ],
    "567": [
        539,
        "hanger"
    ],
    "570": [
        560,
        "picture"
    ],
    "572": [
        353,
        "device"
    ],
    "576": [
        620,
        "door"
    ],
    "577": [
        9,
        "picture"
    ],
    "578": [
        40,
        "cabinet"
    ],
    "582": [
        634,
        "picture"
    ],
    "583": [
        531,
        "clothes"
    ],
    "587": [
        1,
        "lamp"
    ],
    "590": [
        251,
        "rug"
    ],
    "591": [
        331,
        "rug"
    ],
    "592": [
        459,
        "stand"
    ],
    "593": [
        121,
        "door"
    ],
    "594": [
        512,
        "toilet_brush"
    ],
    "597": [
        60,
        "vase"
    ],
    "598": [
        575,
        "armchair"
    ],
    "599": [
        358,
        "picture"
    ],
    "600": [
        541,
        "clothes"
    ],
    "602": [
        31,
        "book"
    ],
    "603": [
        29,
        "door"
    ],
    "607": [
        545,
        "shelf"
    ],
    "610": [
        355,
        "chest"
    ],
    "611": [
        403,
        "chair"
    ],
    "613": [
        448,
        "cup"
    ],
    "615": [
        502,
        "door"
    ],
    "616": [
        21,
        "pillow"
    ],
    "618": [
        336,
        "door"
    ],
    "619": [
        116,
        "kitchen_appliance"
    ],
    "621": [
        434,
        "teapot"
    ],
    "625": [
        24,
        "couch"
    ],
    "627": [
        91,
        "washing_machine"
    ],
    "628": [
        366,
        "pillow"
    ],
    "629": [
        566,
        "lamp"
    ],
    "630": [
        338,
        "bar"
    ],
    "633": [
        544,
        "shoe"
    ],
    "634": [
        212,
        "pillow"
    ],
    "635": [
        605,
        "blanket"
    ],
    "636": [
        276,
        "cloth"
    ],
    "637": [
        298,
        "kitchen_cabinet"
    ],
    "638": [
        275,
        "cloth"
    ],
    "639": [
        426,
        "teapot"
    ],
    "640": [
        349,
        "bar"
    ],
    "642": [
        306,
        "kitchen_cabinet"
    ],
    "643": [
        557,
        "door"
    ],
    "645": [
        305,
        "kitchen_cabinet"
    ],
    "646": [
        92,
        "washing_machine"
    ],
    "649": [
        324,
        "hanger"
    ]
}