{
    "5": [
        316,
        "ventilation_hood"
    ],
    "7": [
        340,
        "armchair"
    ],
    "8": [
        594,
        "pillow"
    ],
    "12": [
        449,
        "window"
    ],
    "13": [
        744,
        "bedside_lamp"
    ],
    "15": [
        85,
        "painting"
    ],
    "16": [
        719,
        "chandelier"
    ],
    "17": [
        318,
        "window"
    ],
    "18": [
        485,
        "bath_sink"
    ],
    "20": [
        408,
        "window"
    ],
    "21": [
        189,
        "ceiling_lamp"
    ],
    "26": [
        593,
        "couch"
    ],
    "28": [
        254,
        "armchair"
    ],
    "32": [
        649,
        "stack_of_papers"
    ],
    "34": [
        824,
        "shower_dial"
    ],
    "37": [
        386,
        "globe"
    ],
    "38": [
        343,
        "clock"
    ],
    "39": [
        184,
        "ceiling_lamp"
    ],
    "40": [
        395,
        "stack_of_papers"
    ],
    "41": [
        216,
        "window"
    ],
    "42": [
        367,
        "window"
    ],
    "43": [
        535,
        "door"
    ],
    "46": [
        255,
        "pillow"
    ],
    "47": [
        383,
        "flower"
    ],
    "52": [
        600,
        "book"
    ],
    "56": [
        471,
        "shower_dial"
    ],
    "58": [
        546,
        "ceiling_lamp"
    ],
    "67": [
        68,
        "sink_cabinet"
    ],
    "71": [
        653,
        "pillow"
    ],
    "72": [
        163,
        "washing_machine"
    ],
    "74": [
        753,
        "handle"
    ],
    "75": [
        338,
        "book"
    ],
    "76": [
        295,
        "painting"
    ],
    "78": [
        735,
        "nightstand"
    ],
    "81": [
        608,
        "armchair"
    ],
    "82": [
        247,
        "pillow"
    ],
    "84": [
        274,
        "window"
    ],
    "85": [
        619,
        "storage_box"
    ],
    "88": [
        336,
        "bed_stand"
    ],
    "93": [
        376,
        "armchair"
    ],
    "96": [
        140,
        "table"
    ],
    "98": [
        61,
        "refrigerator"
    ],
    "101": [
        256,
        "pillow"
    ],
    "102": [
        706,
        "pillow"
    ],
    "104": [
        382,
        "desk_lamp"
    ],
    "106": [
        736,
        "book"
    ],
    "110": [
        604,
        "flower"
    ],
    "111": [
        643,
        "armchair"
    ],
    "114": [
        698,
        "wall_electronics"
    ],
    "115": [
        183,
        "ventilation"
    ],
    "117": [
        418,
        "bed"
    ],
    "122": [
        775,
        "wall_lamp"
    ],
    "123": [
        243,
        "ventilation_hood"
    ],
    "125": [
        320,
        "window"
    ],
    "126": [
        797,
        "toilet"
    ],
    "128": [
        715,
        "pillow"
    ],
    "130": [
        583,
        "window"
    ],
    "131": [
        602,
        "couch"
    ],
    "132": [
        16,
        "support_beam"
    ],
    "133": [
        147,
        "window"
    ],
    "134": [
        298,
        "cabinet"
    ],
    "137": [
        702,
        "window"
    ],
    "138": [
        806,
        "sink"
    ],
    "139": [
        576,
        "fireplace"
    ],
    "141": [
        728,
        "window"
    ],
    "150": [
        613,
        "picture"
    ],
    "151": [
        337,
        "stand"
    ],
    "153": [
        249,
        "throw_blanket"
    ],
    "156": [
        60,
        "bar_chair"
    ],
    "157": [
        260,
        "window"
    ],
    "158": [
        421,
        "pillow"
    ],
    "159": [
        473,
        "shower_dial"
    ],
    "160": [
        638,
        "window"
    ],
    "162": [
        434,
        "shower_tap"
    ],
    "164": [
        151,
        "window"
    ],
    "166": [
        544,
        "ceiling_lamp"
    ],
    "167": [
        407,
        "window"
    ],
    "168": [
        601,
        "decorative_bowl"
    ],
    "170": [
        250,
        "coffee_table"
    ],
    "171": [
        801,
        "towel"
    ],
    "172": [
        91,
        "fireplace"
    ],
    "174": [
        729,
        "window"
    ],
    "176": [
        33,
        "oven"
    ],
    "177": [
        799,
        "bathroom_cabinet"
    ],
    "185": [
        478,
        "toilet"
    ],
    "186": [
        396,
        "alarm"
    ],
    "188": [
        771,
        "bath_cabinet"
    ],
    "189": [
        99,
        "window"
    ],
    "196": [
        380,
        "pillow"
    ],
    "198": [
        86,
        "painting"
    ],
    "199": [
        246,
        "couch"
    ],
    "201": [
        35,
        "window"
    ],
    "203": [
        406,
        "painting"
    ],
    "205": [
        397,
        "door"
    ],
    "207": [
        378,
        "side_table"
    ],
    "218": [
        332,
        "bed"
    ],
    "219": [
        135,
        "chair"
    ],
    "221": [
        781,
        "shower_dial"
    ],
    "223": [
        58,
        "bar_chair"
    ],
    "225": [
        352,
        "ceiling_lamp"
    ],
    "227": [
        699,
        "bed"
    ],
    "238": [
        658,
        "bedside_lamp"
    ],
    "241": [
        612,
        "cabinet"
    ],
    "242": [
        132,
        "flower"
    ],
    "243": [
        93,
        "window"
    ],
    "252": [
        458,
        "towel"
    ],
    "253": [
        354,
        "ceiling_lamp"
    ],
    "254": [
        165,
        "tap"
    ],
    "256": [
        773,
        "tap"
    ],
    "257": [
        167,
        "basket_of_something"
    ],
    "262": [
        704,
        "window"
    ],
    "266": [
        381,
        "computer_desk"
    ],
    "267": [
        261,
        "window"
    ],
    "270": [
        483,
        "bathroom_cabinet"
    ],
    "273": [
        461,
        "ventilation_hood"
    ],
    "275": [
        466,
        "ventilation_hood"
    ],
    "280": [
        734,
        "bed_table"
    ],
    "281": [
        462,
        "ceiling_lamp"
    ],
    "282": [
        153,
        "window"
    ],
    "288": [
        782,
        "shower_dial"
    ],
    "291": [
        182,
        "electric_box"
    ],
    "293": [
        195,
        "table"
    ],
    "294": [
        646,
        "throw_blanket"
    ],
    "299": [
        179,
        "door"
    ],
    "300": [
        724,
        "door"
    ],
    "302": [
        420,
        "pillow"
    ],
    "303": [
        592,
        "pouffe"
    ],
    "304": [
        844,
        "alarm"
    ],
    "306": [
        714,
        "armchair"
    ],
    "310": [
        20,
        "painting"
    ],
    "311": [
        605,
        "coffee_mug"
    ],
    "313": [
        94,
        "window"
    ],
    "314": [
        539,
        "door"
    ],
    "316": [
        448,
        "window"
    ],
    "318": [
        59,
        "bar_chair"
    ],
    "321": [
        377,
        "pillow"
    ],
    "323": [
        53,
        "table"
    ],
    "329": [
        346,
        "bedside_lamp"
    ],
    "330": [
        152,
        "window"
    ],
    "331": [
        387,
        "decoration"
    ],
    "332": [
        36,
        "window"
    ],
    "333": [
        457,
        "toilet"
    ],
    "335": [
        69,
        "tap"
    ],
    "337": [
        739,
        "cabinet"
    ],
    "338": [
        333,
        "blanket"
    ],
    "339": [
        424,
        "bedside_lamp"
    ],
    "342": [
        244,
        "coffee_table"
    ],
    "345": [
        756,
        "handle"
    ],
    "347": [
        150,
        "window"
    ],
    "351": [
        405,
        "painting"
    ],
    "352": [
        138,
        "chair"
    ],
    "356": [
        84,
        "painting"
    ],
    "357": [
        134,
        "chair"
    ],
    "358": [
        65,
        "oven"
    ],
    "359": [
        319,
        "window"
    ],
    "361": [
        685,
        "high_shelf"
    ],
    "365": [
        495,
        "window"
    ],
    "369": [
        273,
        "window"
    ],
    "372": [
        266,
        "fireplace"
    ],
    "374": [
        95,
        "window"
    ],
    "375": [
        610,
        "coffee_table"
    ],
    "376": [
        664,
        "bedside_lamp"
    ],
    "378": [
        489,
        "decoration"
    ],
    "379": [
        777,
        "bathroom_utensil"
    ],
    "383": [
        721,
        "ceiling_vent"
    ],
    "386": [
        359,
        "picture"
    ],
    "387": [
        595,
        "pillow"
    ],
    "388": [
        609,
        "pillow"
    ],
    "389": [
        429,
        "ceiling_lamp"
    ],
    "391": [
        445,
        "ventilation_hood"
    ],
    "393": [
        493,
        "toilet_paper_dispenser"
    ],
    "397": [
        428,
        "ceiling_lamp"
    ],
    "400": [
        56,
        "kitchen_island"
    ],
    "404": [
        476,
        "bath_cabinet"
    ],
    "408": [
        454,
        "sink"
    ],
    "410": [
        251,
        "armchair"
    ],
    "414": [
        654,
        "pillow"
    ],
    "416": [
        733,
        "pillow"
    ],
    "417": [
        747,
        "ceiling_vent"
    ],
    "419": [
        344,
        "bedside_lamp"
    ],
    "420": [
        63,
        "kitchen_cabinet"
    ],
    "421": [
        217,
        "door"
    ],
    "427": [
        168,
        "basket_of_something"
    ],
    "430": [
        365,
        "closet_door"
    ],
    "432": [
        710,
        "pillow"
    ],
    "435": [
        181,
        "door"
    ],
    "436": [
        607,
        "pillow"
    ],
    "437": [
        621,
        "blanket"
    ],
    "439": [
        342,
        "bed_table"
    ],
    "444": [
        543,
        "stone_support_structure"
    ],
    "445": [
        627,
        "ceiling_lamp"
    ],
    "447": [
        196,
        "decoration"
    ],
    "449": [
        425,
        "armchair"
    ],
    "455": [
        732,
        "bed"
    ],
    "459": [
        703,
        "window"
    ],
    "460": [
        766,
        "door"
    ],
    "463": [
        717,
        "flower"
    ],
    "465": [
        798,
        "mirror"
    ],
    "471": [
        511,
        "ceiling_vent"
    ],
    "474": [
        486,
        "bath_towel"
    ],
    "475": [
        494,
        "window"
    ],
    "476": [
        709,
        "pillow"
    ],
    "480": [
        656,
        "pillow"
    ],
    "481": [
        697,
        "painting"
    ],
    "482": [
        563,
        "ventilation"
    ],
    "483": [
        57,
        "stove"
    ],
    "484": [
        18,
        "ceiling_lamp"
    ],
    "485": [
        21,
        "painting"
    ],
    "488": [
        769,
        "towel"
    ],
    "490": [
        248,
        "pillow"
    ],
    "498": [
        70,
        "tap"
    ],
    "500": [
        34,
        "oven"
    ],
    "501": [
        625,
        "ceiling_lamp"
    ],
    "502": [
        785,
        "ceiling_lamp"
    ],
    "503": [
        754,
        "window"
    ],
    "509": [
        738,
        "painting"
    ],
    "510": [
        419,
        "pillow"
    ],
    "513": [
        169,
        "shelf"
    ],
    "515": [
        451,
        "wall_toilet_paper"
    ],
    "521": [
        603,
        "table"
    ],
    "522": [
        37,
        "window"
    ],
    "524": [
        484,
        "bath_sink"
    ],
    "525": [
        271,
        "shelf"
    ],
    "526": [
        345,
        "bed_table"
    ],
    "527": [
        547,
        "ceiling_lamp"
    ],
    "528": [
        652,
        "pillow"
    ],
    "531": [
        356,
        "alarm"
    ],
    "532": [
        694,
        "door"
    ],
    "534": [
        616,
        "book"
    ],
    "535": [
        573,
        "ventilation_hood"
    ],
    "538": [
        684,
        "high_shelf"
    ],
    "539": [
        490,
        "tap"
    ],
    "541": [
        136,
        "chair"
    ],
    "542": [
        561,
        "electrical_controller"
    ],
    "543": [
        759,
        "towel"
    ],
    "544": [
        186,
        "ceiling_lamp"
    ],
    "548": [
        160,
        "wardrobe"
    ],
    "553": [
        596,
        "floor_lamp"
    ],
    "558": [
        388,
        "picture"
    ],
    "561": [
        92,
        "window"
    ],
    "562": [
        755,
        "window"
    ],
    "563": [
        334,
        "pillow"
    ],
    "565": [
        30,
        "ceiling_lamp"
    ],
    "566": [
        379,
        "armchair"
    ],
    "568": [
        491,
        "tap"
    ],
    "569": [
        536,
        "door"
    ],
    "580": [
        148,
        "window"
    ],
    "581": [
        197,
        "rug"
    ],
    "587": [
        586,
        "window"
    ],
    "591": [
        548,
        "alarm"
    ],
    "593": [
        416,
        "ceiling_lamp"
    ],
    "596": [
        137,
        "chair"
    ],
    "597": [
        661,
        "bed_table"
    ],
    "598": [
        384,
        "computer_chair"
    ],
    "601": [
        202,
        "ventilation_hood"
    ],
    "602": [
        55,
        "flower_stand"
    ],
    "605": [
        820,
        "bathroom_utensil"
    ],
    "606": [
        80,
        "ventilation_hood"
    ],
    "607": [
        15,
        "door"
    ],
    "610": [
        164,
        "sink_cabinet"
    ],
    "613": [
        636,
        "painting"
    ],
    "617": [
        72,
        "flower"
    ],
    "619": [
        560,
        "boiler"
    ],
    "622": [
        617,
        "stack_of_papers"
    ],
    "623": [
        795,
        "toilet_paper"
    ],
    "627": [
        647,
        "coffee_table"
    ],
    "630": [
        139,
        "chair"
    ],
    "631": [
        417,
        "alarm"
    ],
    "633": [
        599,
        "book"
    ],
    "636": [
        482,
        "wall_lamp"
    ],
    "637": [
        29,
        "ceiling_lamp"
    ],
    "638": [
        598,
        "table"
    ],
    "642": [
        452,
        "closet_mirror_wall"
    ],
    "647": [
        166,
        "sink"
    ],
    "649": [
        67,
        "dishwasher"
    ],
    "650": [
        584,
        "window"
    ],
    "657": [
        162,
        "washing_machine"
    ],
    "658": [
        290,
        "window"
    ],
    "659": [
        127,
        "table"
    ],
    "661": [
        823,
        "shower_dial"
    ],
    "663": [
        335,
        "pillow"
    ],
    "666": [
        253,
        "pillow"
    ],
    "667": [
        791,
        "wardrobe"
    ],
    "669": [
        399,
        "door"
    ],
    "673": [
        203,
        "flower"
    ],
    "674": [
        17,
        "floor_mat"
    ],
    "675": [
        487,
        "bath_towel"
    ],
    "677": [
        803,
        "towel"
    ],
    "678": [
        688,
        "chandelier"
    ],
    "680": [
        515,
        "ceiling_lamp"
    ],
    "681": [
        433,
        "shower_dial"
    ],
    "682": [
        651,
        "bed"
    ],
    "683": [
        456,
        "door"
    ],
    "684": [
        737,
        "nightstand"
    ],
    "692": [
        311,
        "wall_hanging_decoration"
    ],
    "693": [
        768,
        "toilet"
    ],
    "694": [
        96,
        "window"
    ],
    "696": [
        711,
        "nightstand"
    ],
    "699": [
        716,
        "stand"
    ],
    "701": [
        786,
        "ceiling_lamp"
    ],
    "709": [
        187,
        "ceiling_lamp"
    ],
    "710": [
        385,
        "ventilation_hood"
    ],
    "714": [
        423,
        "bed_table"
    ],
    "715": [
        772,
        "sink"
    ],
    "716": [
        819,
        "bathroom_utensil"
    ],
    "719": [
        435,
        "shower_tap"
    ],
    "721": [
        665,
        "alarm"
    ],
    "725": [
        514,
        "ceiling_lamp"
    ],
    "726": [
        215,
        "window"
    ],
    "727": [
        666,
        "door"
    ],
    "728": [
        403,
        "cabinet_door"
    ],
    "735": [
        480,
        "mirror"
    ],
    "740": [
        88,
        "ceiling_lamp"
    ],
    "744": [
        443,
        "bathtub"
    ],
    "745": [
        591,
        "pouffe"
    ],
    "747": [
        655,
        "pillow"
    ],
    "750": [
        394,
        "storage_shelving"
    ],
    "751": [
        620,
        "book"
    ],
    "754": [
        393,
        "storage_box"
    ],
    "756": [
        802,
        "towel"
    ],
    "757": [
        353,
        "ceiling_lamp"
    ],
    "759": [
        422,
        "pillow"
    ],
    "760": [
        453,
        "bathroom_cabinet"
    ],
    "761": [
        843,
        "alarm"
    ],
    "762": [
        553,
        "electric_box"
    ],
    "763": [
        71,
        "tap"
    ],
    "764": [
        657,
        "bed_table"
    ],
    "769": [
        748,
        "ceiling_vent"
    ],
    "776": [
        562,
        "ceiling_pipe"
    ],
    "786": [
        66,
        "kitchen_cabinet"
    ],
    "787": [
        488,
        "bath_towel"
    ],
    "788": [
        192,
        "alarm"
    ],
    "791": [
        776,
        "mirror"
    ],
    "795": [
        645,
        "pillow"
    ],
    "796": [
        472,
        "shower_dial"
    ],
    "797": [
        707,
        "pillow"
    ],
    "798": [
        692,
        "alarm"
    ],
    "800": [
        650,
        "flower"
    ],
    "801": [
        794,
        "floor_mat"
    ],
    "802": [
        339,
        "flower"
    ],
    "808": [
        392,
        "storage_box"
    ],
    "812": [
        582,
        "window"
    ],
    "815": [
        368,
        "window"
    ],
    "817": [
        720,
        "alarm"
    ],
    "818": [
        784,
        "ceiling_vent"
    ],
    "821": [
        559,
        "ventilation"
    ],
    "823": [
        426,
        "pillow"
    ],
    "824": [
        558,
        "folding_chair"
    ],
    "827": [
        750,
        "ceiling_lamp"
    ],
    "830": [
        644,
        "pillow"
    ],
    "832": [
        581,
        "window"
    ],
    "835": [
        606,
        "armchair"
    ],
    "836": [
        275,
        "window"
    ],
    "837": [
        516,
        "ceiling_lamp"
    ],
    "838": [
        749,
        "ceiling_lamp"
    ],
    "840": [
        470,
        "bathtub"
    ],
    "841": [
        800,
        "sink"
    ],
    "843": [
        291,
        "flower"
    ],
    "845": [
        541,
        "stone_support_structure"
    ],
    "846": [
        341,
        "pillow"
    ]
}