{
    "1": [
        412,
        "dresser"
    ],
    "5": [
        429,
        "vent"
    ],
    "7": [
        182,
        "kitchen_counter"
    ],
    "10": [
        292,
        "thermostat"
    ],
    "12": [
        43,
        "thermostat"
    ],
    "13": [
        469,
        "towel"
    ],
    "14": [
        333,
        "basket"
    ],
    "15": [
        507,
        "calendar"
    ],
    "16": [
        92,
        "towel"
    ],
    "17": [
        197,
        "kitchen_counter"
    ],
    "18": [
        246,
        "cabinet"
    ],
    "19": [
        362,
        "decoration"
    ],
    "20": [
        101,
        "tap"
    ],
    "22": [
        506,
        "nightstand"
    ],
    "24": [
        418,
        "pillow"
    ],
    "32": [
        404,
        "door"
    ],
    "33": [
        515,
        "vent"
    ],
    "34": [
        196,
        "kitchen_cabinet"
    ],
    "37": [
        88,
        "rug"
    ],
    "38": [
        448,
        "bathroom_cabinet"
    ],
    "40": [
        77,
        "basket"
    ],
    "42": [
        315,
        "towel"
    ],
    "46": [
        474,
        "bathtub"
    ],
    "50": [
        49,
        "vase"
    ],
    "54": [
        363,
        "decoration"
    ],
    "55": [
        329,
        "door"
    ],
    "56": [
        373,
        "flatware"
    ],
    "57": [
        198,
        "kitchen_counter"
    ],
    "59": [
        18,
        "pillow"
    ],
    "60": [
        342,
        "coat_hanger"
    ],
    "62": [
        503,
        "picture"
    ],
    "67": [
        180,
        "stool"
    ],
    "68": [
        228,
        "plant"
    ],
    "69": [
        499,
        "pillow"
    ],
    "70": [
        191,
        "kitchen_cabinet"
    ],
    "71": [
        366,
        "book"
    ],
    "74": [
        343,
        "bench"
    ],
    "76": [
        242,
        "lamp"
    ],
    "77": [
        100,
        "soap_dispenser"
    ],
    "78": [
        20,
        "pillow"
    ],
    "79": [
        151,
        "coffee_machine"
    ],
    "80": [
        187,
        "kitchen_cabinet"
    ],
    "82": [
        426,
        "box"
    ],
    "83": [
        382,
        "lamp"
    ],
    "86": [
        303,
        "lamp"
    ],
    "88": [
        94,
        "shower_soap_shelf"
    ],
    "89": [
        86,
        "sink"
    ],
    "90": [
        415,
        "lamp"
    ],
    "91": [
        230,
        "blanket"
    ],
    "94": [
        244,
        "lamp"
    ],
    "95": [
        340,
        "decoration"
    ],
    "96": [
        354,
        "window"
    ],
    "97": [
        467,
        "door"
    ],
    "98": [
        508,
        "decoration"
    ],
    "99": [
        405,
        "door"
    ],
    "100": [
        214,
        "coffee_table"
    ],
    "101": [
        392,
        "table"
    ],
    "103": [
        107,
        "shower_soap_shelf"
    ],
    "105": [
        14,
        "door"
    ],
    "106": [
        332,
        "basket"
    ],
    "109": [
        95,
        "towel_bar"
    ],
    "110": [
        142,
        "oven"
    ],
    "111": [
        495,
        "door"
    ],
    "112": [
        37,
        "ottoman"
    ],
    "113": [
        30,
        "window"
    ],
    "115": [
        82,
        "bathroom_cabinet"
    ],
    "117": [
        165,
        "sign"
    ],
    "119": [
        154,
        "teapot"
    ],
    "120": [
        287,
        "photo"
    ],
    "121": [
        11,
        "door"
    ],
    "122": [
        459,
        "toilet"
    ],
    "123": [
        372,
        "flatware"
    ],
    "125": [
        27,
        "picture"
    ],
    "126": [
        177,
        "stool"
    ],
    "127": [
        13,
        "door"
    ],
    "131": [
        159,
        "window"
    ],
    "132": [
        381,
        "chair"
    ],
    "135": [
        106,
        "lamp"
    ],
    "136": [
        225,
        "window"
    ],
    "137": [
        10,
        "vent"
    ],
    "138": [
        236,
        "picture"
    ],
    "140": [
        91,
        "toilet_paper"
    ],
    "142": [
        361,
        "flower_vase"
    ],
    "143": [
        249,
        "cabinet"
    ],
    "144": [
        81,
        "bathroom_cabinet"
    ],
    "145": [
        166,
        "curtain"
    ],
    "147": [
        28,
        "picture"
    ],
    "148": [
        194,
        "kitchen_cabinet"
    ],
    "150": [
        498,
        "bed"
    ],
    "151": [
        136,
        "kitchen_extractor"
    ],
    "152": [
        487,
        "window"
    ],
    "153": [
        241,
        "lamp"
    ],
    "154": [
        17,
        "pillow"
    ],
    "155": [
        421,
        "pillow"
    ],
    "157": [
        313,
        "decoration"
    ],
    "158": [
        406,
        "door"
    ],
    "160": [
        275,
        "door"
    ],
    "161": [
        311,
        "dustbin"
    ],
    "162": [
        289,
        "rack"
    ],
    "163": [
        98,
        "cosmetics"
    ],
    "166": [
        218,
        "carpet"
    ],
    "168": [
        211,
        "tv"
    ],
    "170": [
        251,
        "shelf"
    ],
    "174": [
        96,
        "towel_bar"
    ],
    "176": [
        103,
        "mirror"
    ],
    "177": [
        74,
        "toilet"
    ],
    "180": [
        501,
        "pillow"
    ],
    "181": [
        216,
        "magazine"
    ],
    "182": [
        302,
        "vent"
    ],
    "184": [
        8,
        "lamp"
    ],
    "185": [
        76,
        "towel_bar"
    ],
    "186": [
        468,
        "shower_handle"
    ],
    "188": [
        145,
        "flower_vase"
    ],
    "196": [
        61,
        "lamp"
    ],
    "198": [
        370,
        "basket"
    ],
    "199": [
        419,
        "pillow"
    ],
    "202": [
        364,
        "decoration"
    ],
    "203": [
        78,
        "towel"
    ],
    "204": [
        179,
        "stool"
    ],
    "205": [
        286,
        "picture"
    ],
    "206": [
        331,
        "basket"
    ],
    "208": [
        45,
        "flower"
    ],
    "209": [
        445,
        "bathroom_cabinet"
    ],
    "210": [
        40,
        "lamp"
    ],
    "211": [
        425,
        "nightstand"
    ],
    "212": [
        226,
        "window"
    ],
    "214": [
        368,
        "book"
    ],
    "215": [
        253,
        "shelf"
    ],
    "217": [
        390,
        "door"
    ],
    "218": [
        79,
        "towel"
    ],
    "219": [
        141,
        "oven"
    ],
    "221": [
        462,
        "bathroom_shelf"
    ],
    "222": [
        492,
        "dresser"
    ],
    "223": [
        99,
        "soap_dispenser"
    ],
    "231": [
        443,
        "bathroom_cabinet"
    ],
    "233": [
        5,
        "ceiling_fan"
    ],
    "235": [
        470,
        "towel_bar"
    ],
    "236": [
        460,
        "towel_bar"
    ],
    "237": [
        155,
        "tray"
    ],
    "241": [
        416,
        "pillow"
    ],
    "242": [
        274,
        "door"
    ],
    "243": [
        121,
        "shower"
    ],
    "246": [
        73,
        "towel"
    ],
    "247": [
        270,
        "door"
    ],
    "248": [
        75,
        "towel"
    ],
    "249": [
        367,
        "decoration"
    ],
    "251": [
        325,
        "window"
    ],
    "255": [
        449,
        "bathroom_cabinet"
    ],
    "257": [
        89,
        "rug"
    ],
    "258": [
        497,
        "pillow"
    ],
    "259": [
        195,
        "kitchen_cabinet"
    ],
    "260": [
        39,
        "nightstand"
    ],
    "261": [
        185,
        "kitchen_cabinet"
    ],
    "262": [
        66,
        "coffee_table"
    ],
    "263": [
        502,
        "pillow"
    ],
    "267": [
        21,
        "pillow"
    ],
    "268": [
        322,
        "mirror"
    ],
    "270": [
        423,
        "bed"
    ],
    "271": [
        442,
        "bathroom_cabinet"
    ],
    "272": [
        493,
        "door"
    ],
    "273": [
        206,
        "rug"
    ],
    "276": [
        29,
        "window"
    ],
    "277": [
        464,
        "shower"
    ],
    "281": [
        212,
        "shelf"
    ],
    "283": [
        23,
        "blanket"
    ],
    "285": [
        463,
        "bathroom_shelf"
    ],
    "287": [
        243,
        "lamp"
    ],
    "288": [
        162,
        "flower"
    ],
    "290": [
        240,
        "lamp"
    ],
    "291": [
        38,
        "armchair"
    ],
    "296": [
        237,
        "basket"
    ],
    "297": [
        504,
        "picture"
    ],
    "301": [
        16,
        "pillow"
    ],
    "302": [
        399,
        "mirror"
    ],
    "303": [
        271,
        "door"
    ],
    "304": [
        291,
        "lamp"
    ],
    "305": [
        9,
        "lamp"
    ],
    "308": [
        465,
        "door"
    ],
    "309": [
        85,
        "bathroom_cabinet"
    ],
    "310": [
        158,
        "window"
    ],
    "311": [
        62,
        "book"
    ],
    "312": [
        87,
        "sink"
    ],
    "313": [
        70,
        "bathroom_cabinet"
    ],
    "316": [
        232,
        "blanket"
    ],
    "317": [
        12,
        "door"
    ],
    "318": [
        446,
        "bathroom_cabinet"
    ],
    "323": [
        341,
        "counter"
    ],
    "324": [
        314,
        "sink"
    ],
    "325": [
        371,
        "rack"
    ],
    "327": [
        6,
        "lamp"
    ],
    "329": [
        265,
        "lamp"
    ],
    "331": [
        327,
        "basket"
    ],
    "333": [
        473,
        "shower_handle"
    ],
    "334": [
        428,
        "picture"
    ],
    "336": [
        229,
        "cushion"
    ],
    "338": [
        67,
        "mirror"
    ],
    "339": [
        417,
        "pillow"
    ],
    "340": [
        192,
        "kitchen_cabinet"
    ],
    "342": [
        458,
        "rug"
    ],
    "344": [
        181,
        "kitchen_island"
    ],
    "346": [
        339,
        "basket"
    ],
    "347": [
        168,
        "rug"
    ],
    "349": [
        4,
        "carpet"
    ],
    "351": [
        245,
        "lamp"
    ],
    "353": [
        26,
        "picture"
    ],
    "355": [
        328,
        "basket"
    ],
    "356": [
        233,
        "basket"
    ],
    "362": [
        84,
        "bathroom_cabinet"
    ],
    "364": [
        46,
        "book"
    ],
    "365": [
        138,
        "cutting_board"
    ],
    "367": [
        22,
        "pillow"
    ],
    "368": [
        376,
        "chair"
    ],
    "371": [
        122,
        "shower_cabin"
    ],
    "372": [
        334,
        "container"
    ],
    "373": [
        447,
        "bathroom_cabinet"
    ],
    "374": [
        235,
        "picture"
    ],
    "375": [
        420,
        "pillow"
    ],
    "376": [
        509,
        "lamp"
    ],
    "378": [
        178,
        "stool"
    ],
    "384": [
        472,
        "vent"
    ],
    "385": [
        140,
        "tray"
    ],
    "388": [
        47,
        "book"
    ],
    "389": [
        486,
        "rug"
    ],
    "390": [
        409,
        "window"
    ],
    "392": [
        133,
        "lamp"
    ],
    "396": [
        491,
        "decoration"
    ],
    "397": [
        408,
        "picture"
    ],
    "398": [
        167,
        "curtain"
    ],
    "399": [
        248,
        "cabinet"
    ],
    "400": [
        500,
        "pillow"
    ],
    "401": [
        365,
        "decoration"
    ],
    "402": [
        147,
        "container"
    ],
    "404": [
        338,
        "basket"
    ],
    "405": [
        90,
        "chair"
    ],
    "406": [
        378,
        "chair"
    ],
    "408": [
        221,
        "cushion"
    ],
    "412": [
        223,
        "couch"
    ],
    "413": [
        105,
        "mirror"
    ],
    "418": [
        210,
        "ceiling_fan"
    ],
    "419": [
        93,
        "shower_soap_shelf"
    ],
    "421": [
        7,
        "lamp"
    ],
    "422": [
        15,
        "pillow"
    ],
    "424": [
        41,
        "alarm_clock"
    ],
    "425": [
        336,
        "washing_machine"
    ],
    "426": [
        163,
        "table"
    ],
    "428": [
        427,
        "decoration"
    ],
    "429": [
        335,
        "washing_machine"
    ],
    "430": [
        102,
        "tap"
    ],
    "431": [
        108,
        "shower_soap_shelf"
    ],
    "432": [
        71,
        "picture"
    ],
    "434": [
        451,
        "bathroom_counter"
    ],
    "435": [
        380,
        "chair"
    ],
    "436": [
        132,
        "lamp"
    ],
    "437": [
        184,
        "kitchen_cabinet"
    ],
    "438": [
        389,
        "door"
    ],
    "440": [
        369,
        "book"
    ],
    "441": [
        72,
        "towel"
    ],
    "443": [
        157,
        "shelf"
    ],
    "446": [
        150,
        "bowl"
    ],
    "447": [
        444,
        "bathroom_cabinet"
    ],
    "450": [
        414,
        "plant"
    ],
    "451": [
        452,
        "towel"
    ],
    "452": [
        454,
        "towel"
    ],
    "453": [
        252,
        "shelf"
    ],
    "455": [
        266,
        "lamp"
    ],
    "456": [
        222,
        "cushion"
    ],
    "457": [
        188,
        "kitchen_cabinet"
    ],
    "461": [
        231,
        "blanket"
    ],
    "463": [
        388,
        "door"
    ],
    "465": [
        215,
        "magazine"
    ],
    "466": [
        440,
        "window"
    ],
    "468": [
        309,
        "toilet"
    ],
    "470": [
        422,
        "pillow"
    ],
    "471": [
        250,
        "shelf"
    ],
    "472": [
        97,
        "towel_bar"
    ],
    "473": [
        44,
        "lamp"
    ],
    "475": [
        170,
        "sink"
    ],
    "477": [
        489,
        "picture"
    ],
    "478": [
        176,
        "sink"
    ],
    "479": [
        25,
        "cushion"
    ],
    "480": [
        83,
        "bathroom_cabinet"
    ],
    "482": [
        19,
        "pillow"
    ],
    "483": [
        424,
        "carpet"
    ],
    "484": [
        224,
        "window"
    ],
    "485": [
        290,
        "lamp"
    ],
    "488": [
        52,
        "dresser"
    ],
    "489": [
        53,
        "dresser"
    ],
    "490": [
        350,
        "lamp"
    ],
    "491": [
        375,
        "flower_vase"
    ],
    "492": [
        494,
        "door"
    ],
    "493": [
        411,
        "picture"
    ],
    "494": [
        134,
        "lamp"
    ],
    "495": [
        269,
        "wall_clock"
    ],
    "496": [
        24,
        "bed"
    ],
    "498": [
        450,
        "bathroom_cabinet"
    ],
    "500": [
        471,
        "shower_curtain"
    ],
    "501": [
        374,
        "table"
    ],
    "502": [
        413,
        "decoration"
    ],
    "503": [
        220,
        "coffee_table"
    ],
    "506": [
        288,
        "decoration"
    ],
    "507": [
        149,
        "dishes"
    ],
    "509": [
        213,
        "fireplace"
    ],
    "510": [
        104,
        "bathroom_counter"
    ],
    "512": [
        401,
        "lamp"
    ],
    "514": [
        377,
        "chair"
    ],
    "515": [
        139,
        "cutting_board"
    ],
    "517": [
        193,
        "kitchen_cabinet"
    ],
    "519": [
        190,
        "kitchen_cabinet"
    ]
}