{
    "3": [
        92,
        "plate"
    ],
    "4": [
        122,
        "picture"
    ],
    "6": [
        146,
        "picture"
    ],
    "7": [
        214,
        "coffee_table"
    ],
    "9": [
        55,
        "sink"
    ],
    "10": [
        65,
        "shelf"
    ],
    "11": [
        267,
        "lamp"
    ],
    "12": [
        161,
        "wardrobe"
    ],
    "13": [
        170,
        "pillow"
    ],
    "14": [
        290,
        "tissue_box"
    ],
    "16": [
        110,
        "cabinet"
    ],
    "19": [
        297,
        "rug"
    ],
    "22": [
        94,
        "plate"
    ],
    "23": [
        162,
        "lamp"
    ],
    "24": [
        206,
        "table"
    ],
    "25": [
        227,
        "lamp"
    ],
    "26": [
        286,
        "sink"
    ],
    "28": [
        48,
        "flower"
    ],
    "30": [
        175,
        "dresser"
    ],
    "31": [
        261,
        "pillow"
    ],
    "34": [
        163,
        "bed_table"
    ],
    "35": [
        41,
        "cabinet"
    ],
    "36": [
        89,
        "table"
    ],
    "37": [
        24,
        "kettle"
    ],
    "38": [
        148,
        "mirror"
    ],
    "39": [
        236,
        "flower"
    ],
    "40": [
        200,
        "window"
    ],
    "41": [
        299,
        "rug"
    ],
    "42": [
        254,
        "cabinet"
    ],
    "43": [
        251,
        "cabinet"
    ],
    "44": [
        131,
        "fire_sprinkler"
    ],
    "45": [
        115,
        "clothes_dryer"
    ],
    "46": [
        252,
        "mirror"
    ],
    "48": [
        93,
        "plate"
    ],
    "53": [
        274,
        "towel"
    ],
    "54": [
        90,
        "flower"
    ],
    "57": [
        135,
        "door"
    ],
    "58": [
        95,
        "flower"
    ],
    "59": [
        140,
        "bathtub"
    ],
    "60": [
        128,
        "fire_sprinkler"
    ],
    "63": [
        183,
        "fire_sprinkler"
    ],
    "64": [
        32,
        "ceiling_lamp"
    ],
    "67": [
        260,
        "pillow"
    ],
    "70": [
        192,
        "shelf"
    ],
    "73": [
        209,
        "armchair"
    ],
    "74": [
        145,
        "towel"
    ],
    "75": [
        152,
        "sink"
    ],
    "76": [
        59,
        "lamp"
    ],
    "79": [
        138,
        "shelf"
    ],
    "80": [
        232,
        "door"
    ],
    "81": [
        81,
        "fire_alarm"
    ],
    "82": [
        219,
        "pillow"
    ],
    "83": [
        293,
        "cabinet"
    ],
    "84": [
        39,
        "cabinet"
    ],
    "85": [
        112,
        "box"
    ],
    "87": [
        66,
        "picture"
    ],
    "88": [
        25,
        "kitchen_utensil"
    ],
    "89": [
        50,
        "cup"
    ],
    "90": [
        21,
        "door"
    ],
    "92": [
        37,
        "cabinet"
    ],
    "94": [
        130,
        "lamp"
    ],
    "95": [
        211,
        "pillow"
    ],
    "97": [
        13,
        "refrigerator"
    ],
    "98": [
        27,
        "can"
    ],
    "99": [
        120,
        "door"
    ],
    "100": [
        218,
        "armchair"
    ],
    "101": [
        165,
        "picture"
    ],
    "103": [
        269,
        "picture"
    ],
    "104": [
        171,
        "pillow"
    ],
    "106": [
        176,
        "flower"
    ],
    "107": [
        173,
        "lamp"
    ],
    "108": [
        193,
        "candle"
    ],
    "109": [
        168,
        "pillow"
    ],
    "110": [
        167,
        "pillow"
    ],
    "111": [
        34,
        "cabinet"
    ],
    "115": [
        287,
        "towel"
    ],
    "116": [
        33,
        "coffee_machine"
    ],
    "117": [
        51,
        "cup"
    ],
    "118": [
        104,
        "table_cloth"
    ],
    "119": [
        182,
        "fire_alarm"
    ],
    "120": [
        191,
        "tv"
    ],
    "122": [
        285,
        "picture"
    ],
    "123": [
        288,
        "soap_dispenser"
    ],
    "124": [
        103,
        "table_cloth"
    ],
    "126": [
        149,
        "flower"
    ],
    "128": [
        43,
        "cabinet"
    ],
    "129": [
        38,
        "cabinet"
    ],
    "130": [
        58,
        "chair"
    ],
    "132": [
        47,
        "plate"
    ],
    "134": [
        86,
        "chair"
    ],
    "140": [
        292,
        "cabinet"
    ],
    "142": [
        91,
        "plate"
    ],
    "143": [
        150,
        "soap_dispenser"
    ],
    "146": [
        56,
        "tap"
    ],
    "147": [
        154,
        "toilet"
    ],
    "148": [
        44,
        "cabinet"
    ],
    "150": [
        153,
        "cabinet"
    ],
    "151": [
        255,
        "bed"
    ],
    "155": [
        245,
        "desk"
    ],
    "156": [
        85,
        "chair"
    ],
    "160": [
        67,
        "flower"
    ],
    "162": [
        1,
        "door"
    ],
    "164": [
        280,
        "shower_cabin"
    ],
    "166": [
        250,
        "lamp"
    ],
    "167": [
        258,
        "pillow"
    ],
    "168": [
        271,
        "picture"
    ],
    "169": [
        46,
        "kitchen_top"
    ],
    "170": [
        60,
        "lamp"
    ],
    "172": [
        298,
        "tap"
    ],
    "174": [
        217,
        "box_of_tissues"
    ],
    "175": [
        246,
        "picture"
    ],
    "179": [
        289,
        "flower"
    ],
    "181": [
        240,
        "pillow"
    ],
    "183": [
        275,
        "towel"
    ],
    "186": [
        283,
        "cabinet"
    ],
    "187": [
        273,
        "towel"
    ],
    "189": [
        142,
        "towel"
    ],
    "190": [
        133,
        "door"
    ],
    "193": [
        57,
        "chair"
    ],
    "194": [
        22,
        "door"
    ],
    "196": [
        147,
        "lamp"
    ],
    "197": [
        213,
        "pillow"
    ],
    "199": [
        204,
        "picture"
    ],
    "204": [
        291,
        "cabinet"
    ],
    "205": [
        26,
        "can"
    ],
    "208": [
        253,
        "lamp"
    ],
    "211": [
        296,
        "tap"
    ],
    "212": [
        220,
        "blanket"
    ],
    "213": [
        259,
        "pillow"
    ],
    "215": [
        23,
        "stove"
    ],
    "216": [
        52,
        "cup"
    ],
    "219": [
        247,
        "flower"
    ],
    "220": [
        54,
        "kitchen_island"
    ],
    "222": [
        237,
        "dresser"
    ],
    "224": [
        276,
        "towel_bar"
    ],
    "226": [
        282,
        "door"
    ],
    "229": [
        239,
        "armchair"
    ],
    "230": [
        42,
        "kitchen_top"
    ],
    "231": [
        87,
        "chair"
    ],
    "233": [
        151,
        "tissue_box"
    ],
    "234": [
        29,
        "can"
    ],
    "235": [
        88,
        "chair"
    ],
    "236": [
        40,
        "microwave"
    ],
    "237": [
        157,
        "door"
    ],
    "238": [
        230,
        "fire_sprinkler"
    ],
    "241": [
        272,
        "toilet"
    ],
    "242": [
        7,
        "ceiling_lamp"
    ],
    "244": [
        185,
        "blanket"
    ],
    "245": [
        284,
        "mirror"
    ],
    "247": [
        114,
        "washing_machine"
    ],
    "248": [
        215,
        "book"
    ],
    "249": [
        257,
        "pillow"
    ],
    "251": [
        49,
        "towel"
    ],
    "252": [
        31,
        "ceiling_lamp"
    ],
    "254": [
        158,
        "door"
    ],
    "256": [
        208,
        "couch"
    ],
    "257": [
        235,
        "mirror"
    ],
    "258": [
        203,
        "picture"
    ],
    "260": [
        35,
        "cabinet"
    ],
    "261": [
        118,
        "picture"
    ],
    "263": [
        82,
        "painting"
    ],
    "264": [
        111,
        "shelf"
    ],
    "265": [
        210,
        "armchair"
    ],
    "269": [
        201,
        "flower"
    ],
    "271": [
        205,
        "lamp"
    ],
    "277": [
        127,
        "lamp"
    ],
    "279": [
        102,
        "lamp"
    ],
    "280": [
        36,
        "cabinet"
    ],
    "281": [
        244,
        "window"
    ],
    "282": [
        178,
        "picture"
    ],
    "283": [
        45,
        "cabinet"
    ],
    "285": [
        119,
        "picture"
    ],
    "286": [
        139,
        "shelf"
    ],
    "288": [
        174,
        "window"
    ],
    "289": [
        184,
        "chair"
    ],
    "296": [
        169,
        "pillow"
    ],
    "297": [
        196,
        "fireplace"
    ]
}