{
    "1": [
        86,
        "sink"
    ],
    "2": [
        61,
        "fireplace_tool_set"
    ],
    "3": [
        301,
        "roof"
    ],
    "4": [
        85,
        "kitchen_lower_cabinet"
    ],
    "5": [
        113,
        "display_cabinet"
    ],
    "7": [
        15,
        "window"
    ],
    "8": [
        20,
        "door"
    ],
    "9": [
        129,
        "mat"
    ],
    "10": [
        255,
        "towel"
    ],
    "14": [
        324,
        "box"
    ],
    "16": [
        254,
        "towel"
    ],
    "17": [
        21,
        "lamp"
    ],
    "19": [
        37,
        "display_cabinet"
    ],
    "20": [
        77,
        "trashcan"
    ],
    "24": [
        252,
        "shelf"
    ],
    "25": [
        207,
        "window_shutters"
    ],
    "27": [
        316,
        "box"
    ],
    "30": [
        242,
        "picture"
    ],
    "31": [
        198,
        "rug"
    ],
    "32": [
        292,
        "shampoo"
    ],
    "33": [
        336,
        "kitchen_extractor"
    ],
    "34": [
        264,
        "mirror"
    ],
    "35": [
        164,
        "towel"
    ],
    "36": [
        332,
        "kitchen_cabinet"
    ],
    "37": [
        190,
        "drawer"
    ],
    "40": [
        33,
        "pillow"
    ],
    "41": [
        31,
        "pillow"
    ],
    "44": [
        329,
        "box"
    ],
    "45": [
        80,
        "door"
    ],
    "46": [
        151,
        "bathroom_cabinet"
    ],
    "47": [
        57,
        "decoration"
    ],
    "48": [
        246,
        "cabinet"
    ],
    "49": [
        290,
        "hanger"
    ],
    "53": [
        302,
        "roof"
    ],
    "54": [
        90,
        "appliance"
    ],
    "55": [
        191,
        "bed"
    ],
    "58": [
        265,
        "decoration"
    ],
    "61": [
        295,
        "pipe"
    ],
    "62": [
        84,
        "oven_and_stove"
    ],
    "63": [
        337,
        "kitchen_lower_cabinet"
    ],
    "66": [
        180,
        "ceiling_lamp"
    ],
    "67": [
        321,
        "box"
    ],
    "71": [
        238,
        "appliance"
    ],
    "72": [
        42,
        "speaker"
    ],
    "73": [
        34,
        "pillow"
    ],
    "76": [
        139,
        "appliance"
    ],
    "77": [
        98,
        "picture"
    ],
    "78": [
        41,
        "picture"
    ],
    "79": [
        206,
        "window_shutters"
    ],
    "80": [
        123,
        "appliance"
    ],
    "81": [
        122,
        "decoration"
    ],
    "82": [
        214,
        "blanket"
    ],
    "83": [
        156,
        "trash_can"
    ],
    "92": [
        274,
        "vent"
    ],
    "93": [
        237,
        "tv"
    ],
    "94": [
        104,
        "ceiling_window"
    ],
    "96": [
        143,
        "appliance"
    ],
    "98": [
        35,
        "table"
    ],
    "100": [
        154,
        "tap"
    ],
    "102": [
        251,
        "shelf"
    ],
    "103": [
        116,
        "bottle"
    ],
    "104": [
        23,
        "cabinet"
    ],
    "106": [
        158,
        "shelf"
    ],
    "107": [
        325,
        "box"
    ],
    "109": [
        138,
        "hanger"
    ],
    "111": [
        47,
        "appliance"
    ],
    "114": [
        30,
        "sofa_chair"
    ],
    "116": [
        40,
        "rack"
    ],
    "117": [
        315,
        "box"
    ],
    "119": [
        197,
        "rug"
    ],
    "120": [
        334,
        "kitchen_cabinet"
    ],
    "121": [
        127,
        "dining_chair"
    ],
    "122": [
        107,
        "decoration"
    ],
    "123": [
        13,
        "window"
    ],
    "124": [
        117,
        "decoration"
    ],
    "125": [
        288,
        "shower_cabin"
    ],
    "126": [
        28,
        "pillow"
    ],
    "131": [
        48,
        "appliance"
    ],
    "132": [
        169,
        "door"
    ],
    "133": [
        259,
        "window_shutter"
    ],
    "134": [
        109,
        "basket_of_something"
    ],
    "135": [
        89,
        "kitchen_cabinet"
    ],
    "136": [
        39,
        "tv"
    ],
    "137": [
        18,
        "picture"
    ],
    "138": [
        193,
        "rack"
    ],
    "141": [
        236,
        "table"
    ],
    "142": [
        250,
        "decoration"
    ],
    "144": [
        221,
        "appliance"
    ],
    "145": [
        14,
        "window"
    ],
    "146": [
        26,
        "sofa_chair"
    ],
    "147": [
        269,
        "toilet_paper"
    ],
    "148": [
        235,
        "door"
    ],
    "151": [
        62,
        "basket"
    ],
    "152": [
        278,
        "sink"
    ],
    "153": [
        119,
        "bottle"
    ],
    "154": [
        94,
        "decoration"
    ],
    "155": [
        322,
        "box"
    ],
    "156": [
        171,
        "curtain"
    ],
    "158": [
        101,
        "cabinet"
    ],
    "159": [
        163,
        "decoration"
    ],
    "163": [
        233,
        "decoration"
    ],
    "164": [
        291,
        "decoration"
    ],
    "165": [
        121,
        "pitcher"
    ],
    "166": [
        326,
        "box"
    ],
    "167": [
        256,
        "decoration"
    ],
    "170": [
        54,
        "toy"
    ],
    "171": [
        218,
        "pillow"
    ],
    "172": [
        287,
        "shower_knob"
    ],
    "174": [
        83,
        "door"
    ],
    "175": [
        328,
        "box"
    ],
    "176": [
        24,
        "book"
    ],
    "178": [
        43,
        "basket_of_something"
    ],
    "180": [
        100,
        "microwave"
    ],
    "181": [
        318,
        "box"
    ],
    "182": [
        192,
        "bed"
    ],
    "184": [
        159,
        "basket_of_something"
    ],
    "186": [
        330,
        "box"
    ],
    "187": [
        52,
        "shelf"
    ],
    "188": [
        125,
        "dining_chair"
    ],
    "189": [
        167,
        "window_shutters"
    ],
    "190": [
        103,
        "fire_extinguisher"
    ],
    "191": [
        46,
        "decoration"
    ],
    "192": [
        114,
        "pitcher"
    ],
    "193": [
        58,
        "decoration"
    ],
    "194": [
        17,
        "wall_clock"
    ],
    "197": [
        261,
        "window_shutter"
    ],
    "198": [
        148,
        "wall_lamp"
    ],
    "199": [
        323,
        "box"
    ],
    "201": [
        268,
        "toilet"
    ],
    "202": [
        152,
        "sink"
    ],
    "204": [
        29,
        "stuffed_animal"
    ],
    "205": [
        211,
        "wardrobe"
    ],
    "208": [
        27,
        "pillow"
    ],
    "209": [
        245,
        "pouffe"
    ],
    "213": [
        248,
        "appliance"
    ],
    "216": [
        202,
        "decoration"
    ],
    "218": [
        32,
        "couch"
    ],
    "220": [
        331,
        "kitchen_cabinet"
    ],
    "221": [
        59,
        "rug"
    ],
    "222": [
        128,
        "dining_chair"
    ],
    "223": [
        105,
        "kitchen_handle"
    ],
    "224": [
        277,
        "bathroom_cabinet"
    ],
    "225": [
        208,
        "window_shutters"
    ],
    "226": [
        99,
        "decoration"
    ],
    "229": [
        124,
        "dining_table"
    ],
    "230": [
        179,
        "ceiling_lamp"
    ],
    "231": [
        118,
        "bottle"
    ],
    "232": [
        150,
        "mirror"
    ],
    "233": [
        108,
        "decoration"
    ],
    "234": [
        232,
        "fan"
    ],
    "235": [
        96,
        "decoration"
    ],
    "236": [
        102,
        "display_cabinet"
    ],
    "237": [
        36,
        "decoration"
    ],
    "238": [
        120,
        "pitcher"
    ],
    "239": [
        53,
        "decoration"
    ],
    "240": [
        170,
        "mat"
    ],
    "243": [
        50,
        "fireplace_wall"
    ],
    "244": [
        22,
        "basket_of_something"
    ],
    "245": [
        320,
        "box"
    ],
    "248": [
        175,
        "curtain_rod"
    ],
    "249": [
        333,
        "kitchen_cabinet"
    ],
    "252": [
        56,
        "decoration"
    ],
    "253": [
        165,
        "towel_bar"
    ],
    "255": [
        312,
        "hose"
    ],
    "256": [
        44,
        "tissue_box"
    ],
    "258": [
        289,
        "mat"
    ],
    "259": [
        38,
        "ventilation"
    ],
    "264": [
        217,
        "pillow"
    ],
    "265": [
        319,
        "box"
    ],
    "266": [
        210,
        "decoration"
    ],
    "270": [
        213,
        "mirror"
    ],
    "271": [
        244,
        "rug"
    ],
    "272": [
        243,
        "rug"
    ],
    "273": [
        215,
        "hanger"
    ],
    "274": [
        220,
        "pillow"
    ],
    "275": [
        314,
        "door"
    ],
    "276": [
        81,
        "window_shutter"
    ],
    "278": [
        106,
        "hanger"
    ],
    "281": [
        78,
        "refrigerator"
    ],
    "282": [
        262,
        "window_shutter"
    ],
    "283": [
        157,
        "toilet"
    ],
    "284": [
        280,
        "curtain"
    ],
    "285": [
        257,
        "appliance"
    ],
    "286": [
        189,
        "picture"
    ],
    "287": [
        199,
        "decoration"
    ],
    "288": [
        317,
        "box"
    ],
    "289": [
        111,
        "board"
    ],
    "290": [
        115,
        "decoration"
    ],
    "293": [
        93,
        "kitchen_appliance"
    ],
    "295": [
        92,
        "coffee_machine"
    ],
    "296": [
        49,
        "fireplace"
    ],
    "297": [
        253,
        "shelf"
    ],
    "298": [
        172,
        "bathtub"
    ],
    "299": [
        335,
        "kitchen_cabinet"
    ],
    "300": [
        239,
        "bed"
    ],
    "301": [
        112,
        "appliance"
    ],
    "303": [
        69,
        "ceiling_lamp"
    ],
    "306": [
        313,
        "plant"
    ],
    "307": [
        16,
        "window_shutter"
    ],
    "308": [
        153,
        "towel"
    ],
    "309": [
        45,
        "decoration"
    ],
    "311": [
        203,
        "table"
    ],
    "312": [
        142,
        "wardrobe"
    ],
    "313": [
        91,
        "appliance"
    ],
    "314": [
        137,
        "decoration"
    ],
    "315": [
        55,
        "decoration"
    ],
    "318": [
        160,
        "picture"
    ],
    "319": [
        136,
        "wall_lamp"
    ],
    "320": [
        155,
        "toilet_paper"
    ],
    "322": [
        308,
        "podium"
    ],
    "323": [
        87,
        "tap"
    ],
    "324": [
        60,
        "bucket"
    ],
    "326": [
        25,
        "lamp"
    ],
    "327": [
        327,
        "box"
    ],
    "328": [
        97,
        "picture"
    ],
    "329": [
        126,
        "dining_chair"
    ],
    "330": [
        161,
        "decoration"
    ],
    "331": [
        95,
        "towel"
    ],
    "332": [
        110,
        "box"
    ],
    "333": [
        281,
        "curtain_rod"
    ],
    "334": [
        209,
        "window_shutters"
    ],
    "335": [
        168,
        "bathroom_accessory"
    ],
    "336": [
        88,
        "microwave"
    ]
}