{
    "1": [
        648,
        "bathtub"
    ],
    "4": [
        418,
        "curtain"
    ],
    "5": [
        526,
        "speaker"
    ],
    "6": [
        528,
        "platform"
    ],
    "7": [
        639,
        "ceiling_lamp"
    ],
    "9": [
        236,
        "bathtub_platform"
    ],
    "10": [
        440,
        "dining_table"
    ],
    "13": [
        437,
        "curtain"
    ],
    "15": [
        14,
        "window"
    ],
    "20": [
        79,
        "tap"
    ],
    "21": [
        568,
        "rack"
    ],
    "23": [
        569,
        "microwave"
    ],
    "25": [
        608,
        "box"
    ],
    "26": [
        593,
        "box"
    ],
    "28": [
        507,
        "oven"
    ],
    "29": [
        347,
        "ceiling_lamp"
    ],
    "31": [
        546,
        "ceiling_lamp"
    ],
    "33": [
        303,
        "tv"
    ],
    "38": [
        617,
        "alarm"
    ],
    "41": [
        586,
        "box"
    ],
    "42": [
        662,
        "sink"
    ],
    "43": [
        512,
        "tap"
    ],
    "45": [
        635,
        "alarm"
    ],
    "47": [
        524,
        "speaker"
    ],
    "48": [
        508,
        "kitchen_extractor"
    ],
    "51": [
        342,
        "box"
    ],
    "52": [
        57,
        "bathroom_cabinet"
    ],
    "53": [
        54,
        "door"
    ],
    "55": [
        343,
        "ceiling_lamp"
    ],
    "59": [
        489,
        "window"
    ],
    "61": [
        154,
        "ceiling_lamp"
    ],
    "62": [
        554,
        "ceiling_lamp"
    ],
    "67": [
        346,
        "ceiling_lamp"
    ],
    "68": [
        716,
        "appliance"
    ],
    "69": [
        256,
        "ceiling_lamp"
    ],
    "70": [
        278,
        "clothes"
    ],
    "71": [
        582,
        "bottle"
    ],
    "74": [
        307,
        "desk"
    ],
    "75": [
        478,
        "couch"
    ],
    "77": [
        420,
        "curtain"
    ],
    "80": [
        30,
        "ceiling_lamp"
    ],
    "83": [
        355,
        "ceiling_lamp"
    ],
    "87": [
        202,
        "blinds"
    ],
    "90": [
        575,
        "jar"
    ],
    "91": [
        93,
        "door"
    ],
    "92": [
        131,
        "window"
    ],
    "95": [
        61,
        "mirror"
    ],
    "96": [
        100,
        "blinds"
    ],
    "97": [
        316,
        "door"
    ],
    "98": [
        581,
        "can"
    ],
    "100": [
        129,
        "window"
    ],
    "103": [
        687,
        "ceiling_lamp"
    ],
    "105": [
        233,
        "sink"
    ],
    "106": [
        21,
        "door"
    ],
    "110": [
        279,
        "clothes_rack"
    ],
    "112": [
        22,
        "lamp"
    ],
    "114": [
        544,
        "ceiling_lamp"
    ],
    "116": [
        607,
        "box"
    ],
    "117": [
        710,
        "door"
    ],
    "119": [
        422,
        "curtain"
    ],
    "121": [
        651,
        "shower_cabin"
    ],
    "124": [
        325,
        "blinds"
    ],
    "125": [
        228,
        "shower_cabin"
    ],
    "127": [
        595,
        "kettle"
    ],
    "132": [
        491,
        "window"
    ],
    "134": [
        108,
        "door"
    ],
    "135": [
        70,
        "toilet_paper"
    ],
    "137": [
        232,
        "bathroom_cabinet"
    ],
    "143": [
        396,
        "ceiling_lamp"
    ],
    "144": [
        684,
        "appliance"
    ],
    "146": [
        268,
        "plush_toy"
    ],
    "148": [
        517,
        "chair"
    ],
    "152": [
        596,
        "bag"
    ],
    "154": [
        193,
        "door"
    ],
    "156": [
        547,
        "ceiling_lamp"
    ],
    "161": [
        501,
        "kitchen_cabinet"
    ],
    "164": [
        71,
        "door"
    ],
    "165": [
        523,
        "speaker"
    ],
    "167": [
        616,
        "ceiling_lamp"
    ],
    "169": [
        516,
        "chair"
    ],
    "170": [
        145,
        "ceiling_lamp"
    ],
    "173": [
        10,
        "fan"
    ],
    "174": [
        274,
        "clothes_rack"
    ],
    "176": [
        503,
        "kitchen_cabinet"
    ],
    "178": [
        583,
        "box"
    ],
    "181": [
        493,
        "window"
    ],
    "183": [
        570,
        "box"
    ],
    "185": [
        264,
        "clothes"
    ],
    "187": [
        321,
        "blinds"
    ],
    "188": [
        540,
        "door"
    ],
    "190": [
        273,
        "clothes_rack"
    ],
    "193": [
        59,
        "sink"
    ],
    "199": [
        271,
        "clothes_rack"
    ],
    "202": [
        558,
        "ceiling_lamp"
    ],
    "203": [
        305,
        "cabinet"
    ],
    "204": [
        317,
        "door"
    ],
    "205": [
        661,
        "bathroom_cabinet"
    ],
    "208": [
        265,
        "clothes"
    ],
    "210": [
        336,
        "box"
    ],
    "211": [
        95,
        "door"
    ],
    "213": [
        666,
        "tap"
    ],
    "220": [
        308,
        "desk_chair"
    ],
    "222": [
        587,
        "can"
    ],
    "224": [
        309,
        "stuffed_animal"
    ],
    "225": [
        663,
        "sink"
    ],
    "226": [
        633,
        "blinds"
    ],
    "228": [
        509,
        "stove"
    ],
    "229": [
        353,
        "wall_clock"
    ],
    "232": [
        598,
        "box"
    ],
    "233": [
        677,
        "door"
    ],
    "236": [
        695,
        "toilet_paper"
    ],
    "237": [
        480,
        "table"
    ],
    "238": [
        78,
        "shelf"
    ],
    "240": [
        369,
        "shelf"
    ],
    "242": [
        266,
        "blanket"
    ],
    "243": [
        234,
        "sink"
    ],
    "244": [
        27,
        "desk"
    ],
    "248": [
        348,
        "ceiling_lamp"
    ],
    "251": [
        638,
        "ceiling_lamp"
    ],
    "252": [
        370,
        "shower_knob"
    ],
    "256": [
        522,
        "rack"
    ],
    "260": [
        557,
        "ceiling_lamp"
    ],
    "261": [
        520,
        "door"
    ],
    "262": [
        323,
        "curtain_rod"
    ],
    "263": [
        35,
        "ceiling_lamp"
    ],
    "264": [
        494,
        "window"
    ],
    "265": [
        602,
        "box"
    ],
    "279": [
        257,
        "ceiling_lamp"
    ],
    "280": [
        495,
        "kitchen_counter"
    ],
    "282": [
        304,
        "cabinet"
    ],
    "283": [
        18,
        "window"
    ],
    "285": [
        502,
        "kitchen_cabinet"
    ],
    "287": [
        597,
        "bag"
    ],
    "291": [
        410,
        "window"
    ],
    "296": [
        111,
        "ceiling_lamp"
    ],
    "298": [
        553,
        "ceiling_lamp"
    ],
    "300": [
        32,
        "ceiling_lamp"
    ],
    "301": [
        709,
        "ceiling_lamp"
    ],
    "307": [
        629,
        "door"
    ],
    "308": [
        409,
        "window"
    ],
    "317": [
        634,
        "blinds"
    ],
    "318": [
        312,
        "door"
    ],
    "321": [
        28,
        "screen"
    ],
    "322": [
        636,
        "ceiling_lamp"
    ],
    "323": [
        230,
        "bathroom_counter"
    ],
    "324": [
        238,
        "tap"
    ],
    "325": [
        529,
        "appliance"
    ],
    "326": [
        696,
        "trash_can"
    ],
    "327": [
        147,
        "ceiling_lamp"
    ],
    "329": [
        63,
        "door"
    ],
    "330": [
        290,
        "toilet_brush"
    ],
    "332": [
        338,
        "toy"
    ],
    "336": [
        136,
        "table"
    ],
    "337": [
        441,
        "dining_chair"
    ],
    "338": [
        438,
        "curtain"
    ],
    "339": [
        697,
        "sink"
    ],
    "340": [
        359,
        "toilet"
    ],
    "341": [
        576,
        "can"
    ],
    "343": [
        550,
        "ceiling_lamp"
    ],
    "344": [
        94,
        "door"
    ],
    "346": [
        498,
        "kitchen_lower_cabinet"
    ],
    "349": [
        239,
        "window"
    ],
    "350": [
        479,
        "table"
    ],
    "352": [
        660,
        "wall_lamp"
    ],
    "354": [
        577,
        "can"
    ],
    "356": [
        148,
        "ceiling_lamp"
    ],
    "358": [
        605,
        "box"
    ],
    "359": [
        492,
        "window"
    ],
    "362": [
        599,
        "box"
    ],
    "363": [
        515,
        "table"
    ],
    "366": [
        513,
        "dishwasher"
    ],
    "369": [
        548,
        "ceiling_lamp"
    ],
    "374": [
        25,
        "door"
    ],
    "375": [
        134,
        "couch"
    ],
    "376": [
        272,
        "clothes_rack"
    ],
    "377": [
        594,
        "bag"
    ],
    "379": [
        310,
        "curtain"
    ],
    "380": [
        36,
        "ceiling_lamp"
    ],
    "381": [
        262,
        "door"
    ],
    "384": [
        556,
        "ceiling_lamp"
    ],
    "385": [
        150,
        "ceiling_lamp"
    ],
    "387": [
        525,
        "speaker"
    ],
    "390": [
        328,
        "appliance"
    ],
    "393": [
        504,
        "microwave"
    ],
    "395": [
        197,
        "table"
    ],
    "397": [
        565,
        "door"
    ],
    "398": [
        665,
        "tap"
    ],
    "399": [
        15,
        "window"
    ],
    "401": [
        220,
        "towel"
    ],
    "407": [
        403,
        "chandelier"
    ],
    "413": [
        335,
        "book"
    ],
    "414": [
        241,
        "mirror"
    ],
    "415": [
        506,
        "oven"
    ],
    "416": [
        332,
        "book"
    ],
    "421": [
        204,
        "blinds"
    ],
    "422": [
        500,
        "kitchen_cabinet"
    ],
    "423": [
        344,
        "ceiling_lamp"
    ],
    "425": [
        417,
        "curtain"
    ],
    "427": [
        589,
        "bag"
    ],
    "428": [
        603,
        "bag"
    ],
    "429": [
        713,
        "cabinet"
    ],
    "431": [
        606,
        "box"
    ],
    "433": [
        545,
        "ceiling_lamp"
    ],
    "436": [
        442,
        "dining_chair"
    ],
    "437": [
        421,
        "curtain"
    ],
    "441": [
        199,
        "fireplace"
    ],
    "443": [
        552,
        "ceiling_lamp"
    ],
    "445": [
        591,
        "bottle"
    ],
    "448": [
        311,
        "decoration"
    ],
    "451": [
        289,
        "toilet_paper"
    ],
    "452": [
        231,
        "bathroom_cabinet"
    ],
    "453": [
        263,
        "door"
    ],
    "454": [
        91,
        "door"
    ],
    "456": [
        269,
        "plush_toy"
    ],
    "457": [
        477,
        "couch"
    ],
    "458": [
        514,
        "kitchen_cabinet"
    ],
    "460": [
        324,
        "window"
    ],
    "462": [
        712,
        "cabinet"
    ],
    "463": [
        315,
        "door"
    ],
    "464": [
        609,
        "box"
    ],
    "465": [
        694,
        "toilet"
    ],
    "466": [
        567,
        "ceiling_lamp"
    ],
    "472": [
        31,
        "ceiling_lamp"
    ],
    "473": [
        98,
        "ceiling_lamp"
    ],
    "477": [
        527,
        "fireplace"
    ],
    "478": [
        497,
        "kitchen_lower_cabinet"
    ],
    "479": [
        559,
        "appliance"
    ],
    "482": [
        443,
        "dining_chair"
    ],
    "483": [
        363,
        "toilet_paper"
    ],
    "484": [
        322,
        "curtain_rod"
    ],
    "486": [
        46,
        "window"
    ],
    "488": [
        153,
        "ceiling_lamp"
    ],
    "489": [
        287,
        "door"
    ],
    "490": [
        302,
        "bed"
    ],
    "491": [
        541,
        "door"
    ],
    "493": [
        242,
        "mirror"
    ],
    "496": [
        531,
        "appliance"
    ],
    "497": [
        604,
        "box"
    ],
    "503": [
        357,
        "door"
    ],
    "504": [
        277,
        "clothes"
    ],
    "509": [
        331,
        "toy"
    ],
    "510": [
        573,
        "box"
    ],
    "511": [
        446,
        "dining_chair"
    ],
    "512": [
        44,
        "cabinet"
    ],
    "513": [
        673,
        "toilet"
    ],
    "517": [
        334,
        "book"
    ],
    "519": [
        77,
        "shower_hose_head"
    ],
    "521": [
        711,
        "cabinet"
    ],
    "522": [
        658,
        "mirror"
    ],
    "525": [
        288,
        "toilet"
    ],
    "527": [
        340,
        "toy"
    ],
    "532": [
        240,
        "blinds"
    ],
    "534": [
        481,
        "rug"
    ],
    "537": [
        97,
        "ceiling_lamp"
    ],
    "538": [
        203,
        "blinds"
    ],
    "541": [
        330,
        "mat"
    ],
    "544": [
        652,
        "shower_knob"
    ],
    "545": [
        34,
        "ceiling_lamp"
    ],
    "546": [
        80,
        "shower"
    ],
    "547": [
        499,
        "kitchen_cabinet"
    ],
    "549": [
        73,
        "bathtub"
    ],
    "550": [
        58,
        "sink"
    ],
    "552": [
        301,
        "curtain"
    ],
    "554": [
        360,
        "bathroom_cabinet"
    ],
    "556": [
        456,
        "cabinet"
    ],
    "558": [
        521,
        "tv"
    ],
    "561": [
        487,
        "window"
    ],
    "562": [
        151,
        "ceiling_lamp"
    ],
    "567": [
        69,
        "toilet"
    ],
    "568": [
        201,
        "blinds"
    ],
    "569": [
        572,
        "box"
    ],
    "570": [
        198,
        "table"
    ],
    "572": [
        327,
        "pillow"
    ],
    "574": [
        505,
        "refrigerator"
    ],
    "575": [
        543,
        "ceiling_lamp"
    ],
    "576": [
        667,
        "tap"
    ],
    "577": [
        372,
        "shower_rod"
    ],
    "581": [
        700,
        "door"
    ],
    "583": [
        191,
        "appliance"
    ],
    "584": [
        439,
        "display_cabinet"
    ],
    "586": [
        395,
        "ceiling_lamp"
    ],
    "589": [
        488,
        "window"
    ],
    "590": [
        650,
        "window"
    ],
    "591": [
        600,
        "box"
    ],
    "592": [
        333,
        "book"
    ],
    "594": [
        584,
        "box"
    ],
    "596": [
        237,
        "bathtub"
    ],
    "597": [
        445,
        "dining_chair"
    ],
    "598": [
        155,
        "ceiling_lamp"
    ],
    "600": [
        29,
        "ceiling_lamp"
    ],
    "601": [
        345,
        "ceiling_lamp"
    ],
    "602": [
        267,
        "plush_toy"
    ],
    "603": [
        551,
        "ceiling_lamp"
    ],
    "604": [
        192,
        "door"
    ],
    "607": [
        585,
        "box"
    ],
    "608": [
        655,
        "shelf"
    ],
    "610": [
        135,
        "couch"
    ],
    "614": [
        619,
        "appliance"
    ],
    "615": [
        320,
        "window"
    ],
    "616": [
        19,
        "window"
    ],
    "620": [
        406,
        "door"
    ],
    "622": [
        601,
        "box"
    ],
    "623": [
        149,
        "ceiling_lamp"
    ],
    "624": [
        53,
        "door"
    ],
    "626": [
        714,
        "sink"
    ],
    "628": [
        578,
        "box"
    ],
    "629": [
        590,
        "jar"
    ],
    "633": [
        194,
        "bed"
    ],
    "634": [
        519,
        "chair"
    ],
    "638": [
        337,
        "toy"
    ],
    "639": [
        549,
        "ceiling_lamp"
    ],
    "640": [
        580,
        "box"
    ],
    "642": [
        718,
        "door"
    ],
    "643": [
        326,
        "pillow"
    ],
    "644": [
        424,
        "pillar"
    ],
    "645": [
        588,
        "bag"
    ],
    "648": [
        229,
        "mirror"
    ],
    "649": [
        364,
        "bathtub"
    ],
    "650": [
        260,
        "stool"
    ],
    "651": [
        659,
        "mirror"
    ],
    "652": [
        280,
        "clothes_rack"
    ],
    "653": [
        339,
        "toy"
    ],
    "655": [
        664,
        "mirror"
    ],
    "656": [
        371,
        "shower_hose_head"
    ],
    "657": [
        530,
        "appliance"
    ],
    "658": [
        574,
        "box"
    ],
    "659": [
        33,
        "ceiling_lamp"
    ],
    "661": [
        358,
        "towel"
    ],
    "665": [
        518,
        "chair"
    ],
    "668": [
        270,
        "plush_toy"
    ],
    "670": [
        276,
        "clothes"
    ],
    "673": [
        419,
        "curtain"
    ],
    "674": [
        668,
        "door"
    ],
    "676": [
        361,
        "sink"
    ],
    "678": [
        99,
        "alarm"
    ],
    "680": [
        306,
        "rack"
    ],
    "681": [
        62,
        "mirror"
    ],
    "683": [
        196,
        "pillow"
    ],
    "684": [
        436,
        "chandelier"
    ],
    "685": [
        496,
        "kitchen_lower_cabinet"
    ],
    "690": [
        341,
        "toy"
    ],
    "694": [
        96,
        "ceiling_lamp"
    ],
    "696": [
        259,
        "chair"
    ],
    "697": [
        592,
        "bottle"
    ],
    "698": [
        510,
        "sink"
    ],
    "699": [
        555,
        "ceiling_lamp"
    ],
    "700": [
        261,
        "table"
    ],
    "701": [
        579,
        "box"
    ],
    "702": [
        146,
        "ceiling_lamp"
    ],
    "704": [
        195,
        "pillow"
    ],
    "705": [
        511,
        "tap"
    ],
    "707": [
        674,
        "toilet_paper"
    ],
    "708": [
        275,
        "clothes"
    ],
    "712": [
        571,
        "box"
    ],
    "713": [
        152,
        "ceiling_lamp"
    ],
    "716": [
        490,
        "window"
    ],
    "717": [
        329,
        "decoration"
    ],
    "718": [
        444,
        "dining_chair"
    ]
}