{
    "4": [
        571,
        "clutter"
    ],
    "5": [
        352,
        "jar"
    ],
    "6": [
        238,
        "plant"
    ],
    "8": [
        668,
        "birdhouse"
    ],
    "11": [
        145,
        "bathtub"
    ],
    "12": [
        515,
        "pipe"
    ],
    "13": [
        168,
        "bed"
    ],
    "15": [
        317,
        "kitchen_cabinet"
    ],
    "16": [
        762,
        "carpet"
    ],
    "18": [
        307,
        "cloth"
    ],
    "19": [
        763,
        "vent"
    ],
    "21": [
        286,
        "hanging_clothes"
    ],
    "22": [
        362,
        "jar"
    ],
    "23": [
        227,
        "picture"
    ],
    "24": [
        279,
        "tv"
    ],
    "25": [
        318,
        "kitchen_cabinet"
    ],
    "27": [
        211,
        "picture"
    ],
    "28": [
        24,
        "bed"
    ],
    "29": [
        129,
        "chair"
    ],
    "30": [
        420,
        "box"
    ],
    "31": [
        260,
        "box"
    ],
    "32": [
        328,
        "kitchen_utensil"
    ],
    "33": [
        301,
        "kitchen_cabinet"
    ],
    "34": [
        350,
        "box"
    ],
    "35": [
        527,
        "book"
    ],
    "36": [
        170,
        "pillow"
    ],
    "37": [
        451,
        "bucket"
    ],
    "38": [
        110,
        "picture"
    ],
    "39": [
        548,
        "ironing_board"
    ],
    "42": [
        395,
        "door"
    ],
    "44": [
        273,
        "side_table"
    ],
    "45": [
        270,
        "picture"
    ],
    "46": [
        121,
        "box_with_books"
    ],
    "47": [
        274,
        "vase"
    ],
    "48": [
        241,
        "picture"
    ],
    "49": [
        638,
        "bucket"
    ],
    "50": [
        23,
        "pillow"
    ],
    "51": [
        25,
        "pillow"
    ],
    "52": [
        474,
        "toilet_paper"
    ],
    "55": [
        85,
        "cosmetic"
    ],
    "56": [
        204,
        "picture"
    ],
    "57": [
        95,
        "saw"
    ],
    "58": [
        355,
        "jar"
    ],
    "61": [
        248,
        "side_table"
    ],
    "62": [
        364,
        "fan"
    ],
    "63": [
        189,
        "candle"
    ],
    "65": [
        176,
        "desk"
    ],
    "66": [
        54,
        "mirror"
    ],
    "69": [
        146,
        "shower_curtain"
    ],
    "70": [
        320,
        "kitchen_cabinet"
    ],
    "71": [
        565,
        "lamp"
    ],
    "72": [
        245,
        "vase"
    ],
    "73": [
        646,
        "can"
    ],
    "74": [
        480,
        "toilet"
    ],
    "76": [
        596,
        "box"
    ],
    "77": [
        135,
        "carpet"
    ],
    "82": [
        564,
        "lamp"
    ],
    "83": [
        551,
        "pet_bed"
    ],
    "84": [
        16,
        "clothes"
    ],
    "85": [
        114,
        "box_with_books"
    ],
    "86": [
        653,
        "box"
    ],
    "87": [
        476,
        "picture"
    ],
    "88": [
        600,
        "box"
    ],
    "90": [
        180,
        "holy_cross"
    ],
    "91": [
        212,
        "curtain"
    ],
    "93": [
        208,
        "picture"
    ],
    "94": [
        184,
        "decoration"
    ],
    "96": [
        338,
        "kitchen_cabinet"
    ],
    "97": [
        5,
        "wall_hanging_decoration"
    ],
    "98": [
        304,
        "oven_and_stove"
    ],
    "99": [
        607,
        "frame"
    ],
    "101": [
        297,
        "wall_hanging_decoration"
    ],
    "103": [
        27,
        "pillow"
    ],
    "105": [
        244,
        "pet_bed"
    ],
    "108": [
        365,
        "chair"
    ],
    "110": [
        373,
        "lamp"
    ],
    "111": [
        359,
        "kitchen_utensil"
    ],
    "112": [
        633,
        "bucket"
    ],
    "114": [
        641,
        "bucket"
    ],
    "115": [
        664,
        "curtain"
    ],
    "116": [
        358,
        "kitchen_utensil"
    ],
    "117": [
        636,
        "box"
    ],
    "119": [
        450,
        "bucket"
    ],
    "120": [
        454,
        "fan"
    ],
    "122": [
        412,
        "box"
    ],
    "123": [
        658,
        "box"
    ],
    "125": [
        370,
        "candle"
    ],
    "127": [
        117,
        "lamp"
    ],
    "128": [
        414,
        "bucket"
    ],
    "129": [
        177,
        "stool"
    ],
    "133": [
        243,
        "lamp"
    ],
    "135": [
        257,
        "plant"
    ],
    "136": [
        306,
        "cloth"
    ],
    "137": [
        590,
        "exercise_machine"
    ],
    "138": [
        482,
        "door"
    ],
    "139": [
        525,
        "kitchen_cabinet"
    ],
    "140": [
        738,
        "basin"
    ],
    "141": [
        221,
        "clock"
    ],
    "142": [
        105,
        "door"
    ],
    "145": [
        418,
        "box"
    ],
    "146": [
        649,
        "can"
    ],
    "147": [
        595,
        "box"
    ],
    "148": [
        267,
        "plant"
    ],
    "150": [
        167,
        "door"
    ],
    "151": [
        549,
        "bucket"
    ],
    "152": [
        746,
        "bottle"
    ],
    "153": [
        442,
        "box"
    ],
    "154": [
        91,
        "toilet_brush"
    ],
    "155": [
        331,
        "jar"
    ],
    "161": [
        512,
        "pipe"
    ],
    "163": [
        568,
        "pet_bowl"
    ],
    "165": [
        416,
        "bucket"
    ],
    "166": [
        197,
        "curtain"
    ],
    "169": [
        250,
        "picture"
    ],
    "172": [
        100,
        "tool"
    ],
    "174": [
        162,
        "picture"
    ],
    "175": [
        3,
        "picture"
    ],
    "176": [
        441,
        "box"
    ],
    "181": [
        49,
        "decoration"
    ],
    "182": [
        361,
        "jar"
    ],
    "183": [
        521,
        "laundry_machine"
    ],
    "184": [
        597,
        "bag"
    ],
    "185": [
        618,
        "bicycle"
    ],
    "186": [
        422,
        "box"
    ],
    "190": [
        506,
        "table"
    ],
    "191": [
        648,
        "can"
    ],
    "192": [
        470,
        "sink"
    ],
    "194": [
        703,
        "wall_hanging_decoration"
    ],
    "196": [
        582,
        "window"
    ],
    "197": [
        38,
        "fan"
    ],
    "198": [
        417,
        "bottle"
    ],
    "199": [
        323,
        "sink"
    ],
    "203": [
        374,
        "picture"
    ],
    "204": [
        492,
        "wall_hanging_decoration"
    ],
    "205": [
        264,
        "plant"
    ],
    "206": [
        539,
        "sink"
    ],
    "208": [
        479,
        "wall_hanging_decoration"
    ],
    "212": [
        650,
        "can"
    ],
    "214": [
        20,
        "laundry_basket"
    ],
    "215": [
        628,
        "can"
    ],
    "216": [
        566,
        "lamp"
    ],
    "217": [
        332,
        "jar"
    ],
    "218": [
        449,
        "bucket"
    ],
    "219": [
        133,
        "door_stopper"
    ],
    "220": [
        642,
        "bucket"
    ],
    "222": [
        252,
        "plant"
    ],
    "223": [
        347,
        "kitchen_cabinet"
    ],
    "224": [
        386,
        "carpet"
    ],
    "225": [
        563,
        "lamp"
    ],
    "226": [
        586,
        "electrical_box"
    ],
    "227": [
        413,
        "box"
    ],
    "228": [
        502,
        "picture"
    ],
    "229": [
        547,
        "cloth"
    ],
    "230": [
        166,
        "closet_door"
    ],
    "231": [
        224,
        "picture"
    ],
    "233": [
        498,
        "couch"
    ],
    "234": [
        466,
        "mirror"
    ],
    "235": [
        205,
        "picture"
    ],
    "236": [
        130,
        "desk"
    ],
    "237": [
        415,
        "bucket"
    ],
    "239": [
        47,
        "jug"
    ],
    "240": [
        453,
        "wood"
    ],
    "241": [
        251,
        "chest_of_drawers"
    ],
    "242": [
        357,
        "jar"
    ],
    "243": [
        8,
        "curtain"
    ],
    "245": [
        326,
        "soap_dispenser"
    ],
    "246": [
        82,
        "shelf"
    ],
    "248": [
        140,
        "sink"
    ],
    "249": [
        291,
        "wall_hanging_decoration"
    ],
    "250": [
        33,
        "nightstand"
    ],
    "251": [
        22,
        "alarm"
    ],
    "252": [
        185,
        "chest_of_drawers"
    ],
    "254": [
        74,
        "toilet_paper_dispenser"
    ],
    "256": [
        621,
        "broom"
    ],
    "258": [
        570,
        "scale"
    ],
    "259": [
        202,
        "door"
    ],
    "260": [
        427,
        "window"
    ],
    "261": [
        157,
        "picture"
    ],
    "262": [
        220,
        "picture"
    ],
    "263": [
        368,
        "table"
    ],
    "266": [
        73,
        "towel_bar"
    ],
    "267": [
        57,
        "wall_hanging_decoration"
    ],
    "269": [
        603,
        "ladder"
    ],
    "270": [
        424,
        "bag"
    ],
    "271": [
        102,
        "tool"
    ],
    "272": [
        165,
        "mirror"
    ],
    "274": [
        231,
        "wall_top"
    ],
    "278": [
        309,
        "fridge"
    ],
    "279": [
        103,
        "frame"
    ],
    "281": [
        94,
        "alarm"
    ],
    "282": [
        242,
        "candle"
    ],
    "283": [
        530,
        "window"
    ],
    "285": [
        613,
        "pipe"
    ],
    "287": [
        319,
        "dishwasher"
    ],
    "288": [
        452,
        "wall_hanging_decoration"
    ],
    "290": [
        207,
        "picture"
    ],
    "292": [
        122,
        "cabinet"
    ],
    "293": [
        327,
        "brush"
    ],
    "294": [
        448,
        "bucket"
    ],
    "295": [
        293,
        "window"
    ],
    "296": [
        747,
        "wood"
    ],
    "297": [
        225,
        "picture"
    ],
    "298": [
        324,
        "soap"
    ],
    "299": [
        645,
        "can"
    ],
    "300": [
        663,
        "bag"
    ],
    "301": [
        40,
        "carpet"
    ],
    "303": [
        210,
        "picture"
    ],
    "304": [
        333,
        "kitchen_appliance"
    ],
    "305": [
        366,
        "chair"
    ],
    "306": [
        542,
        "kitchen_cabinet"
    ],
    "308": [
        436,
        "cabinet"
    ],
    "310": [
        48,
        "cabinet"
    ],
    "311": [
        432,
        "fridge"
    ],
    "313": [
        263,
        "plant"
    ],
    "314": [
        97,
        "window"
    ],
    "315": [
        460,
        "carpet"
    ],
    "317": [
        383,
        "alarm"
    ],
    "318": [
        493,
        "wall_hanging_decoration"
    ],
    "319": [
        446,
        "clutter"
    ],
    "320": [
        46,
        "chest_of_drawers"
    ],
    "321": [
        528,
        "bag"
    ],
    "323": [
        233,
        "bucket"
    ],
    "324": [
        740,
        "box"
    ],
    "328": [
        630,
        "can"
    ],
    "330": [
        90,
        "carpet"
    ],
    "331": [
        200,
        "mirror"
    ],
    "332": [
        535,
        "jar"
    ],
    "333": [
        587,
        "vanity"
    ],
    "336": [
        52,
        "picture"
    ],
    "337": [
        30,
        "tissue_box"
    ],
    "338": [
        6,
        "picture"
    ],
    "339": [
        290,
        "wall_hanging_decoration"
    ],
    "340": [
        127,
        "plant"
    ],
    "343": [
        606,
        "rope"
    ],
    "344": [
        569,
        "pet_bowl"
    ],
    "346": [
        588,
        "mirror"
    ],
    "347": [
        529,
        "kitchen_cabinet"
    ],
    "349": [
        334,
        "kitchen_utensil"
    ],
    "350": [
        709,
        "bag"
    ],
    "351": [
        258,
        "box"
    ],
    "352": [
        579,
        "shelving"
    ],
    "354": [
        192,
        "lamp"
    ],
    "355": [
        592,
        "vacuum_cleaner"
    ],
    "356": [
        272,
        "plant"
    ],
    "357": [
        573,
        "window"
    ],
    "358": [
        499,
        "pet_bed"
    ],
    "359": [
        289,
        "picture"
    ],
    "360": [
        513,
        "pipe"
    ],
    "361": [
        232,
        "stack_of_papers"
    ],
    "362": [
        213,
        "curtain"
    ],
    "363": [
        660,
        "box"
    ],
    "364": [
        661,
        "box"
    ],
    "365": [
        585,
        "door"
    ],
    "367": [
        351,
        "jar"
    ],
    "373": [
        255,
        "plant"
    ],
    "374": [
        123,
        "candle"
    ],
    "375": [
        237,
        "coffee_table"
    ],
    "377": [
        404,
        "shelving"
    ],
    "378": [
        635,
        "box"
    ],
    "379": [
        45,
        "chest_of_drawers"
    ],
    "380": [
        302,
        "kitchen_cabinet"
    ],
    "381": [
        655,
        "clutter"
    ],
    "382": [
        246,
        "couch"
    ],
    "383": [
        254,
        "plant"
    ],
    "386": [
        742,
        "box_with_shoes"
    ],
    "387": [
        226,
        "picture"
    ],
    "390": [
        179,
        "picture"
    ],
    "391": [
        419,
        "box"
    ],
    "392": [
        158,
        "curtain"
    ],
    "394": [
        409,
        "box"
    ],
    "395": [
        75,
        "sink"
    ],
    "398": [
        17,
        "clothes"
    ],
    "399": [
        627,
        "can"
    ],
    "402": [
        186,
        "jar"
    ],
    "403": [
        336,
        "jar"
    ],
    "404": [
        236,
        "door"
    ],
    "406": [
        109,
        "saw"
    ],
    "409": [
        444,
        "box"
    ],
    "411": [
        704,
        "railing"
    ],
    "412": [
        403,
        "alarm"
    ],
    "413": [
        61,
        "picture"
    ],
    "417": [
        640,
        "bucket"
    ],
    "418": [
        545,
        "box"
    ],
    "419": [
        562,
        "lamp"
    ],
    "420": [
        174,
        "decoration"
    ],
    "421": [
        261,
        "side_table"
    ],
    "422": [
        421,
        "box"
    ],
    "424": [
        637,
        "bag"
    ],
    "428": [
        707,
        "door"
    ],
    "429": [
        99,
        "saw"
    ],
    "430": [
        53,
        "desk"
    ],
    "433": [
        619,
        "bicycle"
    ],
    "435": [
        611,
        "machine"
    ],
    "436": [
        369,
        "scale"
    ],
    "437": [
        348,
        "kitchen_cabinet"
    ],
    "438": [
        471,
        "faucet"
    ],
    "439": [
        173,
        "decoration"
    ],
    "440": [
        622,
        "broom"
    ],
    "443": [
        78,
        "tissue_box"
    ],
    "444": [
        325,
        "faucet"
    ],
    "445": [
        631,
        "ball"
    ],
    "446": [
        526,
        "box"
    ],
    "447": [
        615,
        "bucket"
    ],
    "449": [
        256,
        "plant"
    ],
    "450": [
        206,
        "picture"
    ],
    "451": [
        486,
        "carpet"
    ],
    "452": [
        234,
        "decoration"
    ],
    "454": [
        7,
        "window"
    ],
    "455": [
        81,
        "toilet_paper"
    ],
    "458": [
        188,
        "picture"
    ],
    "459": [
        195,
        "window"
    ],
    "461": [
        367,
        "chair"
    ],
    "463": [
        217,
        "holy_cross"
    ],
    "464": [
        281,
        "door"
    ],
    "466": [
        534,
        "kitchen_cabinet"
    ],
    "468": [
        459,
        "pet_bed"
    ],
    "469": [
        532,
        "clock"
    ],
    "471": [
        107,
        "window"
    ],
    "472": [
        9,
        "curtain"
    ],
    "473": [
        643,
        "bucket"
    ],
    "474": [
        472,
        "candle"
    ],
    "475": [
        136,
        "decoration"
    ],
    "476": [
        209,
        "picture"
    ],
    "480": [
        356,
        "paper_towel"
    ],
    "481": [
        21,
        "tv"
    ],
    "484": [
        321,
        "kitchen_counter"
    ],
    "486": [
        113,
        "candle"
    ],
    "487": [
        440,
        "box"
    ],
    "488": [
        190,
        "box"
    ],
    "490": [
        702,
        "wall_hanging_decoration"
    ],
    "492": [
        617,
        "pipe"
    ],
    "493": [
        266,
        "cabinet"
    ],
    "494": [
        406,
        "box"
    ],
    "495": [
        604,
        "frame"
    ],
    "497": [
        313,
        "kitchen_utensil"
    ],
    "499": [
        485,
        "carpet"
    ],
    "500": [
        598,
        "box"
    ],
    "503": [
        143,
        "toilet"
    ],
    "504": [
        632,
        "box"
    ],
    "506": [
        240,
        "side_table"
    ],
    "507": [
        438,
        "box"
    ],
    "509": [
        488,
        "shelving"
    ],
    "510": [
        298,
        "door"
    ],
    "511": [
        445,
        "bucket"
    ],
    "515": [
        183,
        "chair"
    ],
    "519": [
        614,
        "machine"
    ],
    "520": [
        741,
        "box"
    ],
    "525": [
        126,
        "picture"
    ],
    "527": [
        599,
        "box"
    ],
    "529": [
        111,
        "chest_of_drawers"
    ],
    "530": [
        303,
        "microwave"
    ],
    "532": [
        55,
        "door"
    ],
    "536": [
        519,
        "sink"
    ],
    "538": [
        608,
        "box"
    ],
    "540": [
        507,
        "chair"
    ],
    "543": [
        312,
        "kitchen_utensil"
    ],
    "545": [
        546,
        "bag"
    ],
    "547": [
        612,
        "pipe"
    ],
    "548": [
        394,
        "door"
    ],
    "550": [
        79,
        "shelf"
    ],
    "551": [
        182,
        "chair"
    ],
    "552": [
        139,
        "picture"
    ],
    "554": [
        84,
        "cosmetic"
    ],
    "556": [
        96,
        "saw"
    ],
    "557": [
        156,
        "curtain"
    ],
    "559": [
        623,
        "mop"
    ],
    "560": [
        118,
        "armchair"
    ],
    "561": [
        481,
        "trashcan"
    ],
    "562": [
        300,
        "kitchen_cabinet"
    ],
    "564": [
        187,
        "plate"
    ],
    "565": [
        509,
        "trashcan"
    ],
    "568": [
        538,
        "kitchen_cabinet"
    ],
    "570": [
        354,
        "jar"
    ],
    "572": [
        544,
        "kitchen_cabinet"
    ],
    "573": [
        106,
        "picture"
    ],
    "574": [
        276,
        "plant"
    ],
    "575": [
        112,
        "storage_cabinet"
    ],
    "577": [
        42,
        "door"
    ],
    "578": [
        310,
        "kitchen_cabinet"
    ],
    "580": [
        80,
        "toilet_paper"
    ],
    "581": [
        385,
        "carpet"
    ],
    "585": [
        171,
        "toy"
    ],
    "586": [
        494,
        "side_table"
    ],
    "588": [
        175,
        "lamp"
    ],
    "589": [
        142,
        "door"
    ],
    "591": [
        196,
        "curtain"
    ],
    "596": [
        50,
        "window"
    ],
    "597": [
        657,
        "box"
    ],
    "599": [
        249,
        "decoration"
    ],
    "602": [
        144,
        "tissue_box"
    ],
    "603": [
        524,
        "fridge"
    ],
    "604": [
        353,
        "jar"
    ],
    "605": [
        594,
        "box"
    ],
    "606": [
        439,
        "clutter"
    ],
    "607": [
        610,
        "vent"
    ],
    "608": [
        26,
        "pillow"
    ],
    "610": [
        616,
        "machine"
    ],
    "611": [
        425,
        "cabinet"
    ],
    "612": [
        31,
        "lamp"
    ],
    "613": [
        533,
        "kitchen_utensil"
    ],
    "614": [
        523,
        "cabinet"
    ],
    "616": [
        670,
        "railing"
    ],
    "617": [
        389,
        "picture"
    ],
    "618": [
        407,
        "box"
    ],
    "619": [
        437,
        "box"
    ],
    "620": [
        86,
        "toilet"
    ],
    "621": [
        708,
        "door"
    ],
    "622": [
        360,
        "plant"
    ],
    "623": [
        43,
        "mirror"
    ],
    "624": [
        163,
        "alarm"
    ],
    "626": [
        518,
        "air_conditioner"
    ],
    "627": [
        656,
        "box"
    ],
    "629": [
        423,
        "clothes"
    ],
    "631": [
        654,
        "stack_of_papers"
    ],
    "632": [
        349,
        "jar"
    ],
    "634": [
        659,
        "box"
    ],
    "636": [
        278,
        "decoration"
    ],
    "637": [
        19,
        "clothes"
    ],
    "638": [
        520,
        "laundry_machine"
    ],
    "639": [
        131,
        "lamp"
    ],
    "641": [
        128,
        "cabinet"
    ],
    "643": [
        540,
        "faucet"
    ],
    "644": [
        644,
        "bucket"
    ],
    "646": [
        169,
        "pillow"
    ],
    "647": [
        214,
        "window"
    ],
    "648": [
        335,
        "jar"
    ],
    "649": [
        172,
        "nightstand"
    ],
    "650": [
        18,
        "clothes"
    ],
    "651": [
        101,
        "tool"
    ],
    "652": [
        662,
        "box"
    ],
    "653": [
        132,
        "door"
    ],
    "654": [
        652,
        "clutter"
    ],
    "655": [
        277,
        "cabinet"
    ],
    "656": [
        402,
        "lamp"
    ],
    "657": [
        15,
        "shelving"
    ],
    "659": [
        253,
        "plant"
    ],
    "661": [
        434,
        "window"
    ],
    "663": [
        12,
        "door"
    ],
    "665": [
        275,
        "pet_bed"
    ],
    "668": [
        647,
        "can"
    ],
    "669": [
        516,
        "socket"
    ],
    "670": [
        629,
        "can"
    ],
    "671": [
        311,
        "kitchen_decoration"
    ],
    "673": [
        443,
        "box"
    ],
    "675": [
        295,
        "wall_hanging_decoration"
    ],
    "676": [
        28,
        "pillow"
    ],
    "677": [
        66,
        "lamp"
    ],
    "678": [
        77,
        "picture"
    ],
    "680": [
        151,
        "carpet"
    ],
    "681": [
        500,
        "coffee_table"
    ],
    "682": [
        550,
        "clutter"
    ],
    "683": [
        739,
        "box"
    ],
    "684": [
        490,
        "toilet_paper"
    ],
    "685": [
        510,
        "ironing_board"
    ],
    "686": [
        601,
        "box"
    ],
    "687": [
        589,
        "electrical_controller"
    ],
    "688": [
        269,
        "decoration"
    ],
    "689": [
        305,
        "cloth"
    ],
    "691": [
        408,
        "box"
    ],
    "692": [
        181,
        "lamp"
    ],
    "693": [
        593,
        "box"
    ],
    "696": [
        447,
        "bucket"
    ],
    "697": [
        572,
        "clutter"
    ],
    "698": [
        198,
        "curtain_rod"
    ],
    "699": [
        405,
        "box"
    ],
    "702": [
        265,
        "plant"
    ],
    "703": [
        120,
        "tool"
    ],
    "704": [
        605,
        "tv"
    ],
    "705": [
        259,
        "plant"
    ],
    "706": [
        268,
        "decoration"
    ],
    "707": [
        115,
        "plant"
    ],
    "708": [
        247,
        "box_with_toys"
    ],
    "709": [
        639,
        "bucket"
    ],
    "710": [
        330,
        "window"
    ],
    "711": [
        759,
        "pipe"
    ],
    "712": [
        32,
        "trashcan"
    ],
    "714": [
        634,
        "box"
    ],
    "717": [
        343,
        "clock"
    ],
    "720": [
        262,
        "plant"
    ],
    "721": [
        591,
        "bucket"
    ],
    "722": [
        496,
        "picture"
    ],
    "723": [
        178,
        "trashcan"
    ],
    "724": [
        87,
        "trashcan"
    ],
    "725": [
        137,
        "bucket"
    ],
    "726": [
        411,
        "box"
    ],
    "729": [
        410,
        "box"
    ],
    "730": [
        271,
        "plant"
    ],
    "732": [
        29,
        "nightstand"
    ],
    "733": [
        337,
        "kitchen_cabinet"
    ],
    "734": [
        119,
        "box"
    ],
    "735": [
        239,
        "armchair"
    ],
    "736": [
        508,
        "chair"
    ],
    "737": [
        68,
        "carpet"
    ],
    "740": [
        433,
        "bucket"
    ],
    "742": [
        517,
        "bucket"
    ],
    "746": [
        125,
        "picture"
    ],
    "747": [
        557,
        "cage"
    ],
    "748": [
        194,
        "carpet"
    ],
    "749": [
        602,
        "trashcan"
    ],
    "750": [
        609,
        "ladder"
    ],
    "751": [
        382,
        "lamp"
    ],
    "752": [
        514,
        "pipe"
    ],
    "753": [
        541,
        "oven_and_stove"
    ],
    "755": [
        285,
        "hanger"
    ],
    "756": [
        743,
        "box"
    ],
    "757": [
        44,
        "wall_hanging_decoration"
    ],
    "758": [
        35,
        "lamp"
    ],
    "759": [
        489,
        "tissue_box"
    ],
    "761": [
        543,
        "jar"
    ],
    "762": [
        701,
        "wall_hanging_decoration"
    ],
    "763": [
        626,
        "shelving"
    ]
}