{
    "5": [
        394,
        "window"
    ],
    "6": [
        5,
        "lamp"
    ],
    "7": [
        161,
        "nightstand"
    ],
    "9": [
        385,
        "sunbed"
    ],
    "10": [
        53,
        "toilet_paper"
    ],
    "12": [
        350,
        "cutting_board"
    ],
    "13": [
        8,
        "nightstand"
    ],
    "14": [
        332,
        "cup"
    ],
    "15": [
        7,
        "lamp"
    ],
    "16": [
        225,
        "cushion"
    ],
    "17": [
        399,
        "cushion"
    ],
    "18": [
        58,
        "soap"
    ],
    "23": [
        228,
        "armchair"
    ],
    "24": [
        220,
        "cushion"
    ],
    "26": [
        84,
        "soap_dispenser"
    ],
    "29": [
        329,
        "cup"
    ],
    "30": [
        335,
        "shelf"
    ],
    "31": [
        323,
        "soap_dispenser"
    ],
    "32": [
        100,
        "lamp"
    ],
    "33": [
        49,
        "toilet"
    ],
    "35": [
        31,
        "closet"
    ],
    "37": [
        272,
        "decoration"
    ],
    "38": [
        46,
        "lamp"
    ],
    "39": [
        392,
        "plant"
    ],
    "40": [
        145,
        "lamp"
    ],
    "41": [
        61,
        "cosmetics"
    ],
    "42": [
        262,
        "lamp"
    ],
    "43": [
        76,
        "floor_mat"
    ],
    "44": [
        381,
        "table"
    ],
    "45": [
        388,
        "dustbin"
    ],
    "46": [
        383,
        "coffee_table"
    ],
    "48": [
        299,
        "sink"
    ],
    "49": [
        9,
        "pillow"
    ],
    "52": [
        398,
        "cushion"
    ],
    "53": [
        380,
        "armchair"
    ],
    "54": [
        217,
        "cushion"
    ],
    "57": [
        59,
        "soap_dish"
    ],
    "59": [
        290,
        "table"
    ],
    "61": [
        133,
        "closet"
    ],
    "63": [
        120,
        "toilet_paper"
    ],
    "64": [
        50,
        "toilet_paper"
    ],
    "65": [
        377,
        "carpet"
    ],
    "66": [
        401,
        "sofa"
    ],
    "67": [
        337,
        "kitchen_counter"
    ],
    "68": [
        227,
        "sofa"
    ],
    "69": [
        52,
        "toilet_paper"
    ],
    "70": [
        237,
        "window"
    ],
    "71": [
        247,
        "plant"
    ],
    "72": [
        78,
        "mirror"
    ],
    "76": [
        156,
        "pillow"
    ],
    "77": [
        166,
        "lamp"
    ],
    "78": [
        172,
        "shelf"
    ],
    "79": [
        93,
        "shower"
    ],
    "82": [
        393,
        "plant"
    ],
    "83": [
        278,
        "decoration"
    ],
    "84": [
        396,
        "cushion"
    ],
    "87": [
        312,
        "kitchen_cabinet"
    ],
    "88": [
        101,
        "lamp"
    ],
    "90": [
        24,
        "window"
    ],
    "92": [
        106,
        "door"
    ],
    "96": [
        6,
        "lamp"
    ],
    "97": [
        239,
        "window"
    ],
    "98": [
        243,
        "window"
    ],
    "99": [
        48,
        "shower"
    ],
    "100": [
        387,
        "dustbin"
    ],
    "101": [
        226,
        "blanket"
    ],
    "105": [
        267,
        "decoration"
    ],
    "111": [
        261,
        "lamp"
    ],
    "112": [
        90,
        "toilet"
    ],
    "115": [
        219,
        "cushion"
    ],
    "116": [
        92,
        "towel"
    ],
    "117": [
        128,
        "mirror"
    ],
    "118": [
        121,
        "toilet_paper"
    ],
    "121": [
        285,
        "chair"
    ],
    "125": [
        3,
        "lamp"
    ],
    "126": [
        223,
        "cushion"
    ],
    "128": [
        23,
        "window"
    ],
    "131": [
        317,
        "door"
    ],
    "133": [
        4,
        "lamp"
    ],
    "134": [
        168,
        "decoration"
    ],
    "135": [
        211,
        "cushion"
    ],
    "136": [
        222,
        "cushion"
    ],
    "137": [
        14,
        "pillow"
    ],
    "141": [
        51,
        "toilet_paper"
    ],
    "144": [
        334,
        "shelf"
    ],
    "145": [
        265,
        "decoration"
    ],
    "149": [
        344,
        "chair"
    ],
    "150": [
        85,
        "soap_dispenser"
    ],
    "151": [
        294,
        "dishwasher"
    ],
    "152": [
        359,
        "toilet"
    ],
    "154": [
        235,
        "window"
    ],
    "156": [
        232,
        "window"
    ],
    "157": [
        54,
        "toilet_paper"
    ],
    "160": [
        45,
        "lamp"
    ],
    "161": [
        212,
        "cushion"
    ],
    "162": [
        157,
        "pillow"
    ],
    "166": [
        99,
        "shelf"
    ],
    "168": [
        246,
        "plant"
    ],
    "171": [
        131,
        "closet"
    ],
    "172": [
        160,
        "nightstand"
    ],
    "173": [
        47,
        "lamp"
    ],
    "177": [
        218,
        "cushion"
    ],
    "180": [
        170,
        "decoration"
    ],
    "182": [
        80,
        "sink"
    ],
    "184": [
        130,
        "closet"
    ],
    "185": [
        378,
        "table"
    ],
    "187": [
        208,
        "carpet"
    ],
    "189": [
        110,
        "vent"
    ],
    "191": [
        98,
        "cosmetics"
    ],
    "192": [
        132,
        "lamp"
    ],
    "195": [
        277,
        "decoration"
    ],
    "196": [
        400,
        "cushion"
    ],
    "197": [
        313,
        "kitchen_cabinet"
    ],
    "199": [
        276,
        "decoration"
    ],
    "201": [
        340,
        "stool"
    ],
    "202": [
        297,
        "oven"
    ],
    "203": [
        60,
        "soap_dispenser"
    ],
    "204": [
        209,
        "coffee_table"
    ],
    "205": [
        356,
        "lamp"
    ],
    "206": [
        305,
        "kitchen_cabinet"
    ],
    "208": [
        284,
        "chair"
    ],
    "209": [
        63,
        "bathroom_cabinet"
    ],
    "212": [
        302,
        "kitchen_cabinet"
    ],
    "213": [
        122,
        "toilet_paper"
    ],
    "216": [
        234,
        "window"
    ],
    "217": [
        298,
        "oven"
    ],
    "219": [
        338,
        "stove"
    ],
    "222": [
        15,
        "pillow"
    ],
    "223": [
        215,
        "cushion"
    ],
    "226": [
        82,
        "soap_dish"
    ],
    "227": [
        216,
        "cushion"
    ],
    "230": [
        348,
        "plant"
    ],
    "232": [
        245,
        "plant"
    ],
    "233": [
        240,
        "window"
    ],
    "235": [
        19,
        "lamp"
    ],
    "238": [
        20,
        "shelf"
    ],
    "240": [
        384,
        "sunbed"
    ],
    "242": [
        21,
        "window_shade"
    ],
    "243": [
        94,
        "cosmetics"
    ],
    "244": [
        213,
        "armchair"
    ],
    "246": [
        397,
        "cushion"
    ],
    "248": [
        255,
        "plant"
    ],
    "249": [
        268,
        "decoration"
    ],
    "250": [
        343,
        "table"
    ],
    "251": [
        42,
        "rug"
    ],
    "253": [
        10,
        "pillow"
    ],
    "255": [
        395,
        "window"
    ],
    "259": [
        322,
        "tap"
    ],
    "260": [
        151,
        "window"
    ],
    "261": [
        57,
        "sink"
    ],
    "264": [
        288,
        "chair"
    ],
    "265": [
        286,
        "chair"
    ],
    "266": [
        310,
        "window"
    ],
    "267": [
        233,
        "window"
    ],
    "274": [
        293,
        "lamp"
    ],
    "278": [
        269,
        "decoration"
    ],
    "280": [
        150,
        "window"
    ],
    "281": [
        303,
        "kitchen_cabinet"
    ],
    "282": [
        345,
        "chair"
    ],
    "286": [
        274,
        "decoration"
    ],
    "287": [
        287,
        "chair"
    ],
    "291": [
        351,
        "lamp"
    ],
    "293": [
        123,
        "toilet_paper"
    ],
    "296": [
        224,
        "cushion"
    ],
    "297": [
        158,
        "pillow"
    ],
    "298": [
        81,
        "soap_dish"
    ],
    "299": [
        271,
        "decoration"
    ],
    "300": [
        154,
        "dustbin"
    ],
    "301": [
        13,
        "pillow"
    ],
    "302": [
        289,
        "chair"
    ],
    "303": [
        339,
        "kitchen_island"
    ],
    "309": [
        236,
        "window"
    ],
    "310": [
        18,
        "nightstand"
    ],
    "311": [
        347,
        "chair"
    ],
    "312": [
        352,
        "lamp"
    ],
    "313": [
        241,
        "window"
    ],
    "314": [
        259,
        "window"
    ],
    "315": [
        143,
        "lamp"
    ],
    "316": [
        214,
        "cushion"
    ],
    "320": [
        382,
        "coffee_table"
    ],
    "322": [
        22,
        "window"
    ],
    "325": [
        102,
        "lamp"
    ],
    "327": [
        275,
        "decoration"
    ],
    "330": [
        341,
        "stool"
    ],
    "331": [
        96,
        "cosmetics"
    ],
    "332": [
        221,
        "cushion"
    ],
    "333": [
        369,
        "door"
    ],
    "334": [
        346,
        "chair"
    ],
    "335": [
        43,
        "bathrobe"
    ],
    "336": [
        111,
        "lamp"
    ],
    "337": [
        29,
        "closet"
    ],
    "339": [
        112,
        "lamp"
    ],
    "343": [
        28,
        "closet"
    ],
    "348": [
        353,
        "lamp"
    ],
    "349": [
        55,
        "window"
    ],
    "350": [
        62,
        "cosmetics"
    ],
    "352": [
        159,
        "pillow"
    ],
    "353": [
        238,
        "window"
    ],
    "354": [
        264,
        "rack"
    ],
    "355": [
        304,
        "kitchen_cabinet"
    ],
    "358": [
        164,
        "bed"
    ],
    "359": [
        321,
        "toaster"
    ],
    "360": [
        266,
        "decoration"
    ],
    "361": [
        318,
        "door"
    ],
    "362": [
        386,
        "coffee_table"
    ],
    "364": [
        91,
        "towel"
    ],
    "365": [
        270,
        "decoration"
    ],
    "366": [
        44,
        "vent"
    ],
    "367": [
        342,
        "stool"
    ],
    "368": [
        16,
        "pillow"
    ],
    "369": [
        17,
        "bed"
    ],
    "371": [
        379,
        "armchair"
    ],
    "372": [
        12,
        "pillow"
    ],
    "373": [
        349,
        "cutting_board"
    ],
    "375": [
        244,
        "plant"
    ],
    "378": [
        360,
        "sink"
    ],
    "380": [
        30,
        "closet"
    ],
    "381": [
        79,
        "sink"
    ],
    "383": [
        97,
        "cosmetics"
    ],
    "385": [
        95,
        "cosmetics"
    ],
    "386": [
        256,
        "window"
    ],
    "387": [
        273,
        "decoration"
    ],
    "388": [
        242,
        "window"
    ],
    "389": [
        314,
        "kitchen_cabinet"
    ],
    "390": [
        375,
        "lamp"
    ],
    "396": [
        11,
        "pillow"
    ],
    "397": [
        88,
        "tray"
    ],
    "398": [
        315,
        "kitchen_cabinet"
    ],
    "399": [
        146,
        "lamp"
    ],
    "401": [
        89,
        "bathroom_cabinet"
    ]
}