{
    "1": [
        473,
        "sink"
    ],
    "2": [
        438,
        "painting"
    ],
    "3": [
        240,
        "pillow"
    ],
    "4": [
        212,
        "clothes"
    ],
    "5": [
        195,
        "bag"
    ],
    "6": [
        75,
        "fire_alarm"
    ],
    "7": [
        171,
        "plant"
    ],
    "8": [
        156,
        "tap"
    ],
    "11": [
        48,
        "box"
    ],
    "13": [
        138,
        "door"
    ],
    "14": [
        232,
        "ornament"
    ],
    "15": [
        527,
        "jar"
    ],
    "18": [
        103,
        "plant"
    ],
    "23": [
        136,
        "light_fixture"
    ],
    "24": [
        450,
        "picture"
    ],
    "25": [
        62,
        "shower_cabin"
    ],
    "26": [
        423,
        "cushion"
    ],
    "28": [
        476,
        "kitchen_cabinet"
    ],
    "30": [
        119,
        "cushion"
    ],
    "32": [
        388,
        "door"
    ],
    "33": [
        400,
        "towel"
    ],
    "34": [
        396,
        "tap"
    ],
    "39": [
        523,
        "plant"
    ],
    "40": [
        455,
        "chair"
    ],
    "41": [
        465,
        "stool"
    ],
    "42": [
        201,
        "clothes"
    ],
    "43": [
        120,
        "cushion"
    ],
    "44": [
        504,
        "refrigerator"
    ],
    "45": [
        2,
        "mirror"
    ],
    "47": [
        198,
        "clothes"
    ],
    "49": [
        248,
        "bed"
    ],
    "50": [
        454,
        "chair"
    ],
    "51": [
        259,
        "window"
    ],
    "52": [
        376,
        "cushion"
    ],
    "53": [
        466,
        "plant"
    ],
    "54": [
        25,
        "pillow"
    ],
    "55": [
        427,
        "cushion"
    ],
    "56": [
        478,
        "kitchen_counter"
    ],
    "59": [
        14,
        "curtain"
    ],
    "60": [
        507,
        "basket"
    ],
    "61": [
        525,
        "jar"
    ],
    "63": [
        301,
        "thermostat"
    ],
    "64": [
        342,
        "table"
    ],
    "66": [
        74,
        "sink_cabinet"
    ],
    "67": [
        526,
        "jar"
    ],
    "71": [
        545,
        "coat_rack"
    ],
    "72": [
        168,
        "painting"
    ],
    "73": [
        445,
        "book"
    ],
    "74": [
        510,
        "basket"
    ],
    "75": [
        267,
        "nightstand"
    ],
    "76": [
        402,
        "basket"
    ],
    "77": [
        256,
        "lamp"
    ],
    "78": [
        179,
        "clock"
    ],
    "81": [
        495,
        "jar"
    ],
    "82": [
        199,
        "clothes"
    ],
    "83": [
        487,
        "plant"
    ],
    "85": [
        228,
        "plant"
    ],
    "86": [
        410,
        "lamp"
    ],
    "89": [
        345,
        "plant"
    ],
    "90": [
        498,
        "plant"
    ],
    "91": [
        226,
        "painting"
    ],
    "92": [
        325,
        "sink"
    ],
    "96": [
        468,
        "jar"
    ],
    "97": [
        275,
        "pillow"
    ],
    "98": [
        494,
        "jar"
    ],
    "99": [
        457,
        "chair"
    ],
    "100": [
        105,
        "book"
    ],
    "101": [
        278,
        "pillow"
    ],
    "102": [
        292,
        "clothes"
    ],
    "104": [
        252,
        "door"
    ],
    "107": [
        307,
        "blinds"
    ],
    "108": [
        380,
        "bag"
    ],
    "109": [
        532,
        "shelving"
    ],
    "110": [
        377,
        "bench"
    ],
    "111": [
        93,
        "rug"
    ],
    "112": [
        366,
        "picture"
    ],
    "113": [
        40,
        "window"
    ],
    "114": [
        249,
        "light_fixture"
    ],
    "118": [
        22,
        "pillow"
    ],
    "119": [
        30,
        "pillow"
    ],
    "120": [
        276,
        "pillow"
    ],
    "121": [
        393,
        "door"
    ],
    "123": [
        420,
        "curtain_rod"
    ],
    "124": [
        309,
        "painting"
    ],
    "126": [
        147,
        "bottle"
    ],
    "130": [
        7,
        "picture"
    ],
    "131": [
        432,
        "sofa"
    ],
    "132": [
        214,
        "closet_rod"
    ],
    "133": [
        418,
        "door"
    ],
    "135": [
        244,
        "pillow"
    ],
    "136": [
        360,
        "cushion"
    ],
    "137": [
        349,
        "cushion"
    ],
    "138": [
        253,
        "painting"
    ],
    "140": [
        459,
        "chair"
    ],
    "141": [
        23,
        "pillow"
    ],
    "142": [
        352,
        "cushion"
    ],
    "144": [
        513,
        "plate"
    ],
    "145": [
        188,
        "pillow"
    ],
    "146": [
        151,
        "towel"
    ],
    "147": [
        32,
        "pillow"
    ],
    "148": [
        474,
        "dishwasher"
    ],
    "149": [
        191,
        "light_fixture"
    ],
    "150": [
        112,
        "book"
    ],
    "151": [
        362,
        "cushion"
    ],
    "153": [
        381,
        "scarf"
    ],
    "155": [
        453,
        "table"
    ],
    "158": [
        115,
        "cushion"
    ],
    "160": [
        463,
        "stool"
    ],
    "161": [
        173,
        "table"
    ],
    "162": [
        422,
        "cushion"
    ],
    "163": [
        456,
        "chair"
    ],
    "165": [
        264,
        "lamp"
    ],
    "167": [
        350,
        "armchair"
    ],
    "168": [
        159,
        "sink"
    ],
    "170": [
        493,
        "cutting_board"
    ],
    "171": [
        365,
        "painting"
    ],
    "174": [
        213,
        "clothes"
    ],
    "175": [
        15,
        "curtain"
    ],
    "176": [
        104,
        "tv"
    ],
    "177": [
        436,
        "ornament"
    ],
    "178": [
        391,
        "sensor"
    ],
    "179": [
        412,
        "picture"
    ],
    "180": [
        464,
        "stool"
    ],
    "182": [
        177,
        "keyboard"
    ],
    "183": [
        359,
        "cushion"
    ],
    "184": [
        544,
        "camera"
    ],
    "185": [
        108,
        "ornament"
    ],
    "186": [
        54,
        "clothes"
    ],
    "187": [
        266,
        "book"
    ],
    "189": [
        488,
        "thermostat"
    ],
    "193": [
        288,
        "basket"
    ],
    "194": [
        189,
        "bed"
    ],
    "195": [
        339,
        "painting"
    ],
    "196": [
        174,
        "door"
    ],
    "197": [
        379,
        "shoe"
    ],
    "199": [
        437,
        "ornament"
    ],
    "204": [
        443,
        "statue"
    ],
    "205": [
        263,
        "picture"
    ],
    "208": [
        113,
        "pouffe"
    ],
    "209": [
        234,
        "book"
    ],
    "210": [
        415,
        "plant"
    ],
    "212": [
        462,
        "stool"
    ],
    "213": [
        118,
        "blanket"
    ],
    "214": [
        338,
        "painting"
    ],
    "219": [
        486,
        "kitchen_cabinet"
    ],
    "221": [
        348,
        "cushion"
    ],
    "222": [
        332,
        "plant"
    ],
    "223": [
        73,
        "tap"
    ],
    "224": [
        351,
        "cushion"
    ],
    "225": [
        29,
        "pillow"
    ],
    "226": [
        435,
        "plant"
    ],
    "227": [
        261,
        "plant"
    ],
    "229": [
        329,
        "curtain"
    ],
    "230": [
        358,
        "cushion"
    ],
    "231": [
        522,
        "cutting_board"
    ],
    "232": [
        158,
        "mirror"
    ],
    "235": [
        373,
        "hat"
    ],
    "238": [
        363,
        "sofa"
    ],
    "239": [
        290,
        "clothes"
    ],
    "241": [
        485,
        "kitchen_cabinet"
    ],
    "242": [
        372,
        "hat"
    ],
    "248": [
        13,
        "rug"
    ],
    "249": [
        165,
        "window"
    ],
    "250": [
        431,
        "blanket"
    ],
    "252": [
        403,
        "door"
    ],
    "254": [
        499,
        "bottle"
    ],
    "256": [
        467,
        "jar"
    ],
    "257": [
        123,
        "cushion"
    ],
    "258": [
        175,
        "pouffe"
    ],
    "261": [
        242,
        "pillow"
    ],
    "263": [
        176,
        "plant"
    ],
    "264": [
        56,
        "closet_rod"
    ],
    "265": [
        34,
        "picture"
    ],
    "267": [
        246,
        "pillow"
    ],
    "269": [
        294,
        "closet_rod"
    ],
    "270": [
        399,
        "sink"
    ],
    "271": [
        238,
        "nightstand"
    ],
    "273": [
        524,
        "jar"
    ],
    "277": [
        27,
        "pillow"
    ],
    "279": [
        257,
        "lamp"
    ],
    "280": [
        237,
        "nightstand"
    ],
    "284": [
        414,
        "lamp"
    ],
    "285": [
        122,
        "cushion"
    ],
    "286": [
        272,
        "pillow"
    ],
    "287": [
        472,
        "bowl"
    ],
    "288": [
        341,
        "lamp"
    ],
    "291": [
        279,
        "pillow"
    ],
    "294": [
        336,
        "mirror"
    ],
    "295": [
        28,
        "pillow"
    ],
    "298": [
        508,
        "basket"
    ],
    "299": [
        64,
        "toilet"
    ],
    "300": [
        3,
        "door"
    ],
    "301": [
        243,
        "pillow"
    ],
    "302": [
        461,
        "chair"
    ],
    "303": [
        433,
        "plant"
    ],
    "305": [
        150,
        "towel"
    ],
    "306": [
        502,
        "tray"
    ],
    "307": [
        196,
        "bag"
    ],
    "308": [
        37,
        "book"
    ],
    "309": [
        10,
        "cushion"
    ],
    "310": [
        356,
        "cushion"
    ],
    "312": [
        509,
        "basket"
    ],
    "314": [
        258,
        "blinds"
    ],
    "315": [
        124,
        "cushion"
    ],
    "317": [
        134,
        "toilet"
    ],
    "318": [
        374,
        "hat"
    ],
    "321": [
        535,
        "plant"
    ],
    "322": [
        291,
        "clothes"
    ],
    "324": [
        149,
        "plant"
    ],
    "325": [
        378,
        "bag"
    ],
    "327": [
        117,
        "cushion"
    ],
    "329": [
        446,
        "cabinet"
    ],
    "330": [
        440,
        "curtain"
    ],
    "331": [
        397,
        "tap"
    ],
    "332": [
        506,
        "basket"
    ],
    "333": [
        203,
        "shelf"
    ],
    "335": [
        241,
        "pillow"
    ],
    "336": [
        460,
        "chair"
    ],
    "338": [
        200,
        "clothes"
    ],
    "339": [
        413,
        "picture"
    ],
    "342": [
        142,
        "plant"
    ],
    "343": [
        361,
        "cushion"
    ],
    "344": [
        35,
        "lamp"
    ],
    "345": [
        417,
        "blinds"
    ],
    "346": [
        55,
        "clothes"
    ],
    "347": [
        90,
        "door"
    ],
    "350": [
        102,
        "plant"
    ],
    "351": [
        202,
        "closet_rod"
    ],
    "352": [
        439,
        "rug"
    ],
    "354": [
        326,
        "sink_cabinet"
    ],
    "356": [
        12,
        "chair"
    ],
    "358": [
        271,
        "pillow"
    ],
    "360": [
        305,
        "light_fixture"
    ],
    "361": [
        375,
        "cushion"
    ],
    "364": [
        145,
        "window"
    ],
    "365": [
        101,
        "plant"
    ],
    "366": [
        231,
        "box"
    ],
    "367": [
        19,
        "nightstand"
    ],
    "368": [
        382,
        "door"
    ],
    "370": [
        114,
        "pouffe"
    ],
    "371": [
        500,
        "bottle"
    ],
    "372": [
        148,
        "bottle"
    ],
    "373": [
        99,
        "blinds"
    ],
    "375": [
        265,
        "book"
    ],
    "376": [
        347,
        "coffee_table"
    ],
    "378": [
        26,
        "pillow"
    ],
    "379": [
        47,
        "box"
    ],
    "380": [
        154,
        "bath_cabinet"
    ],
    "383": [
        428,
        "cushion"
    ],
    "384": [
        514,
        "plate"
    ],
    "386": [
        533,
        "towel"
    ],
    "387": [
        125,
        "sofa"
    ],
    "389": [
        157,
        "towel"
    ],
    "391": [
        346,
        "book"
    ],
    "392": [
        442,
        "plant"
    ],
    "393": [
        24,
        "pillow"
    ],
    "394": [
        355,
        "cushion"
    ],
    "395": [
        220,
        "door"
    ],
    "396": [
        344,
        "plant"
    ],
    "400": [
        353,
        "armchair"
    ],
    "401": [
        76,
        "ceiling_door"
    ],
    "403": [
        152,
        "brush"
    ],
    "405": [
        340,
        "plant"
    ],
    "407": [
        386,
        "light_fixture"
    ],
    "409": [
        497,
        "kitchen_cabinet"
    ],
    "410": [
        36,
        "plant"
    ],
    "411": [
        322,
        "toilet"
    ],
    "413": [
        31,
        "pillow"
    ],
    "414": [
        186,
        "pillow"
    ],
    "416": [
        222,
        "blinds"
    ],
    "418": [
        153,
        "bathtub"
    ],
    "419": [
        49,
        "box"
    ],
    "420": [
        109,
        "cabinet"
    ],
    "421": [
        162,
        "light_fixture"
    ],
    "423": [
        289,
        "basket"
    ],
    "424": [
        477,
        "kitchen_cabinet"
    ],
    "425": [
        245,
        "pillow"
    ],
    "426": [
        155,
        "painting"
    ],
    "427": [
        97,
        "painting"
    ],
    "430": [
        100,
        "window"
    ],
    "432": [
        53,
        "clothes"
    ],
    "433": [
        183,
        "desk"
    ],
    "434": [
        71,
        "sink"
    ],
    "436": [
        277,
        "pillow"
    ],
    "439": [
        411,
        "air_conditioner"
    ],
    "440": [
        434,
        "coffee_table"
    ],
    "442": [
        274,
        "pillow"
    ],
    "443": [
        430,
        "cushion"
    ],
    "444": [
        38,
        "nightstand"
    ],
    "445": [
        68,
        "window"
    ],
    "448": [
        425,
        "cushion"
    ],
    "449": [
        121,
        "cushion"
    ],
    "451": [
        137,
        "shower_cabin"
    ],
    "453": [
        330,
        "curtain"
    ],
    "454": [
        206,
        "light_fixture"
    ],
    "456": [
        479,
        "kitchen_island"
    ],
    "460": [
        107,
        "ornament"
    ],
    "461": [
        116,
        "cushion"
    ],
    "462": [
        475,
        "kitchen_cabinet"
    ],
    "463": [
        178,
        "mouse"
    ],
    "465": [
        236,
        "lamp"
    ],
    "468": [
        426,
        "cushion"
    ],
    "471": [
        308,
        "window"
    ],
    "472": [
        187,
        "pillow"
    ],
    "473": [
        6,
        "picture"
    ],
    "474": [
        230,
        "box"
    ],
    "476": [
        52,
        "clothes"
    ],
    "477": [
        496,
        "kitchen_cabinet"
    ],
    "478": [
        57,
        "shelf"
    ],
    "480": [
        521,
        "vase"
    ],
    "485": [
        225,
        "painting"
    ],
    "486": [
        164,
        "blinds"
    ],
    "487": [
        223,
        "window"
    ],
    "490": [
        492,
        "cooker"
    ],
    "491": [
        333,
        "table"
    ],
    "492": [
        512,
        "basket"
    ],
    "498": [
        511,
        "basket"
    ],
    "501": [
        534,
        "bottle"
    ],
    "502": [
        490,
        "book"
    ],
    "503": [
        385,
        "sensor"
    ],
    "504": [
        429,
        "cushion"
    ],
    "505": [
        11,
        "cushion"
    ],
    "507": [
        67,
        "mirror"
    ],
    "509": [
        537,
        "tap"
    ],
    "510": [
        444,
        "tv"
    ],
    "511": [
        481,
        "ventilation_hood"
    ],
    "517": [
        280,
        "bed"
    ],
    "518": [
        46,
        "basket"
    ],
    "519": [
        295,
        "shelf"
    ],
    "520": [
        536,
        "tap"
    ],
    "521": [
        235,
        "lamp"
    ],
    "522": [
        407,
        "sink_cabinet"
    ],
    "523": [
        262,
        "lamp"
    ],
    "524": [
        368,
        "door"
    ],
    "527": [
        416,
        "table"
    ],
    "528": [
        424,
        "cushion"
    ],
    "529": [
        281,
        "light_fixture"
    ],
    "530": [
        218,
        "light_fixture"
    ],
    "531": [
        229,
        "book"
    ],
    "533": [
        51,
        "clothes"
    ],
    "534": [
        170,
        "lamp"
    ],
    "535": [
        409,
        "lampshade"
    ],
    "536": [
        458,
        "chair"
    ],
    "537": [
        33,
        "bed"
    ],
    "538": [
        273,
        "pillow"
    ],
    "539": [
        233,
        "book"
    ],
    "540": [
        357,
        "cushion"
    ],
    "541": [
        293,
        "clothes"
    ],
    "542": [
        268,
        "nightstand"
    ],
    "543": [
        160,
        "sink_cabinet"
    ],
    "544": [
        106,
        "ornament"
    ],
    "545": [
        215,
        "shelf"
    ]
}