{
    "2": [
        348,
        "curtain"
    ],
    "5": [
        163,
        "lamp"
    ],
    "6": [
        458,
        "lamp"
    ],
    "7": [
        9,
        "motion_detector"
    ],
    "8": [
        343,
        "pillow"
    ],
    "11": [
        81,
        "cabinet"
    ],
    "12": [
        224,
        "cabinet"
    ],
    "17": [
        446,
        "lamp"
    ],
    "20": [
        440,
        "pillow"
    ],
    "21": [
        15,
        "photo"
    ],
    "23": [
        346,
        "bed"
    ],
    "26": [
        535,
        "garden_chair"
    ],
    "29": [
        17,
        "photo"
    ],
    "30": [
        347,
        "motion_detector"
    ],
    "33": [
        331,
        "lamp"
    ],
    "36": [
        203,
        "blanket"
    ],
    "37": [
        97,
        "cabinet"
    ],
    "41": [
        116,
        "cabinet"
    ],
    "45": [
        426,
        "window"
    ],
    "46": [
        362,
        "stand"
    ],
    "49": [
        170,
        "lamp"
    ],
    "50": [
        216,
        "pillow"
    ],
    "55": [
        166,
        "lamp"
    ],
    "56": [
        16,
        "photo"
    ],
    "57": [
        64,
        "sink"
    ],
    "58": [
        320,
        "motion_detector"
    ],
    "60": [
        78,
        "microwave"
    ],
    "61": [
        482,
        "mirror"
    ],
    "63": [
        450,
        "shutter"
    ],
    "67": [
        283,
        "heater"
    ],
    "69": [
        497,
        "plant"
    ],
    "70": [
        193,
        "bowl"
    ],
    "73": [
        173,
        "tv"
    ],
    "74": [
        332,
        "lamp"
    ],
    "75": [
        8,
        "lamp"
    ],
    "76": [
        441,
        "pillow"
    ],
    "78": [
        295,
        "showerhead"
    ],
    "81": [
        21,
        "photo"
    ],
    "82": [
        199,
        "table"
    ],
    "85": [
        341,
        "pillow"
    ],
    "86": [
        109,
        "cabinet"
    ],
    "89": [
        260,
        "nightstand"
    ],
    "92": [
        365,
        "heater"
    ],
    "93": [
        408,
        "lamp"
    ],
    "96": [
        53,
        "lamp"
    ],
    "99": [
        188,
        "box"
    ],
    "101": [
        195,
        "book"
    ],
    "104": [
        268,
        "wardrobe"
    ],
    "106": [
        177,
        "photo"
    ],
    "108": [
        234,
        "lamp"
    ],
    "111": [
        359,
        "door"
    ],
    "113": [
        342,
        "pillow"
    ],
    "114": [
        335,
        "plant"
    ],
    "116": [
        258,
        "pillow"
    ],
    "117": [
        93,
        "glass"
    ],
    "118": [
        449,
        "cabinet"
    ],
    "121": [
        334,
        "chair"
    ],
    "125": [
        185,
        "chair"
    ],
    "127": [
        424,
        "railing"
    ],
    "131": [
        480,
        "soap_dispenser"
    ],
    "132": [
        147,
        "lamp"
    ],
    "133": [
        112,
        "cabinet"
    ],
    "134": [
        26,
        "painting"
    ],
    "135": [
        88,
        "cabinet"
    ],
    "136": [
        63,
        "toilet"
    ],
    "137": [
        350,
        "window"
    ],
    "138": [
        85,
        "can"
    ],
    "139": [
        489,
        "cabinet"
    ],
    "140": [
        80,
        "cabinet"
    ],
    "142": [
        327,
        "lamp"
    ],
    "143": [
        382,
        "mirror"
    ],
    "145": [
        468,
        "toilet"
    ],
    "147": [
        79,
        "coffee_maker"
    ],
    "148": [
        27,
        "lamp"
    ],
    "150": [
        533,
        "pillow"
    ],
    "153": [
        198,
        "table"
    ],
    "155": [
        202,
        "pillow"
    ],
    "156": [
        243,
        "lamp"
    ],
    "157": [
        339,
        "nightstand"
    ],
    "158": [
        201,
        "pillow"
    ],
    "159": [
        190,
        "table"
    ],
    "160": [
        106,
        "worktop"
    ],
    "165": [
        510,
        "garden_chair"
    ],
    "166": [
        96,
        "cabinet"
    ],
    "167": [
        338,
        "table"
    ],
    "170": [
        191,
        "bowl"
    ],
    "171": [
        337,
        "plant"
    ],
    "172": [
        246,
        "lamp"
    ],
    "178": [
        498,
        "tree"
    ],
    "180": [
        178,
        "candle"
    ],
    "181": [
        297,
        "shower_battery"
    ],
    "184": [
        168,
        "wall_control"
    ],
    "186": [
        252,
        "pillow"
    ],
    "189": [
        419,
        "curtain"
    ],
    "190": [
        416,
        "door"
    ],
    "192": [
        514,
        "garden_bench"
    ],
    "193": [
        349,
        "curtain"
    ],
    "195": [
        206,
        "vase"
    ],
    "197": [
        392,
        "lamp"
    ],
    "198": [
        254,
        "nightstand"
    ],
    "199": [
        192,
        "bowl"
    ],
    "200": [
        537,
        "garden_deck"
    ],
    "201": [
        378,
        "sink"
    ],
    "203": [
        452,
        "motion_detector"
    ],
    "205": [
        326,
        "showerhead"
    ],
    "206": [
        437,
        "nightstand"
    ],
    "207": [
        205,
        "chaise_longue"
    ],
    "208": [
        412,
        "lamp"
    ],
    "209": [
        23,
        "door"
    ],
    "210": [
        107,
        "worktop"
    ],
    "211": [
        159,
        "lamp"
    ],
    "212": [
        531,
        "pillow"
    ],
    "214": [
        276,
        "wardrobe"
    ],
    "216": [
        245,
        "lamp"
    ],
    "218": [
        484,
        "window"
    ],
    "219": [
        516,
        "plant"
    ],
    "221": [
        363,
        "dispenser"
    ],
    "222": [
        428,
        "armchair"
    ],
    "225": [
        524,
        "chair"
    ],
    "227": [
        536,
        "garden_chair"
    ],
    "231": [
        249,
        "window"
    ],
    "232": [
        330,
        "lamp"
    ],
    "233": [
        457,
        "pouffe"
    ],
    "234": [
        485,
        "sink"
    ],
    "235": [
        294,
        "cabinet"
    ],
    "236": [
        411,
        "lamp"
    ],
    "240": [
        184,
        "armchair"
    ],
    "241": [
        470,
        "stand"
    ],
    "244": [
        86,
        "can"
    ],
    "245": [
        200,
        "table"
    ],
    "254": [
        418,
        "wardrobe"
    ],
    "255": [
        511,
        "armchair"
    ],
    "256": [
        194,
        "bowl"
    ],
    "257": [
        345,
        "blanket"
    ],
    "260": [
        423,
        "railing"
    ],
    "261": [
        100,
        "tap"
    ],
    "266": [
        12,
        "photo"
    ],
    "272": [
        219,
        "carpet"
    ],
    "273": [
        344,
        "pillow"
    ],
    "274": [
        60,
        "stand"
    ],
    "276": [
        223,
        "lantern"
    ],
    "277": [
        176,
        "photo"
    ],
    "280": [
        438,
        "nightstand"
    ],
    "282": [
        13,
        "photo"
    ],
    "284": [
        259,
        "pillow"
    ],
    "285": [
        209,
        "painting"
    ],
    "289": [
        28,
        "lamp"
    ],
    "290": [
        222,
        "box"
    ],
    "291": [
        251,
        "pillow"
    ],
    "292": [
        210,
        "painting"
    ],
    "293": [
        161,
        "lamp"
    ],
    "294": [
        379,
        "cabinet"
    ],
    "296": [
        105,
        "worktop"
    ],
    "299": [
        255,
        "bed"
    ],
    "301": [
        508,
        "pillow"
    ],
    "302": [
        14,
        "photo"
    ],
    "305": [
        89,
        "cabinet"
    ],
    "308": [
        115,
        "cabinet"
    ],
    "309": [
        519,
        "sky"
    ],
    "310": [
        456,
        "tap"
    ],
    "311": [
        328,
        "lamp"
    ],
    "312": [
        407,
        "lamp"
    ],
    "316": [
        261,
        "bed"
    ],
    "318": [
        121,
        "stool"
    ],
    "319": [
        532,
        "pillow"
    ],
    "321": [
        19,
        "photo"
    ],
    "324": [
        69,
        "mirror"
    ],
    "327": [
        196,
        "book"
    ],
    "328": [
        94,
        "cabinet"
    ],
    "330": [
        217,
        "blanket"
    ],
    "331": [
        182,
        "vase"
    ],
    "332": [
        376,
        "shower_battery"
    ],
    "334": [
        141,
        "lamp"
    ],
    "335": [
        445,
        "lamp"
    ],
    "338": [
        431,
        "window"
    ],
    "339": [
        153,
        "lamp"
    ],
    "344": [
        288,
        "glass_door"
    ],
    "346": [
        501,
        "pillow"
    ],
    "348": [
        527,
        "chair"
    ],
    "349": [
        68,
        "lamp"
    ],
    "351": [
        233,
        "cabinet"
    ],
    "354": [
        375,
        "glass_pane"
    ],
    "356": [
        162,
        "lamp"
    ],
    "357": [
        208,
        "vase"
    ],
    "360": [
        187,
        "chair"
    ],
    "362": [
        91,
        "cabinet"
    ],
    "363": [
        183,
        "lamp"
    ],
    "364": [
        481,
        "mirror"
    ],
    "366": [
        265,
        "table"
    ],
    "367": [
        296,
        "hose"
    ],
    "369": [
        54,
        "lamp"
    ],
    "370": [
        443,
        "pillow"
    ],
    "372": [
        257,
        "pillow"
    ],
    "373": [
        197,
        "book"
    ],
    "375": [
        406,
        "lamp"
    ],
    "378": [
        186,
        "chair"
    ],
    "380": [
        117,
        "cabinet"
    ],
    "384": [
        513,
        "table"
    ],
    "385": [
        471,
        "bathtub"
    ],
    "386": [
        30,
        "wardrobe"
    ],
    "388": [
        528,
        "chair"
    ],
    "391": [
        442,
        "pillow"
    ],
    "393": [
        103,
        "vase"
    ],
    "395": [
        444,
        "bed"
    ],
    "399": [
        108,
        "refrigerator"
    ],
    "400": [
        67,
        "shelving"
    ],
    "404": [
        65,
        "container"
    ],
    "406": [
        377,
        "shower_hose"
    ],
    "407": [
        247,
        "curtain"
    ],
    "409": [
        123,
        "stool"
    ],
    "412": [
        420,
        "curtain"
    ],
    "413": [
        264,
        "chair"
    ],
    "414": [
        218,
        "sofa"
    ],
    "417": [
        20,
        "photo"
    ],
    "418": [
        41,
        "gap"
    ],
    "420": [
        104,
        "sink"
    ],
    "422": [
        204,
        "chaise_longue"
    ],
    "423": [
        120,
        "stool"
    ],
    "425": [
        340,
        "nightstand"
    ],
    "426": [
        534,
        "pillow"
    ],
    "427": [
        436,
        "window"
    ],
    "431": [
        82,
        "cabinet"
    ],
    "432": [
        278,
        "door"
    ],
    "433": [
        529,
        "table"
    ],
    "434": [
        507,
        "pillow"
    ],
    "439": [
        421,
        "curtain"
    ],
    "442": [
        87,
        "worktop"
    ],
    "443": [
        226,
        "window"
    ],
    "444": [
        189,
        "game_board"
    ],
    "448": [
        506,
        "pillow"
    ],
    "449": [
        299,
        "shutter"
    ],
    "450": [
        215,
        "pillow"
    ],
    "454": [
        410,
        "lamp"
    ],
    "457": [
        250,
        "pillow"
    ],
    "459": [
        77,
        "decor"
    ],
    "460": [
        336,
        "plant"
    ],
    "461": [
        509,
        "garden_chair"
    ],
    "462": [
        286,
        "stand"
    ],
    "464": [
        66,
        "decor"
    ],
    "465": [
        526,
        "chair"
    ],
    "467": [
        61,
        "trashcan"
    ],
    "469": [
        364,
        "toilet"
    ],
    "472": [
        137,
        "attic_hatch"
    ],
    "474": [
        256,
        "pillow"
    ],
    "477": [
        505,
        "pillow"
    ],
    "478": [
        160,
        "lamp"
    ],
    "479": [
        329,
        "lamp"
    ],
    "480": [
        119,
        "stool"
    ],
    "482": [
        83,
        "cabinet"
    ],
    "483": [
        95,
        "cabinet"
    ],
    "485": [
        3,
        "gap"
    ],
    "486": [
        56,
        "door"
    ],
    "487": [
        253,
        "pillow"
    ],
    "488": [
        59,
        "toilet_brush"
    ],
    "489": [
        525,
        "chair"
    ],
    "491": [
        174,
        "soundbar"
    ],
    "492": [
        293,
        "sink"
    ],
    "493": [
        84,
        "bread_bin"
    ],
    "494": [
        422,
        "railing"
    ],
    "495": [
        101,
        "glass"
    ],
    "496": [
        207,
        "vase"
    ],
    "497": [
        357,
        "wardrobe"
    ],
    "501": [
        213,
        "pillow"
    ],
    "502": [
        164,
        "lamp"
    ],
    "503": [
        439,
        "painting"
    ],
    "504": [
        111,
        "cabinet"
    ],
    "505": [
        244,
        "lamp"
    ],
    "508": [
        285,
        "toilet_paper"
    ],
    "510": [
        171,
        "lamp"
    ],
    "511": [
        138,
        "lamp"
    ],
    "513": [
        90,
        "cabinet"
    ],
    "515": [
        263,
        "chair"
    ],
    "516": [
        429,
        "footrest"
    ],
    "518": [
        214,
        "pillow"
    ],
    "519": [
        4,
        "lamp"
    ],
    "520": [
        18,
        "photo"
    ],
    "523": [
        175,
        "photo"
    ],
    "527": [
        6,
        "lamp"
    ],
    "528": [
        122,
        "stool"
    ],
    "531": [
        262,
        "pillow"
    ],
    "532": [
        113,
        "cabinet"
    ],
    "533": [
        474,
        "door"
    ],
    "534": [
        464,
        "door"
    ],
    "536": [
        512,
        "armchair"
    ],
    "537": [
        5,
        "lamp"
    ],
    "539": [
        7,
        "lamp"
    ],
    "540": [
        110,
        "cabinet"
    ],
    "542": [
        167,
        "guitar"
    ],
    "544": [
        292,
        "mirror"
    ],
    "545": [
        235,
        "lamp"
    ]
}