{
    "2": [
        127,
        "oven"
    ],
    "6": [
        93,
        "vent"
    ],
    "7": [
        130,
        "kitchen_island"
    ],
    "10": [
        107,
        "window"
    ],
    "12": [
        137,
        "kitchen_cabinet"
    ],
    "17": [
        136,
        "kitchen_cabinet"
    ],
    "18": [
        18,
        "carpet"
    ],
    "20": [
        129,
        "refrigerator"
    ],
    "21": [
        119,
        "armchair"
    ],
    "25": [
        77,
        "wall_lamp"
    ],
    "27": [
        233,
        "toilet"
    ],
    "29": [
        31,
        "vent"
    ],
    "36": [
        141,
        "kitchen_cabinet"
    ],
    "37": [
        276,
        "pillow"
    ],
    "38": [
        140,
        "sink_cabinet"
    ],
    "39": [
        11,
        "ceiling_lamp"
    ],
    "40": [
        170,
        "shelf_cubby"
    ],
    "42": [
        277,
        "pillow"
    ],
    "43": [
        97,
        "vent"
    ],
    "53": [
        21,
        "blinds"
    ],
    "54": [
        45,
        "ceiling_lamp"
    ],
    "56": [
        139,
        "kitchen_cabinet"
    ],
    "58": [
        123,
        "kitchen_counter"
    ],
    "59": [
        34,
        "bed"
    ],
    "60": [
        37,
        "pillow"
    ],
    "63": [
        235,
        "washbasin"
    ],
    "65": [
        90,
        "door"
    ],
    "67": [
        76,
        "faucet"
    ],
    "69": [
        71,
        "wall_cabinet"
    ],
    "74": [
        229,
        "shower_curtain"
    ],
    "75": [
        125,
        "faucet"
    ],
    "78": [
        46,
        "window"
    ],
    "80": [
        174,
        "garage_door"
    ],
    "82": [
        66,
        "window"
    ],
    "83": [
        159,
        "broom"
    ],
    "85": [
        100,
        "counter_door"
    ],
    "86": [
        120,
        "couch"
    ],
    "87": [
        237,
        "mirror"
    ],
    "88": [
        32,
        "window"
    ],
    "89": [
        165,
        "pipe"
    ],
    "92": [
        13,
        "window__otherroom"
    ],
    "94": [
        179,
        "doorpost"
    ],
    "97": [
        143,
        "doorpost"
    ],
    "99": [
        75,
        "bathtub"
    ],
    "100": [
        72,
        "toilet_paper"
    ],
    "102": [
        122,
        "doorpost"
    ],
    "103": [
        171,
        "door"
    ],
    "104": [
        173,
        "window"
    ],
    "109": [
        131,
        "sensor"
    ],
    "110": [
        1,
        "door"
    ],
    "115": [
        65,
        "shower_curtain"
    ],
    "116": [
        285,
        "sliding_door"
    ],
    "117": [
        281,
        "couch"
    ],
    "120": [
        99,
        "ceiling_lamp"
    ],
    "121": [
        112,
        "vent"
    ],
    "122": [
        15,
        "window"
    ],
    "123": [
        160,
        "pipe"
    ],
    "124": [
        19,
        "doormat"
    ],
    "125": [
        126,
        "microwave"
    ],
    "130": [
        128,
        "spice_rack"
    ],
    "131": [
        274,
        "bed"
    ],
    "132": [
        239,
        "towel_bar"
    ],
    "134": [
        243,
        "wall_lamp"
    ],
    "135": [
        108,
        "door"
    ],
    "136": [
        30,
        "door"
    ],
    "138": [
        273,
        "door"
    ],
    "139": [
        238,
        "wall_cabinet"
    ],
    "141": [
        49,
        "door"
    ],
    "146": [
        78,
        "ceiling_vent"
    ],
    "150": [
        133,
        "kitchen_cabinet"
    ],
    "151": [
        275,
        "bed_comforter"
    ],
    "152": [
        98,
        "ceiling_lamp"
    ],
    "159": [
        116,
        "ceiling_lamp"
    ],
    "164": [
        271,
        "window"
    ],
    "165": [
        172,
        "junk"
    ],
    "166": [
        2,
        "ceiling_lamp"
    ],
    "172": [
        113,
        "window"
    ],
    "174": [
        17,
        "door"
    ],
    "179": [
        164,
        "shelf_cubby"
    ],
    "181": [
        124,
        "sink"
    ],
    "182": [
        20,
        "wall_clock"
    ],
    "188": [
        138,
        "kitchen_cabinet"
    ],
    "189": [
        29,
        "window"
    ],
    "195": [
        135,
        "kitchen_cabinet"
    ],
    "197": [
        92,
        "vent"
    ],
    "203": [
        16,
        "window"
    ],
    "205": [
        280,
        "sliding_door"
    ],
    "206": [
        95,
        "door"
    ],
    "209": [
        118,
        "furnace"
    ],
    "210": [
        111,
        "vent"
    ],
    "211": [
        272,
        "window"
    ],
    "213": [
        35,
        "bed_comforter"
    ],
    "217": [
        163,
        "garage_door_opener_motor"
    ],
    "220": [
        236,
        "bath_cabinet"
    ],
    "221": [
        252,
        "shelf_cubby"
    ],
    "227": [
        47,
        "window"
    ],
    "228": [
        284,
        "ceiling_lamp"
    ],
    "229": [
        89,
        "door"
    ],
    "230": [
        36,
        "pillow"
    ],
    "231": [
        178,
        "railing"
    ],
    "232": [
        91,
        "door"
    ],
    "238": [
        244,
        "wall_toilet_paper"
    ],
    "241": [
        142,
        "pad"
    ],
    "242": [
        64,
        "toilet"
    ],
    "245": [
        245,
        "doorpost"
    ],
    "247": [
        63,
        "sink_cabinet"
    ],
    "252": [
        12,
        "wall_lamp"
    ],
    "254": [
        132,
        "kitchen_cabinet"
    ],
    "257": [
        115,
        "ceiling_lamp"
    ],
    "258": [
        94,
        "vent"
    ],
    "259": [
        175,
        "garage_door_opener"
    ],
    "261": [
        110,
        "door"
    ],
    "262": [
        181,
        "junk"
    ],
    "264": [
        114,
        "ceiling_lamp"
    ],
    "267": [
        162,
        "garage_light"
    ],
    "268": [
        121,
        "doorpost"
    ],
    "269": [
        73,
        "towel"
    ],
    "272": [
        134,
        "kitchen_cabinet"
    ],
    "273": [
        62,
        "mirror"
    ],
    "276": [
        180,
        "pipe"
    ],
    "277": [
        14,
        "window"
    ],
    "284": [
        278,
        "sliding_door"
    ],
    "285": [
        161,
        "garage_light"
    ]
}