{
    "2": [
        178,
        "ceiling_lamp"
    ],
    "3": [
        532,
        "picture"
    ],
    "4": [
        681,
        "ceiling_lamp"
    ],
    "6": [
        710,
        "cabinet"
    ],
    "9": [
        15,
        "sofa_seat"
    ],
    "10": [
        106,
        "lamp_stand"
    ],
    "12": [
        852,
        "window"
    ],
    "13": [
        146,
        "garage_door_opener_motor"
    ],
    "14": [
        671,
        "magazine"
    ],
    "18": [
        345,
        "pillow"
    ],
    "20": [
        768,
        "shelf"
    ],
    "21": [
        171,
        "picture"
    ],
    "22": [
        320,
        "picture"
    ],
    "23": [
        620,
        "picture"
    ],
    "26": [
        494,
        "door"
    ],
    "27": [
        459,
        "curtain"
    ],
    "29": [
        394,
        "table_stand"
    ],
    "30": [
        536,
        "dresser"
    ],
    "31": [
        467,
        "ceiling_lamp"
    ],
    "32": [
        73,
        "lamp_stand"
    ],
    "34": [
        500,
        "bathtub"
    ],
    "35": [
        64,
        "ceiling_molding"
    ],
    "36": [
        297,
        "microwave"
    ],
    "38": [
        348,
        "pillow"
    ],
    "39": [
        471,
        "book"
    ],
    "41": [
        848,
        "toilet"
    ],
    "42": [
        36,
        "window"
    ],
    "43": [
        608,
        "rack"
    ],
    "46": [
        382,
        "door"
    ],
    "47": [
        465,
        "ceiling_lamp"
    ],
    "48": [
        649,
        "picture"
    ],
    "49": [
        19,
        "flower_vase"
    ],
    "51": [
        474,
        "book"
    ],
    "54": [
        505,
        "ceiling_lamp"
    ],
    "55": [
        566,
        "sink"
    ],
    "58": [
        359,
        "cabinet"
    ],
    "59": [
        13,
        "fireplace"
    ],
    "61": [
        325,
        "sofa_chair"
    ],
    "62": [
        553,
        "blinds"
    ],
    "63": [
        152,
        "fluorescent_light"
    ],
    "64": [
        76,
        "dining_chair"
    ],
    "65": [
        625,
        "picture"
    ],
    "66": [
        783,
        "rack"
    ],
    "67": [
        492,
        "window"
    ],
    "69": [
        105,
        "pillow"
    ],
    "70": [
        221,
        "decoration"
    ],
    "71": [
        414,
        "stair_handle"
    ],
    "72": [
        571,
        "shelf"
    ],
    "73": [
        605,
        "display_cabinet"
    ],
    "74": [
        609,
        "sofa_chair"
    ],
    "77": [
        295,
        "refrigerator_cabinet"
    ],
    "79": [
        225,
        "decoration"
    ],
    "80": [
        134,
        "window"
    ],
    "82": [
        154,
        "fluorescent_light"
    ],
    "85": [
        480,
        "pillow"
    ],
    "87": [
        515,
        "carpet"
    ],
    "89": [
        288,
        "kitchen_counter"
    ],
    "90": [
        829,
        "ceiling_lamp"
    ],
    "91": [
        447,
        "door"
    ],
    "92": [
        613,
        "desk"
    ],
    "93": [
        135,
        "worktop"
    ],
    "94": [
        318,
        "window"
    ],
    "95": [
        705,
        "wall_clock"
    ],
    "96": [
        326,
        "rug"
    ],
    "99": [
        383,
        "window"
    ],
    "100": [
        573,
        "towel"
    ],
    "101": [
        386,
        "picture"
    ],
    "102": [
        628,
        "picture"
    ],
    "105": [
        413,
        "stair_handle"
    ],
    "106": [
        539,
        "pillow"
    ],
    "107": [
        329,
        "table"
    ],
    "108": [
        544,
        "alarm"
    ],
    "109": [
        256,
        "ceiling_molding"
    ],
    "110": [
        137,
        "cabinet"
    ],
    "111": [
        583,
        "stool"
    ],
    "113": [
        253,
        "ceiling_molding"
    ],
    "115": [
        193,
        "shelving"
    ],
    "116": [
        427,
        "lamp"
    ],
    "117": [
        788,
        "ceiling_lamp"
    ],
    "118": [
        399,
        "ceiling_lamp"
    ],
    "119": [
        665,
        "book"
    ],
    "120": [
        673,
        "ceiling_lamp"
    ],
    "121": [
        448,
        "window"
    ],
    "122": [
        24,
        "lamp"
    ],
    "123": [
        615,
        "wall_clock"
    ],
    "124": [
        174,
        "ceiling_lamp"
    ],
    "125": [
        632,
        "picture"
    ],
    "126": [
        324,
        "soft_chair"
    ],
    "128": [
        572,
        "towel"
    ],
    "129": [
        622,
        "picture"
    ],
    "130": [
        472,
        "book"
    ],
    "132": [
        655,
        "window"
    ],
    "133": [
        723,
        "alarm"
    ],
    "137": [
        584,
        "wall_cabinet"
    ],
    "138": [
        364,
        "vent"
    ],
    "139": [
        296,
        "oven"
    ],
    "142": [
        149,
        "fluorescent_light"
    ],
    "143": [
        662,
        "pad"
    ],
    "145": [
        138,
        "boiler"
    ],
    "146": [
        646,
        "decoration"
    ],
    "148": [
        390,
        "tool_box"
    ],
    "151": [
        129,
        "table"
    ],
    "152": [
        142,
        "garage_door"
    ],
    "153": [
        191,
        "door"
    ],
    "154": [
        645,
        "decoration"
    ],
    "155": [
        18,
        "table"
    ],
    "156": [
        771,
        "case"
    ],
    "157": [
        813,
        "cabinet"
    ],
    "158": [
        67,
        "curtain_rod"
    ],
    "162": [
        685,
        "blinds"
    ],
    "168": [
        715,
        "pillow"
    ],
    "169": [
        747,
        "mirror_frame"
    ],
    "173": [
        684,
        "blinds"
    ],
    "174": [
        395,
        "ceiling_lamp"
    ],
    "176": [
        791,
        "shoe"
    ],
    "177": [
        368,
        "hanger"
    ],
    "178": [
        630,
        "picture"
    ],
    "179": [
        254,
        "ceiling_molding"
    ],
    "180": [
        814,
        "cabinet"
    ],
    "184": [
        641,
        "decoration"
    ],
    "185": [
        637,
        "picture"
    ],
    "187": [
        75,
        "dining_table"
    ],
    "188": [
        752,
        "picture"
    ],
    "189": [
        701,
        "mirror"
    ],
    "190": [
        582,
        "door"
    ],
    "192": [
        623,
        "picture"
    ],
    "194": [
        704,
        "painting"
    ],
    "196": [
        17,
        "table"
    ],
    "199": [
        328,
        "table"
    ],
    "201": [
        576,
        "hanger"
    ],
    "202": [
        541,
        "door"
    ],
    "204": [
        490,
        "toilet"
    ],
    "205": [
        72,
        "wall_clock"
    ],
    "206": [
        265,
        "ceiling_lamp"
    ],
    "207": [
        323,
        "sofa_seat"
    ],
    "209": [
        387,
        "shelf"
    ],
    "211": [
        393,
        "telephone"
    ],
    "212": [
        659,
        "printer"
    ],
    "213": [
        300,
        "wall_cabinet"
    ],
    "214": [
        648,
        "picture"
    ],
    "215": [
        786,
        "ceiling_lamp"
    ],
    "216": [
        793,
        "bag"
    ],
    "217": [
        22,
        "dresser"
    ],
    "219": [
        808,
        "window"
    ],
    "224": [
        232,
        "vent"
    ],
    "225": [
        397,
        "ceiling_lamp"
    ],
    "226": [
        385,
        "picture"
    ],
    "227": [
        381,
        "door"
    ],
    "228": [
        849,
        "bidet"
    ],
    "229": [
        139,
        "cabinet"
    ],
    "232": [
        81,
        "dining_chair"
    ],
    "235": [
        417,
        "window"
    ],
    "237": [
        28,
        "painting"
    ],
    "241": [
        754,
        "alarm"
    ],
    "244": [
        498,
        "towel"
    ],
    "245": [
        719,
        "pillow"
    ],
    "246": [
        672,
        "ceiling_lamp"
    ],
    "248": [
        621,
        "picture"
    ],
    "249": [
        419,
        "painting"
    ],
    "250": [
        259,
        "ceiling_lamp"
    ],
    "255": [
        482,
        "bin"
    ],
    "257": [
        807,
        "window"
    ],
    "259": [
        569,
        "picture"
    ],
    "260": [
        658,
        "door"
    ],
    "261": [
        846,
        "cabinet"
    ],
    "263": [
        319,
        "painting"
    ],
    "268": [
        167,
        "picture"
    ],
    "269": [
        429,
        "lamp"
    ],
    "270": [
        642,
        "decoration"
    ],
    "271": [
        531,
        "picture"
    ],
    "273": [
        577,
        "shower_cabin"
    ],
    "275": [
        416,
        "door"
    ],
    "276": [
        633,
        "picture"
    ],
    "277": [
        48,
        "pillow"
    ],
    "280": [
        83,
        "dining_chair"
    ],
    "281": [
        68,
        "window"
    ],
    "283": [
        388,
        "tv"
    ],
    "284": [
        568,
        "toilet_paper"
    ],
    "285": [
        45,
        "pillow"
    ],
    "288": [
        854,
        "door"
    ],
    "289": [
        489,
        "sink"
    ],
    "290": [
        651,
        "table"
    ],
    "292": [
        32,
        "painting"
    ],
    "293": [
        37,
        "window"
    ],
    "294": [
        538,
        "pillow"
    ],
    "297": [
        805,
        "shower_cabin"
    ],
    "298": [
        291,
        "kitchen_cabinet"
    ],
    "299": [
        421,
        "pillow"
    ],
    "300": [
        140,
        "door"
    ],
    "301": [
        537,
        "bed"
    ],
    "302": [
        44,
        "rug"
    ],
    "303": [
        618,
        "picture"
    ],
    "304": [
        587,
        "wall_top"
    ],
    "305": [
        344,
        "pillow"
    ],
    "307": [
        809,
        "handle"
    ],
    "308": [
        853,
        "curtain"
    ],
    "309": [
        35,
        "door"
    ],
    "310": [
        23,
        "dresser"
    ],
    "312": [
        97,
        "door"
    ],
    "314": [
        776,
        "cabinet"
    ],
    "315": [
        610,
        "sofa_chair"
    ],
    "316": [
        143,
        "garage_door"
    ],
    "317": [
        365,
        "ceiling_lamp"
    ],
    "318": [
        711,
        "cabinet"
    ],
    "319": [
        231,
        "ceiling_lamp"
    ],
    "320": [
        824,
        "shelf"
    ],
    "321": [
        282,
        "table"
    ],
    "324": [
        816,
        "mirror"
    ],
    "326": [
        100,
        "desk_lamp"
    ],
    "327": [
        636,
        "picture"
    ],
    "328": [
        818,
        "door"
    ],
    "333": [
        784,
        "door"
    ],
    "337": [
        453,
        "dresser"
    ],
    "338": [
        749,
        "picture"
    ],
    "339": [
        493,
        "lamp"
    ],
    "341": [
        481,
        "pillow"
    ],
    "346": [
        844,
        "handle"
    ],
    "349": [
        616,
        "picture"
    ],
    "350": [
        317,
        "window"
    ],
    "352": [
        107,
        "chair"
    ],
    "353": [
        272,
        "window"
    ],
    "356": [
        343,
        "pillow"
    ],
    "357": [
        534,
        "dresser"
    ],
    "358": [
        713,
        "sofa_chair"
    ],
    "359": [
        709,
        "bed"
    ],
    "360": [
        156,
        "mat"
    ],
    "362": [
        61,
        "ceiling_molding"
    ],
    "363": [
        111,
        "window"
    ],
    "365": [
        612,
        "desk_chair"
    ],
    "366": [
        113,
        "ceiling_lamp"
    ],
    "371": [
        173,
        "wall_clock"
    ],
    "372": [
        389,
        "treadmill"
    ],
    "373": [
        535,
        "dresser"
    ],
    "374": [
        717,
        "pillow"
    ],
    "375": [
        188,
        "ceiling_lamp"
    ],
    "376": [
        777,
        "cabinet"
    ],
    "382": [
        31,
        "painting"
    ],
    "385": [
        716,
        "pillow"
    ],
    "390": [
        250,
        "ceiling_molding"
    ],
    "391": [
        168,
        "picture"
    ],
    "394": [
        321,
        "picture"
    ],
    "396": [
        220,
        "decoration"
    ],
    "397": [
        299,
        "sink"
    ],
    "398": [
        478,
        "vent"
    ],
    "399": [
        845,
        "cabinet"
    ],
    "400": [
        209,
        "cabinet"
    ],
    "401": [
        360,
        "cabinet"
    ],
    "402": [
        290,
        "kitchen_counter"
    ],
    "403": [
        82,
        "dining_chair"
    ],
    "407": [
        283,
        "chair"
    ],
    "408": [
        629,
        "picture"
    ],
    "409": [
        424,
        "ceiling_lamp"
    ],
    "412": [
        614,
        "display_cabinet"
    ],
    "415": [
        101,
        "painting"
    ],
    "417": [
        446,
        "door"
    ],
    "418": [
        820,
        "towel"
    ],
    "419": [
        103,
        "picture"
    ],
    "420": [
        227,
        "decoration"
    ],
    "421": [
        479,
        "vent"
    ],
    "423": [
        274,
        "picture"
    ],
    "425": [
        294,
        "picture"
    ],
    "426": [
        779,
        "shelf"
    ],
    "427": [
        624,
        "picture"
    ],
    "428": [
        638,
        "picture"
    ],
    "429": [
        206,
        "toilet"
    ],
    "430": [
        617,
        "picture"
    ],
    "432": [
        78,
        "dining_chair"
    ],
    "434": [
        718,
        "pillow"
    ],
    "435": [
        404,
        "blinds"
    ],
    "436": [
        470,
        "book"
    ],
    "437": [
        669,
        "fan"
    ],
    "440": [
        402,
        "ceiling_lamp"
    ],
    "443": [
        774,
        "shelf"
    ],
    "444": [
        53,
        "lamp"
    ],
    "447": [
        466,
        "ceiling_lamp"
    ],
    "448": [
        847,
        "flowerpot"
    ],
    "450": [
        180,
        "ceiling_lamp"
    ],
    "452": [
        422,
        "tree_branch"
    ],
    "454": [
        29,
        "painting"
    ],
    "456": [
        330,
        "table_lamp"
    ],
    "458": [
        151,
        "fluorescent_light"
    ],
    "459": [
        626,
        "picture"
    ],
    "460": [
        679,
        "ceiling_lamp"
    ],
    "461": [
        391,
        "tool_box"
    ],
    "464": [
        70,
        "decoration"
    ],
    "466": [
        357,
        "window"
    ],
    "468": [
        468,
        "ceiling_lamp"
    ],
    "471": [
        33,
        "door"
    ],
    "472": [
        775,
        "cabinet"
    ],
    "473": [
        331,
        "table_lamp"
    ],
    "474": [
        513,
        "wall_cabinet"
    ],
    "476": [
        102,
        "monitor"
    ],
    "479": [
        656,
        "window"
    ],
    "481": [
        817,
        "sink"
    ],
    "483": [
        792,
        "bag"
    ],
    "484": [
        264,
        "ceiling_lamp"
    ],
    "487": [
        166,
        "door"
    ],
    "488": [
        217,
        "lamp"
    ],
    "489": [
        450,
        "window"
    ],
    "490": [
        54,
        "picture"
    ],
    "491": [
        271,
        "door"
    ],
    "492": [
        251,
        "ceiling_molding"
    ],
    "493": [
        644,
        "decoration"
    ],
    "494": [
        780,
        "shelf"
    ],
    "495": [
        392,
        "tool_box"
    ],
    "496": [
        789,
        "machine"
    ],
    "497": [
        136,
        "worktop"
    ],
    "498": [
        526,
        "door"
    ],
    "502": [
        461,
        "curtain"
    ],
    "507": [
        128,
        "cabinet"
    ],
    "508": [
        815,
        "cabinet"
    ],
    "509": [
        657,
        "alarm"
    ],
    "512": [
        346,
        "pillow"
    ],
    "513": [
        457,
        "curtain"
    ],
    "515": [
        712,
        "lamp"
    ],
    "518": [
        40,
        "window"
    ],
    "520": [
        433,
        "carpet"
    ],
    "524": [
        746,
        "door"
    ],
    "526": [
        252,
        "ceiling_molding"
    ],
    "528": [
        14,
        "sofa_seat"
    ],
    "529": [
        420,
        "chair"
    ],
    "531": [
        169,
        "painting"
    ],
    "535": [
        177,
        "ceiling_lamp"
    ],
    "536": [
        285,
        "chair"
    ],
    "537": [
        567,
        "toilet"
    ],
    "539": [
        130,
        "chair"
    ],
    "540": [
        20,
        "lamp_stand"
    ],
    "543": [
        640,
        "decoration"
    ],
    "544": [
        781,
        "rack"
    ],
    "545": [
        262,
        "ceiling_lamp"
    ],
    "548": [
        686,
        "blinds"
    ],
    "549": [
        661,
        "computer"
    ],
    "550": [
        287,
        "kitchen_cabinet"
    ],
    "552": [
        170,
        "picture"
    ],
    "553": [
        451,
        "bed"
    ],
    "554": [
        464,
        "lamp"
    ],
    "557": [
        606,
        "door"
    ],
    "558": [
        652,
        "window"
    ],
    "559": [
        423,
        "vent"
    ],
    "561": [
        790,
        "shoe"
    ],
    "562": [
        708,
        "fan"
    ],
    "565": [
        619,
        "picture"
    ],
    "566": [
        639,
        "decoration"
    ],
    "567": [
        133,
        "chair"
    ],
    "569": [
        504,
        "curtain"
    ],
    "570": [
        634,
        "picture"
    ],
    "575": [
        367,
        "ceiling_lamp"
    ],
    "576": [
        678,
        "ceiling_lamp"
    ],
    "577": [
        843,
        "handle"
    ],
    "580": [
        334,
        "tv"
    ],
    "583": [
        589,
        "chandelier"
    ],
    "584": [
        21,
        "lamp"
    ],
    "585": [
        132,
        "chair"
    ],
    "586": [
        428,
        "lamp"
    ],
    "588": [
        554,
        "blinds"
    ],
    "590": [
        769,
        "shelf"
    ],
    "591": [
        753,
        "picture"
    ],
    "592": [
        748,
        "picture"
    ],
    "593": [
        400,
        "ceiling_lamp"
    ],
    "597": [
        127,
        "counter"
    ],
    "598": [
        62,
        "ceiling_molding"
    ],
    "599": [
        819,
        "bathtub"
    ],
    "601": [
        530,
        "picture"
    ],
    "604": [
        398,
        "ceiling_lamp"
    ],
    "610": [
        859,
        "vent"
    ],
    "611": [
        98,
        "wardrobe"
    ],
    "613": [
        454,
        "bedside_lamp"
    ],
    "615": [
        30,
        "painting"
    ],
    "620": [
        460,
        "curtain"
    ],
    "629": [
        647,
        "picture"
    ],
    "630": [
        208,
        "toilet_paper"
    ],
    "633": [
        335,
        "book"
    ],
    "635": [
        350,
        "pillow"
    ],
    "636": [
        452,
        "dresser"
    ],
    "638": [
        667,
        "book"
    ],
    "639": [
        43,
        "rug"
    ],
    "640": [
        110,
        "window"
    ],
    "641": [
        150,
        "fluorescent_light"
    ],
    "643": [
        574,
        "tree_branch"
    ],
    "644": [
        157,
        "calendar"
    ],
    "646": [
        153,
        "fluorescent_light"
    ],
    "647": [
        363,
        "laundry_machine"
    ],
    "650": [
        660,
        "printer"
    ],
    "652": [
        347,
        "pillow"
    ],
    "655": [
        358,
        "door"
    ],
    "656": [
        66,
        "curtain"
    ],
    "657": [
        462,
        "curtain"
    ],
    "658": [
        289,
        "kitchen_counter"
    ],
    "659": [
        426,
        "lamp"
    ],
    "661": [
        112,
        "ceiling_lamp"
    ],
    "662": [
        812,
        "sink_cabinet"
    ],
    "663": [
        16,
        "sofa_chair"
    ],
    "664": [
        247,
        "ceiling_molding"
    ],
    "665": [
        463,
        "dresser"
    ],
    "668": [
        755,
        "alarm"
    ],
    "669": [
        496,
        "toilet_paper"
    ],
    "670": [
        292,
        "kitchen_cabinet"
    ],
    "671": [
        179,
        "ceiling_lamp"
    ],
    "673": [
        787,
        "ceiling_lamp"
    ],
    "675": [
        540,
        "bedside_lamp"
    ],
    "676": [
        590,
        "door"
    ],
    "678": [
        228,
        "trash_can"
    ],
    "679": [
        527,
        "window"
    ],
    "681": [
        99,
        "desk"
    ],
    "682": [
        172,
        "picture"
    ],
    "683": [
        349,
        "pillow"
    ],
    "684": [
        585,
        "hanger"
    ],
    "685": [
        721,
        "tv"
    ],
    "687": [
        384,
        "window"
    ],
    "688": [
        491,
        "cabinet"
    ],
    "689": [
        25,
        "chair"
    ],
    "690": [
        499,
        "lamp"
    ],
    "692": [
        756,
        "ceiling_lamp"
    ],
    "695": [
        141,
        "door"
    ],
    "696": [
        362,
        "sink_cabinet"
    ],
    "698": [
        650,
        "decoration"
    ],
    "699": [
        47,
        "pillow"
    ],
    "700": [
        131,
        "chair"
    ],
    "701": [
        722,
        "door"
    ],
    "702": [
        222,
        "decoration"
    ],
    "703": [
        155,
        "laundry_machine"
    ],
    "704": [
        366,
        "ceiling_lamp"
    ],
    "705": [
        714,
        "table"
    ],
    "706": [
        333,
        "closet_shelving"
    ],
    "707": [
        51,
        "decoration"
    ],
    "709": [
        284,
        "chair"
    ],
    "711": [
        41,
        "window"
    ],
    "712": [
        84,
        "carpet"
    ],
    "713": [
        79,
        "dining_chair"
    ],
    "716": [
        552,
        "blinds"
    ],
    "720": [
        575,
        "window"
    ],
    "721": [
        750,
        "picture"
    ],
    "722": [
        702,
        "picture"
    ],
    "724": [
        806,
        "window"
    ],
    "725": [
        71,
        "flower_vase"
    ],
    "726": [
        653,
        "window"
    ],
    "727": [
        38,
        "window"
    ],
    "728": [
        196,
        "basket"
    ],
    "730": [
        248,
        "ceiling_molding"
    ],
    "731": [
        570,
        "shelf"
    ],
    "732": [
        643,
        "decoration"
    ],
    "734": [
        361,
        "cabinet_table"
    ],
    "736": [
        668,
        "statue"
    ],
    "740": [
        831,
        "ceiling_lamp"
    ],
    "741": [
        148,
        "broom"
    ],
    "742": [
        670,
        "magazine"
    ],
    "744": [
        607,
        "cabinet"
    ],
    "745": [
        286,
        "chair"
    ],
    "746": [
        332,
        "clock"
    ],
    "749": [
        751,
        "picture"
    ],
    "752": [
        27,
        "painting"
    ],
    "754": [
        211,
        "towel"
    ],
    "756": [
        533,
        "picture"
    ],
    "759": [
        396,
        "ceiling_lamp"
    ],
    "760": [
        666,
        "book"
    ],
    "761": [
        683,
        "blinds"
    ],
    "762": [
        654,
        "window"
    ],
    "765": [
        810,
        "handle"
    ],
    "766": [
        508,
        "carpet"
    ],
    "767": [
        104,
        "bed"
    ],
    "768": [
        74,
        "chest_of_drawers"
    ],
    "769": [
        529,
        "window"
    ],
    "771": [
        226,
        "decoration"
    ],
    "774": [
        380,
        "door"
    ],
    "776": [
        46,
        "pillow"
    ],
    "777": [
        635,
        "picture"
    ],
    "781": [
        855,
        "lamp"
    ],
    "782": [
        257,
        "ceiling_lamp"
    ],
    "784": [
        42,
        "window"
    ],
    "785": [
        293,
        "kitchen_cabinet"
    ],
    "786": [
        811,
        "handle"
    ],
    "787": [
        224,
        "decoration"
    ],
    "788": [
        707,
        "door"
    ],
    "790": [
        445,
        "door"
    ],
    "791": [
        703,
        "picture"
    ],
    "792": [
        258,
        "ceiling_lamp"
    ],
    "793": [
        213,
        "picture"
    ],
    "794": [
        772,
        "case"
    ],
    "795": [
        458,
        "curtain"
    ],
    "796": [
        415,
        "carpet"
    ],
    "799": [
        611,
        "desk"
    ],
    "803": [
        455,
        "chest"
    ],
    "804": [
        26,
        "coffee_table"
    ],
    "805": [
        77,
        "dining_chair"
    ],
    "806": [
        50,
        "decoration"
    ],
    "807": [
        108,
        "window"
    ],
    "809": [
        842,
        "picture"
    ],
    "810": [
        260,
        "ceiling_lamp"
    ],
    "811": [
        39,
        "window"
    ],
    "813": [
        773,
        "shelf"
    ],
    "814": [
        700,
        "dresser"
    ],
    "817": [
        821,
        "basket"
    ],
    "818": [
        857,
        "ceiling_lamp"
    ],
    "819": [
        316,
        "window"
    ],
    "820": [
        497,
        "basket"
    ],
    "821": [
        405,
        "blinds"
    ],
    "823": [
        663,
        "book"
    ],
    "824": [
        449,
        "window"
    ],
    "825": [
        456,
        "display_cabinet"
    ],
    "827": [
        631,
        "picture"
    ],
    "828": [
        175,
        "ceiling_lamp"
    ],
    "829": [
        664,
        "book"
    ],
    "831": [
        322,
        "picture"
    ],
    "834": [
        80,
        "dining_chair"
    ],
    "836": [
        778,
        "cabinet"
    ],
    "839": [
        699,
        "dresser"
    ],
    "841": [
        495,
        "shelf"
    ],
    "842": [
        627,
        "picture"
    ],
    "843": [
        706,
        "window"
    ],
    "846": [
        822,
        "shower_glass"
    ],
    "848": [
        545,
        "clock"
    ],
    "851": [
        528,
        "window"
    ],
    "852": [
        373,
        "carpet"
    ],
    "853": [
        109,
        "window"
    ],
    "854": [
        327,
        "table"
    ],
    "855": [
        473,
        "book"
    ]
}