{
    "1": [
        176,
        "wardrobe"
    ],
    "2": [
        333,
        "cabinet"
    ],
    "5": [
        33,
        "picture"
    ],
    "6": [
        156,
        "pillow"
    ],
    "7": [
        47,
        "mirror"
    ],
    "9": [
        359,
        "fire_sprinkler"
    ],
    "12": [
        313,
        "cabinet"
    ],
    "14": [
        187,
        "window"
    ],
    "15": [
        316,
        "cabinet"
    ],
    "16": [
        93,
        "electric_box"
    ],
    "17": [
        123,
        "bar"
    ],
    "19": [
        48,
        "cabinet"
    ],
    "23": [
        169,
        "pillow"
    ],
    "24": [
        85,
        "cabinet"
    ],
    "29": [
        181,
        "door"
    ],
    "30": [
        446,
        "trashcan"
    ],
    "32": [
        337,
        "table"
    ],
    "34": [
        188,
        "blinds"
    ],
    "37": [
        406,
        "table"
    ],
    "38": [
        98,
        "wardrobe"
    ],
    "39": [
        114,
        "lamp"
    ],
    "40": [
        216,
        "table"
    ],
    "41": [
        301,
        "ornament"
    ],
    "42": [
        56,
        "picture"
    ],
    "45": [
        270,
        "brush"
    ],
    "48": [
        389,
        "window"
    ],
    "49": [
        379,
        "picture"
    ],
    "50": [
        131,
        "blanket"
    ],
    "54": [
        34,
        "picture"
    ],
    "55": [
        368,
        "couch"
    ],
    "59": [
        202,
        "chair"
    ],
    "61": [
        58,
        "towel"
    ],
    "66": [
        419,
        "rug"
    ],
    "71": [
        130,
        "blanket"
    ],
    "79": [
        172,
        "cabinet"
    ],
    "80": [
        73,
        "toilet_paper"
    ],
    "81": [
        311,
        "cabinet"
    ],
    "82": [
        193,
        "lamp"
    ],
    "84": [
        356,
        "lamp"
    ],
    "86": [
        113,
        "roof"
    ],
    "87": [
        81,
        "lamp"
    ],
    "88": [
        129,
        "rack"
    ],
    "89": [
        19,
        "lamp"
    ],
    "91": [
        394,
        "fan"
    ],
    "93": [
        402,
        "cabinet"
    ],
    "94": [
        407,
        "chair"
    ],
    "96": [
        393,
        "pouffe"
    ],
    "98": [
        370,
        "pillow"
    ],
    "99": [
        338,
        "knife_holder"
    ],
    "100": [
        421,
        "fire_sprinkler"
    ],
    "101": [
        91,
        "window"
    ],
    "111": [
        332,
        "cabinet"
    ],
    "112": [
        357,
        "lamp"
    ],
    "113": [
        424,
        "lamp"
    ],
    "114": [
        89,
        "curtain"
    ],
    "115": [
        151,
        "table"
    ],
    "116": [
        72,
        "sink"
    ],
    "117": [
        341,
        "box"
    ],
    "118": [
        290,
        "towel"
    ],
    "121": [
        247,
        "roof"
    ],
    "122": [
        278,
        "tank"
    ],
    "123": [
        335,
        "dishwasher"
    ],
    "125": [
        147,
        "hanger"
    ],
    "127": [
        412,
        "chair"
    ],
    "132": [
        135,
        "bag"
    ],
    "140": [
        327,
        "toaster"
    ],
    "143": [
        392,
        "pouffe"
    ],
    "144": [
        155,
        "pillow"
    ],
    "147": [
        369,
        "pillow"
    ],
    "149": [
        342,
        "coffee_machine"
    ],
    "150": [
        71,
        "toilet"
    ],
    "151": [
        293,
        "cabinet"
    ],
    "157": [
        69,
        "mirror"
    ],
    "158": [
        122,
        "bar"
    ],
    "159": [
        133,
        "bedding"
    ],
    "162": [
        380,
        "table"
    ],
    "163": [
        317,
        "cabinet"
    ],
    "164": [
        201,
        "table"
    ],
    "169": [
        292,
        "mirror"
    ],
    "171": [
        382,
        "couch"
    ],
    "172": [
        21,
        "fire_alarm"
    ],
    "173": [
        309,
        "ventilation"
    ],
    "175": [
        158,
        "pillow"
    ],
    "176": [
        315,
        "cabinet"
    ],
    "180": [
        153,
        "bed"
    ],
    "181": [
        116,
        "chair"
    ],
    "183": [
        148,
        "door"
    ],
    "184": [
        154,
        "ladder"
    ],
    "185": [
        82,
        "cabinet"
    ],
    "187": [
        50,
        "trashcan"
    ],
    "188": [
        170,
        "pillow"
    ],
    "189": [
        226,
        "blinds"
    ],
    "190": [
        358,
        "fire_alarm"
    ],
    "191": [
        168,
        "pillow"
    ],
    "192": [
        120,
        "sliding_glass_door"
    ],
    "193": [
        388,
        "blinds"
    ],
    "196": [
        347,
        "table"
    ],
    "198": [
        199,
        "bar"
    ],
    "201": [
        127,
        "wardrobe"
    ],
    "202": [
        307,
        "trashcan"
    ],
    "204": [
        339,
        "paper_towel"
    ],
    "205": [
        410,
        "chair"
    ],
    "211": [
        101,
        "hanger"
    ],
    "215": [
        74,
        "toilet_brush"
    ],
    "216": [
        138,
        "blinds"
    ],
    "218": [
        371,
        "pillow"
    ],
    "221": [
        314,
        "cabinet"
    ],
    "222": [
        64,
        "door"
    ],
    "223": [
        57,
        "towel"
    ],
    "224": [
        298,
        "door"
    ],
    "227": [
        195,
        "window"
    ],
    "229": [
        132,
        "bedding"
    ],
    "231": [
        49,
        "sink"
    ],
    "232": [
        53,
        "ventilation"
    ],
    "242": [
        145,
        "blinds"
    ],
    "244": [
        346,
        "sink"
    ],
    "245": [
        331,
        "cabinet"
    ],
    "246": [
        305,
        "toilet_paper"
    ],
    "249": [
        400,
        "shelf"
    ],
    "250": [
        214,
        "chair"
    ],
    "252": [
        395,
        "table"
    ],
    "253": [
        31,
        "door"
    ],
    "254": [
        144,
        "window"
    ],
    "255": [
        38,
        "toilet_brush"
    ],
    "257": [
        20,
        "lamp"
    ],
    "259": [
        352,
        "lamp"
    ],
    "260": [
        302,
        "toilet"
    ],
    "261": [
        221,
        "window"
    ],
    "263": [
        171,
        "pillow"
    ],
    "264": [
        215,
        "chair"
    ],
    "265": [
        30,
        "shower_cabin"
    ],
    "269": [
        354,
        "lamp"
    ],
    "271": [
        287,
        "door"
    ],
    "274": [
        273,
        "sliding_glass_door"
    ],
    "275": [
        80,
        "pillow"
    ],
    "277": [
        450,
        "umbrella"
    ],
    "278": [
        61,
        "towel_bar"
    ],
    "280": [
        177,
        "rack"
    ],
    "281": [
        422,
        "lamp"
    ],
    "283": [
        416,
        "door"
    ],
    "284": [
        37,
        "towel"
    ],
    "290": [
        248,
        "roof"
    ],
    "292": [
        431,
        "lamp"
    ],
    "293": [
        179,
        "hanger"
    ],
    "294": [
        41,
        "towel"
    ],
    "296": [
        99,
        "dresser"
    ],
    "297": [
        54,
        "lamp"
    ],
    "298": [
        164,
        "lamp"
    ],
    "300": [
        117,
        "table"
    ],
    "302": [
        94,
        "tv"
    ],
    "303": [
        157,
        "pillow"
    ],
    "308": [
        43,
        "towel_bar"
    ],
    "310": [
        318,
        "cabinet"
    ],
    "311": [
        294,
        "sink"
    ],
    "313": [
        136,
        "chair"
    ],
    "314": [
        455,
        "shower_curtain"
    ],
    "317": [
        100,
        "shelf"
    ],
    "318": [
        68,
        "cabinet"
    ],
    "319": [
        42,
        "towel"
    ],
    "322": [
        92,
        "dresser"
    ],
    "323": [
        329,
        "cabinet"
    ],
    "324": [
        383,
        "pillow"
    ],
    "325": [
        174,
        "picture"
    ],
    "326": [
        351,
        "lamp"
    ],
    "330": [
        167,
        "bed"
    ],
    "332": [
        173,
        "lamp"
    ],
    "333": [
        180,
        "fan"
    ],
    "334": [
        399,
        "fireplace"
    ],
    "335": [
        373,
        "lamp"
    ],
    "336": [
        277,
        "tank"
    ],
    "337": [
        104,
        "door"
    ],
    "339": [
        225,
        "door"
    ],
    "342": [
        83,
        "radio"
    ],
    "346": [
        340,
        "dish"
    ],
    "347": [
        112,
        "window"
    ],
    "348": [
        200,
        "chair"
    ],
    "351": [
        445,
        "mat"
    ],
    "352": [
        40,
        "toilet_paper"
    ],
    "353": [
        79,
        "pillow"
    ],
    "354": [
        378,
        "picture"
    ],
    "355": [
        223,
        "lamp"
    ],
    "356": [
        84,
        "lamp"
    ],
    "357": [
        411,
        "chair"
    ],
    "359": [
        267,
        "lamp"
    ],
    "362": [
        23,
        "door"
    ],
    "364": [
        451,
        "clothes_dryer"
    ],
    "365": [
        161,
        "water_dispenser"
    ],
    "366": [
        78,
        "bed"
    ],
    "367": [
        128,
        "hanger"
    ],
    "370": [
        403,
        "cabinet"
    ],
    "374": [
        408,
        "chair"
    ],
    "375": [
        118,
        "jacuzzi"
    ],
    "378": [
        454,
        "lamp"
    ],
    "379": [
        384,
        "pillow"
    ],
    "381": [
        344,
        "towel"
    ],
    "383": [
        88,
        "sliding_glass_door"
    ],
    "384": [
        448,
        "bench"
    ],
    "388": [
        66,
        "bath"
    ],
    "389": [
        159,
        "pillow"
    ],
    "396": [
        345,
        "tap"
    ],
    "398": [
        60,
        "towel"
    ],
    "399": [
        178,
        "hanger"
    ],
    "400": [
        349,
        "lamp"
    ],
    "403": [
        75,
        "trashcan"
    ],
    "406": [
        343,
        "towel"
    ],
    "407": [
        326,
        "refrigerator"
    ],
    "408": [
        449,
        "door"
    ],
    "409": [
        441,
        "hanger"
    ],
    "411": [
        276,
        "grill"
    ],
    "412": [
        330,
        "oven"
    ],
    "416": [
        107,
        "picture"
    ],
    "419": [
        16,
        "lamp"
    ],
    "424": [
        35,
        "toilet"
    ],
    "427": [
        59,
        "towel"
    ],
    "428": [
        320,
        "microwave"
    ],
    "432": [
        286,
        "door"
    ],
    "433": [
        303,
        "box_of_tissue"
    ],
    "434": [
        409,
        "chair"
    ],
    "439": [
        185,
        "hanger"
    ],
    "440": [
        377,
        "picture"
    ],
    "441": [
        90,
        "curtain"
    ],
    "443": [
        381,
        "tissue_box"
    ],
    "444": [
        442,
        "toy"
    ],
    "447": [
        398,
        "tv"
    ],
    "448": [
        439,
        "window"
    ],
    "450": [
        328,
        "cabinet"
    ],
    "451": [
        110,
        "blanket"
    ],
    "455": [
        319,
        "cabinet"
    ]
}