{
    "1": [
        93,
        "vase"
    ],
    "2": [
        204,
        "chest_of_drawers"
    ],
    "3": [
        94,
        "mirror"
    ],
    "4": [
        133,
        "bathroom_cabinet"
    ],
    "6": [
        205,
        "bedside_lamp"
    ],
    "7": [
        217,
        "door"
    ],
    "11": [
        193,
        "mirror"
    ],
    "12": [
        139,
        "towel"
    ],
    "13": [
        177,
        "ironing_board"
    ],
    "15": [
        70,
        "door"
    ],
    "17": [
        210,
        "tv"
    ],
    "19": [
        90,
        "window"
    ],
    "20": [
        216,
        "door"
    ],
    "21": [
        34,
        "cabinet"
    ],
    "22": [
        109,
        "decoration"
    ],
    "24": [
        121,
        "picture"
    ],
    "25": [
        223,
        "chair"
    ],
    "26": [
        170,
        "shelf"
    ],
    "27": [
        192,
        "mirror"
    ],
    "28": [
        191,
        "picture"
    ],
    "30": [
        147,
        "bathroom_accessory"
    ],
    "31": [
        4,
        "window"
    ],
    "32": [
        99,
        "drawer"
    ],
    "33": [
        101,
        "cabinet"
    ],
    "34": [
        21,
        "cabinet"
    ],
    "35": [
        27,
        "picture"
    ],
    "37": [
        189,
        "decoration"
    ],
    "38": [
        122,
        "toilet"
    ],
    "39": [
        22,
        "door"
    ],
    "40": [
        195,
        "mirror"
    ],
    "42": [
        201,
        "pillow"
    ],
    "43": [
        169,
        "shelf"
    ],
    "44": [
        61,
        "kitchen_countertop_items"
    ],
    "45": [
        7,
        "lamp"
    ],
    "46": [
        134,
        "bathroom_counter"
    ],
    "47": [
        144,
        "showerhead"
    ],
    "48": [
        66,
        "pillow"
    ],
    "50": [
        214,
        "curtain"
    ],
    "51": [
        233,
        "rug"
    ],
    "52": [
        5,
        "chair"
    ],
    "53": [
        104,
        "stool"
    ],
    "54": [
        67,
        "tv"
    ],
    "55": [
        86,
        "dresser"
    ],
    "56": [
        203,
        "pillow"
    ],
    "57": [
        212,
        "window"
    ],
    "59": [
        29,
        "drawer"
    ],
    "62": [
        199,
        "pillow"
    ],
    "63": [
        230,
        "rug"
    ],
    "64": [
        159,
        "window"
    ],
    "65": [
        12,
        "rack"
    ],
    "67": [
        188,
        "picture"
    ],
    "69": [
        73,
        "basket"
    ],
    "70": [
        50,
        "sink"
    ],
    "71": [
        46,
        "dishwasher"
    ],
    "74": [
        213,
        "curtain"
    ],
    "75": [
        37,
        "cabinet"
    ],
    "76": [
        190,
        "hanger"
    ],
    "77": [
        140,
        "towel"
    ],
    "80": [
        132,
        "bathroom_cabinet"
    ],
    "81": [
        55,
        "box"
    ],
    "83": [
        56,
        "coffee_machine"
    ],
    "84": [
        77,
        "table"
    ],
    "88": [
        107,
        "tray"
    ],
    "92": [
        44,
        "cabinet"
    ],
    "93": [
        102,
        "stool"
    ],
    "95": [
        20,
        "decoration"
    ],
    "98": [
        137,
        "knob"
    ],
    "99": [
        174,
        "shelf"
    ],
    "100": [
        11,
        "barrel"
    ],
    "101": [
        178,
        "door"
    ],
    "102": [
        114,
        "rug"
    ],
    "104": [
        211,
        "chest_of_drawers"
    ],
    "106": [
        167,
        "blanket"
    ],
    "107": [
        80,
        "window"
    ],
    "108": [
        60,
        "kitchen_countertop_item"
    ],
    "109": [
        75,
        "pillow"
    ],
    "110": [
        113,
        "rug"
    ],
    "112": [
        92,
        "dresser"
    ],
    "114": [
        196,
        "bed"
    ],
    "117": [
        98,
        "drawer"
    ],
    "118": [
        28,
        "cabinet"
    ],
    "119": [
        35,
        "drawer"
    ],
    "120": [
        59,
        "blinds"
    ],
    "121": [
        187,
        "ceiling_lamp"
    ],
    "122": [
        31,
        "drawer"
    ],
    "124": [
        6,
        "chair"
    ],
    "125": [
        197,
        "pillow"
    ],
    "126": [
        103,
        "stool"
    ],
    "127": [
        72,
        "door"
    ],
    "130": [
        207,
        "chest_of_drawers"
    ],
    "131": [
        120,
        "blinds"
    ],
    "132": [
        154,
        "bathroom_shelf"
    ],
    "136": [
        53,
        "bottle"
    ],
    "138": [
        224,
        "chair"
    ],
    "139": [
        198,
        "pillow"
    ],
    "140": [
        82,
        "curtain"
    ],
    "141": [
        48,
        "microwave"
    ],
    "142": [
        52,
        "towel"
    ],
    "144": [
        202,
        "pillow"
    ],
    "145": [
        26,
        "picture"
    ],
    "146": [
        76,
        "pillow"
    ],
    "147": [
        91,
        "blinds"
    ],
    "149": [
        208,
        "bedside_lamp"
    ],
    "151": [
        51,
        "faucet"
    ],
    "152": [
        97,
        "kitchen_island"
    ],
    "154": [
        64,
        "pillow"
    ],
    "155": [
        227,
        "plant"
    ],
    "158": [
        172,
        "shelf"
    ],
    "161": [
        119,
        "picture"
    ],
    "162": [
        41,
        "cabinet"
    ],
    "163": [
        42,
        "refrigerator"
    ],
    "164": [
        146,
        "toilet_paper"
    ],
    "165": [
        57,
        "paper_towel"
    ],
    "166": [
        150,
        "door"
    ],
    "167": [
        175,
        "shelf"
    ],
    "169": [
        138,
        "faucet"
    ],
    "170": [
        135,
        "sink"
    ],
    "171": [
        225,
        "table"
    ],
    "173": [
        179,
        "door"
    ],
    "174": [
        194,
        "mirror"
    ],
    "175": [
        81,
        "blinds"
    ],
    "176": [
        145,
        "shower_knob"
    ],
    "177": [
        30,
        "drawer"
    ],
    "179": [
        54,
        "stove"
    ],
    "180": [
        232,
        "lamp"
    ],
    "181": [
        105,
        "stool"
    ],
    "182": [
        100,
        "cabinet"
    ],
    "183": [
        9,
        "ceiling_fan"
    ],
    "184": [
        38,
        "cabinet"
    ],
    "185": [
        165,
        "blanket"
    ],
    "186": [
        83,
        "curtain"
    ],
    "187": [
        108,
        "plant"
    ],
    "189": [
        39,
        "cabinet"
    ],
    "190": [
        95,
        "vase"
    ],
    "192": [
        45,
        "drawer"
    ],
    "193": [
        24,
        "couch"
    ],
    "194": [
        143,
        "towel_ring"
    ],
    "196": [
        49,
        "picture"
    ],
    "197": [
        164,
        "rack"
    ],
    "198": [
        33,
        "cabinet"
    ],
    "200": [
        63,
        "pillow"
    ],
    "202": [
        78,
        "magazine"
    ],
    "205": [
        142,
        "towel_ring"
    ],
    "206": [
        96,
        "plant"
    ],
    "208": [
        111,
        "ceiling_lamp"
    ],
    "210": [
        25,
        "table"
    ],
    "211": [
        136,
        "knob"
    ],
    "212": [
        200,
        "pillow"
    ],
    "215": [
        47,
        "kitchen_counter"
    ],
    "216": [
        74,
        "armchair"
    ],
    "217": [
        32,
        "cabinet"
    ],
    "220": [
        65,
        "pillow"
    ],
    "221": [
        84,
        "curtain_rod"
    ],
    "222": [
        153,
        "rug"
    ],
    "223": [
        62,
        "pillow"
    ],
    "224": [
        173,
        "shelf"
    ],
    "227": [
        123,
        "trashcan"
    ],
    "228": [
        171,
        "shelf"
    ],
    "230": [
        40,
        "cabinet"
    ],
    "232": [
        85,
        "stool"
    ]
}