{
    "1": [
        361,
        "pillow"
    ],
    "2": [
        184,
        "bedside_lamp"
    ],
    "3": [
        380,
        "cabinet_door"
    ],
    "5": [
        405,
        "shower"
    ],
    "6": [
        463,
        "pillow"
    ],
    "9": [
        371,
        "drawer"
    ],
    "10": [
        217,
        "curtain"
    ],
    "11": [
        491,
        "shower"
    ],
    "15": [
        140,
        "toilet"
    ],
    "16": [
        488,
        "bathroom_cabinet_drawer"
    ],
    "22": [
        47,
        "curtain"
    ],
    "23": [
        29,
        "pillow"
    ],
    "25": [
        50,
        "cabinet"
    ],
    "26": [
        465,
        "pillow"
    ],
    "27": [
        475,
        "shelf"
    ],
    "30": [
        310,
        "lamp"
    ],
    "31": [
        78,
        "shelf"
    ],
    "32": [
        143,
        "window"
    ],
    "33": [
        221,
        "door"
    ],
    "34": [
        333,
        "cabinet_door"
    ],
    "35": [
        30,
        "pillow"
    ],
    "36": [
        211,
        "bedside_lamp"
    ],
    "37": [
        31,
        "side_table"
    ],
    "39": [
        322,
        "cabinet_door"
    ],
    "40": [
        102,
        "chair"
    ],
    "41": [
        185,
        "bedside_lamp"
    ],
    "44": [
        502,
        "shoe"
    ],
    "45": [
        230,
        "toilet"
    ],
    "46": [
        124,
        "fridge"
    ],
    "49": [
        500,
        "shoe"
    ],
    "54": [
        25,
        "lamp"
    ],
    "55": [
        189,
        "tv"
    ],
    "56": [
        304,
        "lamp"
    ],
    "57": [
        392,
        "pillow"
    ],
    "58": [
        253,
        "bath_sink"
    ],
    "59": [
        266,
        "ventilation"
    ],
    "61": [
        423,
        "pillow"
    ],
    "66": [
        316,
        "cabinet_door"
    ],
    "67": [
        369,
        "drawer"
    ],
    "70": [
        19,
        "pillow"
    ],
    "73": [
        497,
        "handbag"
    ],
    "75": [
        179,
        "wardrobe"
    ],
    "76": [
        504,
        "drawer"
    ],
    "78": [
        320,
        "drawer"
    ],
    "80": [
        267,
        "ventilation"
    ],
    "81": [
        293,
        "screen"
    ],
    "83": [
        100,
        "chair"
    ],
    "86": [
        118,
        "kitchen_countertop_item"
    ],
    "87": [
        429,
        "window"
    ],
    "88": [
        321,
        "cabinet_door"
    ],
    "91": [
        9,
        "magazine"
    ],
    "92": [
        156,
        "mirror"
    ],
    "94": [
        336,
        "cabinet_door"
    ],
    "95": [
        239,
        "desk"
    ],
    "96": [
        375,
        "carpet"
    ],
    "99": [
        46,
        "curtain"
    ],
    "100": [
        33,
        "side_table"
    ],
    "101": [
        449,
        "wardrobe"
    ],
    "102": [
        238,
        "bed"
    ],
    "103": [
        407,
        "toilet_paper_dispenser"
    ],
    "104": [
        23,
        "pillow"
    ],
    "105": [
        328,
        "cabinet_door"
    ],
    "106": [
        199,
        "toilet"
    ],
    "109": [
        326,
        "cabinet_door"
    ],
    "110": [
        346,
        "bathroom_accessory"
    ],
    "112": [
        123,
        "kitchen_cabinet"
    ],
    "113": [
        41,
        "pillow"
    ],
    "114": [
        254,
        "toilet"
    ],
    "115": [
        387,
        "ventilation"
    ],
    "116": [
        13,
        "ornament"
    ],
    "119": [
        269,
        "ornament"
    ],
    "120": [
        390,
        "pillow"
    ],
    "121": [
        290,
        "ventilation"
    ],
    "122": [
        101,
        "chair"
    ],
    "123": [
        286,
        "lamp"
    ],
    "125": [
        323,
        "cabinet_door"
    ],
    "127": [
        263,
        "lamp"
    ],
    "128": [
        205,
        "towel"
    ],
    "129": [
        257,
        "mirror"
    ],
    "132": [
        480,
        "towel"
    ],
    "135": [
        319,
        "drawer"
    ],
    "139": [
        311,
        "cabinet_door"
    ],
    "142": [
        18,
        "pillow"
    ],
    "143": [
        37,
        "sofa"
    ],
    "144": [
        305,
        "lamp"
    ],
    "145": [
        103,
        "chair"
    ],
    "150": [
        396,
        "carpet"
    ],
    "154": [
        418,
        "ventilation"
    ],
    "155": [
        170,
        "window"
    ],
    "156": [
        344,
        "liquid_soap"
    ],
    "157": [
        425,
        "pillow"
    ],
    "159": [
        240,
        "chair"
    ],
    "162": [
        329,
        "cabinet_door"
    ],
    "164": [
        10,
        "magazine"
    ],
    "165": [
        434,
        "bedside_cabinet_drawer"
    ],
    "166": [
        246,
        "bedside_cabinet"
    ],
    "167": [
        395,
        "pillow"
    ],
    "168": [
        427,
        "pillow"
    ],
    "169": [
        201,
        "washbasin"
    ],
    "170": [
        7,
        "magazine"
    ],
    "171": [
        363,
        "pillow"
    ],
    "172": [
        172,
        "wardrobe"
    ],
    "175": [
        317,
        "drawer"
    ],
    "176": [
        288,
        "lamp"
    ],
    "179": [
        397,
        "bedside_cabinet_door"
    ],
    "183": [
        334,
        "cabinet_door"
    ],
    "184": [
        459,
        "lamp"
    ],
    "185": [
        43,
        "pillow"
    ],
    "186": [
        355,
        "ventilation"
    ],
    "187": [
        166,
        "lamp"
    ],
    "189": [
        141,
        "bath_cabinet"
    ],
    "190": [
        370,
        "drawer"
    ],
    "192": [
        451,
        "ventilation"
    ],
    "193": [
        294,
        "screen"
    ],
    "194": [
        87,
        "side_table"
    ],
    "197": [
        22,
        "pillow"
    ],
    "199": [
        42,
        "pillow"
    ],
    "201": [
        272,
        "carpet"
    ],
    "202": [
        452,
        "ventilation"
    ],
    "203": [
        368,
        "drawer"
    ],
    "204": [
        462,
        "pillow"
    ],
    "207": [
        183,
        "bedside_cabinet"
    ],
    "210": [
        496,
        "box"
    ],
    "213": [
        232,
        "wash_cabinet"
    ],
    "215": [
        168,
        "curtain"
    ],
    "218": [
        27,
        "lamp"
    ],
    "219": [
        432,
        "window"
    ],
    "220": [
        376,
        "bedside_cabinet_door"
    ],
    "221": [
        474,
        "shelf"
    ],
    "222": [
        374,
        "carpet"
    ],
    "223": [
        464,
        "pillow"
    ],
    "224": [
        121,
        "pot"
    ],
    "225": [
        157,
        "faucet"
    ],
    "226": [
        181,
        "bedside_cabinet"
    ],
    "227": [
        99,
        "chair"
    ],
    "229": [
        324,
        "cabinet_door"
    ],
    "230": [
        264,
        "lamp"
    ],
    "231": [
        116,
        "kitchen_counter"
    ],
    "232": [
        133,
        "cup"
    ],
    "236": [
        379,
        "cabinet_door"
    ],
    "238": [
        476,
        "shelf"
    ],
    "242": [
        365,
        "pillow"
    ],
    "247": [
        186,
        "curtain"
    ],
    "248": [
        499,
        "shoe"
    ],
    "249": [
        441,
        "shower"
    ],
    "251": [
        420,
        "pillow"
    ],
    "256": [
        202,
        "mirror"
    ],
    "260": [
        164,
        "bedside_cabinet"
    ],
    "261": [
        457,
        "statue"
    ],
    "262": [
        424,
        "pillow"
    ],
    "263": [
        498,
        "box"
    ],
    "264": [
        362,
        "pillow"
    ],
    "266": [
        110,
        "door_window"
    ],
    "267": [
        91,
        "chandelier"
    ],
    "268": [
        51,
        "vase"
    ],
    "269": [
        445,
        "faucet"
    ],
    "270": [
        39,
        "pillow"
    ],
    "279": [
        295,
        "screen"
    ],
    "281": [
        372,
        "blanket"
    ],
    "282": [
        125,
        "cabinet"
    ],
    "286": [
        393,
        "pillow"
    ],
    "287": [
        342,
        "mirror"
    ],
    "288": [
        482,
        "toilet_paper_dispenser"
    ],
    "290": [
        190,
        "cabinet"
    ],
    "291": [
        394,
        "pillow"
    ],
    "293": [
        163,
        "bed"
    ],
    "294": [
        120,
        "stove"
    ],
    "296": [
        483,
        "shower"
    ],
    "297": [
        111,
        "door_window"
    ],
    "298": [
        343,
        "washbasin"
    ],
    "300": [
        117,
        "kitchen_countertop_item"
    ],
    "301": [
        289,
        "ventilation"
    ],
    "303": [
        490,
        "window"
    ],
    "304": [
        494,
        "stool"
    ],
    "307": [
        135,
        "kitchen_wall"
    ],
    "310": [
        442,
        "bathroom_cabinet_door"
    ],
    "312": [
        242,
        "ventilation"
    ],
    "313": [
        479,
        "bath_mat"
    ],
    "315": [
        38,
        "pillow"
    ],
    "316": [
        8,
        "magazine"
    ],
    "320": [
        282,
        "lamp"
    ],
    "321": [
        341,
        "shower"
    ],
    "324": [
        335,
        "cabinet_door"
    ],
    "325": [
        167,
        "desk"
    ],
    "326": [
        79,
        "shelf"
    ],
    "328": [
        76,
        "door"
    ],
    "329": [
        212,
        "bedside_cabinet"
    ],
    "330": [
        466,
        "pillow"
    ],
    "334": [
        200,
        "bathroom_cabinet"
    ],
    "337": [
        455,
        "painting"
    ],
    "339": [
        378,
        "cabinet_door"
    ],
    "340": [
        330,
        "drawer"
    ],
    "342": [
        281,
        "lamp"
    ],
    "343": [
        128,
        "kitchen_sink"
    ],
    "344": [
        426,
        "pillow"
    ],
    "350": [
        377,
        "bedside_cabinet_door"
    ],
    "351": [
        174,
        "tv"
    ],
    "355": [
        131,
        "fruit"
    ],
    "357": [
        505,
        "blanket"
    ],
    "360": [
        262,
        "lamp"
    ],
    "363": [
        122,
        "pot"
    ],
    "365": [
        137,
        "faucet"
    ],
    "366": [
        243,
        "curtain"
    ],
    "367": [
        278,
        "lamp"
    ],
    "368": [
        461,
        "pillow"
    ],
    "372": [
        20,
        "pillow"
    ],
    "373": [
        5,
        "coffee_table"
    ],
    "376": [
        14,
        "sofa"
    ],
    "377": [
        45,
        "chandelier"
    ],
    "381": [
        268,
        "ornament"
    ],
    "382": [
        360,
        "pillow"
    ],
    "383": [
        218,
        "armchair"
    ],
    "385": [
        17,
        "pillow"
    ],
    "386": [
        24,
        "lamp_table"
    ],
    "387": [
        422,
        "pillow"
    ],
    "393": [
        389,
        "pillow"
    ],
    "394": [
        245,
        "window"
    ],
    "395": [
        155,
        "bathroom_cabinet"
    ],
    "397": [
        421,
        "pillow"
    ],
    "398": [
        92,
        "painting"
    ],
    "399": [
        188,
        "window"
    ],
    "400": [
        127,
        "kitchen_counter"
    ],
    "401": [
        12,
        "ornament"
    ],
    "403": [
        6,
        "magazine"
    ],
    "405": [
        96,
        "curtain"
    ],
    "406": [
        15,
        "pillow"
    ],
    "408": [
        98,
        "dinner_table"
    ],
    "409": [
        233,
        "towel"
    ],
    "410": [
        409,
        "carpet"
    ],
    "411": [
        154,
        "washbasin"
    ],
    "415": [
        401,
        "bath_carpet"
    ],
    "416": [
        220,
        "wardrobe"
    ],
    "418": [
        484,
        "faucet"
    ],
    "419": [
        252,
        "bathroom_cabinet"
    ],
    "420": [
        364,
        "pillow"
    ],
    "421": [
        404,
        "window"
    ],
    "424": [
        438,
        "bath_mat"
    ],
    "425": [
        440,
        "shower"
    ],
    "426": [
        325,
        "cabinet_door"
    ],
    "427": [
        182,
        "bed"
    ],
    "428": [
        398,
        "bedside_cabinet_door"
    ],
    "429": [
        52,
        "lamp"
    ],
    "431": [
        129,
        "kitchen_countertop_item"
    ],
    "432": [
        292,
        "screen"
    ],
    "434": [
        359,
        "pillow"
    ],
    "436": [
        178,
        "ventilation"
    ],
    "437": [
        456,
        "statue"
    ],
    "440": [
        136,
        "kitchen_cabinet"
    ],
    "441": [
        48,
        "curtain"
    ],
    "442": [
        114,
        "oven"
    ],
    "443": [
        448,
        "carpet"
    ],
    "449": [
        433,
        "blanket"
    ],
    "452": [
        134,
        "flower"
    ],
    "455": [
        366,
        "drawer"
    ],
    "458": [
        391,
        "pillow"
    ],
    "459": [
        460,
        "pillow"
    ],
    "461": [
        231,
        "washbasin"
    ],
    "462": [
        126,
        "kitchen_cabinet"
    ],
    "464": [
        229,
        "window"
    ],
    "465": [
        153,
        "toilet"
    ],
    "467": [
        501,
        "shoe"
    ],
    "470": [
        219,
        "ventilation"
    ],
    "472": [
        104,
        "chair"
    ],
    "473": [
        21,
        "armchair"
    ],
    "474": [
        210,
        "bedside_lamp"
    ],
    "475": [
        367,
        "drawer"
    ],
    "476": [
        16,
        "pillow"
    ],
    "478": [
        327,
        "cabinet_door"
    ],
    "479": [
        492,
        "mirror"
    ],
    "481": [
        493,
        "mirror"
    ],
    "482": [
        208,
        "bed"
    ],
    "483": [
        215,
        "tv"
    ],
    "484": [
        130,
        "fruit"
    ],
    "486": [
        119,
        "kitchen_countertop_item"
    ],
    "491": [
        165,
        "chair"
    ],
    "492": [
        227,
        "mirror"
    ],
    "498": [
        26,
        "lamp_table"
    ],
    "499": [
        34,
        "vase"
    ],
    "500": [
        112,
        "kitchen_cabinet"
    ],
    "501": [
        406,
        "shower"
    ],
    "502": [
        28,
        "armchair"
    ],
    "503": [
        209,
        "bedside_cabinet"
    ],
    "506": [
        287,
        "lamp"
    ]
}