{
    "1": [
        192,
        "laptop"
    ],
    "2": [
        186,
        "telephone"
    ],
    "3": [
        271,
        "calendar"
    ],
    "4": [
        424,
        "chair"
    ],
    "6": [
        523,
        "flowerpot"
    ],
    "7": [
        383,
        "window"
    ],
    "8": [
        203,
        "chair"
    ],
    "11": [
        415,
        "fire_alarm"
    ],
    "12": [
        308,
        "pen_cup"
    ],
    "14": [
        57,
        "cabinet"
    ],
    "15": [
        268,
        "pen"
    ],
    "17": [
        139,
        "monitor"
    ],
    "18": [
        425,
        "table"
    ],
    "19": [
        182,
        "cabinet"
    ],
    "20": [
        343,
        "window"
    ],
    "21": [
        52,
        "toy"
    ],
    "22": [
        444,
        "remote_control"
    ],
    "23": [
        455,
        "window"
    ],
    "25": [
        377,
        "painting"
    ],
    "27": [
        231,
        "binder"
    ],
    "30": [
        452,
        "window__outside"
    ],
    "32": [
        239,
        "stack_of_papers"
    ],
    "34": [
        37,
        "office_chair"
    ],
    "36": [
        92,
        "book"
    ],
    "38": [
        226,
        "partition"
    ],
    "39": [
        471,
        "painting"
    ],
    "40": [
        155,
        "vent"
    ],
    "41": [
        55,
        "toy"
    ],
    "43": [
        503,
        "identifier"
    ],
    "44": [
        136,
        "pad"
    ],
    "45": [
        305,
        "telephone"
    ],
    "46": [
        339,
        "pen"
    ],
    "50": [
        223,
        "cabinet"
    ],
    "51": [
        189,
        "partition"
    ],
    "52": [
        433,
        "mini_fridge"
    ],
    "55": [
        252,
        "trashcan"
    ],
    "56": [
        496,
        "flowerpot"
    ],
    "57": [
        404,
        "document_holder"
    ],
    "58": [
        426,
        "sculpture"
    ],
    "59": [
        274,
        "cabinet"
    ],
    "60": [
        479,
        "photo"
    ],
    "61": [
        51,
        "toy"
    ],
    "62": [
        82,
        "cabinet"
    ],
    "63": [
        220,
        "cabinet"
    ],
    "64": [
        356,
        "door"
    ],
    "65": [
        111,
        "door"
    ],
    "67": [
        526,
        "stack_of_papers"
    ],
    "68": [
        367,
        "bottle_of_soap"
    ],
    "69": [
        342,
        "computer_mouse"
    ],
    "70": [
        38,
        "table"
    ],
    "73": [
        509,
        "identifier"
    ],
    "74": [
        511,
        "identifier"
    ],
    "75": [
        80,
        "picture"
    ],
    "76": [
        40,
        "office_chair"
    ],
    "77": [
        214,
        "cabinet"
    ],
    "78": [
        438,
        "cabinet"
    ],
    "82": [
        130,
        "window"
    ],
    "84": [
        279,
        "cabinet"
    ],
    "85": [
        217,
        "cabinet"
    ],
    "87": [
        365,
        "toilet"
    ],
    "90": [
        112,
        "window"
    ],
    "91": [
        499,
        "book"
    ],
    "92": [
        494,
        "chair"
    ],
    "93": [
        183,
        "cabinet"
    ],
    "94": [
        133,
        "desk_chair"
    ],
    "97": [
        488,
        "book"
    ],
    "98": [
        81,
        "cabinet"
    ],
    "100": [
        344,
        "storage_cabinet"
    ],
    "103": [
        242,
        "fruit"
    ],
    "104": [
        233,
        "telephone"
    ],
    "107": [
        321,
        "cabinet"
    ],
    "111": [
        245,
        "stack_of_papers"
    ],
    "114": [
        525,
        "monitor"
    ],
    "115": [
        319,
        "stapler"
    ],
    "116": [
        463,
        "painting"
    ],
    "118": [
        469,
        "speaker"
    ],
    "119": [
        36,
        "office_chair"
    ],
    "120": [
        154,
        "vent"
    ],
    "121": [
        39,
        "office_chair"
    ],
    "126": [
        451,
        "window__outside"
    ],
    "130": [
        156,
        "vent"
    ],
    "131": [
        417,
        "lamp"
    ],
    "132": [
        149,
        "ceiling_lamp"
    ],
    "133": [
        64,
        "laptop"
    ],
    "135": [
        107,
        "telephone"
    ],
    "136": [
        205,
        "pen"
    ],
    "138": [
        250,
        "cabinet"
    ],
    "139": [
        47,
        "cabinet"
    ],
    "140": [
        117,
        "trashcan"
    ],
    "141": [
        134,
        "desk"
    ],
    "142": [
        369,
        "flowerpot"
    ],
    "143": [
        147,
        "ceiling_lamp"
    ],
    "144": [
        235,
        "telephone"
    ],
    "145": [
        108,
        "mug"
    ],
    "147": [
        340,
        "pen"
    ],
    "148": [
        216,
        "cabinet"
    ],
    "149": [
        550,
        "cabinet"
    ],
    "150": [
        277,
        "cabinet"
    ],
    "151": [
        395,
        "ceiling_lamp"
    ],
    "152": [
        487,
        "book"
    ],
    "155": [
        481,
        "photo"
    ],
    "156": [
        198,
        "cabinet"
    ],
    "158": [
        445,
        "remote_control"
    ],
    "159": [
        329,
        "desk"
    ],
    "160": [
        491,
        "book"
    ],
    "161": [
        184,
        "telephone"
    ],
    "163": [
        302,
        "laptop"
    ],
    "164": [
        212,
        "cabinet"
    ],
    "165": [
        153,
        "vent"
    ],
    "166": [
        256,
        "chair"
    ],
    "171": [
        406,
        "trashcan"
    ],
    "172": [
        401,
        "binder"
    ],
    "173": [
        334,
        "pen"
    ],
    "175": [
        501,
        "stand"
    ],
    "176": [
        333,
        "document"
    ],
    "177": [
        405,
        "document_holder"
    ],
    "178": [
        93,
        "book"
    ],
    "181": [
        119,
        "box"
    ],
    "183": [
        49,
        "toy"
    ],
    "184": [
        502,
        "identifier"
    ],
    "187": [
        221,
        "cabinet"
    ],
    "191": [
        453,
        "window"
    ],
    "192": [
        293,
        "partition"
    ],
    "194": [
        391,
        "picture"
    ],
    "195": [
        171,
        "trashcan"
    ],
    "196": [
        227,
        "partition"
    ],
    "197": [
        418,
        "trashcan"
    ],
    "198": [
        238,
        "laptop"
    ],
    "199": [
        260,
        "calculator"
    ],
    "202": [
        459,
        "smoke_detector"
    ],
    "203": [
        287,
        "trashcan"
    ],
    "204": [
        300,
        "partition"
    ],
    "205": [
        532,
        "door"
    ],
    "206": [
        297,
        "chair"
    ],
    "207": [
        422,
        "chair"
    ],
    "209": [
        22,
        "desk"
    ],
    "211": [
        122,
        "painting"
    ],
    "214": [
        241,
        "stack_of_papers"
    ],
    "215": [
        90,
        "stack_of_papers"
    ],
    "216": [
        17,
        "flowerpot"
    ],
    "217": [
        33,
        "painting"
    ],
    "218": [
        42,
        "office_chair"
    ],
    "221": [
        492,
        "book"
    ],
    "222": [
        448,
        "speaker"
    ],
    "223": [
        151,
        "ceiling_lamp"
    ],
    "224": [
        386,
        "window"
    ],
    "228": [
        170,
        "trashcan"
    ],
    "231": [
        27,
        "lamp"
    ],
    "232": [
        443,
        "conference_phone"
    ],
    "233": [
        311,
        "can"
    ],
    "235": [
        194,
        "desk_lamp"
    ],
    "236": [
        498,
        "table"
    ],
    "237": [
        313,
        "shelf"
    ],
    "238": [
        98,
        "calendar"
    ],
    "240": [
        326,
        "cabinet"
    ],
    "242": [
        253,
        "chair"
    ],
    "245": [
        68,
        "shelf"
    ],
    "246": [
        516,
        "shade"
    ],
    "247": [
        178,
        "cabinet"
    ],
    "248": [
        294,
        "cabinet"
    ],
    "249": [
        528,
        "box"
    ],
    "250": [
        28,
        "tv"
    ],
    "251": [
        475,
        "painting"
    ],
    "252": [
        473,
        "chair"
    ],
    "253": [
        524,
        "laptop"
    ],
    "254": [
        21,
        "office_chair"
    ],
    "255": [
        243,
        "fruit"
    ],
    "257": [
        296,
        "chair"
    ],
    "258": [
        462,
        "diploma"
    ],
    "259": [
        466,
        "painting"
    ],
    "260": [
        414,
        "door"
    ],
    "261": [
        102,
        "desk"
    ],
    "262": [
        416,
        "lamp"
    ],
    "264": [
        449,
        "window__outside"
    ],
    "265": [
        290,
        "telephone"
    ],
    "266": [
        120,
        "box"
    ],
    "270": [
        166,
        "picture"
    ],
    "271": [
        158,
        "vent"
    ],
    "272": [
        60,
        "telephone"
    ],
    "273": [
        283,
        "cabinet"
    ],
    "274": [
        529,
        "box"
    ],
    "276": [
        480,
        "flowerpot"
    ],
    "277": [
        246,
        "cabinet"
    ],
    "278": [
        54,
        "toy"
    ],
    "279": [
        34,
        "door"
    ],
    "280": [
        230,
        "partition"
    ],
    "281": [
        209,
        "cloth"
    ],
    "282": [
        248,
        "cabinet"
    ],
    "285": [
        83,
        "cabinet"
    ],
    "288": [
        137,
        "computer_mouse"
    ],
    "290": [
        152,
        "ceiling_lamp"
    ],
    "291": [
        476,
        "alarm_control"
    ],
    "292": [
        552,
        "lamp"
    ],
    "294": [
        229,
        "partition"
    ],
    "295": [
        381,
        "fire_alarm"
    ],
    "296": [
        374,
        "mirror"
    ],
    "297": [
        116,
        "cabinet"
    ],
    "298": [
        213,
        "cabinet"
    ],
    "299": [
        193,
        "can"
    ],
    "300": [
        434,
        "headphones"
    ],
    "301": [
        373,
        "sink"
    ],
    "303": [
        44,
        "lamp"
    ],
    "304": [
        281,
        "cabinet"
    ],
    "306": [
        515,
        "window"
    ],
    "307": [
        62,
        "book"
    ],
    "309": [
        199,
        "cabinet"
    ],
    "310": [
        215,
        "cabinet"
    ],
    "311": [
        208,
        "stack_of_papers"
    ],
    "313": [
        282,
        "cabinet"
    ],
    "314": [
        420,
        "chair"
    ],
    "315": [
        46,
        "painting"
    ],
    "316": [
        269,
        "table"
    ],
    "318": [
        132,
        "chair"
    ],
    "319": [
        73,
        "window"
    ],
    "320": [
        307,
        "binder"
    ],
    "321": [
        179,
        "cabinet"
    ],
    "322": [
        258,
        "desk"
    ],
    "323": [
        291,
        "telephone"
    ],
    "326": [
        284,
        "stack_of_papers"
    ],
    "327": [
        301,
        "laptop"
    ],
    "331": [
        101,
        "ceiling_lamp"
    ],
    "332": [
        385,
        "window"
    ],
    "334": [
        262,
        "folder"
    ],
    "336": [
        53,
        "toy"
    ],
    "337": [
        378,
        "chair"
    ],
    "338": [
        482,
        "sculpture"
    ],
    "339": [
        484,
        "book"
    ],
    "341": [
        542,
        "stack_of_papers"
    ],
    "346": [
        127,
        "ceiling_lamp"
    ],
    "347": [
        173,
        "trashcan"
    ],
    "350": [
        196,
        "mug"
    ],
    "351": [
        172,
        "trashcan"
    ],
    "354": [
        50,
        "toy"
    ],
    "356": [
        320,
        "trashcan"
    ],
    "358": [
        500,
        "brochure"
    ],
    "360": [
        327,
        "chair"
    ],
    "363": [
        379,
        "chair"
    ],
    "364": [
        527,
        "box"
    ],
    "365": [
        286,
        "copier_machine"
    ],
    "366": [
        58,
        "office_chair"
    ],
    "367": [
        289,
        "printer"
    ],
    "371": [
        324,
        "chair"
    ],
    "372": [
        314,
        "shelf"
    ],
    "373": [
        244,
        "container"
    ],
    "374": [
        513,
        "identifier"
    ],
    "375": [
        468,
        "sofa_seat"
    ],
    "376": [
        185,
        "telephone"
    ],
    "378": [
        118,
        "floor_lamp"
    ],
    "379": [
        255,
        "chair"
    ],
    "381": [
        518,
        "shade"
    ],
    "383": [
        56,
        "folder"
    ],
    "384": [
        41,
        "office_chair"
    ],
    "386": [
        106,
        "laptop"
    ],
    "389": [
        372,
        "sink_cabinet"
    ],
    "391": [
        23,
        "monitor"
    ],
    "392": [
        539,
        "paper"
    ],
    "393": [
        512,
        "identifier"
    ],
    "394": [
        303,
        "laptop"
    ],
    "395": [
        323,
        "trashcan"
    ],
    "396": [
        428,
        "clock"
    ],
    "397": [
        442,
        "table"
    ],
    "398": [
        148,
        "ceiling_lamp"
    ],
    "399": [
        280,
        "cabinet"
    ],
    "401": [
        306,
        "telephone"
    ],
    "402": [
        432,
        "coffee_machine"
    ],
    "404": [
        237,
        "laptop"
    ],
    "405": [
        435,
        "tv"
    ],
    "406": [
        270,
        "pen_cup"
    ],
    "408": [
        207,
        "spoon"
    ],
    "409": [
        368,
        "tap"
    ],
    "410": [
        510,
        "identifier"
    ],
    "411": [
        507,
        "identifier"
    ],
    "412": [
        24,
        "telephone"
    ],
    "413": [
        263,
        "folder"
    ],
    "416": [
        249,
        "cabinet"
    ],
    "417": [
        86,
        "folder"
    ],
    "418": [
        310,
        "bottle"
    ],
    "419": [
        201,
        "chair"
    ],
    "422": [
        447,
        "table"
    ],
    "424": [
        275,
        "cabinet"
    ],
    "425": [
        94,
        "picture_frame"
    ],
    "426": [
        59,
        "desk"
    ],
    "427": [
        109,
        "office_chair"
    ],
    "428": [
        489,
        "book"
    ],
    "430": [
        352,
        "door"
    ],
    "432": [
        332,
        "document"
    ],
    "433": [
        328,
        "chair"
    ],
    "435": [
        232,
        "telephone"
    ],
    "436": [
        504,
        "identifier"
    ],
    "437": [
        490,
        "book"
    ],
    "438": [
        63,
        "document"
    ],
    "439": [
        202,
        "chair"
    ],
    "440": [
        129,
        "door"
    ],
    "441": [
        400,
        "telephone"
    ],
    "443": [
        382,
        "door"
    ],
    "444": [
        410,
        "desk"
    ],
    "446": [
        110,
        "trashcan"
    ],
    "447": [
        322,
        "trashcan"
    ],
    "450": [
        228,
        "monitor"
    ],
    "451": [
        478,
        "table"
    ],
    "452": [
        363,
        "trashcan"
    ],
    "456": [
        295,
        "desk"
    ],
    "457": [
        335,
        "pen"
    ],
    "458": [
        261,
        "bottle"
    ],
    "459": [
        421,
        "chair"
    ],
    "460": [
        292,
        "telephone"
    ],
    "461": [
        218,
        "cabinet"
    ],
    "462": [
        483,
        "book"
    ],
    "463": [
        20,
        "painting"
    ],
    "464": [
        254,
        "chair"
    ],
    "465": [
        259,
        "desk"
    ],
    "467": [
        351,
        "door"
    ],
    "469": [
        190,
        "partition"
    ],
    "470": [
        273,
        "cabinet"
    ],
    "471": [
        157,
        "vent"
    ],
    "472": [
        392,
        "picture"
    ],
    "474": [
        409,
        "cabinet"
    ],
    "475": [
        70,
        "door"
    ],
    "477": [
        236,
        "laptop"
    ],
    "478": [
        408,
        "cabinet"
    ],
    "479": [
        240,
        "stack_of_papers"
    ],
    "481": [
        419,
        "chair"
    ],
    "484": [
        234,
        "telephone"
    ],
    "485": [
        222,
        "cabinet"
    ],
    "487": [
        537,
        "calculator"
    ],
    "491": [
        423,
        "chair"
    ],
    "495": [
        485,
        "book"
    ],
    "496": [
        536,
        "keyboard"
    ],
    "497": [
        531,
        "desk"
    ],
    "498": [
        337,
        "pen"
    ],
    "499": [
        48,
        "toy"
    ],
    "501": [
        364,
        "flush"
    ],
    "502": [
        278,
        "cabinet"
    ],
    "503": [
        299,
        "partition"
    ],
    "505": [
        341,
        "pen"
    ],
    "506": [
        402,
        "document_holder"
    ],
    "508": [
        285,
        "cabinet"
    ],
    "509": [
        191,
        "laptop"
    ],
    "510": [
        67,
        "document"
    ],
    "511": [
        304,
        "telephone"
    ],
    "513": [
        247,
        "cabinet"
    ],
    "514": [
        197,
        "tray"
    ],
    "515": [
        325,
        "cabinet"
    ],
    "517": [
        312,
        "desk_organizer"
    ],
    "518": [
        398,
        "folder"
    ],
    "519": [
        276,
        "cabinet"
    ],
    "520": [
        517,
        "shade"
    ],
    "521": [
        19,
        "chair"
    ],
    "522": [
        362,
        "toilet_paper"
    ],
    "523": [
        407,
        "chair"
    ],
    "524": [
        150,
        "ceiling_lamp"
    ],
    "527": [
        180,
        "cabinet"
    ],
    "528": [
        519,
        "cabinet"
    ],
    "529": [
        251,
        "cabinet"
    ],
    "530": [
        257,
        "chair"
    ],
    "531": [
        454,
        "window"
    ],
    "532": [
        387,
        "door"
    ],
    "533": [
        16,
        "table"
    ],
    "536": [
        486,
        "book"
    ],
    "537": [
        403,
        "document_holder"
    ],
    "538": [
        470,
        "lamp"
    ],
    "539": [
        188,
        "monitor"
    ],
    "540": [
        508,
        "identifier"
    ],
    "542": [
        18,
        "statue"
    ],
    "543": [
        272,
        "cabinet"
    ],
    "544": [
        204,
        "desk"
    ],
    "545": [
        474,
        "clock"
    ],
    "546": [
        219,
        "cabinet"
    ],
    "547": [
        200,
        "cabinet"
    ],
    "548": [
        181,
        "cabinet"
    ],
    "552": [
        436,
        "remote_control"
    ]
}