{
    "1": [
        542,
        "nightstand"
    ],
    "2": [
        85,
        "pool"
    ],
    "3": [
        484,
        "pillow"
    ],
    "5": [
        540,
        "cup"
    ],
    "6": [
        321,
        "side_table"
    ],
    "7": [
        270,
        "antique_clock"
    ],
    "8": [
        73,
        "bag"
    ],
    "9": [
        274,
        "flower_stand"
    ],
    "11": [
        375,
        "ceiling_window"
    ],
    "12": [
        571,
        "pillow"
    ],
    "14": [
        377,
        "ceiling_lamp"
    ],
    "15": [
        534,
        "chest_of_drawers"
    ],
    "17": [
        91,
        "dustpan"
    ],
    "19": [
        115,
        "clothes_hanger"
    ],
    "20": [
        243,
        "painting"
    ],
    "21": [
        152,
        "backrest"
    ],
    "23": [
        193,
        "kitchen_lower_cabinet"
    ],
    "24": [
        203,
        "fruit_bowl"
    ],
    "25": [
        474,
        "bedpost"
    ],
    "26": [
        510,
        "stool"
    ],
    "28": [
        559,
        "curtain"
    ],
    "29": [
        666,
        "bath_cabinet"
    ],
    "31": [
        39,
        "bottle_of_detergent"
    ],
    "32": [
        685,
        "door"
    ],
    "33": [
        201,
        "faucet"
    ],
    "34": [
        17,
        "laundry_machine"
    ],
    "35": [
        567,
        "headboard"
    ],
    "36": [
        434,
        "door"
    ],
    "38": [
        352,
        "painting"
    ],
    "39": [
        483,
        "pillow"
    ],
    "41": [
        302,
        "chest_of_drawers"
    ],
    "43": [
        432,
        "painting"
    ],
    "44": [
        696,
        "shower_curtain_bar"
    ],
    "46": [
        256,
        "vent"
    ],
    "49": [
        615,
        "decorative_plate"
    ],
    "52": [
        288,
        "painting"
    ],
    "54": [
        79,
        "basket_of_something"
    ],
    "58": [
        572,
        "pillow"
    ],
    "59": [
        44,
        "bottle_of_detergent"
    ],
    "61": [
        595,
        "book"
    ],
    "62": [
        28,
        "ladder"
    ],
    "64": [
        563,
        "doorpost"
    ],
    "65": [
        197,
        "kitchen_lower_cabinet"
    ],
    "66": [
        177,
        "kitchen_cabinet"
    ],
    "68": [
        602,
        "side_table"
    ],
    "70": [
        350,
        "ashtray"
    ],
    "71": [
        38,
        "bottle_of_detergent"
    ],
    "72": [
        48,
        "bowl"
    ],
    "73": [
        444,
        "bed_comforter"
    ],
    "74": [
        37,
        "bottle_of_detergent"
    ],
    "76": [
        66,
        "bag"
    ],
    "77": [
        356,
        "basket"
    ],
    "81": [
        701,
        "soap_bottle"
    ],
    "85": [
        464,
        "chest_of_drawers"
    ],
    "86": [
        437,
        "clothes_hanger"
    ],
    "87": [
        255,
        "ceiling_lamp"
    ],
    "88": [
        23,
        "sink_cabinet"
    ],
    "90": [
        594,
        "basket"
    ],
    "92": [
        549,
        "sink_cabinet"
    ],
    "93": [
        205,
        "kitchen_utensil"
    ],
    "94": [
        351,
        "door"
    ],
    "95": [
        357,
        "basket"
    ],
    "96": [
        230,
        "doorpost"
    ],
    "97": [
        591,
        "ceiling_lamp"
    ],
    "98": [
        634,
        "box"
    ],
    "101": [
        438,
        "clothes_hanger"
    ],
    "102": [
        485,
        "hanging_clothes"
    ],
    "103": [
        333,
        "vent"
    ],
    "104": [
        659,
        "ceiling_window"
    ],
    "109": [
        505,
        "door"
    ],
    "112": [
        16,
        "laundry_machine"
    ],
    "113": [
        494,
        "clothes"
    ],
    "114": [
        647,
        "printer"
    ],
    "117": [
        192,
        "kitchen_lower_cabinet"
    ],
    "118": [
        18,
        "clothes_hamper"
    ],
    "119": [
        560,
        "floor_lamp"
    ],
    "120": [
        691,
        "trash_can"
    ],
    "121": [
        593,
        "guitar"
    ],
    "126": [
        271,
        "armchair"
    ],
    "128": [
        190,
        "kitchen_top"
    ],
    "131": [
        9,
        "garage_door_opener_bar"
    ],
    "132": [
        36,
        "bottle_of_detergent"
    ],
    "134": [
        545,
        "wall_lamp"
    ],
    "136": [
        610,
        "book"
    ],
    "138": [
        129,
        "doorpost"
    ],
    "139": [
        700,
        "bar_soap"
    ],
    "141": [
        699,
        "faucet"
    ],
    "142": [
        183,
        "kitchen_cabinet"
    ],
    "144": [
        62,
        "painting"
    ],
    "145": [
        568,
        "pillow"
    ],
    "146": [
        662,
        "ceiling_lamp"
    ],
    "148": [
        316,
        "door"
    ],
    "151": [
        590,
        "ceiling_lamp"
    ],
    "156": [
        670,
        "mirror"
    ],
    "158": [
        476,
        "bedpost"
    ],
    "159": [
        248,
        "rug"
    ],
    "161": [
        118,
        "bag"
    ],
    "164": [
        428,
        "lamp"
    ],
    "165": [
        656,
        "door"
    ],
    "166": [
        206,
        "stove"
    ],
    "168": [
        55,
        "locker"
    ],
    "169": [
        109,
        "boiler"
    ],
    "170": [
        54,
        "locker"
    ],
    "173": [
        498,
        "doorpost"
    ],
    "175": [
        463,
        "door"
    ],
    "177": [
        221,
        "ceiling_lamp"
    ],
    "178": [
        344,
        "painting"
    ],
    "179": [
        7,
        "garage_door"
    ],
    "182": [
        160,
        "doorpost"
    ],
    "183": [
        555,
        "armchair"
    ],
    "184": [
        436,
        "clothes_hanger"
    ],
    "185": [
        620,
        "cup"
    ],
    "187": [
        144,
        "ceiling_lamp"
    ],
    "189": [
        566,
        "bed"
    ],
    "190": [
        63,
        "vacuum_cleaner"
    ],
    "191": [
        126,
        "coat"
    ],
    "194": [
        31,
        "basket_of_something"
    ],
    "198": [
        317,
        "window_curtain"
    ],
    "199": [
        90,
        "broom"
    ],
    "200": [
        633,
        "box"
    ],
    "201": [
        123,
        "bag"
    ],
    "204": [
        173,
        "kitchen_cabinet"
    ],
    "205": [
        546,
        "wall_lamp"
    ],
    "206": [
        619,
        "cup"
    ],
    "209": [
        439,
        "hanger"
    ],
    "211": [
        635,
        "basket"
    ],
    "212": [
        688,
        "toilet"
    ],
    "213": [
        596,
        "book"
    ],
    "220": [
        552,
        "sink"
    ],
    "223": [
        465,
        "mirror"
    ],
    "225": [
        482,
        "pillow"
    ],
    "228": [
        176,
        "kitchen_cabinet"
    ],
    "229": [
        380,
        "painting"
    ],
    "230": [
        125,
        "coat"
    ],
    "236": [
        639,
        "swivel_chair"
    ],
    "237": [
        229,
        "doorpost"
    ],
    "239": [
        435,
        "clothes_hanger"
    ],
    "240": [
        509,
        "toilet"
    ],
    "242": [
        579,
        "ceiling_lamp"
    ],
    "245": [
        318,
        "l"
    ],
    "246": [
        481,
        "pillow"
    ],
    "247": [
        535,
        "tv"
    ],
    "249": [
        506,
        "window"
    ],
    "251": [
        68,
        "bag"
    ],
    "252": [
        406,
        "doorpost"
    ],
    "253": [
        341,
        "ceiling_lamp"
    ],
    "255": [
        106,
        "door"
    ],
    "256": [
        451,
        "doorpost"
    ],
    "258": [
        607,
        "book"
    ],
    "259": [
        328,
        "doormat"
    ],
    "262": [
        304,
        "chest_of_drawers"
    ],
    "264": [
        379,
        "painting"
    ],
    "265": [
        80,
        "basket_of_something"
    ],
    "269": [
        543,
        "book"
    ],
    "270": [
        565,
        "doorpost"
    ],
    "271": [
        631,
        "box"
    ],
    "272": [
        69,
        "shelving"
    ],
    "273": [
        275,
        "window"
    ],
    "274": [
        599,
        "book"
    ],
    "276": [
        88,
        "dog_bed"
    ],
    "280": [
        216,
        "oven"
    ],
    "282": [
        507,
        "toilet_paper"
    ],
    "283": [
        574,
        "pillow"
    ],
    "287": [
        113,
        "pipe"
    ],
    "289": [
        410,
        "doorpost"
    ],
    "290": [
        461,
        "ceiling_lamp"
    ],
    "291": [
        120,
        "bag"
    ],
    "292": [
        272,
        "chair"
    ],
    "294": [
        641,
        "shelf"
    ],
    "295": [
        490,
        "clothes"
    ],
    "297": [
        473,
        "bed"
    ],
    "299": [
        640,
        "desk"
    ],
    "300": [
        186,
        "kitchen_cabinet"
    ],
    "301": [
        131,
        "door"
    ],
    "306": [
        67,
        "bag"
    ],
    "307": [
        475,
        "bedpost"
    ],
    "308": [
        53,
        "ceiling_lamp"
    ],
    "310": [
        695,
        "shower_curtain"
    ],
    "311": [
        592,
        "shelving"
    ],
    "312": [
        668,
        "basin"
    ],
    "315": [
        245,
        "painting"
    ],
    "316": [
        130,
        "doorpost"
    ],
    "317": [
        547,
        "chest_of_drawers"
    ],
    "319": [
        575,
        "blanket"
    ],
    "320": [
        268,
        "mirror"
    ],
    "321": [
        477,
        "bedpost"
    ],
    "322": [
        114,
        "clothes_hanger"
    ],
    "323": [
        564,
        "door"
    ],
    "326": [
        492,
        "clothes_rack"
    ],
    "328": [
        636,
        "basket"
    ],
    "329": [
        611,
        "book"
    ],
    "330": [
        663,
        "towel"
    ],
    "331": [
        314,
        "easy_chair"
    ],
    "332": [
        208,
        "shelf"
    ],
    "333": [
        508,
        "toilet_brush"
    ],
    "334": [
        169,
        "window"
    ],
    "335": [
        550,
        "mirror"
    ],
    "336": [
        153,
        "side_table"
    ],
    "338": [
        33,
        "bottle_of_detergent"
    ],
    "340": [
        267,
        "fireplace"
    ],
    "341": [
        254,
        "dining_chair"
    ],
    "343": [
        227,
        "ceiling_lamp"
    ],
    "344": [
        443,
        "bed"
    ],
    "346": [
        362,
        "doormat"
    ],
    "347": [
        168,
        "window"
    ],
    "348": [
        246,
        "chest_of_drawers"
    ],
    "351": [
        358,
        "shelf"
    ],
    "352": [
        319,
        "throw_blanket"
    ],
    "354": [
        313,
        "window"
    ],
    "355": [
        353,
        "door"
    ],
    "356": [
        219,
        "basket"
    ],
    "358": [
        616,
        "globe_stand"
    ],
    "359": [
        430,
        "painting"
    ],
    "360": [
        471,
        "table_lamp"
    ],
    "365": [
        469,
        "mirror"
    ],
    "366": [
        441,
        "lamp"
    ],
    "367": [
        215,
        "microwave"
    ],
    "368": [
        303,
        "speaker"
    ],
    "369": [
        598,
        "book"
    ],
    "370": [
        8,
        "garage_door_opener_motor"
    ],
    "371": [
        618,
        "cup"
    ],
    "372": [
        210,
        "book"
    ],
    "373": [
        250,
        "dining_table"
    ],
    "378": [
        488,
        "clothes"
    ],
    "379": [
        145,
        "attic_door"
    ],
    "380": [
        360,
        "shelf"
    ],
    "382": [
        554,
        "flowerpot"
    ],
    "383": [
        40,
        "bottle_of_detergent"
    ],
    "384": [
        214,
        "range_hood"
    ],
    "386": [
        493,
        "hanging_clothes"
    ],
    "388": [
        587,
        "painting"
    ],
    "391": [
        558,
        "curtain"
    ],
    "393": [
        537,
        "door"
    ],
    "394": [
        387,
        "door"
    ],
    "397": [
        42,
        "bottle_of_detergent"
    ],
    "398": [
        447,
        "pillow"
    ],
    "399": [
        247,
        "board"
    ],
    "402": [
        61,
        "paper_towel"
    ],
    "403": [
        156,
        "shelf"
    ],
    "405": [
        382,
        "window"
    ],
    "408": [
        24,
        "laundry_basket"
    ],
    "409": [
        284,
        "coffee_table"
    ],
    "412": [
        348,
        "painting"
    ],
    "415": [
        199,
        "shelf"
    ],
    "417": [
        411,
        "doorpost"
    ],
    "418": [
        409,
        "doorpost"
    ],
    "419": [
        462,
        "tv"
    ],
    "420": [
        562,
        "doorpost"
    ],
    "423": [
        56,
        "locker"
    ],
    "424": [
        553,
        "bottle"
    ],
    "425": [
        87,
        "cardboard_box"
    ],
    "427": [
        536,
        "door"
    ],
    "428": [
        251,
        "dining_chair"
    ],
    "429": [
        312,
        "ceiling_lamp"
    ],
    "430": [
        334,
        "stone"
    ],
    "431": [
        138,
        "window"
    ],
    "432": [
        309,
        "painting"
    ],
    "433": [
        664,
        "towel"
    ],
    "435": [
        178,
        "kitchen_cabinet"
    ],
    "437": [
        686,
        "towel"
    ],
    "439": [
        408,
        "doorpost"
    ],
    "440": [
        520,
        "doorpost"
    ],
    "441": [
        116,
        "clothes_hanger"
    ],
    "442": [
        608,
        "book"
    ],
    "443": [
        285,
        "couch"
    ],
    "445": [
        127,
        "coat"
    ],
    "446": [
        189,
        "kitchen_top"
    ],
    "447": [
        605,
        "door"
    ],
    "448": [
        196,
        "kitchen_lower_cabinet"
    ],
    "449": [
        46,
        "bottle_of_detergent"
    ],
    "453": [
        22,
        "recycle_bin"
    ],
    "454": [
        121,
        "bag"
    ],
    "455": [
        110,
        "pipe"
    ],
    "456": [
        622,
        "basket"
    ],
    "457": [
        146,
        "paper_towel"
    ],
    "458": [
        628,
        "box"
    ],
    "459": [
        327,
        "rug"
    ],
    "460": [
        489,
        "clothes"
    ],
    "464": [
        442,
        "basket"
    ],
    "465": [
        480,
        "pillow"
    ],
    "466": [
        412,
        "doorpost"
    ],
    "467": [
        363,
        "book"
    ],
    "469": [
        306,
        "painting"
    ],
    "470": [
        207,
        "dishwasher"
    ],
    "471": [
        383,
        "vase"
    ],
    "475": [
        140,
        "wardrobe"
    ],
    "476": [
        614,
        "shelving"
    ],
    "478": [
        538,
        "painting"
    ],
    "482": [
        117,
        "wall_lamp"
    ],
    "484": [
        226,
        "ceiling_lamp"
    ],
    "486": [
        413,
        "doorpost"
    ],
    "489": [
        603,
        "basket"
    ],
    "490": [
        195,
        "kitchen_lower_cabinet"
    ],
    "491": [
        34,
        "bottle_of_detergent"
    ],
    "492": [
        289,
        "painting"
    ],
    "493": [
        179,
        "kitchen_cabinet"
    ],
    "494": [
        637,
        "basket"
    ],
    "495": [
        427,
        "ceiling_lamp"
    ],
    "496": [
        478,
        "window"
    ],
    "497": [
        629,
        "box"
    ],
    "498": [
        623,
        "book"
    ],
    "502": [
        128,
        "doorpost"
    ],
    "503": [
        404,
        "vent"
    ],
    "505": [
        557,
        "door"
    ],
    "506": [
        253,
        "dining_chair"
    ],
    "507": [
        632,
        "box"
    ],
    "508": [
        52,
        "ceiling_lamp"
    ],
    "511": [
        569,
        "pillow"
    ],
    "512": [
        466,
        "table_lamp"
    ],
    "514": [
        541,
        "chair"
    ],
    "515": [
        630,
        "box"
    ],
    "516": [
        281,
        "wall_hanging_decoration"
    ],
    "518": [
        617,
        "vase"
    ],
    "519": [
        570,
        "pillow"
    ],
    "520": [
        479,
        "fire_alarm"
    ],
    "521": [
        198,
        "shelf"
    ],
    "525": [
        511,
        "plunger"
    ],
    "526": [
        671,
        "doorpost"
    ],
    "528": [
        124,
        "hat"
    ],
    "529": [
        548,
        "vase"
    ],
    "530": [
        35,
        "bottle_of_detergent"
    ],
    "532": [
        704,
        "doorpost"
    ],
    "534": [
        604,
        "book"
    ],
    "539": [
        307,
        "painting"
    ],
    "542": [
        702,
        "bottle"
    ],
    "543": [
        209,
        "shelf"
    ],
    "544": [
        142,
        "wardrobe"
    ],
    "545": [
        86,
        "cardboard_box"
    ],
    "548": [
        556,
        "footrest"
    ],
    "549": [
        386,
        "door"
    ],
    "550": [
        278,
        "piano"
    ],
    "552": [
        446,
        "pillow"
    ],
    "553": [
        445,
        "headboard"
    ],
    "554": [
        191,
        "kitchen_lower_cabinet"
    ],
    "557": [
        89,
        "hanger"
    ],
    "559": [
        657,
        "painting"
    ],
    "560": [
        287,
        "pillow"
    ],
    "561": [
        470,
        "nightstand"
    ],
    "562": [
        431,
        "painting"
    ],
    "565": [
        703,
        "bottle"
    ],
    "569": [
        578,
        "ceiling_lamp"
    ],
    "570": [
        175,
        "kitchen_cabinet"
    ],
    "571": [
        185,
        "kitchen_cabinet"
    ],
    "572": [
        665,
        "bath_cabinet"
    ],
    "575": [
        642,
        "appliance"
    ],
    "576": [
        601,
        "window"
    ],
    "577": [
        385,
        "door"
    ],
    "579": [
        194,
        "kitchen_lower_cabinet"
    ],
    "581": [
        692,
        "window"
    ],
    "582": [
        200,
        "sink"
    ],
    "583": [
        241,
        "painting"
    ],
    "585": [
        220,
        "ceiling_lamp"
    ],
    "587": [
        148,
        "basket"
    ],
    "588": [
        301,
        "tv"
    ],
    "589": [
        65,
        "locker"
    ],
    "590": [
        600,
        "book"
    ],
    "592": [
        609,
        "book"
    ],
    "595": [
        155,
        "shelf"
    ],
    "596": [
        687,
        "toilet_paper"
    ],
    "597": [
        486,
        "shelving"
    ],
    "598": [
        83,
        "cardboard_box"
    ],
    "599": [
        667,
        "basin"
    ],
    "600": [
        573,
        "pillow"
    ],
    "602": [
        643,
        "appliance"
    ],
    "603": [
        649,
        "doorpost"
    ],
    "607": [
        513,
        "wall_cubby"
    ],
    "610": [
        57,
        "locker"
    ],
    "613": [
        212,
        "vase"
    ],
    "617": [
        660,
        "ceiling_lamp"
    ],
    "618": [
        349,
        "chest_of_drawers"
    ],
    "619": [
        249,
        "dining_chair"
    ],
    "622": [
        606,
        "shelving"
    ],
    "623": [
        280,
        "window"
    ],
    "625": [
        143,
        "storage_cabinet"
    ],
    "627": [
        107,
        "door"
    ],
    "629": [
        170,
        "window"
    ],
    "630": [
        157,
        "dog_bed"
    ],
    "631": [
        576,
        "blinds"
    ],
    "637": [
        539,
        "desk"
    ],
    "638": [
        315,
        "pillow"
    ],
    "641": [
        689,
        "basket"
    ],
    "642": [
        627,
        "box"
    ],
    "643": [
        282,
        "ceiling_lamp"
    ],
    "644": [
        561,
        "doorpost"
    ],
    "645": [
        286,
        "pillow"
    ],
    "647": [
        228,
        "ceiling_lamp"
    ],
    "651": [
        361,
        "plate_of_food"
    ],
    "654": [
        403,
        "fire_alarm"
    ],
    "655": [
        378,
        "vent"
    ],
    "656": [
        180,
        "kitchen_cabinet"
    ],
    "660": [
        112,
        "pipe"
    ],
    "662": [
        429,
        "window"
    ],
    "663": [
        111,
        "pipe"
    ],
    "665": [
        181,
        "kitchen_cabinet"
    ],
    "666": [
        407,
        "doorpost"
    ],
    "667": [
        694,
        "bathtub"
    ],
    "668": [
        141,
        "door"
    ],
    "670": [
        588,
        "door"
    ],
    "672": [
        376,
        "ceiling_lamp"
    ],
    "673": [
        381,
        "painting"
    ],
    "674": [
        276,
        "window"
    ],
    "676": [
        308,
        "painting"
    ],
    "679": [
        174,
        "kitchen_cabinet"
    ],
    "680": [
        512,
        "faucet"
    ],
    "682": [
        81,
        "basket_of_something"
    ],
    "684": [
        269,
        "painting"
    ],
    "686": [
        119,
        "bag"
    ],
    "688": [
        242,
        "painting"
    ],
    "689": [
        50,
        "riser"
    ],
    "690": [
        374,
        "ceiling_window"
    ],
    "691": [
        672,
        "doorpost"
    ],
    "692": [
        384,
        "door"
    ],
    "693": [
        624,
        "book"
    ],
    "695": [
        625,
        "basket"
    ],
    "697": [
        597,
        "book"
    ],
    "699": [
        433,
        "smoke_alarm"
    ],
    "701": [
        139,
        "chest_of_drawers"
    ],
    "703": [
        440,
        "side_table"
    ],
    "704": [
        184,
        "kitchen_cabinet"
    ],
    "705": [
        491,
        "clothes"
    ]
}