{
    "1": [
        116,
        "decoration"
    ],
    "2": [
        300,
        "wall_lamp"
    ],
    "3": [
        275,
        "couch"
    ],
    "4": [
        84,
        "basket"
    ],
    "5": [
        9,
        "chair"
    ],
    "7": [
        20,
        "flowerpot"
    ],
    "8": [
        343,
        "lamp"
    ],
    "9": [
        236,
        "stool"
    ],
    "12": [
        324,
        "decoration"
    ],
    "13": [
        360,
        "wardrobe"
    ],
    "15": [
        371,
        "hanger"
    ],
    "17": [
        353,
        "pillow"
    ],
    "19": [
        472,
        "bin"
    ],
    "20": [
        436,
        "stand"
    ],
    "21": [
        347,
        "curtain"
    ],
    "22": [
        510,
        "hanger"
    ],
    "23": [
        288,
        "flowerpot"
    ],
    "24": [
        512,
        "carpet"
    ],
    "25": [
        556,
        "pillow"
    ],
    "26": [
        144,
        "ceiling_lamp"
    ],
    "27": [
        500,
        "door"
    ],
    "31": [
        139,
        "chair"
    ],
    "33": [
        355,
        "window"
    ],
    "34": [
        19,
        "flower_vase"
    ],
    "35": [
        481,
        "towel"
    ],
    "36": [
        330,
        "lounge_chair"
    ],
    "37": [
        159,
        "kitchen_counter"
    ],
    "39": [
        45,
        "flowerpot"
    ],
    "40": [
        246,
        "platform"
    ],
    "44": [
        545,
        "lamp"
    ],
    "45": [
        210,
        "couch"
    ],
    "47": [
        420,
        "towel"
    ],
    "48": [
        292,
        "flowerpot"
    ],
    "49": [
        278,
        "box"
    ],
    "51": [
        327,
        "desk"
    ],
    "53": [
        79,
        "bathroom_cabinet"
    ],
    "58": [
        161,
        "vase"
    ],
    "59": [
        115,
        "cabinet"
    ],
    "60": [
        435,
        "towel"
    ],
    "61": [
        242,
        "dining_chair"
    ],
    "64": [
        431,
        "bathroom_accessory"
    ],
    "65": [
        427,
        "bathroom_accessory"
    ],
    "66": [
        119,
        "ceiling_lamp"
    ],
    "67": [
        81,
        "tray"
    ],
    "68": [
        104,
        "bathtub_utensil"
    ],
    "69": [
        277,
        "table"
    ],
    "70": [
        325,
        "decoration"
    ],
    "72": [
        544,
        "tree"
    ],
    "78": [
        432,
        "scale"
    ],
    "79": [
        291,
        "flowerpot"
    ],
    "80": [
        298,
        "pillow"
    ],
    "81": [
        78,
        "bathtub"
    ],
    "83": [
        439,
        "toilet"
    ],
    "84": [
        51,
        "chair"
    ],
    "87": [
        352,
        "pillow"
    ],
    "89": [
        63,
        "pillow"
    ],
    "90": [
        367,
        "hanger"
    ],
    "92": [
        393,
        "flower_vase"
    ],
    "94": [
        200,
        "laundry_machine"
    ],
    "95": [
        267,
        "flowerpot"
    ],
    "96": [
        145,
        "ceiling_lamp"
    ],
    "97": [
        181,
        "towel"
    ],
    "99": [
        279,
        "table"
    ],
    "101": [
        312,
        "flowerpot"
    ],
    "102": [
        335,
        "painting"
    ],
    "104": [
        476,
        "bathroom_cabinet"
    ],
    "105": [
        359,
        "door"
    ],
    "107": [
        11,
        "pillow"
    ],
    "108": [
        372,
        "hanger"
    ],
    "109": [
        299,
        "pillow"
    ],
    "110": [
        265,
        "cabinet"
    ],
    "111": [
        149,
        "kitchen_cabinet"
    ],
    "113": [
        557,
        "bed"
    ],
    "115": [
        564,
        "pillow"
    ],
    "117": [
        135,
        "decoration"
    ],
    "118": [
        537,
        "pouffe"
    ],
    "119": [
        480,
        "towel"
    ],
    "121": [
        437,
        "towel"
    ],
    "122": [
        188,
        "decoration"
    ],
    "123": [
        363,
        "bag"
    ],
    "124": [
        526,
        "painting"
    ],
    "125": [
        23,
        "wall_lamp"
    ],
    "128": [
        559,
        "pillow"
    ],
    "129": [
        527,
        "painting"
    ],
    "130": [
        222,
        "flowerpot"
    ],
    "132": [
        106,
        "bathtub_utensil"
    ],
    "134": [
        233,
        "stool"
    ],
    "136": [
        415,
        "mirror"
    ],
    "138": [
        423,
        "bathroom_cabinet"
    ],
    "140": [
        117,
        "tray"
    ],
    "141": [
        250,
        "pillow"
    ],
    "142": [
        574,
        "chair"
    ],
    "143": [
        227,
        "tray"
    ],
    "144": [
        21,
        "window"
    ],
    "145": [
        183,
        "bathroom_utensil"
    ],
    "147": [
        156,
        "kitchen_countertop_items"
    ],
    "151": [
        534,
        "pot"
    ],
    "152": [
        552,
        "couch"
    ],
    "153": [
        342,
        "cabinet"
    ],
    "154": [
        414,
        "towel"
    ],
    "155": [
        471,
        "toilet_paper"
    ],
    "157": [
        296,
        "pillow"
    ],
    "158": [
        444,
        "door"
    ],
    "159": [
        433,
        "chair"
    ],
    "160": [
        148,
        "kitchen_lower_cabinet"
    ],
    "161": [
        373,
        "hanger"
    ],
    "163": [
        259,
        "window"
    ],
    "164": [
        232,
        "stool"
    ],
    "166": [
        14,
        "pillow"
    ],
    "167": [
        16,
        "fan"
    ],
    "168": [
        87,
        "towel"
    ],
    "170": [
        91,
        "decoration"
    ],
    "171": [
        530,
        "painting"
    ],
    "172": [
        276,
        "table"
    ],
    "173": [
        416,
        "mirror"
    ],
    "174": [
        554,
        "pillow"
    ],
    "178": [
        215,
        "curtain"
    ],
    "180": [
        178,
        "towel"
    ],
    "181": [
        354,
        "pillow"
    ],
    "183": [
        491,
        "bathroom_accessory"
    ],
    "184": [
        184,
        "sink"
    ],
    "186": [
        136,
        "bench"
    ],
    "187": [
        253,
        "door"
    ],
    "190": [
        42,
        "cabinet"
    ],
    "193": [
        85,
        "robe"
    ],
    "194": [
        182,
        "bathroom_utensil"
    ],
    "198": [
        241,
        "dining_chair"
    ],
    "199": [
        424,
        "sink"
    ],
    "200": [
        195,
        "door"
    ],
    "201": [
        562,
        "pillow"
    ],
    "202": [
        477,
        "towel"
    ],
    "203": [
        142,
        "decoration"
    ],
    "204": [
        150,
        "kitchen_cabinet"
    ],
    "205": [
        269,
        "vase"
    ],
    "206": [
        47,
        "bin"
    ],
    "208": [
        286,
        "flowerpot"
    ],
    "214": [
        475,
        "door"
    ],
    "216": [
        490,
        "towel"
    ],
    "217": [
        329,
        "desk_lamp"
    ],
    "219": [
        60,
        "pillow"
    ],
    "220": [
        364,
        "appliance"
    ],
    "221": [
        322,
        "rug"
    ],
    "223": [
        216,
        "table"
    ],
    "224": [
        332,
        "pillow"
    ],
    "225": [
        323,
        "decoration"
    ],
    "226": [
        209,
        "couch"
    ],
    "227": [
        496,
        "mirror"
    ],
    "228": [
        55,
        "stool"
    ],
    "230": [
        535,
        "chair"
    ],
    "232": [
        426,
        "bathroom_accessory"
    ],
    "234": [
        249,
        "pillow"
    ],
    "239": [
        212,
        "chandelier"
    ],
    "240": [
        508,
        "hanger"
    ],
    "242": [
        88,
        "teapot"
    ],
    "244": [
        502,
        "wardrobe"
    ],
    "245": [
        485,
        "sink"
    ],
    "246": [
        349,
        "curtain"
    ],
    "252": [
        101,
        "door"
    ],
    "256": [
        309,
        "bed"
    ],
    "257": [
        152,
        "oven_and_stove"
    ],
    "258": [
        326,
        "painting"
    ],
    "259": [
        521,
        "fan"
    ],
    "260": [
        76,
        "shelf"
    ],
    "261": [
        189,
        "mirror"
    ],
    "262": [
        341,
        "cabinet"
    ],
    "265": [
        460,
        "door"
    ],
    "266": [
        10,
        "pillow"
    ],
    "268": [
        421,
        "bathrobe"
    ],
    "272": [
        114,
        "door"
    ],
    "273": [
        94,
        "toilet_paper"
    ],
    "274": [
        507,
        "hanger"
    ],
    "275": [
        198,
        "basket"
    ],
    "278": [
        425,
        "sink"
    ],
    "279": [
        237,
        "dining_chair"
    ],
    "281": [
        105,
        "bathtub_utensil"
    ],
    "282": [
        290,
        "flowerpot"
    ],
    "284": [
        49,
        "tv"
    ],
    "285": [
        528,
        "door"
    ],
    "286": [
        273,
        "couch"
    ],
    "290": [
        274,
        "table"
    ],
    "292": [
        334,
        "book"
    ],
    "293": [
        170,
        "door"
    ],
    "294": [
        57,
        "bench"
    ],
    "295": [
        197,
        "cabinet"
    ],
    "297": [
        270,
        "kitchen_extractor"
    ],
    "298": [
        289,
        "flowerpot"
    ],
    "300": [
        7,
        "couch"
    ],
    "302": [
        546,
        "lamp"
    ],
    "303": [
        563,
        "pillow"
    ],
    "304": [
        429,
        "towel"
    ],
    "305": [
        569,
        "wall_lamp"
    ],
    "306": [
        206,
        "painting"
    ],
    "308": [
        8,
        "chair"
    ],
    "309": [
        392,
        "cabinet"
    ],
    "310": [
        561,
        "pillow"
    ],
    "311": [
        287,
        "flowerpot"
    ],
    "312": [
        511,
        "bag"
    ],
    "313": [
        493,
        "shower_rod"
    ],
    "314": [
        266,
        "sink"
    ],
    "316": [
        43,
        "cabinet"
    ],
    "317": [
        294,
        "flowerpot"
    ],
    "318": [
        214,
        "curtain"
    ],
    "319": [
        417,
        "bathtub"
    ],
    "321": [
        442,
        "picture"
    ],
    "322": [
        419,
        "flower_vase"
    ],
    "323": [
        56,
        "stool"
    ],
    "324": [
        351,
        "pillow"
    ],
    "325": [
        218,
        "tv"
    ],
    "326": [
        83,
        "towel"
    ],
    "327": [
        118,
        "coffee_machine"
    ],
    "329": [
        86,
        "robe"
    ],
    "331": [
        328,
        "desk_chair"
    ],
    "332": [
        240,
        "dining_chair"
    ],
    "333": [
        506,
        "hanger"
    ],
    "334": [
        369,
        "hanger"
    ],
    "335": [
        231,
        "stool"
    ],
    "338": [
        54,
        "couch"
    ],
    "339": [
        548,
        "pillow"
    ],
    "341": [
        407,
        "picture"
    ],
    "342": [
        13,
        "pillow"
    ],
    "343": [
        186,
        "decoration"
    ],
    "345": [
        247,
        "pillow"
    ],
    "346": [
        422,
        "bathrobe"
    ],
    "348": [
        494,
        "showerhead"
    ],
    "349": [
        482,
        "towel"
    ],
    "351": [
        35,
        "curtain"
    ],
    "353": [
        5,
        "table"
    ],
    "354": [
        18,
        "flower_vase"
    ],
    "355": [
        180,
        "bathroom_counter"
    ],
    "356": [
        39,
        "wall_lamp"
    ],
    "357": [
        394,
        "tray"
    ],
    "358": [
        430,
        "towel"
    ],
    "359": [
        547,
        "lamp"
    ],
    "360": [
        230,
        "box"
    ],
    "361": [
        487,
        "bathroom_accessory"
    ],
    "364": [
        244,
        "dining_chair"
    ],
    "365": [
        474,
        "bathrobe"
    ],
    "366": [
        268,
        "vase"
    ],
    "367": [
        503,
        "wardrobe"
    ],
    "368": [
        92,
        "decoration"
    ],
    "369": [
        160,
        "sink"
    ],
    "371": [
        538,
        "pouffe"
    ],
    "373": [
        205,
        "painting"
    ],
    "374": [
        550,
        "cabinet"
    ],
    "375": [
        337,
        "dresser"
    ],
    "376": [
        226,
        "rug"
    ],
    "377": [
        531,
        "tv"
    ],
    "378": [
        141,
        "box"
    ],
    "379": [
        59,
        "pillow"
    ],
    "380": [
        30,
        "rug"
    ],
    "381": [
        155,
        "kitchen_countertop_items"
    ],
    "382": [
        245,
        "decoration"
    ],
    "383": [
        504,
        "basket"
    ],
    "386": [
        220,
        "speaker"
    ],
    "387": [
        533,
        "table"
    ],
    "388": [
        73,
        "mirror"
    ],
    "389": [
        470,
        "toilet"
    ],
    "391": [
        282,
        "chair"
    ],
    "392": [
        331,
        "bag"
    ],
    "397": [
        213,
        "dining_table"
    ],
    "399": [
        565,
        "window"
    ],
    "400": [
        221,
        "flowerpot"
    ],
    "402": [
        543,
        "box"
    ],
    "403": [
        348,
        "curtain"
    ],
    "404": [
        455,
        "painting"
    ],
    "405": [
        575,
        "flowerpot"
    ],
    "406": [
        140,
        "bowl"
    ],
    "407": [
        120,
        "ceiling_lamp"
    ],
    "409": [
        128,
        "door"
    ],
    "410": [
        134,
        "wardrobe"
    ],
    "411": [
        187,
        "decoration"
    ],
    "414": [
        541,
        "appliance"
    ],
    "415": [
        271,
        "barbecue"
    ],
    "416": [
        391,
        "vase"
    ],
    "417": [
        248,
        "pillow"
    ],
    "418": [
        133,
        "fire_alarm"
    ],
    "419": [
        31,
        "painting"
    ],
    "420": [
        438,
        "towel"
    ],
    "421": [
        190,
        "toilet"
    ],
    "422": [
        285,
        "chair"
    ],
    "425": [
        542,
        "tray"
    ],
    "427": [
        295,
        "bench"
    ],
    "429": [
        558,
        "bed"
    ],
    "432": [
        340,
        "bed"
    ],
    "438": [
        395,
        "teapot"
    ],
    "441": [
        578,
        "flowerpot"
    ],
    "442": [
        219,
        "cabinet"
    ],
    "443": [
        283,
        "chair"
    ],
    "446": [
        12,
        "pillow"
    ],
    "447": [
        396,
        "cup"
    ],
    "448": [
        333,
        "table"
    ],
    "449": [
        573,
        "table"
    ],
    "451": [
        80,
        "tray"
    ],
    "456": [
        153,
        "coffee_machine"
    ],
    "457": [
        539,
        "cabinet"
    ],
    "458": [
        284,
        "chair"
    ],
    "459": [
        138,
        "display_table"
    ],
    "460": [
        201,
        "appliance"
    ],
    "461": [
        100,
        "door"
    ],
    "462": [
        48,
        "speaker"
    ],
    "463": [
        532,
        "basket"
    ],
    "464": [
        93,
        "toilet"
    ],
    "465": [
        365,
        "hanger"
    ],
    "467": [
        478,
        "towel"
    ],
    "468": [
        486,
        "bathroom_accessory"
    ],
    "470": [
        223,
        "vase"
    ],
    "471": [
        34,
        "lamp"
    ],
    "472": [
        344,
        "lamp"
    ],
    "473": [
        387,
        "door"
    ],
    "475": [
        473,
        "bathrobe"
    ],
    "476": [
        370,
        "hanger"
    ],
    "477": [
        479,
        "basket"
    ],
    "478": [
        229,
        "vase"
    ],
    "479": [
        61,
        "pillow"
    ],
    "481": [
        6,
        "table"
    ],
    "482": [
        243,
        "dining_chair"
    ],
    "483": [
        77,
        "table"
    ],
    "484": [
        336,
        "tv"
    ],
    "485": [
        293,
        "flowerpot"
    ],
    "488": [
        41,
        "lamp"
    ],
    "489": [
        64,
        "pillow"
    ],
    "490": [
        361,
        "wardrobe"
    ],
    "491": [
        397,
        "cup"
    ],
    "494": [
        280,
        "chair"
    ],
    "495": [
        53,
        "tray"
    ],
    "496": [
        238,
        "dining_chair"
    ],
    "500": [
        235,
        "stool"
    ],
    "502": [
        540,
        "decoration"
    ],
    "503": [
        339,
        "fan"
    ],
    "504": [
        505,
        "hanger"
    ],
    "505": [
        15,
        "pillow"
    ],
    "506": [
        281,
        "chair"
    ],
    "507": [
        254,
        "door"
    ],
    "508": [
        46,
        "cabinet"
    ],
    "511": [
        185,
        "decoration"
    ],
    "514": [
        82,
        "towel"
    ],
    "515": [
        536,
        "chair"
    ],
    "516": [
        374,
        "hanger"
    ],
    "517": [
        224,
        "flowerpot"
    ],
    "518": [
        549,
        "cabinet"
    ],
    "519": [
        338,
        "box"
    ],
    "520": [
        62,
        "pillow"
    ],
    "521": [
        418,
        "tray"
    ],
    "522": [
        483,
        "scale"
    ],
    "523": [
        36,
        "curtain"
    ],
    "524": [
        234,
        "stool"
    ],
    "525": [
        488,
        "bathtub"
    ],
    "526": [
        345,
        "telephone"
    ],
    "527": [
        389,
        "picture"
    ],
    "529": [
        143,
        "flower_vase"
    ],
    "530": [
        211,
        "table"
    ],
    "533": [
        525,
        "picture"
    ],
    "535": [
        40,
        "lamp"
    ],
    "536": [
        137,
        "book"
    ],
    "537": [
        225,
        "basket"
    ],
    "539": [
        484,
        "sink"
    ],
    "540": [
        375,
        "basket"
    ],
    "541": [
        217,
        "table"
    ],
    "542": [
        147,
        "refrigerator_cabinet"
    ],
    "545": [
        297,
        "pillow"
    ],
    "546": [
        163,
        "decoration"
    ],
    "548": [
        555,
        "pillow"
    ],
    "549": [
        311,
        "table"
    ],
    "550": [
        50,
        "table"
    ],
    "551": [
        428,
        "bathroom_accessory"
    ],
    "552": [
        58,
        "bed"
    ],
    "553": [
        509,
        "hanger"
    ],
    "554": [
        44,
        "decoration"
    ],
    "555": [
        529,
        "painting"
    ],
    "556": [
        239,
        "dining_chair"
    ],
    "559": [
        52,
        "chair"
    ],
    "561": [
        368,
        "hanger"
    ],
    "562": [
        251,
        "blanket"
    ],
    "564": [
        151,
        "microwave"
    ],
    "566": [
        199,
        "laundry_machine"
    ],
    "569": [
        560,
        "pillow"
    ],
    "572": [
        489,
        "towel"
    ],
    "576": [
        313,
        "water_fountain"
    ],
    "577": [
        524,
        "curtain"
    ],
    "578": [
        553,
        "pillow"
    ]
}