{
    "1": [
        375,
        "monitor"
    ],
    "2": [
        198,
        "table"
    ],
    "4": [
        2,
        "door"
    ],
    "7": [
        402,
        "door"
    ],
    "8": [
        543,
        "microwave"
    ],
    "9": [
        550,
        "jacket"
    ],
    "11": [
        153,
        "chair"
    ],
    "12": [
        220,
        "lamp"
    ],
    "13": [
        704,
        "stack_of_papers"
    ],
    "14": [
        149,
        "chair"
    ],
    "16": [
        206,
        "chair"
    ],
    "18": [
        42,
        "chair"
    ],
    "19": [
        89,
        "ceiling_pipe"
    ],
    "20": [
        344,
        "clock"
    ],
    "21": [
        160,
        "vent"
    ],
    "22": [
        572,
        "armchair"
    ],
    "23": [
        226,
        "door"
    ],
    "24": [
        635,
        "magazine"
    ],
    "25": [
        374,
        "printer"
    ],
    "27": [
        552,
        "bag"
    ],
    "28": [
        298,
        "door"
    ],
    "29": [
        416,
        "chair"
    ],
    "30": [
        570,
        "lamp"
    ],
    "31": [
        340,
        "flower_vase"
    ],
    "32": [
        714,
        "stack_of_papers"
    ],
    "34": [
        88,
        "pipe"
    ],
    "35": [
        458,
        "door"
    ],
    "36": [
        515,
        "lamp"
    ],
    "37": [
        544,
        "amplifier"
    ],
    "38": [
        581,
        "picture"
    ],
    "39": [
        708,
        "stack_of_papers"
    ],
    "40": [
        406,
        "heater"
    ],
    "41": [
        230,
        "bin"
    ],
    "42": [
        93,
        "board"
    ],
    "43": [
        463,
        "ceiling_pipe"
    ],
    "44": [
        69,
        "armchair"
    ],
    "45": [
        541,
        "clutter"
    ],
    "46": [
        32,
        "pipe"
    ],
    "47": [
        358,
        "partition"
    ],
    "48": [
        709,
        "stack_of_papers"
    ],
    "49": [
        295,
        "coffee_machine"
    ],
    "50": [
        676,
        "magazine"
    ],
    "52": [
        377,
        "monitor"
    ],
    "53": [
        453,
        "lamp"
    ],
    "54": [
        533,
        "stack_of_papers"
    ],
    "56": [
        650,
        "lamp"
    ],
    "57": [
        210,
        "blinds"
    ],
    "59": [
        355,
        "shelf"
    ],
    "60": [
        555,
        "clothes_hanger"
    ],
    "61": [
        660,
        "book"
    ],
    "62": [
        352,
        "lamp"
    ],
    "63": [
        446,
        "chair"
    ],
    "66": [
        110,
        "lamp"
    ],
    "67": [
        77,
        "door"
    ],
    "69": [
        417,
        "chair"
    ],
    "70": [
        254,
        "lamp"
    ],
    "72": [
        702,
        "stack_of_papers"
    ],
    "74": [
        609,
        "window"
    ],
    "75": [
        10,
        "heater"
    ],
    "79": [
        548,
        "bag"
    ],
    "80": [
        510,
        "clock"
    ],
    "81": [
        199,
        "chair"
    ],
    "82": [
        345,
        "air_conditioner"
    ],
    "83": [
        228,
        "stand"
    ],
    "84": [
        139,
        "door"
    ],
    "85": [
        5,
        "clock"
    ],
    "86": [
        95,
        "door"
    ],
    "87": [
        538,
        "painting"
    ],
    "88": [
        408,
        "window"
    ],
    "89": [
        18,
        "lamp"
    ],
    "91": [
        415,
        "chair"
    ],
    "93": [
        323,
        "table"
    ],
    "94": [
        169,
        "lamp"
    ],
    "97": [
        480,
        "chair"
    ],
    "98": [
        232,
        "table"
    ],
    "99": [
        204,
        "chair"
    ],
    "101": [
        420,
        "chair"
    ],
    "102": [
        309,
        "window"
    ],
    "104": [
        657,
        "diploma"
    ],
    "105": [
        450,
        "lamp"
    ],
    "106": [
        84,
        "vent"
    ],
    "108": [
        235,
        "chair"
    ],
    "109": [
        474,
        "pipe"
    ],
    "111": [
        339,
        "flower_vase"
    ],
    "112": [
        106,
        "lamp"
    ],
    "113": [
        293,
        "lamp"
    ],
    "114": [
        12,
        "lamp"
    ],
    "115": [
        382,
        "table"
    ],
    "116": [
        348,
        "lamp"
    ],
    "117": [
        63,
        "trashcan"
    ],
    "118": [
        259,
        "lamp"
    ],
    "119": [
        622,
        "pot"
    ],
    "120": [
        498,
        "keyboard"
    ],
    "121": [
        258,
        "lamp"
    ],
    "123": [
        221,
        "lamp"
    ],
    "124": [
        118,
        "chair"
    ],
    "125": [
        361,
        "book_rack"
    ],
    "126": [
        127,
        "heater"
    ],
    "127": [
        55,
        "lamp"
    ],
    "128": [
        401,
        "clock"
    ],
    "129": [
        461,
        "monitor"
    ],
    "130": [
        297,
        "trashcan"
    ],
    "131": [
        636,
        "magazine"
    ],
    "132": [
        595,
        "shelf"
    ],
    "133": [
        623,
        "pot"
    ],
    "134": [
        148,
        "chair"
    ],
    "135": [
        192,
        "clock"
    ],
    "137": [
        634,
        "magazine"
    ],
    "138": [
        343,
        "plant"
    ],
    "140": [
        652,
        "pot"
    ],
    "141": [
        733,
        "shelf_with_clutter"
    ],
    "142": [
        645,
        "pipe"
    ],
    "143": [
        152,
        "chair"
    ],
    "144": [
        252,
        "lamp"
    ],
    "145": [
        390,
        "lamp"
    ],
    "146": [
        696,
        "magazine"
    ],
    "148": [
        719,
        "stack_of_papers"
    ],
    "149": [
        724,
        "shelf_with_clutter"
    ],
    "150": [
        528,
        "printer"
    ],
    "151": [
        120,
        "chair"
    ],
    "152": [
        150,
        "chair"
    ],
    "154": [
        607,
        "cabinet"
    ],
    "156": [
        68,
        "armchair"
    ],
    "158": [
        534,
        "rack"
    ],
    "159": [
        549,
        "jacket"
    ],
    "162": [
        334,
        "lamp"
    ],
    "163": [
        19,
        "lamp"
    ],
    "164": [
        389,
        "lamp"
    ],
    "165": [
        659,
        "book"
    ],
    "167": [
        508,
        "desk"
    ],
    "168": [
        663,
        "book"
    ],
    "169": [
        601,
        "sculpture"
    ],
    "170": [
        86,
        "box"
    ],
    "171": [
        249,
        "pipe"
    ],
    "173": [
        631,
        "magazine"
    ],
    "174": [
        202,
        "chair"
    ],
    "175": [
        282,
        "pillow"
    ],
    "176": [
        261,
        "pipe"
    ],
    "177": [
        71,
        "lamp"
    ],
    "178": [
        332,
        "pipe"
    ],
    "182": [
        545,
        "box"
    ],
    "183": [
        531,
        "ball"
    ],
    "184": [
        591,
        "shelf"
    ],
    "185": [
        501,
        "keyboard"
    ],
    "186": [
        279,
        "beanbag"
    ],
    "187": [
        678,
        "magazine"
    ],
    "188": [
        70,
        "armchair"
    ],
    "189": [
        250,
        "air_conditioner"
    ],
    "190": [
        154,
        "chair"
    ],
    "191": [
        514,
        "lamp"
    ],
    "192": [
        260,
        "vent"
    ],
    "193": [
        492,
        "monitor"
    ],
    "194": [
        137,
        "board"
    ],
    "195": [
        666,
        "magazine"
    ],
    "196": [
        685,
        "magazine"
    ],
    "197": [
        667,
        "magazine"
    ],
    "198": [
        281,
        "pillow"
    ],
    "199": [
        738,
        "window"
    ],
    "200": [
        424,
        "vent"
    ],
    "202": [
        646,
        "pipe"
    ],
    "203": [
        611,
        "lamp"
    ],
    "204": [
        518,
        "vent"
    ],
    "205": [
        577,
        "cabinet"
    ],
    "206": [
        729,
        "clothes"
    ],
    "207": [
        519,
        "heater"
    ],
    "208": [
        587,
        "heater"
    ],
    "209": [
        400,
        "board"
    ],
    "210": [
        283,
        "pillow"
    ],
    "211": [
        141,
        "lamp"
    ],
    "212": [
        568,
        "pipe"
    ],
    "213": [
        703,
        "stack_of_papers"
    ],
    "214": [
        504,
        "binder"
    ],
    "215": [
        308,
        "window"
    ],
    "216": [
        242,
        "plant"
    ],
    "217": [
        629,
        "magazine"
    ],
    "218": [
        15,
        "lamp"
    ],
    "219": [
        347,
        "lamp"
    ],
    "221": [
        521,
        "window"
    ],
    "223": [
        251,
        "lamp"
    ],
    "226": [
        517,
        "lamp"
    ],
    "228": [
        373,
        "stand"
    ],
    "230": [
        734,
        "keyboard"
    ],
    "231": [
        79,
        "ornament"
    ],
    "232": [
        502,
        "printer"
    ],
    "234": [
        34,
        "chair"
    ],
    "235": [
        583,
        "couch"
    ],
    "236": [
        185,
        "lamp"
    ],
    "237": [
        6,
        "air_conditioning"
    ],
    "238": [
        443,
        "plant"
    ],
    "239": [
        594,
        "shelf"
    ],
    "240": [
        679,
        "magazine"
    ],
    "242": [
        237,
        "chair"
    ],
    "244": [
        723,
        "stack_of_papers"
    ],
    "245": [
        165,
        "window"
    ],
    "246": [
        289,
        "lamp"
    ],
    "247": [
        288,
        "lamp"
    ],
    "249": [
        720,
        "stack_of_papers"
    ],
    "252": [
        239,
        "chair"
    ],
    "253": [
        167,
        "pipe"
    ],
    "254": [
        290,
        "lamp"
    ],
    "255": [
        423,
        "table"
    ],
    "260": [
        164,
        "heater"
    ],
    "263": [
        684,
        "magazine"
    ],
    "264": [
        174,
        "lamp"
    ],
    "265": [
        394,
        "chair"
    ],
    "266": [
        448,
        "lamp"
    ],
    "267": [
        633,
        "magazine"
    ],
    "268": [
        366,
        "partition"
    ],
    "269": [
        688,
        "stack_of_papers"
    ],
    "270": [
        119,
        "chair"
    ],
    "272": [
        100,
        "window"
    ],
    "273": [
        360,
        "couch"
    ],
    "275": [
        686,
        "magazine"
    ],
    "277": [
        31,
        "vent"
    ],
    "278": [
        429,
        "lamp"
    ],
    "279": [
        455,
        "air_conditioner"
    ],
    "280": [
        23,
        "plant"
    ],
    "282": [
        727,
        "stack_of_papers"
    ],
    "283": [
        388,
        "lamp"
    ],
    "284": [
        472,
        "heater"
    ],
    "286": [
        513,
        "air_conditioner"
    ],
    "289": [
        641,
        "book"
    ],
    "290": [
        35,
        "chair"
    ],
    "291": [
        98,
        "blinds"
    ],
    "292": [
        546,
        "refrigerator"
    ],
    "293": [
        658,
        "book"
    ],
    "295": [
        38,
        "chair"
    ],
    "297": [
        284,
        "pillow"
    ],
    "299": [
        516,
        "lamp"
    ],
    "300": [
        105,
        "lamp"
    ],
    "302": [
        505,
        "box"
    ],
    "303": [
        236,
        "chair"
    ],
    "304": [
        181,
        "window"
    ],
    "305": [
        191,
        "stand"
    ],
    "306": [
        557,
        "pipe"
    ],
    "307": [
        280,
        "beanbag"
    ],
    "311": [
        487,
        "cabinet"
    ],
    "312": [
        527,
        "rack"
    ],
    "313": [
        72,
        "table"
    ],
    "314": [
        123,
        "chair"
    ],
    "315": [
        325,
        "pillow"
    ],
    "316": [
        346,
        "lamp"
    ],
    "318": [
        540,
        "box"
    ],
    "320": [
        395,
        "table"
    ],
    "321": [
        396,
        "lamp"
    ],
    "322": [
        722,
        "stack_of_papers"
    ],
    "325": [
        440,
        "clock"
    ],
    "326": [
        575,
        "printer"
    ],
    "327": [
        21,
        "plant"
    ],
    "328": [
        172,
        "lamp"
    ],
    "330": [
        481,
        "bin"
    ],
    "331": [
        637,
        "magazine"
    ],
    "332": [
        17,
        "lamp"
    ],
    "336": [
        188,
        "lamp"
    ],
    "338": [
        530,
        "bin"
    ],
    "339": [
        350,
        "lamp"
    ],
    "340": [
        27,
        "desk"
    ],
    "341": [
        486,
        "partition"
    ],
    "344": [
        255,
        "lamp"
    ],
    "345": [
        97,
        "stand"
    ],
    "348": [
        700,
        "stack_of_papers"
    ],
    "352": [
        287,
        "lamp"
    ],
    "353": [
        158,
        "blinds"
    ],
    "356": [
        286,
        "lamp"
    ],
    "357": [
        418,
        "chair"
    ],
    "358": [
        525,
        "calendar"
    ],
    "359": [
        553,
        "cabinet"
    ],
    "360": [
        142,
        "lamp"
    ],
    "361": [
        573,
        "monitor"
    ],
    "362": [
        103,
        "air_conditioning"
    ],
    "364": [
        285,
        "heater"
    ],
    "366": [
        682,
        "magazine"
    ],
    "367": [
        39,
        "chair"
    ],
    "368": [
        85,
        "pipe"
    ],
    "369": [
        41,
        "chair"
    ],
    "371": [
        499,
        "desk"
    ],
    "373": [
        590,
        "shelf"
    ],
    "374": [
        122,
        "chair"
    ],
    "377": [
        468,
        "box"
    ],
    "378": [
        40,
        "chair"
    ],
    "379": [
        699,
        "pot"
    ],
    "381": [
        732,
        "clothes"
    ],
    "382": [
        136,
        "bin"
    ],
    "383": [
        500,
        "monitor"
    ],
    "384": [
        532,
        "stack_of_papers"
    ],
    "385": [
        104,
        "vent"
    ],
    "387": [
        412,
        "pipe"
    ],
    "388": [
        471,
        "camera"
    ],
    "389": [
        576,
        "armchair"
    ],
    "390": [
        410,
        "air_conditioner"
    ],
    "391": [
        403,
        "bin"
    ],
    "393": [
        431,
        "lamp"
    ],
    "395": [
        253,
        "lamp"
    ],
    "396": [
        212,
        "pipe"
    ],
    "397": [
        721,
        "stack_of_papers"
    ],
    "398": [
        219,
        "lamp"
    ],
    "399": [
        277,
        "beanbag"
    ],
    "403": [
        357,
        "pipe"
    ],
    "404": [
        475,
        "pipe"
    ],
    "405": [
        728,
        "clothes"
    ],
    "407": [
        705,
        "stack_of_papers"
    ],
    "408": [
        454,
        "lamp"
    ],
    "409": [
        275,
        "beanbag"
    ],
    "411": [
        108,
        "pipe"
    ],
    "413": [
        16,
        "lamp"
    ],
    "414": [
        512,
        "mirror"
    ],
    "415": [
        626,
        "pot"
    ],
    "417": [
        194,
        "door"
    ],
    "418": [
        656,
        "picture"
    ],
    "419": [
        731,
        "clothes"
    ],
    "420": [
        168,
        "pipe"
    ],
    "421": [
        419,
        "chair"
    ],
    "422": [
        111,
        "lamp"
    ],
    "423": [
        171,
        "lamp"
    ],
    "424": [
        315,
        "partition"
    ],
    "425": [
        670,
        "magazine"
    ],
    "427": [
        397,
        "lamp"
    ],
    "428": [
        107,
        "lamp"
    ],
    "429": [
        94,
        "clock"
    ],
    "430": [
        479,
        "pipe"
    ],
    "432": [
        291,
        "lamp"
    ],
    "434": [
        336,
        "plant"
    ],
    "435": [
        351,
        "lamp"
    ],
    "436": [
        511,
        "stool"
    ],
    "437": [
        278,
        "beanbag"
    ],
    "438": [
        245,
        "window"
    ],
    "441": [
        655,
        "pot"
    ],
    "443": [
        605,
        "refrigerator"
    ],
    "445": [
        562,
        "table"
    ],
    "446": [
        451,
        "lamp"
    ],
    "447": [
        537,
        "box"
    ],
    "448": [
        640,
        "book"
    ],
    "452": [
        234,
        "chair"
    ],
    "453": [
        615,
        "pipe"
    ],
    "455": [
        614,
        "vent"
    ],
    "456": [
        612,
        "lamp"
    ],
    "457": [
        218,
        "lamp"
    ],
    "458": [
        349,
        "lamp"
    ],
    "460": [
        712,
        "stack_of_papers"
    ],
    "461": [
        687,
        "stack_of_papers"
    ],
    "462": [
        241,
        "table"
    ],
    "463": [
        445,
        "cabinet"
    ],
    "464": [
        493,
        "binder"
    ],
    "465": [
        62,
        "trashcan"
    ],
    "466": [
        639,
        "magazine"
    ],
    "467": [
        554,
        "clothes_hanger"
    ],
    "468": [
        600,
        "sculpture"
    ],
    "469": [
        421,
        "chair"
    ],
    "470": [
        490,
        "armchair"
    ],
    "471": [
        44,
        "table"
    ],
    "474": [
        114,
        "lamp"
    ],
    "475": [
        313,
        "partition"
    ],
    "476": [
        4,
        "board"
    ],
    "477": [
        624,
        "pipe"
    ],
    "478": [
        404,
        "stand"
    ],
    "479": [
        337,
        "flower_vase"
    ],
    "480": [
        462,
        "box"
    ],
    "481": [
        470,
        "blinds"
    ],
    "482": [
        243,
        "plant"
    ],
    "483": [
        589,
        "picture"
    ],
    "484": [
        647,
        "pipe"
    ],
    "485": [
        73,
        "table"
    ],
    "486": [
        718,
        "stack_of_papers"
    ],
    "488": [
        155,
        "table"
    ],
    "489": [
        529,
        "board"
    ],
    "490": [
        20,
        "stand"
    ],
    "491": [
        449,
        "lamp"
    ],
    "492": [
        592,
        "shelf"
    ],
    "493": [
        489,
        "armchair"
    ],
    "494": [
        675,
        "magazine"
    ],
    "496": [
        654,
        "camera"
    ],
    "497": [
        379,
        "stool"
    ],
    "498": [
        211,
        "pipe"
    ],
    "499": [
        146,
        "chair"
    ],
    "501": [
        29,
        "window"
    ],
    "503": [
        716,
        "stack_of_papers"
    ],
    "504": [
        341,
        "plant"
    ],
    "506": [
        442,
        "plant"
    ],
    "509": [
        603,
        "bag"
    ],
    "510": [
        698,
        "magazine"
    ],
    "511": [
        672,
        "pot"
    ],
    "512": [
        75,
        "door"
    ],
    "515": [
        588,
        "lamp"
    ],
    "517": [
        189,
        "vent"
    ],
    "518": [
        432,
        "lamp"
    ],
    "519": [
        735,
        "lamp"
    ],
    "520": [
        488,
        "desk"
    ],
    "521": [
        80,
        "rack"
    ],
    "522": [
        296,
        "trashcan"
    ],
    "523": [
        359,
        "partition"
    ],
    "524": [
        648,
        "camera"
    ],
    "525": [
        476,
        "bin"
    ],
    "526": [
        157,
        "plant"
    ],
    "528": [
        643,
        "picture"
    ],
    "529": [
        14,
        "lamp"
    ],
    "530": [
        117,
        "table"
    ],
    "531": [
        175,
        "lamp"
    ],
    "532": [
        367,
        "partition"
    ],
    "535": [
        539,
        "flower"
    ],
    "536": [
        627,
        "magazine"
    ],
    "537": [
        244,
        "heater"
    ],
    "538": [
        225,
        "clock"
    ],
    "539": [
        57,
        "lamp"
    ],
    "541": [
        706,
        "stack_of_papers"
    ],
    "542": [
        67,
        "armchair"
    ],
    "543": [
        124,
        "chair"
    ],
    "545": [
        116,
        "chair"
    ],
    "546": [
        56,
        "lamp"
    ],
    "547": [
        674,
        "magazine"
    ],
    "548": [
        99,
        "plant"
    ],
    "549": [
        726,
        "shelf_with_clutter"
    ],
    "550": [
        441,
        "door"
    ],
    "551": [
        314,
        "partition"
    ],
    "552": [
        203,
        "chair"
    ],
    "553": [
        109,
        "lamp"
    ],
    "554": [
        422,
        "chair"
    ],
    "555": [
        447,
        "lamp"
    ],
    "556": [
        671,
        "box"
    ],
    "557": [
        195,
        "pipe"
    ],
    "558": [
        717,
        "stack_of_papers"
    ],
    "559": [
        187,
        "lamp"
    ],
    "561": [
        457,
        "book_rack"
    ],
    "562": [
        668,
        "magazine"
    ],
    "565": [
        571,
        "table"
    ],
    "566": [
        496,
        "clutter"
    ],
    "567": [
        138,
        "clock"
    ],
    "568": [
        558,
        "chair"
    ],
    "570": [
        495,
        "printer"
    ],
    "572": [
        520,
        "plant"
    ],
    "573": [
        503,
        "stack_of_papers"
    ],
    "574": [
        143,
        "lamp"
    ],
    "575": [
        547,
        "printer"
    ],
    "576": [
        644,
        "box"
    ],
    "577": [
        608,
        "door"
    ],
    "578": [
        238,
        "chair"
    ],
    "581": [
        426,
        "pipe"
    ],
    "582": [
        33,
        "chair"
    ],
    "584": [
        405,
        "plant"
    ],
    "585": [
        711,
        "stack_of_papers"
    ],
    "586": [
        292,
        "lamp"
    ],
    "587": [
        173,
        "lamp"
    ],
    "588": [
        353,
        "bin"
    ],
    "589": [
        596,
        "picture"
    ],
    "591": [
        378,
        "stool"
    ],
    "593": [
        710,
        "stack_of_papers"
    ],
    "594": [
        329,
        "window"
    ],
    "596": [
        380,
        "stool"
    ],
    "597": [
        112,
        "lamp"
    ],
    "598": [
        240,
        "chair"
    ],
    "600": [
        205,
        "chair"
    ],
    "601": [
        715,
        "stack_of_papers"
    ],
    "602": [
        354,
        "stand"
    ],
    "603": [
        725,
        "shelf_with_clutter"
    ],
    "604": [
        665,
        "board"
    ],
    "605": [
        452,
        "lamp"
    ],
    "606": [
        559,
        "chair"
    ],
    "607": [
        294,
        "trashcan"
    ],
    "608": [
        560,
        "chair"
    ],
    "609": [
        535,
        "door"
    ],
    "610": [
        691,
        "magazine"
    ],
    "611": [
        677,
        "magazine"
    ],
    "612": [
        231,
        "chair"
    ],
    "613": [
        121,
        "chair"
    ],
    "614": [
        399,
        "lamp"
    ],
    "615": [
        196,
        "bin"
    ],
    "616": [
        632,
        "magazine"
    ],
    "617": [
        524,
        "pipe"
    ],
    "618": [
        653,
        "pot"
    ],
    "620": [
        376,
        "monitor"
    ],
    "621": [
        713,
        "stack_of_papers"
    ],
    "622": [
        356,
        "board"
    ],
    "623": [
        526,
        "chair"
    ],
    "625": [
        200,
        "chair"
    ],
    "628": [
        125,
        "chair"
    ],
    "629": [
        628,
        "magazine"
    ],
    "630": [
        613,
        "lamp"
    ],
    "634": [
        597,
        "toy"
    ],
    "635": [
        342,
        "plant"
    ],
    "636": [
        593,
        "shelf"
    ],
    "637": [
        90,
        "ceiling_pipe"
    ],
    "638": [
        26,
        "chair"
    ],
    "639": [
        184,
        "heater"
    ],
    "640": [
        651,
        "pot"
    ],
    "641": [
        147,
        "chair"
    ],
    "642": [
        398,
        "lamp"
    ],
    "643": [
        551,
        "bag"
    ],
    "644": [
        444,
        "vase"
    ],
    "645": [
        144,
        "stand"
    ],
    "646": [
        273,
        "table"
    ],
    "647": [
        170,
        "lamp"
    ],
    "648": [
        638,
        "magazine"
    ],
    "649": [
        37,
        "chair"
    ],
    "650": [
        224,
        "board"
    ],
    "652": [
        87,
        "pipe"
    ],
    "653": [
        3,
        "bin"
    ],
    "654": [
        491,
        "bin"
    ],
    "656": [
        257,
        "lamp"
    ],
    "661": [
        439,
        "chair"
    ],
    "662": [
        536,
        "shelf"
    ],
    "663": [
        300,
        "board"
    ],
    "664": [
        649,
        "pot"
    ],
    "666": [
        430,
        "lamp"
    ],
    "669": [
        606,
        "calendar"
    ],
    "671": [
        497,
        "cabinet"
    ],
    "674": [
        707,
        "stack_of_papers"
    ],
    "675": [
        338,
        "flower_vase"
    ],
    "676": [
        61,
        "wall_sign"
    ],
    "677": [
        736,
        "plant"
    ],
    "678": [
        301,
        "title"
    ],
    "679": [
        324,
        "plant"
    ],
    "680": [
        201,
        "chair"
    ],
    "682": [
        156,
        "table"
    ],
    "683": [
        113,
        "lamp"
    ],
    "684": [
        190,
        "air_conditioner"
    ],
    "685": [
        689,
        "stack_of_papers"
    ],
    "686": [
        22,
        "heater"
    ],
    "687": [
        186,
        "lamp"
    ],
    "688": [
        193,
        "board"
    ],
    "690": [
        115,
        "lamp"
    ],
    "691": [
        556,
        "clothes_hanger"
    ],
    "692": [
        411,
        "pipe"
    ],
    "693": [
        330,
        "vent"
    ],
    "695": [
        64,
        "trashcan"
    ],
    "696": [
        561,
        "chair"
    ],
    "697": [
        381,
        "stool"
    ],
    "699": [
        159,
        "air_conditioning"
    ],
    "701": [
        582,
        "lamp"
    ],
    "702": [
        331,
        "pipe"
    ],
    "703": [
        507,
        "cabinet"
    ],
    "704": [
        365,
        "partition"
    ],
    "705": [
        126,
        "table"
    ],
    "706": [
        197,
        "chair"
    ],
    "707": [
        274,
        "beanbag"
    ],
    "708": [
        478,
        "vent"
    ],
    "710": [
        662,
        "book"
    ],
    "711": [
        335,
        "clock"
    ],
    "712": [
        482,
        "binder"
    ],
    "713": [
        161,
        "pipe"
    ],
    "714": [
        92,
        "bin"
    ],
    "715": [
        584,
        "board"
    ],
    "716": [
        276,
        "beanbag"
    ],
    "717": [
        233,
        "chair"
    ],
    "718": [
        494,
        "stack_of_papers"
    ],
    "720": [
        13,
        "lamp"
    ],
    "721": [
        36,
        "chair"
    ],
    "722": [
        625,
        "pipe"
    ],
    "723": [
        456,
        "picture"
    ],
    "724": [
        580,
        "desk"
    ],
    "725": [
        701,
        "stack_of_papers"
    ],
    "726": [
        207,
        "table"
    ],
    "727": [
        578,
        "telephone"
    ],
    "729": [
        7,
        "plant"
    ],
    "730": [
        246,
        "window"
    ],
    "732": [
        604,
        "cabinet"
    ],
    "733": [
        574,
        "keyboard"
    ],
    "736": [
        43,
        "chair"
    ],
    "737": [
        326,
        "beanbag"
    ],
    "738": [
        151,
        "chair"
    ]
}