{
    "1": [
        388,
        "door"
    ],
    "2": [
        368,
        "towel"
    ],
    "4": [
        285,
        "curtain"
    ],
    "7": [
        280,
        "door"
    ],
    "9": [
        14,
        "lamp"
    ],
    "10": [
        109,
        "shoe"
    ],
    "11": [
        197,
        "pillow"
    ],
    "12": [
        69,
        "storage_box"
    ],
    "13": [
        418,
        "shelf"
    ],
    "14": [
        366,
        "faucet"
    ],
    "15": [
        128,
        "shoe"
    ],
    "16": [
        40,
        "tv"
    ],
    "18": [
        147,
        "board_game"
    ],
    "19": [
        28,
        "basket"
    ],
    "20": [
        11,
        "nightstand"
    ],
    "26": [
        207,
        "storage_bin"
    ],
    "30": [
        100,
        "closet_door"
    ],
    "31": [
        241,
        "chair"
    ],
    "32": [
        287,
        "curtain"
    ],
    "33": [
        215,
        "storage_bin"
    ],
    "36": [
        445,
        "curtain_rod"
    ],
    "39": [
        95,
        "door"
    ],
    "41": [
        88,
        "plant"
    ],
    "42": [
        441,
        "curtain_rod"
    ],
    "43": [
        155,
        "bar_chair"
    ],
    "44": [
        27,
        "chest_of_drawers"
    ],
    "45": [
        165,
        "amplifier"
    ],
    "47": [
        319,
        "soap_dispenser"
    ],
    "48": [
        384,
        "chest_of_drawers"
    ],
    "49": [
        117,
        "clothes"
    ],
    "50": [
        16,
        "door"
    ],
    "52": [
        276,
        "furniture"
    ],
    "53": [
        312,
        "drawer"
    ],
    "54": [
        92,
        "curtain_rod"
    ],
    "55": [
        268,
        "desk"
    ],
    "56": [
        131,
        "shoe"
    ],
    "57": [
        263,
        "curtain"
    ],
    "58": [
        43,
        "door"
    ],
    "60": [
        286,
        "curtain"
    ],
    "62": [
        148,
        "board_game"
    ],
    "64": [
        333,
        "pot"
    ],
    "68": [
        309,
        "cabinet"
    ],
    "69": [
        70,
        "storage_box"
    ],
    "70": [
        206,
        "storage"
    ],
    "71": [
        135,
        "picture"
    ],
    "73": [
        231,
        "door"
    ],
    "75": [
        337,
        "container"
    ],
    "76": [
        210,
        "storage_bin"
    ],
    "77": [
        22,
        "mirror"
    ],
    "78": [
        421,
        "decoration"
    ],
    "79": [
        398,
        "curtain"
    ],
    "81": [
        408,
        "window"
    ],
    "82": [
        442,
        "window"
    ],
    "83": [
        101,
        "closet_door"
    ],
    "85": [
        472,
        "door"
    ],
    "86": [
        226,
        "clock"
    ],
    "88": [
        47,
        "plant"
    ],
    "89": [
        302,
        "cabinet"
    ],
    "92": [
        200,
        "decoration"
    ],
    "93": [
        293,
        "picture"
    ],
    "94": [
        341,
        "coffee_machine"
    ],
    "96": [
        258,
        "tv_stand"
    ],
    "99": [
        405,
        "pillow"
    ],
    "101": [
        270,
        "computer_mouse"
    ],
    "104": [
        174,
        "board_game"
    ],
    "105": [
        34,
        "bed"
    ],
    "106": [
        39,
        "pillow"
    ],
    "108": [
        314,
        "drawer"
    ],
    "110": [
        212,
        "storage_bin"
    ],
    "111": [
        297,
        "window"
    ],
    "113": [
        112,
        "shoe"
    ],
    "115": [
        448,
        "pillow"
    ],
    "117": [
        317,
        "sink"
    ],
    "118": [
        318,
        "faucet"
    ],
    "119": [
        299,
        "window"
    ],
    "125": [
        397,
        "ceiling_fan"
    ],
    "126": [
        240,
        "chair"
    ],
    "127": [
        259,
        "tv"
    ],
    "128": [
        257,
        "picture"
    ],
    "130": [
        378,
        "picture"
    ],
    "131": [
        446,
        "pillow"
    ],
    "132": [
        163,
        "amplifier"
    ],
    "135": [
        161,
        "toy"
    ],
    "137": [
        192,
        "pillow"
    ],
    "140": [
        19,
        "door"
    ],
    "141": [
        178,
        "board_game"
    ],
    "142": [
        369,
        "towel"
    ],
    "143": [
        190,
        "l"
    ],
    "144": [
        64,
        "storage_box"
    ],
    "145": [
        361,
        "towel_bar"
    ],
    "149": [
        156,
        "bar_chair"
    ],
    "151": [
        31,
        "curtain"
    ],
    "152": [
        129,
        "shoe"
    ],
    "153": [
        73,
        "book"
    ],
    "155": [
        449,
        "furniture"
    ],
    "156": [
        189,
        "picture"
    ],
    "157": [
        444,
        "curtain"
    ],
    "158": [
        37,
        "pillow"
    ],
    "160": [
        116,
        "hanging_clothes"
    ],
    "162": [
        343,
        "shelf"
    ],
    "165": [
        328,
        "shelf"
    ],
    "167": [
        242,
        "shelving"
    ],
    "170": [
        63,
        "shelving"
    ],
    "172": [
        315,
        "cabinet"
    ],
    "173": [
        152,
        "door"
    ],
    "174": [
        243,
        "dvd"
    ],
    "175": [
        305,
        "table"
    ],
    "176": [
        438,
        "window"
    ],
    "177": [
        284,
        "window"
    ],
    "179": [
        436,
        "window"
    ],
    "180": [
        6,
        "window"
    ],
    "181": [
        489,
        "door"
    ],
    "186": [
        367,
        "soap_dispenser"
    ],
    "188": [
        67,
        "storage_box"
    ],
    "189": [
        151,
        "door"
    ],
    "190": [
        74,
        "book"
    ],
    "191": [
        191,
        "pillow"
    ],
    "192": [
        447,
        "pillow"
    ],
    "193": [
        66,
        "storage_box"
    ],
    "194": [
        399,
        "curtain"
    ],
    "196": [
        364,
        "toilet_paper"
    ],
    "198": [
        459,
        "basket_of_something"
    ],
    "199": [
        48,
        "alarm_clock"
    ],
    "201": [
        213,
        "storage_bin"
    ],
    "203": [
        412,
        "decoration"
    ],
    "204": [
        154,
        "island"
    ],
    "205": [
        125,
        "shoe"
    ],
    "206": [
        208,
        "storage_bin"
    ],
    "207": [
        300,
        "cabinet"
    ],
    "208": [
        118,
        "hanging_clothes"
    ],
    "209": [
        169,
        "board_game"
    ],
    "211": [
        57,
        "chest_of_drawers"
    ],
    "214": [
        327,
        "refrigerator"
    ],
    "219": [
        184,
        "book"
    ],
    "220": [
        307,
        "cabinet"
    ],
    "221": [
        142,
        "shelving"
    ],
    "222": [
        279,
        "pot"
    ],
    "223": [
        228,
        "shelving"
    ],
    "224": [
        370,
        "door"
    ],
    "225": [
        322,
        "plant"
    ],
    "226": [
        78,
        "door"
    ],
    "227": [
        266,
        "ceiling_fan"
    ],
    "228": [
        120,
        "shoe"
    ],
    "231": [
        119,
        "clothes_hanger_rod"
    ],
    "234": [
        365,
        "bathroom_cabinet"
    ],
    "235": [
        443,
        "curtain"
    ],
    "236": [
        371,
        "bathtub"
    ],
    "239": [
        160,
        "toy"
    ],
    "241": [
        126,
        "shoe"
    ],
    "246": [
        194,
        "pillow"
    ],
    "247": [
        123,
        "shoe"
    ],
    "248": [
        172,
        "board_game"
    ],
    "249": [
        9,
        "window"
    ],
    "250": [
        290,
        "rug"
    ],
    "251": [
        457,
        "table"
    ],
    "252": [
        98,
        "picture"
    ],
    "257": [
        80,
        "ceiling_lamp"
    ],
    "258": [
        269,
        "keyboard"
    ],
    "260": [
        38,
        "pillow"
    ],
    "262": [
        430,
        "frame"
    ],
    "263": [
        311,
        "drawer"
    ],
    "264": [
        211,
        "storage_bin"
    ],
    "265": [
        99,
        "closet_door"
    ],
    "266": [
        13,
        "nightstand"
    ],
    "267": [
        121,
        "rack"
    ],
    "268": [
        124,
        "shoe"
    ],
    "271": [
        35,
        "pillow"
    ],
    "272": [
        335,
        "window"
    ],
    "273": [
        193,
        "pillow"
    ],
    "274": [
        440,
        "curtain"
    ],
    "276": [
        143,
        "board_game"
    ],
    "278": [
        403,
        "pillow"
    ],
    "280": [
        61,
        "curtain"
    ],
    "281": [
        291,
        "curtain_rod"
    ],
    "282": [
        175,
        "board_game"
    ],
    "283": [
        326,
        "dishwasher"
    ],
    "284": [
        59,
        "chest_of_drawers"
    ],
    "285": [
        176,
        "board_game"
    ],
    "287": [
        452,
        "plant"
    ],
    "288": [
        198,
        "blanket"
    ],
    "293": [
        146,
        "board_game"
    ],
    "294": [
        308,
        "cabinet"
    ],
    "295": [
        386,
        "backpack"
    ],
    "297": [
        71,
        "storage_box"
    ],
    "299": [
        60,
        "curtain"
    ],
    "301": [
        410,
        "curtain_rod"
    ],
    "302": [
        456,
        "rug"
    ],
    "303": [
        113,
        "shoe"
    ],
    "306": [
        407,
        "door"
    ],
    "307": [
        214,
        "storage_bin"
    ],
    "308": [
        196,
        "pillow"
    ],
    "310": [
        2,
        "decoration"
    ],
    "311": [
        251,
        "basket_of_something"
    ],
    "312": [
        94,
        "curtain"
    ],
    "313": [
        86,
        "chest_of_drawers"
    ],
    "314": [
        362,
        "toilet"
    ],
    "315": [
        303,
        "chair"
    ],
    "316": [
        30,
        "ceiling_fan"
    ],
    "317": [
        195,
        "pillow"
    ],
    "319": [
        329,
        "container"
    ],
    "320": [
        12,
        "lamp"
    ],
    "321": [
        275,
        "armchair"
    ],
    "322": [
        395,
        "curtain"
    ],
    "323": [
        149,
        "board_game"
    ],
    "324": [
        239,
        "table"
    ],
    "325": [
        177,
        "board_game"
    ],
    "326": [
        342,
        "container"
    ],
    "327": [
        415,
        "rug"
    ],
    "329": [
        10,
        "curtain"
    ],
    "330": [
        5,
        "picture"
    ],
    "331": [
        247,
        "dvd"
    ],
    "332": [
        271,
        "notebook"
    ],
    "333": [
        183,
        "book"
    ],
    "335": [
        340,
        "container"
    ],
    "336": [
        332,
        "pot"
    ],
    "338": [
        420,
        "shelf"
    ],
    "339": [
        382,
        "lamp"
    ],
    "341": [
        348,
        "ceiling_fan"
    ],
    "342": [
        325,
        "stove"
    ],
    "345": [
        360,
        "towel"
    ],
    "347": [
        180,
        "book"
    ],
    "348": [
        93,
        "curtain"
    ],
    "349": [
        423,
        "shelf"
    ],
    "350": [
        108,
        "rack"
    ],
    "352": [
        283,
        "door"
    ],
    "353": [
        347,
        "pot"
    ],
    "355": [
        107,
        "bag"
    ],
    "356": [
        230,
        "door"
    ],
    "358": [
        295,
        "picture"
    ],
    "359": [
        87,
        "lamp"
    ],
    "360": [
        157,
        "tray"
    ],
    "361": [
        216,
        "storage_bin"
    ],
    "364": [
        181,
        "book"
    ],
    "365": [
        68,
        "storage_box"
    ],
    "366": [
        429,
        "door"
    ],
    "368": [
        91,
        "window"
    ],
    "369": [
        450,
        "lamp"
    ],
    "370": [
        170,
        "board_game"
    ],
    "372": [
        76,
        "vase"
    ],
    "373": [
        106,
        "clothes"
    ],
    "374": [
        273,
        "monitor"
    ],
    "375": [
        385,
        "hanger"
    ],
    "377": [
        419,
        "decoration"
    ],
    "379": [
        338,
        "container"
    ],
    "380": [
        218,
        "storage_bin"
    ],
    "382": [
        331,
        "knife_holder"
    ],
    "383": [
        102,
        "closet_door"
    ],
    "384": [
        115,
        "hanger"
    ],
    "385": [
        144,
        "board_game"
    ],
    "386": [
        387,
        "hanging_clothes"
    ],
    "387": [
        426,
        "couch"
    ],
    "388": [
        402,
        "bed"
    ],
    "389": [
        424,
        "plant"
    ],
    "390": [
        411,
        "curtain_rod"
    ],
    "392": [
        199,
        "lamp"
    ],
    "393": [
        164,
        "amplifier"
    ],
    "394": [
        110,
        "shoe"
    ],
    "395": [
        306,
        "bowl_of_fruit"
    ],
    "396": [
        413,
        "decoration"
    ],
    "397": [
        404,
        "pillow"
    ],
    "401": [
        246,
        "dvd"
    ],
    "402": [
        248,
        "dvd"
    ],
    "405": [
        262,
        "window"
    ],
    "406": [
        111,
        "shoe"
    ],
    "407": [
        278,
        "plant"
    ],
    "408": [
        127,
        "shoe"
    ],
    "412": [
        182,
        "book"
    ],
    "414": [
        390,
        "shelving"
    ],
    "415": [
        171,
        "board_game"
    ],
    "416": [
        65,
        "storage_box"
    ],
    "418": [
        130,
        "shoe"
    ],
    "420": [
        473,
        "hanger"
    ],
    "423": [
        75,
        "book"
    ],
    "424": [
        244,
        "dvd"
    ],
    "426": [
        274,
        "book"
    ],
    "427": [
        372,
        "shower_curtain"
    ],
    "429": [
        363,
        "toilet_paper_dispenser"
    ],
    "433": [
        58,
        "armchair"
    ],
    "434": [
        132,
        "shoe"
    ],
    "435": [
        301,
        "cabinet"
    ],
    "436": [
        209,
        "storage_bin"
    ],
    "438": [
        267,
        "chair"
    ],
    "441": [
        377,
        "picture"
    ],
    "443": [
        330,
        "kitchen_utensil"
    ],
    "447": [
        122,
        "shoe"
    ],
    "448": [
        344,
        "shelf"
    ],
    "453": [
        400,
        "window"
    ],
    "455": [
        133,
        "shoe"
    ],
    "456": [
        222,
        "screen"
    ],
    "460": [
        439,
        "curtain"
    ],
    "462": [
        104,
        "ceiling_lamp"
    ],
    "463": [
        316,
        "worktop"
    ],
    "464": [
        409,
        "curtain"
    ],
    "471": [
        435,
        "armchair"
    ],
    "474": [
        321,
        "paper_towel"
    ],
    "475": [
        437,
        "window"
    ],
    "476": [
        433,
        "door"
    ],
    "477": [
        72,
        "plant"
    ],
    "479": [
        145,
        "board_game"
    ],
    "481": [
        345,
        "plant"
    ],
    "483": [
        168,
        "board_game"
    ],
    "484": [
        217,
        "storage_bin"
    ],
    "485": [
        393,
        "toy"
    ],
    "487": [
        245,
        "dvd"
    ],
    "489": [
        150,
        "board_game"
    ],
    "490": [
        162,
        "toy"
    ],
    "491": [
        304,
        "chair"
    ],
    "492": [
        339,
        "container"
    ],
    "493": [
        173,
        "board_game"
    ]
}