{
    "2": [
        134,
        "toilet"
    ],
    "6": [
        64,
        "pillow"
    ],
    "7": [
        100,
        "curtain_rod"
    ],
    "8": [
        276,
        "shelf"
    ],
    "9": [
        143,
        "detergent"
    ],
    "10": [
        136,
        "window"
    ],
    "11": [
        302,
        "window"
    ],
    "12": [
        250,
        "box"
    ],
    "13": [
        379,
        "picture"
    ],
    "15": [
        163,
        "cabinet"
    ],
    "16": [
        367,
        "picture"
    ],
    "19": [
        71,
        "curtain"
    ],
    "20": [
        72,
        "curtain"
    ],
    "21": [
        73,
        "glass"
    ],
    "23": [
        393,
        "picture"
    ],
    "29": [
        253,
        "knife_holder"
    ],
    "32": [
        99,
        "curtain"
    ],
    "33": [
        110,
        "chair"
    ],
    "34": [
        15,
        "clothes"
    ],
    "35": [
        113,
        "picture"
    ],
    "36": [
        159,
        "pillow"
    ],
    "37": [
        321,
        "picture"
    ],
    "38": [
        375,
        "picture"
    ],
    "39": [
        388,
        "picture"
    ],
    "40": [
        223,
        "jar"
    ],
    "41": [
        294,
        "plate"
    ],
    "42": [
        396,
        "picture"
    ],
    "45": [
        46,
        "beanbag"
    ],
    "48": [
        399,
        "picture"
    ],
    "49": [
        364,
        "picture"
    ],
    "50": [
        198,
        "table"
    ],
    "51": [
        6,
        "glass"
    ],
    "52": [
        66,
        "pillow"
    ],
    "55": [
        238,
        "chair"
    ],
    "57": [
        371,
        "picture"
    ],
    "58": [
        386,
        "picture"
    ],
    "59": [
        12,
        "door"
    ],
    "60": [
        245,
        "picture"
    ],
    "61": [
        105,
        "board"
    ],
    "62": [
        208,
        "bottles"
    ],
    "63": [
        165,
        "curtain"
    ],
    "64": [
        333,
        "glass"
    ],
    "65": [
        263,
        "kitchen_cabinet"
    ],
    "66": [
        62,
        "table"
    ],
    "67": [
        55,
        "picture"
    ],
    "68": [
        7,
        "glass"
    ],
    "71": [
        370,
        "picture"
    ],
    "72": [
        68,
        "couch"
    ],
    "73": [
        372,
        "picture"
    ],
    "74": [
        178,
        "pillow"
    ],
    "76": [
        19,
        "cabinet"
    ],
    "77": [
        172,
        "mirror"
    ],
    "78": [
        180,
        "bed"
    ],
    "80": [
        378,
        "picture"
    ],
    "82": [
        345,
        "towel"
    ],
    "84": [
        300,
        "box"
    ],
    "85": [
        98,
        "curtain"
    ],
    "86": [
        175,
        "globe"
    ],
    "87": [
        385,
        "picture"
    ],
    "88": [
        9,
        "lamp"
    ],
    "89": [
        350,
        "heater"
    ],
    "91": [
        218,
        "box"
    ],
    "94": [
        403,
        "picture"
    ],
    "96": [
        191,
        "picture"
    ],
    "97": [
        397,
        "picture"
    ],
    "98": [
        355,
        "carpet"
    ],
    "99": [
        179,
        "pillow"
    ],
    "100": [
        196,
        "curtain"
    ],
    "101": [
        210,
        "book"
    ],
    "102": [
        373,
        "picture"
    ],
    "103": [
        184,
        "picture"
    ],
    "104": [
        338,
        "cabinet"
    ],
    "105": [
        156,
        "door"
    ],
    "106": [
        96,
        "picture"
    ],
    "107": [
        360,
        "picture"
    ],
    "109": [
        359,
        "picture"
    ],
    "110": [
        248,
        "trashcan"
    ],
    "111": [
        368,
        "picture"
    ],
    "113": [
        339,
        "bottle"
    ],
    "114": [
        131,
        "toilet_paper"
    ],
    "115": [
        108,
        "laptop"
    ],
    "116": [
        117,
        "bin"
    ],
    "117": [
        24,
        "lamp"
    ],
    "118": [
        220,
        "box"
    ],
    "120": [
        381,
        "picture"
    ],
    "121": [
        404,
        "vent"
    ],
    "122": [
        277,
        "cabinet"
    ],
    "123": [
        390,
        "picture"
    ],
    "125": [
        152,
        "vacuum_cleaner"
    ],
    "126": [
        334,
        "glass"
    ],
    "127": [
        26,
        "cabinet"
    ],
    "128": [
        297,
        "basket"
    ],
    "130": [
        331,
        "toilet"
    ],
    "131": [
        195,
        "curtain"
    ],
    "133": [
        392,
        "picture"
    ],
    "134": [
        269,
        "sink"
    ],
    "135": [
        265,
        "toaster"
    ],
    "136": [
        48,
        "pillow"
    ],
    "137": [
        166,
        "wardrobe"
    ],
    "138": [
        174,
        "wardrobe"
    ],
    "140": [
        102,
        "glass"
    ],
    "141": [
        45,
        "box"
    ],
    "142": [
        21,
        "tv"
    ],
    "143": [
        138,
        "clothes_dryer"
    ],
    "144": [
        82,
        "window"
    ],
    "146": [
        240,
        "plates"
    ],
    "147": [
        346,
        "bath"
    ],
    "149": [
        227,
        "ironing_board"
    ],
    "150": [
        255,
        "clutter"
    ],
    "151": [
        241,
        "table"
    ],
    "152": [
        209,
        "book"
    ],
    "153": [
        190,
        "picture"
    ],
    "154": [
        291,
        "picture"
    ],
    "155": [
        211,
        "box"
    ],
    "156": [
        28,
        "bin"
    ],
    "157": [
        192,
        "picture"
    ],
    "158": [
        335,
        "blinds"
    ],
    "161": [
        289,
        "picture"
    ],
    "162": [
        376,
        "picture"
    ],
    "163": [
        4,
        "glass"
    ],
    "164": [
        188,
        "picture"
    ],
    "165": [
        366,
        "picture"
    ],
    "168": [
        119,
        "cabinet"
    ],
    "170": [
        206,
        "desk"
    ],
    "172": [
        51,
        "lamp"
    ],
    "175": [
        10,
        "cloth"
    ],
    "176": [
        148,
        "bottle_of_detergent"
    ],
    "177": [
        356,
        "carpet"
    ],
    "178": [
        164,
        "glass"
    ],
    "179": [
        109,
        "book"
    ],
    "180": [
        224,
        "fireplace"
    ],
    "181": [
        52,
        "door"
    ],
    "182": [
        160,
        "pillow"
    ],
    "184": [
        112,
        "lamp"
    ],
    "185": [
        271,
        "window"
    ],
    "186": [
        146,
        "washing_machine"
    ],
    "187": [
        342,
        "bottle"
    ],
    "188": [
        215,
        "book"
    ],
    "190": [
        144,
        "shelf"
    ],
    "191": [
        216,
        "box"
    ],
    "192": [
        118,
        "bin"
    ],
    "193": [
        279,
        "curtain"
    ],
    "198": [
        363,
        "picture"
    ],
    "199": [
        260,
        "kitchen_cabinet"
    ],
    "200": [
        29,
        "bed"
    ],
    "201": [
        122,
        "picture"
    ],
    "203": [
        353,
        "lamp"
    ],
    "204": [
        332,
        "cabinet"
    ],
    "205": [
        207,
        "book"
    ],
    "206": [
        20,
        "cabinet"
    ],
    "208": [
        341,
        "shelf"
    ],
    "211": [
        262,
        "kitchen_cabinet"
    ],
    "212": [
        307,
        "heater"
    ],
    "213": [
        76,
        "glass"
    ],
    "216": [
        298,
        "table"
    ],
    "218": [
        186,
        "picture"
    ],
    "220": [
        106,
        "picture"
    ],
    "221": [
        58,
        "table"
    ],
    "222": [
        123,
        "picture"
    ],
    "223": [
        236,
        "chair"
    ],
    "224": [
        5,
        "glass"
    ],
    "225": [
        149,
        "pipe"
    ],
    "226": [
        25,
        "lamp"
    ],
    "228": [
        56,
        "fireplace"
    ],
    "229": [
        11,
        "cloth"
    ],
    "232": [
        16,
        "clothes"
    ],
    "235": [
        290,
        "picture"
    ],
    "236": [
        259,
        "kitchen_cabinet"
    ],
    "238": [
        394,
        "picture"
    ],
    "239": [
        268,
        "kitchen_utensil"
    ],
    "240": [
        249,
        "trashcan"
    ],
    "241": [
        305,
        "board"
    ],
    "242": [
        377,
        "picture"
    ],
    "244": [
        135,
        "toilet_paper"
    ],
    "245": [
        185,
        "picture"
    ],
    "247": [
        237,
        "chair"
    ],
    "248": [
        256,
        "clutter"
    ],
    "250": [
        50,
        "couch"
    ],
    "251": [
        312,
        "railing"
    ],
    "252": [
        94,
        "picture"
    ],
    "256": [
        32,
        "curtain"
    ],
    "257": [
        292,
        "lamp"
    ],
    "260": [
        97,
        "heater"
    ],
    "261": [
        401,
        "picture"
    ],
    "262": [
        81,
        "window"
    ],
    "263": [
        107,
        "stack_of_papers"
    ],
    "264": [
        120,
        "door"
    ],
    "265": [
        402,
        "picture"
    ],
    "266": [
        30,
        "bench"
    ],
    "267": [
        197,
        "bin"
    ],
    "270": [
        252,
        "jar"
    ],
    "271": [
        137,
        "window"
    ],
    "273": [
        233,
        "vase"
    ],
    "274": [
        266,
        "oven_and_stove"
    ],
    "275": [
        257,
        "kitchen_cabinet"
    ],
    "276": [
        380,
        "picture"
    ],
    "280": [
        199,
        "heater"
    ],
    "281": [
        8,
        "picture"
    ],
    "282": [
        361,
        "picture"
    ],
    "283": [
        59,
        "picture"
    ],
    "284": [
        162,
        "armchair"
    ],
    "286": [
        374,
        "picture"
    ],
    "287": [
        54,
        "heater"
    ],
    "290": [
        133,
        "detergent"
    ],
    "291": [
        369,
        "picture"
    ],
    "292": [
        65,
        "pillow"
    ],
    "293": [
        173,
        "mirror"
    ],
    "294": [
        2,
        "glass"
    ],
    "296": [
        365,
        "picture"
    ],
    "297": [
        232,
        "plant"
    ],
    "298": [
        14,
        "heater"
    ],
    "299": [
        151,
        "shelf"
    ],
    "301": [
        270,
        "table"
    ],
    "303": [
        239,
        "chair"
    ],
    "304": [
        293,
        "lamp"
    ],
    "305": [
        49,
        "pillow"
    ],
    "306": [
        244,
        "glass"
    ],
    "308": [
        3,
        "glass"
    ],
    "309": [
        251,
        "coffee_machine"
    ],
    "311": [
        219,
        "rack"
    ],
    "312": [
        358,
        "picture"
    ],
    "313": [
        304,
        "mirror"
    ],
    "314": [
        63,
        "pillow"
    ],
    "315": [
        27,
        "cabinet"
    ],
    "316": [
        309,
        "window"
    ],
    "317": [
        340,
        "bottle"
    ],
    "318": [
        299,
        "clothes"
    ],
    "319": [
        167,
        "shelf"
    ],
    "321": [
        273,
        "shelf"
    ],
    "322": [
        274,
        "bag"
    ],
    "325": [
        357,
        "glass"
    ],
    "326": [
        67,
        "pillow"
    ],
    "327": [
        203,
        "door"
    ],
    "329": [
        288,
        "picture"
    ],
    "330": [
        247,
        "shelf"
    ],
    "332": [
        194,
        "window"
    ],
    "333": [
        246,
        "pot"
    ],
    "335": [
        349,
        "door"
    ],
    "337": [
        18,
        "clothes"
    ],
    "339": [
        161,
        "pillow"
    ],
    "340": [
        243,
        "heater"
    ],
    "341": [
        101,
        "glass"
    ],
    "343": [
        213,
        "rack"
    ],
    "344": [
        267,
        "kettle"
    ],
    "345": [
        70,
        "table"
    ],
    "346": [
        74,
        "glass"
    ],
    "348": [
        217,
        "box"
    ],
    "350": [
        200,
        "door"
    ],
    "351": [
        75,
        "glass"
    ],
    "352": [
        234,
        "chair"
    ],
    "354": [
        95,
        "picture"
    ],
    "355": [
        316,
        "cabinet"
    ],
    "356": [
        382,
        "picture"
    ],
    "357": [
        111,
        "stacked_chair"
    ],
    "358": [
        254,
        "clutter"
    ],
    "359": [
        61,
        "lamp"
    ],
    "360": [
        145,
        "cabinet"
    ],
    "361": [
        104,
        "book"
    ],
    "362": [
        362,
        "picture"
    ],
    "363": [
        116,
        "desk"
    ],
    "364": [
        295,
        "chair"
    ],
    "365": [
        33,
        "curtain"
    ],
    "366": [
        389,
        "picture"
    ],
    "367": [
        398,
        "picture"
    ],
    "371": [
        147,
        "washing_machine"
    ],
    "372": [
        258,
        "kitchen_cabinet"
    ],
    "373": [
        261,
        "kitchen_cabinet"
    ],
    "374": [
        158,
        "heater"
    ],
    "376": [
        57,
        "tv"
    ],
    "377": [
        80,
        "window"
    ],
    "378": [
        60,
        "picture"
    ],
    "379": [
        205,
        "box"
    ],
    "381": [
        177,
        "bedside_cabinet"
    ],
    "382": [
        87,
        "box"
    ],
    "383": [
        235,
        "chair"
    ],
    "384": [
        193,
        "picture"
    ],
    "385": [
        322,
        "picture"
    ],
    "387": [
        348,
        "box"
    ],
    "388": [
        142,
        "pipe"
    ],
    "389": [
        395,
        "picture"
    ],
    "390": [
        17,
        "cabinet"
    ],
    "391": [
        141,
        "sink"
    ],
    "392": [
        47,
        "pillow"
    ],
    "393": [
        308,
        "door"
    ],
    "394": [
        383,
        "picture"
    ],
    "396": [
        391,
        "picture"
    ],
    "397": [
        278,
        "window"
    ],
    "398": [
        189,
        "picture"
    ],
    "400": [
        132,
        "detergent"
    ],
    "403": [
        400,
        "picture"
    ]
}