{
    "1": [
        386,
        "window"
    ],
    "4": [
        226,
        "doorpost"
    ],
    "6": [
        241,
        "support_beam"
    ],
    "9": [
        174,
        "wall_lamp"
    ],
    "10": [
        384,
        "window"
    ],
    "14": [
        737,
        "doorpost"
    ],
    "15": [
        177,
        "toilet_paper"
    ],
    "19": [
        138,
        "wall_lamp"
    ],
    "21": [
        785,
        "pillow"
    ],
    "22": [
        389,
        "support_beam"
    ],
    "26": [
        717,
        "soap_dispenser"
    ],
    "27": [
        319,
        "vase"
    ],
    "28": [
        314,
        "floor_lamp"
    ],
    "29": [
        732,
        "support_beam"
    ],
    "36": [
        337,
        "pillow"
    ],
    "37": [
        432,
        "flowerpot"
    ],
    "39": [
        558,
        "window_curtain"
    ],
    "43": [
        563,
        "support_beam"
    ],
    "44": [
        187,
        "door"
    ],
    "45": [
        425,
        "chair"
    ],
    "47": [
        580,
        "lamp"
    ],
    "48": [
        74,
        "storage_bin"
    ],
    "49": [
        60,
        "basket"
    ],
    "50": [
        426,
        "chair"
    ],
    "56": [
        98,
        "support_beam"
    ],
    "57": [
        702,
        "toilet"
    ],
    "62": [
        679,
        "lamp"
    ],
    "65": [
        47,
        "wall_lamp"
    ],
    "67": [
        172,
        "vent"
    ],
    "69": [
        406,
        "sink"
    ],
    "70": [
        722,
        "toilet_paper"
    ],
    "71": [
        760,
        "chest_of_drawers"
    ],
    "72": [
        400,
        "window_curtain"
    ],
    "73": [
        390,
        "support_beam"
    ],
    "78": [
        308,
        "support_beam"
    ],
    "79": [
        614,
        "support_beam"
    ],
    "80": [
        56,
        "lamp"
    ],
    "82": [
        97,
        "wall_lamp"
    ],
    "86": [
        320,
        "book"
    ],
    "88": [
        306,
        "support_beam"
    ],
    "89": [
        622,
        "bed_comforter"
    ],
    "92": [
        718,
        "shower_curtain"
    ],
    "93": [
        344,
        "pillow"
    ],
    "94": [
        480,
        "support_beam"
    ],
    "96": [
        48,
        "kitchen_table"
    ],
    "99": [
        517,
        "support_beam"
    ],
    "100": [
        570,
        "pillow"
    ],
    "101": [
        668,
        "support_beam"
    ],
    "102": [
        662,
        "window_curtain"
    ],
    "104": [
        534,
        "basket_of_something"
    ],
    "105": [
        401,
        "curtain"
    ],
    "108": [
        224,
        "door"
    ],
    "109": [
        535,
        "storage_bin"
    ],
    "110": [
        118,
        "wall_lamp"
    ],
    "112": [
        398,
        "window_curtain"
    ],
    "113": [
        405,
        "oven"
    ],
    "114": [
        774,
        "doorpost"
    ],
    "115": [
        437,
        "bench"
    ],
    "116": [
        727,
        "wall_lamp"
    ],
    "118": [
        338,
        "pillow"
    ],
    "119": [
        336,
        "pillow"
    ],
    "120": [
        139,
        "thermostat"
    ],
    "122": [
        402,
        "kitchen_cabinet"
    ],
    "126": [
        310,
        "support_beam"
    ],
    "127": [
        771,
        "nightstand"
    ],
    "128": [
        481,
        "support_beam"
    ],
    "129": [
        102,
        "pillow"
    ],
    "134": [
        155,
        "mirror"
    ],
    "140": [
        574,
        "bed_comforter"
    ],
    "143": [
        68,
        "kitchen_lower_cabinet"
    ],
    "149": [
        100,
        "bed"
    ],
    "150": [
        21,
        "recycle_bin"
    ],
    "151": [
        23,
        "folding_chair"
    ],
    "152": [
        416,
        "table"
    ],
    "154": [
        557,
        "window_curtain"
    ],
    "156": [
        770,
        "nightstand"
    ],
    "160": [
        332,
        "chair"
    ],
    "161": [
        630,
        "window"
    ],
    "174": [
        18,
        "vent"
    ],
    "175": [
        179,
        "trash_can"
    ],
    "176": [
        312,
        "wall_lamp"
    ],
    "178": [
        300,
        "window"
    ],
    "179": [
        635,
        "bedframe"
    ],
    "182": [
        16,
        "counter_door"
    ],
    "186": [
        391,
        "support_beam"
    ],
    "188": [
        681,
        "chimney"
    ],
    "189": [
        697,
        "soap_dispenser"
    ],
    "190": [
        518,
        "support_beam"
    ],
    "191": [
        769,
        "pillow"
    ],
    "192": [
        295,
        "window"
    ],
    "193": [
        385,
        "window"
    ],
    "194": [
        431,
        "flowerpot"
    ],
    "195": [
        694,
        "shower_curtain"
    ],
    "197": [
        623,
        "towel"
    ],
    "198": [
        64,
        "support_beam"
    ],
    "201": [
        667,
        "support_beam"
    ],
    "203": [
        46,
        "wall_lamp"
    ],
    "205": [
        678,
        "lamp"
    ],
    "209": [
        119,
        "sauna_heater"
    ],
    "210": [
        575,
        "towel"
    ],
    "212": [
        615,
        "bed"
    ],
    "213": [
        705,
        "wall_lamp"
    ],
    "218": [
        387,
        "door"
    ],
    "221": [
        43,
        "flowerpot"
    ],
    "222": [
        404,
        "kitchen_counter"
    ],
    "223": [
        99,
        "support_beam"
    ],
    "224": [
        786,
        "towel"
    ],
    "225": [
        315,
        "easy_chair"
    ],
    "226": [
        736,
        "vent"
    ],
    "228": [
        577,
        "door"
    ],
    "229": [
        610,
        "support_beam"
    ],
    "231": [
        781,
        "pillow"
    ],
    "232": [
        731,
        "support_beam"
    ],
    "233": [
        427,
        "bowl_of_fruit"
    ],
    "234": [
        680,
        "electrical_box"
    ],
    "236": [
        76,
        "dishrag"
    ],
    "237": [
        696,
        "towel"
    ],
    "239": [
        78,
        "dustpan"
    ],
    "241": [
        159,
        "bin"
    ],
    "242": [
        318,
        "shelving"
    ],
    "243": [
        330,
        "coffee_table"
    ],
    "244": [
        582,
        "wall_lamp"
    ],
    "245": [
        57,
        "shelf_cubby"
    ],
    "248": [
        407,
        "sink"
    ],
    "252": [
        340,
        "pillow"
    ],
    "253": [
        317,
        "decorative_plant"
    ],
    "257": [
        487,
        "curtain"
    ],
    "258": [
        782,
        "pillow"
    ],
    "260": [
        703,
        "washbasin"
    ],
    "261": [
        583,
        "doorpost"
    ],
    "262": [
        156,
        "wall_lamp"
    ],
    "263": [
        626,
        "nightstand"
    ],
    "264": [
        773,
        "lamp"
    ],
    "265": [
        735,
        "bidet"
    ],
    "266": [
        576,
        "towel"
    ],
    "271": [
        396,
        "ceiling_lamp"
    ],
    "274": [
        66,
        "support_beam"
    ],
    "275": [
        411,
        "coffee_maker"
    ],
    "279": [
        157,
        "washbasin"
    ],
    "280": [
        568,
        "bed"
    ],
    "285": [
        625,
        "nightstand"
    ],
    "293": [
        450,
        "shelf"
    ],
    "294": [
        616,
        "bed"
    ],
    "298": [
        695,
        "bathtub"
    ],
    "300": [
        94,
        "wardrobe"
    ],
    "302": [
        95,
        "wall_lamp"
    ],
    "303": [
        343,
        "pillow"
    ],
    "304": [
        613,
        "window_curtain"
    ],
    "307": [
        301,
        "door"
    ],
    "311": [
        327,
        "easy_chair"
    ],
    "312": [
        485,
        "ceiling_lamp"
    ],
    "313": [
        417,
        "chair"
    ],
    "315": [
        698,
        "shower_rail"
    ],
    "316": [
        345,
        "blanket"
    ],
    "317": [
        631,
        "window"
    ],
    "319": [
        434,
        "trashcan"
    ],
    "320": [
        322,
        "book"
    ],
    "321": [
        619,
        "pillow"
    ],
    "324": [
        436,
        "bench"
    ],
    "326": [
        561,
        "support_beam"
    ],
    "329": [
        297,
        "window"
    ],
    "331": [
        15,
        "board"
    ],
    "332": [
        730,
        "shower_rail"
    ],
    "333": [
        430,
        "flowerpot"
    ],
    "334": [
        415,
        "basket"
    ],
    "337": [
        571,
        "pillow"
    ],
    "339": [
        728,
        "wall_lamp"
    ],
    "341": [
        240,
        "support_beam"
    ],
    "344": [
        243,
        "support_beam"
    ],
    "346": [
        493,
        "doorpost"
    ],
    "350": [
        608,
        "support_beam"
    ],
    "351": [
        637,
        "chair"
    ],
    "353": [
        699,
        "trash_can"
    ],
    "354": [
        650,
        "door"
    ],
    "355": [
        607,
        "support_beam"
    ],
    "356": [
        491,
        "doorpost"
    ],
    "359": [
        34,
        "doorpost"
    ],
    "360": [
        715,
        "bathtub"
    ],
    "361": [
        511,
        "coat_rack"
    ],
    "362": [
        101,
        "pillow"
    ],
    "363": [
        725,
        "soap_dispenser"
    ],
    "364": [
        422,
        "chair"
    ],
    "366": [
        134,
        "support_beam"
    ],
    "369": [
        609,
        "support_beam"
    ],
    "370": [
        707,
        "door"
    ],
    "373": [
        723,
        "towel"
    ],
    "374": [
        442,
        "support_beam"
    ],
    "375": [
        180,
        "toilet"
    ],
    "376": [
        719,
        "toilet"
    ],
    "377": [
        17,
        "ventilation"
    ],
    "378": [
        62,
        "sofa_set"
    ],
    "379": [
        560,
        "support_beam"
    ],
    "380": [
        181,
        "toilet_cleaner"
    ],
    "382": [
        676,
        "nightstand"
    ],
    "383": [
        248,
        "window"
    ],
    "385": [
        435,
        "fireplace"
    ],
    "388": [
        566,
        "nightstand"
    ],
    "391": [
        20,
        "pipe"
    ],
    "394": [
        302,
        "door"
    ],
    "395": [
        409,
        "container"
    ],
    "397": [
        75,
        "storage_bin"
    ],
    "399": [
        551,
        "window"
    ],
    "400": [
        103,
        "bath_towel"
    ],
    "401": [
        636,
        "door"
    ],
    "402": [
        516,
        "support_beam"
    ],
    "404": [
        298,
        "window"
    ],
    "405": [
        669,
        "support_beam"
    ],
    "414": [
        510,
        "door"
    ],
    "416": [
        766,
        "pillow"
    ],
    "417": [
        693,
        "vent"
    ],
    "418": [
        135,
        "support_beam"
    ],
    "419": [
        394,
        "support_beam"
    ],
    "420": [
        765,
        "bed"
    ],
    "421": [
        762,
        "support_beam"
    ],
    "426": [
        733,
        "support_beam"
    ],
    "427": [
        564,
        "nightstand"
    ],
    "428": [
        399,
        "window_curtain"
    ],
    "429": [
        71,
        "sink"
    ],
    "430": [
        69,
        "oven"
    ],
    "431": [
        326,
        "easy_chair"
    ],
    "432": [
        729,
        "wall_lamp"
    ],
    "433": [
        757,
        "window_curtain"
    ],
    "434": [
        767,
        "pillow"
    ],
    "436": [
        569,
        "pillow"
    ],
    "437": [
        335,
        "pillow"
    ],
    "438": [
        671,
        "bed"
    ],
    "440": [
        104,
        "bath_towel"
    ],
    "441": [
        307,
        "support_beam"
    ],
    "443": [
        775,
        "door"
    ],
    "444": [
        451,
        "shelf"
    ],
    "446": [
        764,
        "support_beam"
    ],
    "447": [
        789,
        "soap_dispenser"
    ],
    "448": [
        763,
        "support_beam"
    ],
    "450": [
        59,
        "basket"
    ],
    "451": [
        55,
        "keyboard"
    ],
    "453": [
        205,
        "curtain"
    ],
    "460": [
        42,
        "window"
    ],
    "461": [
        163,
        "sink_pipe"
    ],
    "463": [
        682,
        "doorpost"
    ],
    "466": [
        670,
        "wardrobe"
    ],
    "467": [
        784,
        "pillow"
    ],
    "468": [
        61,
        "chest_of_drawers"
    ],
    "470": [
        685,
        "support_beam"
    ],
    "475": [
        414,
        "faucet"
    ],
    "477": [
        783,
        "pillow"
    ],
    "478": [
        423,
        "chair"
    ],
    "479": [
        49,
        "chair"
    ],
    "481": [
        483,
        "door"
    ],
    "483": [
        429,
        "lamp"
    ],
    "486": [
        72,
        "ventilation_hood"
    ],
    "487": [
        675,
        "pillow"
    ],
    "490": [
        634,
        "chest_of_drawers"
    ],
    "491": [
        639,
        "doorpost"
    ],
    "496": [
        552,
        "window"
    ],
    "498": [
        617,
        "pillow"
    ],
    "499": [
        424,
        "chair"
    ],
    "502": [
        624,
        "towel"
    ],
    "504": [
        313,
        "wall_lamp"
    ],
    "505": [
        383,
        "window"
    ],
    "508": [
        329,
        "decorative_plant"
    ],
    "509": [
        331,
        "desk"
    ],
    "510": [
        787,
        "pillow"
    ],
    "513": [
        656,
        "window"
    ],
    "514": [
        512,
        "wardrobe"
    ],
    "515": [
        58,
        "basket"
    ],
    "518": [
        309,
        "support_beam"
    ],
    "519": [
        107,
        "nightstand"
    ],
    "527": [
        397,
        "window_curtain"
    ],
    "530": [
        721,
        "basket"
    ],
    "531": [
        19,
        "wall_lamp"
    ],
    "532": [
        618,
        "pillow"
    ],
    "534": [
        120,
        "bucket"
    ],
    "538": [
        140,
        "ceiling_lamp"
    ],
    "542": [
        24,
        "folding_chair"
    ],
    "543": [
        176,
        "washbasin"
    ],
    "546": [
        250,
        "chair"
    ],
    "547": [
        14,
        "window"
    ],
    "548": [
        661,
        "window"
    ],
    "551": [
        254,
        "doorpost"
    ],
    "552": [
        768,
        "pillow"
    ],
    "555": [
        578,
        "bedframe"
    ],
    "556": [
        433,
        "sideboard"
    ],
    "562": [
        772,
        "lamp"
    ],
    "563": [
        178,
        "towel"
    ],
    "567": [
        706,
        "wall_lamp"
    ],
    "569": [
        304,
        "support_beam"
    ],
    "571": [
        52,
        "chair"
    ],
    "574": [
        633,
        "clothes_hanger"
    ],
    "575": [
        673,
        "pillow"
    ],
    "576": [
        572,
        "pillow"
    ],
    "577": [
        305,
        "support_beam"
    ],
    "580": [
        53,
        "bag"
    ],
    "582": [
        489,
        "desk_chair"
    ],
    "584": [
        666,
        "chair"
    ],
    "585": [
        755,
        "window"
    ],
    "587": [
        484,
        "wardrobe"
    ],
    "588": [
        137,
        "spa_bench"
    ],
    "589": [
        311,
        "floor_lamp"
    ],
    "590": [
        324,
        "pouffe"
    ],
    "591": [
        492,
        "doorpost"
    ],
    "593": [
        677,
        "nightstand"
    ],
    "594": [
        758,
        "wall_lamp"
    ],
    "595": [
        70,
        "stovetop"
    ],
    "597": [
        700,
        "toilet_paper"
    ],
    "598": [
        328,
        "decorative_plant"
    ],
    "599": [
        50,
        "chair"
    ],
    "600": [
        611,
        "window_curtain"
    ],
    "603": [
        403,
        "kitchen_lower_cabinet"
    ],
    "607": [
        579,
        "lamp"
    ],
    "611": [
        421,
        "chair"
    ],
    "612": [
        486,
        "ceiling_lamp"
    ],
    "613": [
        342,
        "pillow"
    ],
    "614": [
        573,
        "bed_comforter"
    ],
    "616": [
        562,
        "support_beam"
    ],
    "617": [
        632,
        "window"
    ],
    "619": [
        724,
        "washbasin"
    ],
    "620": [
        242,
        "support_beam"
    ],
    "621": [
        162,
        "handle"
    ],
    "623": [
        413,
        "container"
    ],
    "624": [
        761,
        "door"
    ],
    "625": [
        204,
        "ceiling_lamp"
    ],
    "626": [
        419,
        "chair"
    ],
    "630": [
        93,
        "door"
    ],
    "632": [
        581,
        "wardrobe"
    ],
    "635": [
        323,
        "book"
    ],
    "636": [
        674,
        "pillow"
    ],
    "641": [
        158,
        "washing_machine"
    ],
    "642": [
        788,
        "pillow"
    ],
    "643": [
        136,
        "door"
    ],
    "646": [
        105,
        "window_curtain"
    ],
    "650": [
        672,
        "pillow"
    ],
    "651": [
        316,
        "basket"
    ],
    "656": [
        334,
        "sofa_set"
    ],
    "657": [
        440,
        "support_beam"
    ],
    "658": [
        649,
        "door"
    ],
    "661": [
        621,
        "bed_comforter"
    ],
    "662": [
        296,
        "window"
    ],
    "663": [
        321,
        "book"
    ],
    "664": [
        182,
        "bathroom_shelf"
    ],
    "668": [
        759,
        "door"
    ],
    "669": [
        412,
        "kettle"
    ],
    "671": [
        33,
        "door"
    ],
    "673": [
        734,
        "door"
    ],
    "675": [
        418,
        "chair"
    ],
    "680": [
        325,
        "led_tv"
    ],
    "681": [
        51,
        "chair"
    ],
    "683": [
        720,
        "trash_can"
    ],
    "684": [
        441,
        "support_beam"
    ],
    "687": [
        395,
        "wall_lamp"
    ],
    "689": [
        44,
        "window_curtain"
    ],
    "690": [
        65,
        "support_beam"
    ],
    "692": [
        726,
        "mirror"
    ],
    "693": [
        141,
        "door"
    ],
    "698": [
        629,
        "wall_lamp"
    ],
    "699": [
        13,
        "door"
    ],
    "700": [
        165,
        "shower_tub"
    ],
    "702": [
        567,
        "bed"
    ],
    "703": [
        392,
        "support_beam"
    ],
    "708": [
        651,
        "curtain"
    ],
    "710": [
        627,
        "lamp"
    ],
    "711": [
        428,
        "flowerpot"
    ],
    "712": [
        420,
        "chair"
    ],
    "715": [
        708,
        "doorpost"
    ],
    "717": [
        253,
        "door"
    ],
    "718": [
        109,
        "doorpost"
    ],
    "719": [
        513,
        "wall_lamp"
    ],
    "726": [
        186,
        "basket"
    ],
    "728": [
        339,
        "pillow"
    ],
    "731": [
        701,
        "toilet_paper"
    ],
    "735": [
        54,
        "led_tv"
    ],
    "738": [
        515,
        "support_beam"
    ],
    "740": [
        482,
        "support_beam"
    ],
    "741": [
        620,
        "pillow"
    ],
    "742": [
        408,
        "stove"
    ],
    "744": [
        393,
        "support_beam"
    ],
    "746": [
        77,
        "doormat"
    ],
    "747": [
        251,
        "window_curtain"
    ],
    "750": [
        410,
        "container"
    ],
    "751": [
        628,
        "lamp"
    ],
    "754": [
        341,
        "pillow"
    ],
    "755": [
        488,
        "desk"
    ],
    "757": [
        73,
        "storage_bin"
    ],
    "758": [
        612,
        "window_curtain"
    ],
    "763": [
        333,
        "appliance"
    ],
    "766": [
        479,
        "support_beam"
    ],
    "767": [
        565,
        "nightstand"
    ],
    "769": [
        299,
        "window"
    ],
    "771": [
        22,
        "table"
    ],
    "772": [
        686,
        "support_beam"
    ],
    "778": [
        164,
        "vent"
    ],
    "781": [
        559,
        "support_beam"
    ],
    "782": [
        116,
        "wall_clock"
    ],
    "786": [
        704,
        "mirror"
    ],
    "787": [
        225,
        "door"
    ],
    "789": [
        175,
        "mirror"
    ]
}