{
    "1": [
        301,
        "curtain_rod"
    ],
    "2": [
        21,
        "fireplace"
    ],
    "4": [
        160,
        "ceiling_lamp"
    ],
    "5": [
        65,
        "table"
    ],
    "7": [
        101,
        "ceiling_lamp"
    ],
    "8": [
        20,
        "alarm"
    ],
    "9": [
        339,
        "window"
    ],
    "10": [
        79,
        "decoration"
    ],
    "11": [
        329,
        "door"
    ],
    "14": [
        309,
        "flowerpot"
    ],
    "16": [
        196,
        "door"
    ],
    "17": [
        203,
        "tv"
    ],
    "20": [
        315,
        "pillow"
    ],
    "21": [
        86,
        "decoration"
    ],
    "22": [
        115,
        "blanket"
    ],
    "24": [
        242,
        "pillow"
    ],
    "25": [
        347,
        "tap"
    ],
    "27": [
        23,
        "fireplace_wall"
    ],
    "36": [
        221,
        "fire_alarm"
    ],
    "38": [
        112,
        "teapot"
    ],
    "43": [
        285,
        "fire_alarm"
    ],
    "44": [
        280,
        "drawer"
    ],
    "46": [
        103,
        "ceiling_lamp"
    ],
    "48": [
        354,
        "towel_bar"
    ],
    "49": [
        307,
        "box"
    ],
    "50": [
        299,
        "curtain"
    ],
    "53": [
        284,
        "door"
    ],
    "56": [
        200,
        "lamp"
    ],
    "59": [
        67,
        "appliance"
    ],
    "61": [
        295,
        "window"
    ],
    "62": [
        85,
        "flowerpot"
    ],
    "63": [
        96,
        "plate"
    ],
    "67": [
        129,
        "door"
    ],
    "68": [
        237,
        "tv"
    ],
    "72": [
        170,
        "screen"
    ],
    "74": [
        47,
        "chandelier"
    ],
    "75": [
        26,
        "appliance"
    ],
    "76": [
        241,
        "pillow"
    ],
    "77": [
        28,
        "door"
    ],
    "78": [
        77,
        "microwave"
    ],
    "79": [
        205,
        "flower_vase"
    ],
    "80": [
        344,
        "bathroom_cabinet"
    ],
    "82": [
        63,
        "table"
    ],
    "83": [
        94,
        "rack"
    ],
    "84": [
        261,
        "tap"
    ],
    "86": [
        84,
        "table"
    ],
    "88": [
        131,
        "picture"
    ],
    "90": [
        244,
        "curtain"
    ],
    "94": [
        166,
        "desk_chair"
    ],
    "95": [
        202,
        "cabinet"
    ],
    "96": [
        50,
        "lamp"
    ],
    "97": [
        278,
        "bed"
    ],
    "100": [
        167,
        "printer"
    ],
    "103": [
        70,
        "table"
    ],
    "104": [
        232,
        "cabinet"
    ],
    "105": [
        76,
        "oven_and_stove"
    ],
    "107": [
        89,
        "flower_vase"
    ],
    "108": [
        255,
        "towel_bar"
    ],
    "109": [
        93,
        "flower_vase"
    ],
    "110": [
        230,
        "bed"
    ],
    "111": [
        57,
        "sink"
    ],
    "114": [
        316,
        "pillow"
    ],
    "115": [
        259,
        "sink"
    ],
    "116": [
        229,
        "curtain_bar"
    ],
    "117": [
        297,
        "curtain"
    ],
    "119": [
        262,
        "bathroom_accessory"
    ],
    "120": [
        239,
        "candlestick"
    ],
    "121": [
        233,
        "lamp"
    ],
    "122": [
        306,
        "drawer"
    ],
    "123": [
        201,
        "picture"
    ],
    "124": [
        107,
        "window"
    ],
    "128": [
        108,
        "window"
    ],
    "129": [
        19,
        "fire_alarm"
    ],
    "132": [
        69,
        "flowerpot"
    ],
    "133": [
        173,
        "picture"
    ],
    "134": [
        51,
        "cabinet"
    ],
    "135": [
        180,
        "fire_alarm"
    ],
    "136": [
        95,
        "plate"
    ],
    "137": [
        260,
        "tap"
    ],
    "139": [
        198,
        "pillow"
    ],
    "140": [
        73,
        "kitchen_lower_cabinet"
    ],
    "142": [
        130,
        "painting"
    ],
    "144": [
        55,
        "kitchen_lower_cabinet"
    ],
    "145": [
        224,
        "door"
    ],
    "146": [
        81,
        "kitchen_countertop_item"
    ],
    "147": [
        111,
        "teapot"
    ],
    "148": [
        287,
        "picture"
    ],
    "149": [
        228,
        "curtain"
    ],
    "151": [
        300,
        "curtain"
    ],
    "152": [
        296,
        "window"
    ],
    "153": [
        208,
        "window"
    ],
    "154": [
        317,
        "pillow"
    ],
    "155": [
        16,
        "pillar"
    ],
    "156": [
        346,
        "sink"
    ],
    "157": [
        100,
        "ceiling_lamp"
    ],
    "160": [
        349,
        "mirror"
    ],
    "161": [
        91,
        "chair"
    ],
    "162": [
        72,
        "pouffe"
    ],
    "164": [
        213,
        "chest"
    ],
    "165": [
        356,
        "vent"
    ],
    "166": [
        68,
        "table"
    ],
    "168": [
        54,
        "kitchen_lower_cabinet"
    ],
    "169": [
        264,
        "mirror"
    ],
    "170": [
        234,
        "lamp"
    ],
    "171": [
        60,
        "couch"
    ],
    "173": [
        42,
        "picture"
    ],
    "174": [
        45,
        "painting"
    ],
    "175": [
        253,
        "vent"
    ],
    "178": [
        238,
        "appliance"
    ],
    "179": [
        74,
        "kitchen_cabinet"
    ],
    "180": [
        209,
        "curtain"
    ],
    "182": [
        226,
        "window"
    ],
    "186": [
        313,
        "pillow"
    ],
    "187": [
        78,
        "dishwasher"
    ],
    "188": [
        61,
        "couch"
    ],
    "189": [
        304,
        "lamp"
    ],
    "190": [
        211,
        "curtain_rod"
    ],
    "191": [
        22,
        "fireplace_wall"
    ],
    "193": [
        235,
        "painting"
    ],
    "194": [
        359,
        "shower_cabin"
    ],
    "195": [
        243,
        "door"
    ],
    "196": [
        263,
        "trash_can"
    ],
    "197": [
        257,
        "bathroom_cabinet"
    ],
    "200": [
        265,
        "decoration"
    ],
    "201": [
        231,
        "cabinet"
    ],
    "202": [
        161,
        "ceiling_lamp"
    ],
    "204": [
        64,
        "flowerpot"
    ],
    "205": [
        298,
        "curtain"
    ],
    "209": [
        105,
        "vent"
    ],
    "211": [
        44,
        "painting"
    ],
    "212": [
        133,
        "window"
    ],
    "213": [
        90,
        "table"
    ],
    "214": [
        59,
        "bowl"
    ],
    "216": [
        355,
        "towel_bar"
    ],
    "218": [
        256,
        "towel_bar"
    ],
    "219": [
        110,
        "mat"
    ],
    "220": [
        165,
        "desk"
    ],
    "223": [
        183,
        "door"
    ],
    "224": [
        83,
        "pillow"
    ],
    "227": [
        352,
        "bathroom_accessory"
    ],
    "228": [
        178,
        "picture"
    ],
    "230": [
        222,
        "fan"
    ],
    "231": [
        360,
        "ceiling_lamp"
    ],
    "232": [
        58,
        "tap"
    ],
    "233": [
        197,
        "couch"
    ],
    "234": [
        46,
        "decoration"
    ],
    "236": [
        159,
        "ceiling_lamp"
    ],
    "237": [
        162,
        "vent"
    ],
    "238": [
        348,
        "tap"
    ],
    "240": [
        350,
        "bathroom_accessory"
    ],
    "241": [
        177,
        "picture"
    ],
    "242": [
        279,
        "carpet"
    ],
    "243": [
        291,
        "picture"
    ],
    "244": [
        305,
        "lamp"
    ],
    "245": [
        171,
        "appliance"
    ],
    "246": [
        113,
        "teapot"
    ],
    "247": [
        82,
        "pillow"
    ],
    "250": [
        62,
        "couch"
    ],
    "252": [
        109,
        "window"
    ],
    "253": [
        335,
        "pillar"
    ],
    "254": [
        114,
        "teapot"
    ],
    "257": [
        43,
        "painting"
    ],
    "259": [
        71,
        "flowerpot"
    ],
    "260": [
        357,
        "vent"
    ],
    "261": [
        18,
        "pillar"
    ],
    "262": [
        98,
        "plate"
    ],
    "264": [
        308,
        "cabinet"
    ],
    "265": [
        214,
        "door"
    ],
    "267": [
        41,
        "appliance"
    ],
    "268": [
        227,
        "curtain"
    ],
    "269": [
        169,
        "telephone"
    ],
    "271": [
        37,
        "curtain"
    ],
    "273": [
        172,
        "computer_mouse"
    ],
    "275": [
        310,
        "pillow"
    ],
    "277": [
        190,
        "fan"
    ],
    "278": [
        199,
        "pillow"
    ],
    "279": [
        17,
        "pillar"
    ],
    "281": [
        24,
        "fireplace_wall"
    ],
    "282": [
        182,
        "door"
    ],
    "284": [
        106,
        "window"
    ],
    "285": [
        212,
        "fire_alarm"
    ],
    "287": [
        206,
        "decoration"
    ],
    "288": [
        49,
        "picture"
    ],
    "290": [
        345,
        "sink"
    ],
    "292": [
        56,
        "kitchen_counter"
    ],
    "294": [
        302,
        "curtain_rod"
    ],
    "295": [
        39,
        "curtain"
    ],
    "297": [
        75,
        "refrigerator"
    ],
    "300": [
        87,
        "decoration"
    ],
    "301": [
        92,
        "chair"
    ],
    "305": [
        318,
        "door"
    ],
    "308": [
        25,
        "tv"
    ],
    "310": [
        30,
        "door"
    ],
    "311": [
        358,
        "handle"
    ],
    "312": [
        164,
        "flower_vase"
    ],
    "314": [
        236,
        "drawer"
    ],
    "315": [
        292,
        "sofa_chair"
    ],
    "317": [
        53,
        "kitchen_lower_cabinet"
    ],
    "319": [
        48,
        "chandelier"
    ],
    "321": [
        128,
        "door"
    ],
    "323": [
        252,
        "toilet"
    ],
    "324": [
        104,
        "ceiling_lamp"
    ],
    "326": [
        240,
        "carpet"
    ],
    "327": [
        314,
        "pillow"
    ],
    "328": [
        286,
        "vent"
    ],
    "329": [
        32,
        "door"
    ],
    "331": [
        66,
        "flowerpot"
    ],
    "332": [
        102,
        "ceiling_lamp"
    ],
    "335": [
        99,
        "ceiling_lamp"
    ],
    "336": [
        258,
        "sink"
    ],
    "338": [
        168,
        "speaker"
    ],
    "340": [
        210,
        "curtain"
    ],
    "341": [
        179,
        "appliance"
    ],
    "344": [
        88,
        "appliance"
    ],
    "345": [
        38,
        "curtain"
    ],
    "346": [
        80,
        "kitchen_countertop_item"
    ],
    "347": [
        204,
        "cabinet"
    ],
    "349": [
        351,
        "bathtub"
    ],
    "350": [
        303,
        "cabinet"
    ],
    "353": [
        174,
        "picture"
    ],
    "354": [
        181,
        "fire_alarm"
    ],
    "355": [
        134,
        "wall_lamp"
    ],
    "357": [
        343,
        "wall_lamp"
    ],
    "358": [
        52,
        "kitchen_cabinet"
    ],
    "360": [
        290,
        "picture"
    ]
}