{
    "1": [
        537,
        "book"
    ],
    "3": [
        170,
        "bathroom_accessory"
    ],
    "4": [
        229,
        "can"
    ],
    "5": [
        324,
        "door_window"
    ],
    "6": [
        246,
        "dishwasher"
    ],
    "7": [
        520,
        "dresser"
    ],
    "9": [
        782,
        "bag"
    ],
    "10": [
        503,
        "bed"
    ],
    "11": [
        843,
        "storage_bin"
    ],
    "12": [
        858,
        "bed"
    ],
    "13": [
        545,
        "ceiling_lamp"
    ],
    "14": [
        598,
        "window"
    ],
    "16": [
        13,
        "painting"
    ],
    "17": [
        419,
        "door_window"
    ],
    "19": [
        778,
        "laundry_machine"
    ],
    "22": [
        724,
        "wash_cabinet"
    ],
    "23": [
        650,
        "storage_box"
    ],
    "24": [
        191,
        "shower_soap_shelf"
    ],
    "25": [
        420,
        "blinds"
    ],
    "26": [
        72,
        "blanket"
    ],
    "27": [
        322,
        "fire_alarm"
    ],
    "28": [
        383,
        "wall_tv"
    ],
    "29": [
        521,
        "jar"
    ],
    "30": [
        777,
        "broomstick"
    ],
    "31": [
        411,
        "shelf"
    ],
    "34": [
        444,
        "art_frame"
    ],
    "35": [
        634,
        "screen"
    ],
    "36": [
        97,
        "hanging_clothes"
    ],
    "38": [
        662,
        "papers"
    ],
    "39": [
        121,
        "heater"
    ],
    "42": [
        222,
        "shelf"
    ],
    "43": [
        680,
        "window"
    ],
    "45": [
        622,
        "pile_of_magazines"
    ],
    "49": [
        574,
        "blankets"
    ],
    "50": [
        103,
        "hanging_clothes"
    ],
    "52": [
        880,
        "stool"
    ],
    "53": [
        325,
        "blinds"
    ],
    "54": [
        663,
        "sliding_door"
    ],
    "56": [
        692,
        "shower_utensil"
    ],
    "57": [
        630,
        "stack_of_papers"
    ],
    "59": [
        418,
        "door_window"
    ],
    "61": [
        436,
        "pillow"
    ],
    "63": [
        706,
        "toilet_paper"
    ],
    "64": [
        681,
        "blinds"
    ],
    "66": [
        171,
        "shelf"
    ],
    "67": [
        653,
        "storage_box"
    ],
    "68": [
        509,
        "artwork"
    ],
    "69": [
        90,
        "laundry_basket"
    ],
    "70": [
        182,
        "bathroom_accessory"
    ],
    "71": [
        643,
        "pile_of_magazines"
    ],
    "74": [
        556,
        "blinds"
    ],
    "76": [
        14,
        "wall_lamp"
    ],
    "78": [
        43,
        "mirror"
    ],
    "80": [
        674,
        "ceiling_lamp"
    ],
    "82": [
        457,
        "picture"
    ],
    "83": [
        676,
        "electrical_controller"
    ],
    "84": [
        682,
        "blinds"
    ],
    "85": [
        390,
        "cabinet"
    ],
    "86": [
        99,
        "hanging_clothes"
    ],
    "88": [
        787,
        "clothes_dryer"
    ],
    "89": [
        264,
        "blinds"
    ],
    "91": [
        355,
        "window"
    ],
    "92": [
        568,
        "storage_box"
    ],
    "99": [
        514,
        "blinds"
    ],
    "101": [
        245,
        "board"
    ],
    "102": [
        645,
        "keyboard"
    ],
    "103": [
        75,
        "clothes_bag"
    ],
    "104": [
        247,
        "kitchen_lower_cabinet"
    ],
    "105": [
        679,
        "window"
    ],
    "106": [
        868,
        "mirror_frame"
    ],
    "110": [
        612,
        "sheet"
    ],
    "112": [
        40,
        "picture"
    ],
    "114": [
        779,
        "throw_blanket"
    ],
    "115": [
        17,
        "chest_drawer"
    ],
    "116": [
        297,
        "stool"
    ],
    "117": [
        590,
        "sewing_machine"
    ],
    "124": [
        504,
        "bedframe"
    ],
    "125": [
        416,
        "storage_box"
    ],
    "126": [
        534,
        "artwork"
    ],
    "128": [
        555,
        "door_window"
    ],
    "130": [
        236,
        "shelf_with_clutter"
    ],
    "132": [
        705,
        "towel_bar"
    ],
    "133": [
        840,
        "storage_bin"
    ],
    "135": [
        734,
        "mirror"
    ],
    "136": [
        796,
        "bottle_of_detergent"
    ],
    "139": [
        339,
        "dining_chair"
    ],
    "143": [
        337,
        "dining_chair"
    ],
    "146": [
        98,
        "hanging_clothes"
    ],
    "147": [
        505,
        "pillow"
    ],
    "149": [
        743,
        "clock"
    ],
    "150": [
        226,
        "can"
    ],
    "152": [
        385,
        "throw_blanket"
    ],
    "155": [
        464,
        "sliding_door"
    ],
    "161": [
        282,
        "frame"
    ],
    "163": [
        6,
        "door"
    ],
    "165": [
        154,
        "shelf"
    ],
    "166": [
        585,
        "binders"
    ],
    "167": [
        120,
        "wardrobe"
    ],
    "168": [
        76,
        "towel"
    ],
    "170": [
        773,
        "bag"
    ],
    "174": [
        315,
        "panel"
    ],
    "176": [
        632,
        "scanner"
    ],
    "179": [
        784,
        "towel"
    ],
    "181": [
        116,
        "storage_box"
    ],
    "185": [
        635,
        "stack_of_papers"
    ],
    "190": [
        23,
        "bag"
    ],
    "193": [
        453,
        "wall_lamp"
    ],
    "194": [
        459,
        "picture"
    ],
    "195": [
        728,
        "tap"
    ],
    "196": [
        780,
        "throw_blanket"
    ],
    "197": [
        791,
        "laundry_bag"
    ],
    "198": [
        24,
        "keys"
    ],
    "199": [
        180,
        "flower_vase"
    ],
    "206": [
        8,
        "door"
    ],
    "207": [
        333,
        "wall_cabinet"
    ],
    "208": [
        347,
        "blinds"
    ],
    "210": [
        78,
        "seat"
    ],
    "211": [
        657,
        "pad"
    ],
    "214": [
        460,
        "dresser"
    ],
    "215": [
        745,
        "towel"
    ],
    "216": [
        109,
        "hanging_clothes"
    ],
    "217": [
        327,
        "window"
    ],
    "218": [
        617,
        "binders"
    ],
    "221": [
        142,
        "fire_alarm"
    ],
    "222": [
        871,
        "door"
    ],
    "223": [
        344,
        "chandelier"
    ],
    "225": [
        353,
        "blinds"
    ],
    "232": [
        875,
        "sliding_door"
    ],
    "237": [
        664,
        "sliding_door"
    ],
    "239": [
        301,
        "knife_holder"
    ],
    "240": [
        122,
        "cabinet"
    ],
    "242": [
        258,
        "window"
    ],
    "243": [
        100,
        "hanging_clothes"
    ],
    "245": [
        718,
        "shower_hose_head"
    ],
    "247": [
        238,
        "cutting_board"
    ],
    "248": [
        792,
        "laundry_bag"
    ],
    "249": [
        567,
        "clothes"
    ],
    "252": [
        51,
        "shutters"
    ],
    "253": [
        259,
        "blinds"
    ],
    "254": [
        335,
        "dining_table"
    ],
    "255": [
        30,
        "stool"
    ],
    "256": [
        311,
        "stool"
    ],
    "257": [
        538,
        "bucket"
    ],
    "258": [
        804,
        "cloth"
    ],
    "259": [
        641,
        "stack_of_papers"
    ],
    "260": [
        345,
        "bag"
    ],
    "261": [
        128,
        "pipe"
    ],
    "262": [
        304,
        "kitchen_utensil"
    ],
    "263": [
        438,
        "pillow"
    ],
    "265": [
        456,
        "artwork"
    ],
    "269": [
        255,
        "countertop"
    ],
    "270": [
        343,
        "dining_chair"
    ],
    "274": [
        414,
        "storage_box"
    ],
    "276": [
        155,
        "shelf"
    ],
    "279": [
        591,
        "cloth"
    ],
    "284": [
        158,
        "shelf"
    ],
    "286": [
        671,
        "exercise_machine"
    ],
    "288": [
        442,
        "ceiling_fixture"
    ],
    "290": [
        354,
        "blinds"
    ],
    "291": [
        525,
        "side_table"
    ],
    "293": [
        631,
        "printer"
    ],
    "294": [
        569,
        "storage_box"
    ],
    "295": [
        832,
        "storage_bin"
    ],
    "297": [
        68,
        "dishwasher"
    ],
    "298": [
        848,
        "chest"
    ],
    "301": [
        10,
        "door"
    ],
    "303": [
        126,
        "board"
    ],
    "304": [
        563,
        "storage_box"
    ],
    "305": [
        79,
        "rack"
    ],
    "306": [
        338,
        "dining_chair"
    ],
    "307": [
        513,
        "blinds"
    ],
    "308": [
        654,
        "computer_chair"
    ],
    "311": [
        161,
        "storage_box"
    ],
    "312": [
        145,
        "doormat"
    ],
    "313": [
        125,
        "board"
    ],
    "314": [
        731,
        "shelf"
    ],
    "315": [
        62,
        "cabinet"
    ],
    "317": [
        71,
        "plumbing"
    ],
    "318": [
        149,
        "shade"
    ],
    "319": [
        388,
        "pile_of_magazines"
    ],
    "320": [
        573,
        "blankets"
    ],
    "321": [
        593,
        "desk_chair"
    ],
    "322": [
        251,
        "bottle_of_soap"
    ],
    "325": [
        628,
        "stack_of_papers"
    ],
    "326": [
        530,
        "container"
    ],
    "327": [
        810,
        "door"
    ],
    "328": [
        185,
        "toilet"
    ],
    "329": [
        177,
        "picture_frame"
    ],
    "330": [
        61,
        "cabinet"
    ],
    "331": [
        96,
        "hanging_clothes"
    ],
    "334": [
        566,
        "clothes"
    ],
    "336": [
        104,
        "hanging_clothes"
    ],
    "337": [
        278,
        "towel_bar"
    ],
    "339": [
        668,
        "door"
    ],
    "341": [
        242,
        "kitchen_shelf"
    ],
    "343": [
        772,
        "toilet_paper"
    ],
    "344": [
        626,
        "paper_storage"
    ],
    "345": [
        836,
        "storage_bin"
    ],
    "346": [
        557,
        "door"
    ],
    "347": [
        751,
        "shelf"
    ],
    "348": [
        463,
        "sliding_door"
    ],
    "351": [
        26,
        "bulletin_board"
    ],
    "353": [
        539,
        "ladder"
    ],
    "355": [
        328,
        "blinds"
    ],
    "356": [
        359,
        "curtain"
    ],
    "360": [
        250,
        "kitchen_appliance"
    ],
    "362": [
        295,
        "kitchen_island"
    ],
    "365": [
        439,
        "pillow"
    ],
    "368": [
        553,
        "blinds"
    ],
    "369": [
        64,
        "fluorescent_light"
    ],
    "371": [
        452,
        "painting"
    ],
    "375": [
        588,
        "rack"
    ],
    "376": [
        596,
        "blinds"
    ],
    "377": [
        199,
        "washbasin_counter"
    ],
    "378": [
        29,
        "storage_box"
    ],
    "381": [
        105,
        "hanging_clothes"
    ],
    "382": [
        193,
        "shower_hose_head"
    ],
    "383": [
        127,
        "board"
    ],
    "384": [
        307,
        "range_hood"
    ],
    "385": [
        314,
        "basket"
    ],
    "386": [
        384,
        "dog_bed"
    ],
    "388": [
        146,
        "doormat"
    ],
    "391": [
        179,
        "flower_vase"
    ],
    "392": [
        528,
        "container"
    ],
    "394": [
        461,
        "radio"
    ],
    "396": [
        648,
        "computer_desk"
    ],
    "397": [
        94,
        "hanging_clothes"
    ],
    "399": [
        198,
        "towel"
    ],
    "402": [
        132,
        "ladder"
    ],
    "405": [
        609,
        "sheet"
    ],
    "407": [
        65,
        "frame"
    ],
    "408": [
        426,
        "curtain"
    ],
    "409": [
        294,
        "kitchen_lower_cabinet"
    ],
    "410": [
        212,
        "door"
    ],
    "414": [
        651,
        "storage_box"
    ],
    "415": [
        422,
        "door"
    ],
    "416": [
        562,
        "storage_box"
    ],
    "417": [
        156,
        "shelf"
    ],
    "420": [
        693,
        "shower_bar"
    ],
    "423": [
        616,
        "binders"
    ],
    "425": [
        491,
        "blinds"
    ],
    "427": [
        279,
        "recycle_bin"
    ],
    "428": [
        783,
        "throw_blanket"
    ],
    "429": [
        387,
        "armchair"
    ],
    "433": [
        157,
        "shelf"
    ],
    "434": [
        277,
        "towel"
    ],
    "435": [
        595,
        "window"
    ],
    "437": [
        761,
        "basket_of_something"
    ],
    "438": [
        502,
        "bench"
    ],
    "440": [
        28,
        "storage_box"
    ],
    "441": [
        305,
        "kitchen_utensil"
    ],
    "444": [
        665,
        "sliding_door"
    ],
    "445": [
        876,
        "sliding_door"
    ],
    "447": [
        124,
        "cart"
    ],
    "448": [
        432,
        "painting"
    ],
    "450": [
        725,
        "washbasin"
    ],
    "451": [
        117,
        "storage_box"
    ],
    "453": [
        67,
        "laundry_machine"
    ],
    "455": [
        234,
        "kettle"
    ],
    "456": [
        771,
        "toilet_paper"
    ],
    "457": [
        749,
        "bottle_of_detergent"
    ],
    "460": [
        48,
        "doormat"
    ],
    "461": [
        348,
        "window"
    ],
    "465": [
        644,
        "picture"
    ],
    "466": [
        695,
        "window"
    ],
    "468": [
        723,
        "towel"
    ],
    "469": [
        38,
        "wall_electronics"
    ],
    "470": [
        633,
        "paper"
    ],
    "472": [
        720,
        "radiator"
    ],
    "473": [
        762,
        "sponge"
    ],
    "474": [
        211,
        "luggage"
    ],
    "478": [
        9,
        "door_window"
    ],
    "480": [
        291,
        "shelf"
    ],
    "484": [
        747,
        "towel"
    ],
    "486": [
        232,
        "can"
    ],
    "489": [
        882,
        "ceiling_light_fixture_connection"
    ],
    "490": [
        837,
        "storage_bin"
    ],
    "493": [
        292,
        "kitchen_lower_cabinet"
    ],
    "495": [
        194,
        "shower_stall"
    ],
    "497": [
        524,
        "laundry_basket"
    ],
    "498": [
        726,
        "mirror"
    ],
    "499": [
        42,
        "recycle_bin"
    ],
    "500": [
        536,
        "book"
    ],
    "502": [
        454,
        "wall_lamp"
    ],
    "506": [
        429,
        "projector"
    ],
    "507": [
        615,
        "binders"
    ],
    "510": [
        50,
        "window"
    ],
    "511": [
        523,
        "stool"
    ],
    "512": [
        5,
        "door_window"
    ],
    "514": [
        431,
        "painting"
    ],
    "515": [
        576,
        "basket"
    ],
    "516": [
        625,
        "rack"
    ],
    "517": [
        785,
        "cloth"
    ],
    "521": [
        877,
        "sliding_door"
    ],
    "523": [
        66,
        "microwave"
    ],
    "524": [
        386,
        "armchair"
    ],
    "525": [
        310,
        "stool"
    ],
    "526": [
        428,
        "cabinet"
    ],
    "527": [
        36,
        "handbag"
    ],
    "528": [
        233,
        "basket"
    ],
    "529": [
        110,
        "hanging_clothes"
    ],
    "530": [
        672,
        "armchair"
    ],
    "531": [
        360,
        "mirror"
    ],
    "533": [
        239,
        "cooker"
    ],
    "537": [
        629,
        "stack_of_papers"
    ],
    "538": [
        742,
        "wall_cabinet"
    ],
    "540": [
        326,
        "door_window"
    ],
    "541": [
        611,
        "sheet"
    ],
    "542": [
        95,
        "hanging_clothes"
    ],
    "547": [
        93,
        "hanging_clothes"
    ],
    "549": [
        254,
        "sink"
    ],
    "550": [
        312,
        "heater"
    ],
    "551": [
        141,
        "ceiling_lamp"
    ],
    "552": [
        838,
        "storage_bin"
    ],
    "556": [
        153,
        "shelf"
    ],
    "560": [
        237,
        "board"
    ],
    "562": [
        181,
        "vase"
    ],
    "563": [
        240,
        "oven"
    ],
    "566": [
        721,
        "artwork"
    ],
    "568": [
        73,
        "laundry_basket"
    ],
    "569": [
        92,
        "hanging_clothes"
    ],
    "570": [
        571,
        "shelf_with_clutter"
    ],
    "571": [
        84,
        "vacuum_cleaner"
    ],
    "573": [
        228,
        "can"
    ],
    "574": [
        809,
        "armchair"
    ],
    "575": [
        770,
        "broomstick"
    ],
    "577": [
        378,
        "window"
    ],
    "578": [
        592,
        "trinket"
    ],
    "579": [
        618,
        "pile_of_magazines"
    ],
    "581": [
        841,
        "storage_bin"
    ],
    "583": [
        340,
        "dining_chair"
    ],
    "584": [
        342,
        "dining_chair"
    ],
    "585": [
        186,
        "toilet_brush"
    ],
    "593": [
        178,
        "decorative_plant"
    ],
    "595": [
        423,
        "door"
    ],
    "596": [
        835,
        "storage_bin"
    ],
    "600": [
        300,
        "radio"
    ],
    "603": [
        403,
        "shelf"
    ],
    "607": [
        621,
        "storage_box"
    ],
    "608": [
        659,
        "stool"
    ],
    "610": [
        638,
        "paper"
    ],
    "612": [
        389,
        "media_console"
    ],
    "613": [
        470,
        "picture"
    ],
    "614": [
        844,
        "storage_bin"
    ],
    "615": [
        642,
        "stack_of_papers"
    ],
    "622": [
        575,
        "blankets"
    ],
    "623": [
        302,
        "rice_cooker"
    ],
    "624": [
        710,
        "toilet_brush"
    ],
    "625": [
        652,
        "pc_tower"
    ],
    "626": [
        597,
        "blinds"
    ],
    "627": [
        759,
        "laundry_bag"
    ],
    "628": [
        774,
        "laundry_basket"
    ],
    "631": [
        283,
        "book"
    ],
    "632": [
        306,
        "kitchen_utensil"
    ],
    "633": [
        511,
        "window"
    ],
    "634": [
        235,
        "cardboard_box"
    ],
    "635": [
        636,
        "shelf"
    ],
    "636": [
        131,
        "shoe"
    ],
    "638": [
        758,
        "laundry_machine"
    ],
    "639": [
        107,
        "bin"
    ],
    "642": [
        143,
        "dog_bed"
    ],
    "643": [
        329,
        "door"
    ],
    "644": [
        839,
        "storage_bin"
    ],
    "645": [
        572,
        "blankets"
    ],
    "647": [
        845,
        "storage_bin"
    ],
    "649": [
        108,
        "rack"
    ],
    "652": [
        529,
        "container"
    ],
    "653": [
        857,
        "pillow"
    ],
    "654": [
        275,
        "picture"
    ],
    "659": [
        367,
        "blanket_basket"
    ],
    "660": [
        210,
        "basket"
    ],
    "661": [
        748,
        "towel"
    ],
    "662": [
        531,
        "container"
    ],
    "665": [
        402,
        "chest"
    ],
    "666": [
        535,
        "book"
    ],
    "670": [
        614,
        "binders"
    ],
    "671": [
        172,
        "stool"
    ],
    "672": [
        661,
        "papers"
    ],
    "673": [
        656,
        "pad"
    ],
    "675": [
        594,
        "pillow"
    ],
    "677": [
        640,
        "pile_of_magazines"
    ],
    "678": [
        741,
        "wall_cabinet"
    ],
    "680": [
        740,
        "wall_cabinet"
    ],
    "681": [
        70,
        "water_pump"
    ],
    "682": [
        831,
        "storage_bin"
    ],
    "690": [
        658,
        "pad"
    ],
    "693": [
        308,
        "bulletin_board"
    ],
    "694": [
        421,
        "blinds"
    ],
    "695": [
        540,
        "artwork"
    ],
    "698": [
        830,
        "storage_bin"
    ],
    "701": [
        565,
        "clothes"
    ],
    "702": [
        709,
        "toilet"
    ],
    "703": [
        313,
        "exhaust_pipe"
    ],
    "704": [
        694,
        "shower_hose"
    ],
    "705": [
        346,
        "window"
    ],
    "708": [
        589,
        "table"
    ],
    "709": [
        77,
        "towel"
    ],
    "711": [
        485,
        "chandelier"
    ],
    "712": [
        846,
        "rack"
    ],
    "714": [
        227,
        "can"
    ],
    "715": [
        22,
        "bag"
    ],
    "716": [
        637,
        "clock"
    ],
    "719": [
        159,
        "shelf"
    ],
    "722": [
        119,
        "storage_box"
    ],
    "723": [
        620,
        "binders"
    ],
    "725": [
        41,
        "wall_lamp"
    ],
    "726": [
        605,
        "sheet"
    ],
    "728": [
        440,
        "pillow"
    ],
    "729": [
        646,
        "computer_mouse"
    ],
    "732": [
        624,
        "pile_of_magazines"
    ],
    "733": [
        775,
        "bag"
    ],
    "734": [
        627,
        "stack_of_papers"
    ],
    "735": [
        281,
        "decorative_plant"
    ],
    "742": [
        352,
        "window"
    ],
    "746": [
        60,
        "cabinet"
    ],
    "747": [
        52,
        "shutters"
    ],
    "750": [
        336,
        "dining_chair"
    ],
    "751": [
        349,
        "blinds"
    ],
    "753": [
        722,
        "recycle_bin"
    ],
    "754": [
        606,
        "sheet"
    ],
    "755": [
        91,
        "laundry_basket"
    ],
    "757": [
        243,
        "kitchen_shelf"
    ],
    "761": [
        564,
        "shelf_with_clutter"
    ],
    "764": [
        298,
        "stool"
    ],
    "765": [
        256,
        "board"
    ],
    "767": [
        541,
        "door"
    ],
    "769": [
        69,
        "washer"
    ],
    "772": [
        716,
        "shower_dial"
    ],
    "773": [
        434,
        "couch"
    ],
    "776": [
        118,
        "storage_box"
    ],
    "777": [
        280,
        "clock"
    ],
    "782": [
        244,
        "kitchen_shelf"
    ],
    "784": [
        487,
        "attic_door"
    ],
    "786": [
        376,
        "vase"
    ],
    "787": [
        241,
        "refrigerator_cabinet"
    ],
    "788": [
        63,
        "cabinet"
    ],
    "789": [
        80,
        "ladder"
    ],
    "791": [
        89,
        "storage_box"
    ],
    "792": [
        341,
        "dining_chair"
    ],
    "793": [
        417,
        "shelf"
    ],
    "794": [
        358,
        "curtain"
    ],
    "798": [
        793,
        "laundry_bag"
    ],
    "799": [
        7,
        "door_window"
    ],
    "803": [
        15,
        "wall_electronics"
    ],
    "804": [
        296,
        "kitchen_lower_cabinet"
    ],
    "807": [
        608,
        "sheet"
    ],
    "808": [
        510,
        "wardrobe"
    ],
    "809": [
        133,
        "door_window"
    ],
    "810": [
        299,
        "countertop"
    ],
    "812": [
        808,
        "rug"
    ],
    "814": [
        377,
        "vase"
    ],
    "815": [
        303,
        "toaster"
    ],
    "816": [
        512,
        "window"
    ],
    "819": [
        570,
        "storage_box"
    ],
    "821": [
        399,
        "shelf"
    ],
    "824": [
        32,
        "stool"
    ],
    "827": [
        874,
        "sliding_door"
    ],
    "830": [
        102,
        "hanging_clothes"
    ],
    "831": [
        74,
        "storage_box"
    ],
    "832": [
        106,
        "hanging_clothes"
    ],
    "835": [
        647,
        "desk_clutter"
    ],
    "836": [
        786,
        "cloth"
    ],
    "837": [
        781,
        "bag"
    ],
    "838": [
        619,
        "book"
    ],
    "839": [
        134,
        "door"
    ],
    "840": [
        842,
        "storage_bin"
    ],
    "843": [
        209,
        "basket"
    ],
    "844": [
        623,
        "pile_of_magazines"
    ],
    "846": [
        366,
        "chest"
    ],
    "847": [
        276,
        "towel"
    ],
    "850": [
        101,
        "hanging_clothes"
    ],
    "852": [
        39,
        "shelf"
    ],
    "854": [
        833,
        "storage_bin"
    ],
    "856": [
        691,
        "shower_utensil"
    ],
    "859": [
        31,
        "row_of_theater_chairs"
    ],
    "860": [
        867,
        "couch"
    ],
    "861": [
        501,
        "radio"
    ],
    "862": [
        696,
        "blinds"
    ],
    "863": [
        27,
        "bulletin_board"
    ],
    "865": [
        270,
        "flowerpot"
    ],
    "866": [
        834,
        "storage_bin"
    ],
    "867": [
        714,
        "bathtub"
    ],
    "869": [
        733,
        "fluorescent_light"
    ],
    "870": [
        878,
        "sliding_door"
    ],
    "874": [
        253,
        "can"
    ],
    "875": [
        527,
        "container"
    ],
    "877": [
        174,
        "bathroom_accessory"
    ],
    "880": [
        660,
        "basket"
    ],
    "882": [
        441,
        "table"
    ],
    "883": [
        269,
        "plant"
    ],
    "884": [
        458,
        "picture"
    ],
    "885": [
        207,
        "shelf"
    ],
    "886": [
        744,
        "towel"
    ],
    "889": [
        746,
        "towel"
    ],
    "890": [
        866,
        "pillow"
    ],
    "891": [
        760,
        "basket_of_something"
    ],
    "896": [
        293,
        "kitchen_lower_cabinet"
    ],
    "897": [
        248,
        "sink_cabinet"
    ],
    "899": [
        400,
        "shelf"
    ],
    "902": [
        249,
        "mixer"
    ],
    "905": [
        856,
        "pillow"
    ],
    "906": [
        11,
        "door_handle"
    ]
}