{
    "1": [
        3,
        "ceiling_lamp"
    ],
    "3": [
        251,
        "bed"
    ],
    "4": [
        308,
        "door"
    ],
    "5": [
        288,
        "flower_vase"
    ],
    "6": [
        43,
        "vase"
    ],
    "7": [
        174,
        "kitchen_countertop_item"
    ],
    "9": [
        203,
        "dining_chair"
    ],
    "10": [
        204,
        "dining_chair"
    ],
    "12": [
        316,
        "casket"
    ],
    "18": [
        267,
        "table"
    ],
    "21": [
        67,
        "heater"
    ],
    "22": [
        217,
        "wardrobe"
    ],
    "24": [
        349,
        "window_curtain"
    ],
    "25": [
        32,
        "decoration"
    ],
    "26": [
        183,
        "kitchen_cabinet"
    ],
    "27": [
        30,
        "cabinet"
    ],
    "28": [
        126,
        "cosmetic"
    ],
    "29": [
        169,
        "kitchen_countertop_item"
    ],
    "30": [
        330,
        "cuddly_toy"
    ],
    "31": [
        252,
        "bed"
    ],
    "33": [
        71,
        "picture"
    ],
    "34": [
        81,
        "vase"
    ],
    "35": [
        382,
        "toy"
    ],
    "36": [
        371,
        "chair"
    ],
    "37": [
        50,
        "pillow"
    ],
    "39": [
        143,
        "decoration"
    ],
    "40": [
        80,
        "mirror"
    ],
    "41": [
        56,
        "l"
    ],
    "44": [
        40,
        "vase"
    ],
    "45": [
        277,
        "bidet"
    ],
    "46": [
        62,
        "dinner_chair"
    ],
    "47": [
        212,
        "handle"
    ],
    "51": [
        216,
        "washing_machine"
    ],
    "54": [
        192,
        "kitchen_lower_cabinet"
    ],
    "55": [
        205,
        "dining_chair"
    ],
    "56": [
        322,
        "statue"
    ],
    "57": [
        120,
        "toilet"
    ],
    "58": [
        19,
        "fireplace"
    ],
    "61": [
        279,
        "laundry_basket"
    ],
    "63": [
        107,
        "bathtub"
    ],
    "65": [
        111,
        "sink"
    ],
    "73": [
        262,
        "bedside_lamp"
    ],
    "74": [
        130,
        "rug"
    ],
    "75": [
        290,
        "sink"
    ],
    "77": [
        289,
        "plant"
    ],
    "78": [
        268,
        "window_curtain"
    ],
    "81": [
        119,
        "trash_can"
    ],
    "84": [
        195,
        "kitchen_cabinet"
    ],
    "85": [
        193,
        "kitchen_lower_cabinet"
    ],
    "86": [
        353,
        "door"
    ],
    "89": [
        138,
        "decorative_plant"
    ],
    "90": [
        198,
        "kitchen_cabinet"
    ],
    "91": [
        42,
        "shelf"
    ],
    "96": [
        200,
        "dining_chair"
    ],
    "98": [
        261,
        "table_cloth"
    ],
    "99": [
        350,
        "heater"
    ],
    "100": [
        95,
        "ceiling_lamp"
    ],
    "102": [
        381,
        "bedside_lamp"
    ],
    "104": [
        296,
        "mirror"
    ],
    "105": [
        207,
        "ceiling_lamp"
    ],
    "109": [
        312,
        "picture"
    ],
    "111": [
        65,
        "door"
    ],
    "112": [
        157,
        "door"
    ],
    "113": [
        155,
        "wall_clock"
    ],
    "114": [
        8,
        "heater"
    ],
    "117": [
        190,
        "kitchen_lower_cabinet"
    ],
    "118": [
        54,
        "pillow"
    ],
    "120": [
        110,
        "sink"
    ],
    "121": [
        223,
        "door_window"
    ],
    "122": [
        100,
        "bath_utensil"
    ],
    "123": [
        161,
        "refrigerator"
    ],
    "124": [
        360,
        "rug"
    ],
    "127": [
        168,
        "kitchen_countertop_item"
    ],
    "130": [
        356,
        "ceiling_molding"
    ],
    "131": [
        366,
        "heater"
    ],
    "133": [
        218,
        "board"
    ],
    "134": [
        282,
        "handle"
    ],
    "136": [
        238,
        "ceiling_lamp"
    ],
    "139": [
        374,
        "clutter"
    ],
    "140": [
        384,
        "nightstand"
    ],
    "141": [
        188,
        "kitchen_countertop_item"
    ],
    "142": [
        38,
        "decoration"
    ],
    "143": [
        219,
        "board"
    ],
    "144": [
        365,
        "wardrobe"
    ],
    "145": [
        264,
        "nightstand"
    ],
    "146": [
        59,
        "dinner_chair"
    ],
    "148": [
        242,
        "rug"
    ],
    "151": [
        139,
        "flower_vase"
    ],
    "152": [
        117,
        "paper_towel"
    ],
    "154": [
        68,
        "fuse_box"
    ],
    "155": [
        318,
        "bedside_lamp"
    ],
    "156": [
        311,
        "ceiling_molding"
    ],
    "158": [
        170,
        "kitchen_utensil"
    ],
    "160": [
        145,
        "door"
    ],
    "161": [
        348,
        "mirror"
    ],
    "162": [
        10,
        "ceiling_molding"
    ],
    "164": [
        35,
        "vase"
    ],
    "165": [
        162,
        "fire_extinguisher"
    ],
    "166": [
        24,
        "door"
    ],
    "167": [
        229,
        "wardrobe"
    ],
    "169": [
        283,
        "cosmetics"
    ],
    "172": [
        181,
        "oven"
    ],
    "173": [
        180,
        "microwave"
    ],
    "175": [
        199,
        "dining_table"
    ],
    "176": [
        320,
        "rug"
    ],
    "177": [
        175,
        "kitchen_countertop_item"
    ],
    "178": [
        244,
        "rug"
    ],
    "179": [
        344,
        "bed"
    ],
    "180": [
        26,
        "window_curtain"
    ],
    "181": [
        61,
        "dinner_chair"
    ],
    "183": [
        171,
        "kitchen_extractor"
    ],
    "186": [
        383,
        "toy"
    ],
    "187": [
        7,
        "decorative_plant"
    ],
    "188": [
        280,
        "window_glass"
    ],
    "190": [
        377,
        "pillow"
    ],
    "198": [
        376,
        "chest_of_drawers"
    ],
    "199": [
        15,
        "picture"
    ],
    "200": [
        5,
        "picture"
    ],
    "201": [
        227,
        "rug"
    ],
    "202": [
        184,
        "kitchen_lower_cabinet"
    ],
    "207": [
        154,
        "ceiling_lamp"
    ],
    "210": [
        52,
        "pillow"
    ],
    "211": [
        72,
        "picture"
    ],
    "213": [
        53,
        "pillow"
    ],
    "214": [
        47,
        "tv_stand"
    ],
    "216": [
        266,
        "vase"
    ],
    "217": [
        31,
        "rug"
    ],
    "218": [
        250,
        "chair"
    ],
    "220": [
        368,
        "picture"
    ],
    "221": [
        317,
        "nightstand"
    ],
    "222": [
        272,
        "ceiling_lamp"
    ],
    "224": [
        51,
        "pillow"
    ],
    "228": [
        361,
        "rug"
    ],
    "231": [
        44,
        "vase"
    ],
    "232": [
        41,
        "shelf"
    ],
    "233": [
        237,
        "chest_of_drawers"
    ],
    "235": [
        4,
        "ceiling_molding"
    ],
    "238": [
        58,
        "dinner_table"
    ],
    "239": [
        39,
        "decoration"
    ],
    "240": [
        189,
        "vase"
    ],
    "241": [
        118,
        "toilet_brush"
    ],
    "242": [
        48,
        "cabinet"
    ],
    "245": [
        342,
        "wardrobe"
    ],
    "246": [
        285,
        "cosmetic"
    ],
    "247": [
        254,
        "picture"
    ],
    "248": [
        299,
        "bath_utensil"
    ],
    "250": [
        158,
        "heater"
    ],
    "251": [
        104,
        "bathtub_utensil"
    ],
    "254": [
        55,
        "pillow"
    ],
    "256": [
        378,
        "pillow"
    ],
    "257": [
        323,
        "basket_of_something"
    ],
    "260": [
        16,
        "decoration"
    ],
    "263": [
        319,
        "nightstand"
    ],
    "264": [
        327,
        "doll"
    ],
    "265": [
        241,
        "rug"
    ],
    "266": [
        270,
        "mirror"
    ],
    "267": [
        265,
        "nightstand"
    ],
    "269": [
        329,
        "cuddly_toy"
    ],
    "270": [
        302,
        "shower_cabin"
    ],
    "277": [
        332,
        "chest_of_drawers"
    ],
    "279": [
        240,
        "ceiling_molding"
    ],
    "281": [
        196,
        "kitchen_cabinet"
    ],
    "282": [
        315,
        "bedside_lamp"
    ],
    "283": [
        385,
        "nightstand"
    ],
    "284": [
        276,
        "trash_can"
    ],
    "286": [
        201,
        "dining_chair"
    ],
    "289": [
        379,
        "bed"
    ],
    "292": [
        172,
        "kitchen_countertop_item"
    ],
    "293": [
        116,
        "countertop"
    ],
    "294": [
        226,
        "heater"
    ],
    "295": [
        367,
        "door"
    ],
    "297": [
        284,
        "shower_rail"
    ],
    "298": [
        106,
        "faucet"
    ],
    "303": [
        355,
        "ceiling_lamp"
    ],
    "305": [
        202,
        "dining_chair"
    ],
    "306": [
        186,
        "sink"
    ],
    "308": [
        260,
        "bag"
    ],
    "310": [
        127,
        "mirror"
    ],
    "311": [
        278,
        "toilet"
    ],
    "313": [
        2,
        "ceiling_lamp"
    ],
    "314": [
        314,
        "rug"
    ],
    "316": [
        6,
        "table_lamp"
    ],
    "317": [
        346,
        "chair"
    ],
    "318": [
        222,
        "door_window"
    ],
    "319": [
        129,
        "ceiling_molding"
    ],
    "320": [
        185,
        "kitchen_top"
    ],
    "323": [
        179,
        "paper_towel_dispenser"
    ],
    "325": [
        373,
        "toy"
    ],
    "326": [
        292,
        "countertop"
    ],
    "327": [
        114,
        "bathroom_utensil"
    ],
    "328": [
        307,
        "heater"
    ],
    "329": [
        194,
        "kitchen_lower_cabinet"
    ],
    "330": [
        235,
        "door"
    ],
    "332": [
        33,
        "coffee_table"
    ],
    "333": [
        273,
        "vent"
    ],
    "335": [
        359,
        "toy"
    ],
    "337": [
        328,
        "cuddly_toy"
    ],
    "338": [
        191,
        "kitchen_lower_cabinet"
    ],
    "339": [
        370,
        "window_curtain"
    ],
    "340": [
        331,
        "chair"
    ],
    "342": [
        286,
        "trashcan"
    ],
    "344": [
        49,
        "pillow"
    ],
    "345": [
        36,
        "vase"
    ],
    "347": [
        28,
        "rug"
    ],
    "348": [
        310,
        "ceiling_lamp"
    ],
    "355": [
        101,
        "bath_utensil"
    ],
    "356": [
        121,
        "bidet"
    ],
    "358": [
        291,
        "cabinet"
    ],
    "359": [
        380,
        "bedside_lamp"
    ],
    "360": [
        60,
        "dinner_chair"
    ],
    "361": [
        275,
        "toilet_paper_dispenser"
    ],
    "362": [
        236,
        "decoration"
    ],
    "367": [
        269,
        "window_curtain"
    ],
    "368": [
        372,
        "statue"
    ],
    "370": [
        225,
        "ceiling_molding"
    ],
    "371": [
        257,
        "decoration"
    ],
    "372": [
        321,
        "cuddly_toy"
    ],
    "373": [
        84,
        "display_table"
    ],
    "375": [
        245,
        "cuddly_toy"
    ],
    "376": [
        79,
        "telephone"
    ],
    "378": [
        263,
        "bedside_lamp"
    ],
    "379": [
        173,
        "kitchen_countertop_item"
    ],
    "381": [
        46,
        "tv"
    ],
    "382": [
        144,
        "heater"
    ],
    "384": [
        63,
        "mirror"
    ],
    "385": [
        124,
        "door"
    ]
}