{
    "1": [
        971,
        "box"
    ],
    "3": [
        150,
        "toilet_paper"
    ],
    "4": [
        816,
        "pillow"
    ],
    "5": [
        852,
        "clothes"
    ],
    "6": [
        995,
        "chair"
    ],
    "7": [
        406,
        "lamp"
    ],
    "8": [
        446,
        "refrigerator"
    ],
    "11": [
        216,
        "door"
    ],
    "12": [
        301,
        "table"
    ],
    "14": [
        548,
        "towel"
    ],
    "15": [
        76,
        "shoe"
    ],
    "18": [
        662,
        "towel"
    ],
    "20": [
        1037,
        "appliance"
    ],
    "21": [
        993,
        "bucket"
    ],
    "22": [
        904,
        "car"
    ],
    "23": [
        111,
        "picture"
    ],
    "24": [
        853,
        "box"
    ],
    "25": [
        609,
        "shoe"
    ],
    "26": [
        45,
        "bag"
    ],
    "27": [
        60,
        "book"
    ],
    "30": [
        1010,
        "box"
    ],
    "32": [
        1007,
        "case"
    ],
    "33": [
        909,
        "cardboard_box"
    ],
    "34": [
        565,
        "shower_cabin"
    ],
    "35": [
        289,
        "rack"
    ],
    "36": [
        913,
        "cardboard_box"
    ],
    "37": [
        873,
        "clothes"
    ],
    "40": [
        184,
        "ceiling_lamp"
    ],
    "41": [
        762,
        "picture"
    ],
    "42": [
        1057,
        "tool"
    ],
    "43": [
        127,
        "clothes"
    ],
    "44": [
        167,
        "bathroom_accessory"
    ],
    "45": [
        54,
        "bag"
    ],
    "46": [
        827,
        "decoration"
    ],
    "47": [
        104,
        "carpet"
    ],
    "48": [
        766,
        "cabinet"
    ],
    "49": [
        707,
        "decoration"
    ],
    "50": [
        640,
        "frame"
    ],
    "51": [
        724,
        "cardboard_box"
    ],
    "54": [
        1011,
        "box"
    ],
    "56": [
        28,
        "tv"
    ],
    "57": [
        824,
        "decoration"
    ],
    "59": [
        756,
        "painting"
    ],
    "61": [
        1073,
        "bottle"
    ],
    "62": [
        57,
        "decoration"
    ],
    "63": [
        836,
        "frame"
    ],
    "64": [
        383,
        "box"
    ],
    "66": [
        1046,
        "bottle"
    ],
    "67": [
        1013,
        "hose"
    ],
    "68": [
        1018,
        "bottle"
    ],
    "70": [
        424,
        "shelf"
    ],
    "72": [
        434,
        "dining_chair"
    ],
    "73": [
        803,
        "shelf"
    ],
    "74": [
        835,
        "decoration"
    ],
    "75": [
        942,
        "cardboard_box"
    ],
    "76": [
        41,
        "desk_chair"
    ],
    "77": [
        87,
        "picture"
    ],
    "78": [
        213,
        "window"
    ],
    "79": [
        311,
        "flower_vase"
    ],
    "83": [
        685,
        "window"
    ],
    "84": [
        934,
        "cardboard_box"
    ],
    "87": [
        917,
        "rack"
    ],
    "88": [
        625,
        "clothes"
    ],
    "89": [
        976,
        "box"
    ],
    "90": [
        765,
        "picture"
    ],
    "92": [
        990,
        "bucket"
    ],
    "94": [
        1056,
        "chair"
    ],
    "95": [
        868,
        "cabinet"
    ],
    "97": [
        451,
        "towel"
    ],
    "98": [
        875,
        "laundry_machine"
    ],
    "99": [
        870,
        "cabinet"
    ],
    "100": [
        740,
        "case"
    ],
    "101": [
        841,
        "bag"
    ],
    "103": [
        321,
        "window"
    ],
    "104": [
        876,
        "box"
    ],
    "105": [
        544,
        "bathroom_cabinet"
    ],
    "106": [
        708,
        "bottle_of_detergent"
    ],
    "107": [
        1055,
        "tool"
    ],
    "109": [
        108,
        "exercise_machine"
    ],
    "110": [
        834,
        "decoration"
    ],
    "111": [
        894,
        "bag"
    ],
    "112": [
        179,
        "bathroom_accessory"
    ],
    "113": [
        44,
        "bag"
    ],
    "114": [
        223,
        "window"
    ],
    "116": [
        806,
        "shelf"
    ],
    "117": [
        315,
        "picture"
    ],
    "118": [
        854,
        "box"
    ],
    "119": [
        644,
        "scale"
    ],
    "121": [
        491,
        "flowerpot"
    ],
    "122": [
        359,
        "printer"
    ],
    "123": [
        879,
        "bin"
    ],
    "124": [
        304,
        "chair"
    ],
    "125": [
        429,
        "flowerpot"
    ],
    "128": [
        517,
        "door"
    ],
    "129": [
        833,
        "decoration"
    ],
    "130": [
        804,
        "shelf"
    ],
    "131": [
        975,
        "box"
    ],
    "132": [
        335,
        "pillow"
    ],
    "135": [
        123,
        "case"
    ],
    "136": [
        772,
        "blanket"
    ],
    "138": [
        688,
        "shower_knob"
    ],
    "139": [
        899,
        "cardboard_box"
    ],
    "141": [
        1072,
        "bottle"
    ],
    "144": [
        39,
        "wall_clock"
    ],
    "145": [
        760,
        "pillow"
    ],
    "146": [
        1003,
        "bucket"
    ],
    "147": [
        1004,
        "bucket"
    ],
    "148": [
        309,
        "cabinet"
    ],
    "149": [
        143,
        "bathroom_cabinet"
    ],
    "150": [
        163,
        "bathroom_accessory"
    ],
    "152": [
        236,
        "cardboard_box"
    ],
    "153": [
        408,
        "lamp"
    ],
    "154": [
        472,
        "kitchen_appliance"
    ],
    "156": [
        210,
        "window"
    ],
    "158": [
        1025,
        "bottle"
    ],
    "159": [
        303,
        "chair"
    ],
    "160": [
        244,
        "speaker"
    ],
    "161": [
        900,
        "bag"
    ],
    "162": [
        636,
        "clothes"
    ],
    "163": [
        973,
        "box"
    ],
    "164": [
        601,
        "air_conditioner"
    ],
    "166": [
        129,
        "clothes"
    ],
    "167": [
        999,
        "cardboard_box"
    ],
    "169": [
        958,
        "case"
    ],
    "170": [
        524,
        "cabinet"
    ],
    "172": [
        820,
        "bag"
    ],
    "173": [
        1043,
        "ladder"
    ],
    "174": [
        24,
        "dresser"
    ],
    "176": [
        81,
        "keyboard"
    ],
    "177": [
        872,
        "clothes"
    ],
    "178": [
        21,
        "bag"
    ],
    "179": [
        86,
        "appliance"
    ],
    "181": [
        499,
        "paper"
    ],
    "183": [
        154,
        "door"
    ],
    "184": [
        444,
        "trashcan"
    ],
    "188": [
        1045,
        "can"
    ],
    "189": [
        25,
        "desk"
    ],
    "190": [
        326,
        "decoration"
    ],
    "191": [
        560,
        "toilet_paper"
    ],
    "192": [
        168,
        "towel"
    ],
    "193": [
        1028,
        "bottle"
    ],
    "194": [
        831,
        "decoration"
    ],
    "195": [
        261,
        "mat"
    ],
    "196": [
        691,
        "appliance"
    ],
    "198": [
        293,
        "sofa_chair"
    ],
    "199": [
        82,
        "computer_mouse"
    ],
    "200": [
        984,
        "tool"
    ],
    "203": [
        593,
        "tv"
    ],
    "205": [
        164,
        "decoration"
    ],
    "206": [
        615,
        "pillow"
    ],
    "207": [
        908,
        "cardboard_box"
    ],
    "208": [
        234,
        "decoration"
    ],
    "209": [
        667,
        "book"
    ],
    "211": [
        977,
        "box"
    ],
    "213": [
        272,
        "ceiling_lamp"
    ],
    "215": [
        83,
        "box"
    ],
    "216": [
        447,
        "stove"
    ],
    "217": [
        808,
        "shelf"
    ],
    "219": [
        832,
        "decoration"
    ],
    "220": [
        1067,
        "footstool"
    ],
    "222": [
        626,
        "rack"
    ],
    "223": [
        717,
        "clothes"
    ],
    "224": [
        961,
        "tool_box"
    ],
    "225": [
        985,
        "tool"
    ],
    "227": [
        375,
        "wardrobe"
    ],
    "228": [
        659,
        "mirror"
    ],
    "231": [
        604,
        "speaker"
    ],
    "234": [
        830,
        "decoration"
    ],
    "236": [
        525,
        "cabinet"
    ],
    "238": [
        737,
        "basket_of_something"
    ],
    "240": [
        323,
        "cup"
    ],
    "242": [
        800,
        "pillow"
    ],
    "243": [
        16,
        "door"
    ],
    "245": [
        1036,
        "can"
    ],
    "246": [
        1064,
        "case"
    ],
    "247": [
        316,
        "picture"
    ],
    "248": [
        1021,
        "can"
    ],
    "249": [
        372,
        "cardboard_box"
    ],
    "250": [
        421,
        "fireplace_wall"
    ],
    "252": [
        121,
        "carpet"
    ],
    "253": [
        352,
        "case"
    ],
    "254": [
        460,
        "kitchen_cabinet"
    ],
    "255": [
        566,
        "toilet_brush"
    ],
    "256": [
        630,
        "shoe"
    ],
    "257": [
        696,
        "vent"
    ],
    "259": [
        75,
        "box"
    ],
    "260": [
        767,
        "cabinet"
    ],
    "261": [
        992,
        "bucket"
    ],
    "262": [
        929,
        "garage_door_opener_motor"
    ],
    "263": [
        979,
        "paper_towel"
    ],
    "264": [
        94,
        "box"
    ],
    "265": [
        318,
        "picture"
    ],
    "270": [
        134,
        "clothes"
    ],
    "272": [
        23,
        "rack"
    ],
    "273": [
        470,
        "kitchen_appliance"
    ],
    "274": [
        481,
        "display_cabinet"
    ],
    "275": [
        331,
        "decoration"
    ],
    "276": [
        489,
        "display_table"
    ],
    "277": [
        925,
        "garage_door"
    ],
    "278": [
        983,
        "tool"
    ],
    "279": [
        1042,
        "bag"
    ],
    "280": [
        59,
        "book"
    ],
    "281": [
        221,
        "table"
    ],
    "283": [
        718,
        "clothes"
    ],
    "284": [
        465,
        "coffee_machine"
    ],
    "285": [
        546,
        "sink"
    ],
    "286": [
        43,
        "printer"
    ],
    "287": [
        1009,
        "bag"
    ],
    "288": [
        1040,
        "bottle"
    ],
    "289": [
        1039,
        "boiler"
    ],
    "290": [
        483,
        "cabinet"
    ],
    "292": [
        1023,
        "bottle"
    ],
    "293": [
        220,
        "tv"
    ],
    "296": [
        333,
        "decoration"
    ],
    "297": [
        822,
        "clothes"
    ],
    "298": [
        33,
        "table"
    ],
    "299": [
        295,
        "table"
    ],
    "300": [
        297,
        "lamp"
    ],
    "304": [
        50,
        "hammock"
    ],
    "305": [
        454,
        "window"
    ],
    "306": [
        503,
        "paper"
    ],
    "308": [
        1033,
        "can"
    ],
    "310": [
        384,
        "box"
    ],
    "311": [
        371,
        "cardboard_box"
    ],
    "314": [
        178,
        "shower_pipe"
    ],
    "316": [
        616,
        "pillow"
    ],
    "317": [
        848,
        "cardboard_box"
    ],
    "318": [
        758,
        "door"
    ],
    "319": [
        764,
        "cabinet"
    ],
    "320": [
        110,
        "exercise_ball"
    ],
    "322": [
        735,
        "shoe"
    ],
    "323": [
        784,
        "clothes"
    ],
    "326": [
        391,
        "fan"
    ],
    "327": [
        61,
        "book"
    ],
    "330": [
        850,
        "basket_of_something"
    ],
    "331": [
        1029,
        "bottle"
    ],
    "332": [
        133,
        "bag"
    ],
    "333": [
        219,
        "couch"
    ],
    "334": [
        1030,
        "can"
    ],
    "336": [
        799,
        "cabinet"
    ],
    "337": [
        988,
        "chair"
    ],
    "338": [
        1041,
        "bottle"
    ],
    "339": [
        1050,
        "case"
    ],
    "341": [
        231,
        "basket"
    ],
    "342": [
        181,
        "bathroom_accessory"
    ],
    "343": [
        599,
        "lamp"
    ],
    "344": [
        743,
        "clothes"
    ],
    "345": [
        965,
        "box"
    ],
    "346": [
        665,
        "sink"
    ],
    "347": [
        452,
        "towel"
    ],
    "348": [
        924,
        "garage_door"
    ],
    "349": [
        1053,
        "tool"
    ],
    "350": [
        704,
        "toilet_paper"
    ],
    "351": [
        310,
        "vase"
    ],
    "352": [
        842,
        "clothes"
    ],
    "353": [
        643,
        "plush_toy"
    ],
    "354": [
        325,
        "decoration"
    ],
    "355": [
        414,
        "window"
    ],
    "356": [
        457,
        "dishwasher"
    ],
    "359": [
        1077,
        "bag"
    ],
    "360": [
        438,
        "stool"
    ],
    "361": [
        741,
        "shoe"
    ],
    "364": [
        370,
        "bag"
    ],
    "365": [
        52,
        "hat"
    ],
    "366": [
        635,
        "clothes"
    ],
    "367": [
        1062,
        "tool"
    ],
    "368": [
        290,
        "appliance"
    ],
    "369": [
        40,
        "trashcan"
    ],
    "370": [
        588,
        "door"
    ],
    "371": [
        155,
        "towel"
    ],
    "372": [
        214,
        "window"
    ],
    "373": [
        1017,
        "bottle"
    ],
    "375": [
        437,
        "stool"
    ],
    "377": [
        407,
        "lamp"
    ],
    "378": [
        467,
        "kitchen_appliance"
    ],
    "379": [
        376,
        "cabinet"
    ],
    "382": [
        142,
        "wall_lamp"
    ],
    "383": [
        471,
        "kitchen_appliance"
    ],
    "384": [
        779,
        "bag"
    ],
    "385": [
        1069,
        "box"
    ],
    "386": [
        431,
        "dining_chair"
    ],
    "387": [
        62,
        "bowl"
    ],
    "388": [
        442,
        "mat"
    ],
    "390": [
        559,
        "toilet"
    ],
    "392": [
        793,
        "door"
    ],
    "393": [
        466,
        "toaster"
    ],
    "394": [
        603,
        "cardboard_box"
    ],
    "395": [
        844,
        "sheet"
    ],
    "396": [
        458,
        "towel"
    ],
    "397": [
        15,
        "bed"
    ],
    "398": [
        542,
        "decoration"
    ],
    "399": [
        759,
        "bed"
    ],
    "400": [
        115,
        "exercise_ball"
    ],
    "401": [
        227,
        "door"
    ],
    "402": [
        242,
        "decoration"
    ],
    "404": [
        228,
        "treadmill"
    ],
    "406": [
        846,
        "shelf"
    ],
    "407": [
        898,
        "cardboard_box"
    ],
    "408": [
        1071,
        "bucket"
    ],
    "409": [
        68,
        "shelf"
    ],
    "410": [
        610,
        "pillow"
    ],
    "411": [
        1015,
        "bottle"
    ],
    "412": [
        825,
        "decoration"
    ],
    "413": [
        125,
        "shelf"
    ],
    "415": [
        809,
        "pillow"
    ],
    "416": [
        435,
        "dining_chair"
    ],
    "417": [
        589,
        "door"
    ],
    "419": [
        379,
        "paper"
    ],
    "420": [
        208,
        "fan"
    ],
    "422": [
        933,
        "cardboard_box"
    ],
    "426": [
        1044,
        "cart"
    ],
    "427": [
        69,
        "rack"
    ],
    "431": [
        344,
        "window"
    ],
    "434": [
        302,
        "chair"
    ],
    "435": [
        473,
        "tap"
    ],
    "437": [
        246,
        "table"
    ],
    "438": [
        369,
        "paper"
    ],
    "439": [
        77,
        "fire_alarm"
    ],
    "440": [
        237,
        "cardboard_box"
    ],
    "441": [
        949,
        "cardboard_box"
    ],
    "444": [
        103,
        "door"
    ],
    "446": [
        484,
        "cabinet"
    ],
    "447": [
        761,
        "clothes"
    ],
    "449": [
        26,
        "shelf"
    ],
    "450": [
        545,
        "sink"
    ],
    "453": [
        716,
        "shelf"
    ],
    "454": [
        695,
        "shampoo"
    ],
    "457": [
        1048,
        "fan"
    ],
    "460": [
        233,
        "lamp"
    ],
    "461": [
        639,
        "board"
    ],
    "462": [
        912,
        "cardboard_box"
    ],
    "463": [
        378,
        "bag"
    ],
    "464": [
        420,
        "fireplace"
    ],
    "465": [
        88,
        "picture"
    ],
    "467": [
        156,
        "bag"
    ],
    "468": [
        49,
        "bag"
    ],
    "469": [
        488,
        "paper"
    ],
    "470": [
        288,
        "rack"
    ],
    "473": [
        177,
        "shower_knob"
    ],
    "475": [
        931,
        "garage_light"
    ],
    "476": [
        84,
        "appliance"
    ],
    "477": [
        901,
        "tool_box"
    ],
    "478": [
        432,
        "dining_chair"
    ],
    "482": [
        17,
        "door"
    ],
    "484": [
        817,
        "clothes"
    ],
    "485": [
        365,
        "speaker"
    ],
    "486": [
        367,
        "keyboard"
    ],
    "487": [
        951,
        "tool_box"
    ],
    "488": [
        778,
        "case"
    ],
    "489": [
        994,
        "bucket"
    ],
    "490": [
        135,
        "bag"
    ],
    "491": [
        445,
        "mat"
    ],
    "498": [
        327,
        "decoration"
    ],
    "499": [
        928,
        "garage_door_opener_motor"
    ],
    "500": [
        941,
        "cardboard_box"
    ],
    "501": [
        781,
        "clothes"
    ],
    "502": [
        230,
        "blanket"
    ],
    "503": [
        419,
        "bowl"
    ],
    "505": [
        962,
        "tool_box"
    ],
    "506": [
        19,
        "bag"
    ],
    "508": [
        461,
        "kitchen_cabinet"
    ],
    "510": [
        361,
        "desk_chair"
    ],
    "512": [
        71,
        "blanket"
    ],
    "513": [
        532,
        "door"
    ],
    "515": [
        353,
        "box"
    ],
    "517": [
        1070,
        "broom"
    ],
    "518": [
        1035,
        "can"
    ],
    "519": [
        351,
        "case"
    ],
    "520": [
        744,
        "shoe"
    ],
    "523": [
        1020,
        "can"
    ],
    "524": [
        192,
        "appliance"
    ],
    "525": [
        705,
        "toilet_brush"
    ],
    "526": [
        689,
        "shower_door"
    ],
    "528": [
        1016,
        "bottle"
    ],
    "530": [
        174,
        "shower"
    ],
    "531": [
        914,
        "cardboard_box"
    ],
    "536": [
        161,
        "bathroom_accessory"
    ],
    "537": [
        930,
        "garage_light"
    ],
    "538": [
        687,
        "shower_tub"
    ],
    "539": [
        969,
        "cardboard_box"
    ],
    "541": [
        292,
        "sofa_chair"
    ],
    "542": [
        860,
        "ceiling_lamp"
    ],
    "543": [
        114,
        "clothes"
    ],
    "544": [
        619,
        "frame"
    ],
    "545": [
        312,
        "picture"
    ],
    "546": [
        645,
        "box"
    ],
    "549": [
        144,
        "sink"
    ],
    "552": [
        558,
        "door"
    ],
    "553": [
        818,
        "clothes"
    ],
    "555": [
        256,
        "case"
    ],
    "556": [
        48,
        "basket_of_something"
    ],
    "557": [
        982,
        "tool"
    ],
    "558": [
        262,
        "carpet"
    ],
    "559": [
        996,
        "ladder"
    ],
    "560": [
        443,
        "trashcan"
    ],
    "562": [
        789,
        "fan"
    ],
    "564": [
        1051,
        "ladder"
    ],
    "566": [
        641,
        "clothes"
    ],
    "567": [
        364,
        "desk_lamp"
    ],
    "568": [
        950,
        "cardboard_box"
    ],
    "569": [
        118,
        "ceiling_lamp"
    ],
    "570": [
        287,
        "tv"
    ],
    "572": [
        80,
        "pillow"
    ],
    "575": [
        819,
        "clothes"
    ],
    "576": [
        723,
        "cardboard_box"
    ],
    "577": [
        797,
        "bed"
    ],
    "578": [
        280,
        "door"
    ],
    "579": [
        970,
        "box"
    ],
    "580": [
        89,
        "picture"
    ],
    "581": [
        997,
        "ladder"
    ],
    "582": [
        978,
        "box"
    ],
    "583": [
        1006,
        "vacuum_cleaner"
    ],
    "584": [
        706,
        "trash_can"
    ],
    "586": [
        663,
        "bathroom_cabinet"
    ],
    "587": [
        664,
        "sink"
    ],
    "588": [
        464,
        "microwave"
    ],
    "589": [
        363,
        "computer"
    ],
    "590": [
        646,
        "curtain_rod"
    ],
    "592": [
        880,
        "appliance"
    ],
    "593": [
        581,
        "fan"
    ],
    "594": [
        241,
        "decoration"
    ],
    "595": [
        647,
        "alarm"
    ],
    "596": [
        955,
        "case"
    ],
    "597": [
        586,
        "bed"
    ],
    "598": [
        1038,
        "tool"
    ],
    "599": [
        425,
        "tv"
    ],
    "602": [
        92,
        "picture"
    ],
    "603": [
        547,
        "towel"
    ],
    "604": [
        130,
        "box"
    ],
    "605": [
        855,
        "box"
    ],
    "606": [
        922,
        "bicycle"
    ],
    "607": [
        953,
        "box"
    ],
    "608": [
        381,
        "box"
    ],
    "609": [
        299,
        "box"
    ],
    "610": [
        294,
        "table"
    ],
    "611": [
        637,
        "clothes"
    ],
    "612": [
        902,
        "tool_box"
    ],
    "613": [
        47,
        "bag"
    ],
    "614": [
        113,
        "clothes"
    ],
    "616": [
        952,
        "box"
    ],
    "617": [
        998,
        "tool_box"
    ],
    "618": [
        1027,
        "bottle"
    ],
    "620": [
        1034,
        "can"
    ],
    "621": [
        413,
        "window"
    ],
    "622": [
        22,
        "box"
    ],
    "623": [
        350,
        "mirror"
    ],
    "624": [
        300,
        "chair"
    ],
    "625": [
        739,
        "cardboard_box"
    ],
    "626": [
        1047,
        "pipe"
    ],
    "627": [
        493,
        "flowerpot"
    ],
    "628": [
        166,
        "mat"
    ],
    "630": [
        582,
        "fan"
    ],
    "631": [
        38,
        "picture"
    ],
    "632": [
        85,
        "appliance"
    ],
    "633": [
        267,
        "curtain"
    ],
    "634": [
        358,
        "desk"
    ],
    "637": [
        597,
        "drawer"
    ],
    "638": [
        631,
        "shoe"
    ],
    "639": [
        693,
        "shampoo"
    ],
    "640": [
        807,
        "shelf"
    ],
    "642": [
        42,
        "screen"
    ],
    "643": [
        260,
        "door"
    ],
    "644": [
        936,
        "cardboard_box"
    ],
    "647": [
        963,
        "tool_box"
    ],
    "649": [
        1000,
        "table"
    ],
    "652": [
        651,
        "robe"
    ],
    "654": [
        490,
        "box"
    ],
    "656": [
        845,
        "shelf"
    ],
    "657": [
        313,
        "picture"
    ],
    "658": [
        1026,
        "bottle"
    ],
    "659": [
        986,
        "bag"
    ],
    "660": [
        814,
        "decoration"
    ],
    "661": [
        157,
        "tap"
    ],
    "663": [
        905,
        "bicycle"
    ],
    "665": [
        612,
        "pillow"
    ],
    "666": [
        543,
        "decoration"
    ],
    "667": [
        182,
        "bathroom_accessory"
    ],
    "668": [
        235,
        "decoration"
    ],
    "669": [
        151,
        "toilet_paper"
    ],
    "670": [
        282,
        "painting"
    ],
    "672": [
        946,
        "cardboard_box"
    ],
    "673": [
        338,
        "decoration"
    ],
    "674": [
        869,
        "cabinet"
    ],
    "675": [
        426,
        "trashcan"
    ],
    "676": [
        777,
        "case"
    ],
    "677": [
        981,
        "paper_towel"
    ],
    "679": [
        720,
        "tool_box"
    ],
    "681": [
        587,
        "curtain"
    ],
    "686": [
        1032,
        "can"
    ],
    "687": [
        652,
        "robe"
    ],
    "688": [
        332,
        "decoration"
    ],
    "689": [
        247,
        "appliance"
    ],
    "690": [
        149,
        "toilet"
    ],
    "691": [
        459,
        "kitchen_cabinet"
    ],
    "693": [
        661,
        "towel"
    ],
    "694": [
        843,
        "clothes"
    ],
    "696": [
        285,
        "lamp"
    ],
    "697": [
        64,
        "decoration"
    ],
    "698": [
        734,
        "shoe"
    ],
    "700": [
        828,
        "decoration"
    ],
    "702": [
        829,
        "decoration"
    ],
    "703": [
        1022,
        "bottle"
    ],
    "706": [
        782,
        "shelf"
    ],
    "707": [
        768,
        "book"
    ],
    "708": [
        968,
        "cardboard_box"
    ],
    "709": [
        65,
        "decoration"
    ],
    "710": [
        600,
        "book"
    ],
    "711": [
        935,
        "cardboard_box"
    ],
    "714": [
        283,
        "picture"
    ],
    "715": [
        147,
        "window"
    ],
    "716": [
        105,
        "door"
    ],
    "717": [
        939,
        "cardboard_box"
    ],
    "718": [
        669,
        "basket_of_something"
    ],
    "722": [
        1008,
        "boiler"
    ],
    "723": [
        624,
        "clothes"
    ],
    "724": [
        362,
        "computer_mouse"
    ],
    "726": [
        945,
        "cardboard_box"
    ],
    "727": [
        742,
        "clothes"
    ],
    "728": [
        281,
        "vent"
    ],
    "729": [
        1060,
        "furniture"
    ],
    "730": [
        324,
        "cup"
    ],
    "731": [
        614,
        "pillow"
    ],
    "732": [
        954,
        "box"
    ],
    "734": [
        46,
        "bag"
    ],
    "735": [
        314,
        "picture"
    ],
    "736": [
        487,
        "bag"
    ],
    "739": [
        692,
        "clothes"
    ],
    "740": [
        972,
        "box"
    ],
    "742": [
        305,
        "chair"
    ],
    "743": [
        770,
        "clothes"
    ],
    "744": [
        185,
        "fire_alarm"
    ],
    "746": [
        180,
        "bathroom_accessory"
    ],
    "747": [
        595,
        "cabinet"
    ],
    "748": [
        980,
        "paper_towel"
    ],
    "749": [
        682,
        "window"
    ],
    "750": [
        505,
        "ceiling_lamp"
    ],
    "752": [
        428,
        "dinner_table"
    ],
    "753": [
        796,
        "window"
    ],
    "755": [
        137,
        "ceiling_lamp"
    ],
    "757": [
        336,
        "box"
    ],
    "758": [
        923,
        "bicycle"
    ],
    "759": [
        306,
        "chair"
    ],
    "760": [
        1058,
        "bottle"
    ],
    "761": [
        329,
        "book"
    ],
    "764": [
        440,
        "kitchen_counter"
    ],
    "767": [
        920,
        "ladder"
    ],
    "768": [
        436,
        "stool"
    ],
    "769": [
        726,
        "basket_of_something"
    ],
    "770": [
        162,
        "bathroom_accessory"
    ],
    "771": [
        526,
        "appliance"
    ],
    "772": [
        124,
        "bag"
    ],
    "774": [
        771,
        "chest"
    ],
    "775": [
        385,
        "box"
    ],
    "776": [
        78,
        "box"
    ],
    "777": [
        91,
        "picture"
    ],
    "778": [
        232,
        "table"
    ],
    "779": [
        377,
        "copier_machine"
    ],
    "780": [
        567,
        "shower_bench"
    ],
    "781": [
        14,
        "fan"
    ],
    "782": [
        291,
        "couch"
    ],
    "783": [
        709,
        "mat"
    ],
    "785": [
        897,
        "trashcan"
    ],
    "786": [
        360,
        "screen"
    ],
    "787": [
        322,
        "decoration"
    ],
    "788": [
        856,
        "box"
    ],
    "789": [
        642,
        "telephone"
    ],
    "790": [
        607,
        "clothes"
    ],
    "791": [
        811,
        "trashcan"
    ],
    "792": [
        606,
        "clothes"
    ],
    "794": [
        439,
        "stool"
    ],
    "796": [
        58,
        "decoration"
    ],
    "797": [
        479,
        "kitchen_countertop_item"
    ],
    "798": [
        427,
        "decoration"
    ],
    "799": [
        56,
        "shoe"
    ],
    "800": [
        932,
        "cardboard_box"
    ],
    "801": [
        55,
        "decoration"
    ],
    "802": [
        1065,
        "tool"
    ],
    "803": [
        1075,
        "tool"
    ],
    "804": [
        874,
        "laundry_machine"
    ],
    "805": [
        417,
        "door"
    ],
    "806": [
        190,
        "decoration"
    ],
    "807": [
        159,
        "bathroom_accessory"
    ],
    "808": [
        627,
        "shoe"
    ],
    "810": [
        660,
        "mirror"
    ],
    "811": [
        1049,
        "case"
    ],
    "812": [
        176,
        "window"
    ],
    "814": [
        93,
        "box"
    ],
    "816": [
        847,
        "clothes"
    ],
    "817": [
        463,
        "mat"
    ],
    "819": [
        738,
        "cardboard_box"
    ],
    "820": [
        131,
        "exercise_machine"
    ],
    "821": [
        594,
        "cabinet"
    ],
    "824": [
        728,
        "box"
    ],
    "825": [
        1068,
        "brush"
    ],
    "826": [
        812,
        "hat"
    ],
    "828": [
        725,
        "basket_of_something"
    ],
    "829": [
        967,
        "box"
    ],
    "831": [
        805,
        "shelf"
    ],
    "832": [
        415,
        "window"
    ],
    "833": [
        907,
        "bicycle"
    ],
    "835": [
        73,
        "clothes"
    ],
    "836": [
        337,
        "box"
    ],
    "837": [
        468,
        "kitchen_appliance"
    ],
    "838": [
        462,
        "mat"
    ],
    "839": [
        107,
        "window"
    ],
    "841": [
        731,
        "bag"
    ],
    "842": [
        271,
        "wall_clock"
    ],
    "843": [
        733,
        "shoe"
    ],
    "844": [
        823,
        "book"
    ],
    "846": [
        286,
        "fireplace"
    ],
    "848": [
        1063,
        "tool"
    ],
    "849": [
        132,
        "stuffed_animal"
    ],
    "850": [
        1031,
        "can"
    ],
    "851": [
        74,
        "clothes"
    ],
    "852": [
        229,
        "blanket"
    ],
    "853": [
        865,
        "door"
    ],
    "854": [
        911,
        "cardboard_box"
    ],
    "857": [
        668,
        "ceiling_window"
    ],
    "859": [
        1024,
        "bottle"
    ],
    "860": [
        857,
        "clothes"
    ],
    "862": [
        53,
        "hat"
    ],
    "863": [
        158,
        "bathroom_accessory"
    ],
    "864": [
        330,
        "decoration"
    ],
    "865": [
        633,
        "box"
    ],
    "867": [
        991,
        "bucket"
    ],
    "868": [
        30,
        "window"
    ],
    "869": [
        243,
        "decoration"
    ],
    "873": [
        628,
        "shoe"
    ],
    "874": [
        296,
        "lamp"
    ],
    "875": [
        448,
        "cabinet"
    ],
    "876": [
        138,
        "vent"
    ],
    "878": [
        273,
        "decoration"
    ],
    "882": [
        940,
        "cardboard_box"
    ],
    "883": [
        964,
        "vacuum_cleaner"
    ],
    "884": [
        308,
        "bag"
    ],
    "885": [
        729,
        "box"
    ],
    "886": [
        690,
        "ironing_board"
    ],
    "887": [
        486,
        "picture"
    ],
    "888": [
        1061,
        "tool"
    ],
    "889": [
        386,
        "box"
    ],
    "890": [
        871,
        "basket_of_something"
    ],
    "891": [
        373,
        "door"
    ],
    "892": [
        956,
        "case"
    ],
    "893": [
        602,
        "pipe"
    ],
    "896": [
        270,
        "ceiling_lamp"
    ],
    "897": [
        634,
        "clothes"
    ],
    "898": [
        919,
        "rack"
    ],
    "899": [
        813,
        "picture"
    ],
    "900": [
        915,
        "cardboard_box"
    ],
    "901": [
        719,
        "bag"
    ],
    "902": [
        840,
        "clothes"
    ],
    "903": [
        893,
        "can"
    ],
    "904": [
        1005,
        "bucket"
    ],
    "905": [
        319,
        "firewood"
    ],
    "906": [
        974,
        "box"
    ],
    "907": [
        172,
        "shelf"
    ],
    "908": [
        948,
        "cardboard_box"
    ],
    "909": [
        1002,
        "tool_box"
    ],
    "910": [
        780,
        "clothes"
    ],
    "911": [
        921,
        "ladder"
    ],
    "912": [
        527,
        "appliance"
    ],
    "913": [
        328,
        "book"
    ],
    "916": [
        947,
        "cardboard_box"
    ],
    "917": [
        849,
        "cardboard_box"
    ],
    "919": [
        1,
        "carpet"
    ],
    "920": [
        763,
        "lamp"
    ],
    "921": [
        27,
        "shelf"
    ],
    "922": [
        538,
        "mirror"
    ],
    "923": [
        598,
        "table"
    ],
    "925": [
        944,
        "cardboard_box"
    ],
    "926": [
        730,
        "clothes"
    ],
    "927": [
        1066,
        "box"
    ],
    "930": [
        810,
        "pillow"
    ],
    "932": [
        563,
        "mat"
    ],
    "933": [
        482,
        "cabinet"
    ],
    "934": [
        1014,
        "bottle"
    ],
    "935": [
        72,
        "cardboard_box"
    ],
    "936": [
        611,
        "pillow"
    ],
    "937": [
        987,
        "box"
    ],
    "938": [
        79,
        "pillow"
    ],
    "939": [
        722,
        "cardboard_box"
    ],
    "940": [
        349,
        "frame"
    ],
    "941": [
        638,
        "box"
    ],
    "942": [
        20,
        "bag"
    ],
    "943": [
        32,
        "window"
    ],
    "945": [
        802,
        "fire_alarm"
    ],
    "946": [
        1001,
        "bag"
    ],
    "947": [
        605,
        "clothes"
    ],
    "948": [
        450,
        "oven"
    ],
    "949": [
        910,
        "cardboard_box"
    ],
    "952": [
        116,
        "exercise_ball"
    ],
    "953": [
        937,
        "cardboard_box"
    ],
    "954": [
        298,
        "shoe"
    ],
    "955": [
        433,
        "dining_chair"
    ],
    "957": [
        613,
        "pillow"
    ],
    "958": [
        455,
        "kitchen_lower_cabinet"
    ],
    "959": [
        617,
        "basket_of_something"
    ],
    "960": [
        896,
        "refrigerator"
    ],
    "961": [
        632,
        "shoe"
    ],
    "962": [
        405,
        "door"
    ],
    "963": [
        449,
        "oven"
    ],
    "964": [
        152,
        "toilet_paper"
    ],
    "966": [
        721,
        "cardboard_box"
    ],
    "967": [
        171,
        "shelf"
    ],
    "970": [
        126,
        "rack"
    ],
    "971": [
        686,
        "window"
    ],
    "974": [
        207,
        "fan"
    ],
    "975": [
        257,
        "pillar"
    ],
    "977": [
        334,
        "blanket"
    ],
    "978": [
        1076,
        "partial"
    ],
    "980": [
        390,
        "fan"
    ],
    "982": [
        109,
        "exercise_machine"
    ],
    "983": [
        382,
        "box"
    ],
    "984": [
        736,
        "basket_of_something"
    ],
    "985": [
        623,
        "clothes"
    ],
    "987": [
        877,
        "towel"
    ],
    "988": [
        895,
        "trashcan"
    ],
    "992": [
        903,
        "tool_box"
    ],
    "993": [
        906,
        "bicycle"
    ],
    "995": [
        878,
        "clothes"
    ],
    "996": [
        112,
        "exercise_equipment"
    ],
    "998": [
        938,
        "cardboard_box"
    ],
    "999": [
        1054,
        "tool"
    ],
    "1000": [
        380,
        "paper"
    ],
    "1001": [
        608,
        "clothes"
    ],
    "1003": [
        18,
        "bag"
    ],
    "1005": [
        284,
        "picture"
    ],
    "1006": [
        918,
        "rack"
    ],
    "1008": [
        70,
        "bag"
    ],
    "1009": [
        97,
        "ceiling_lamp"
    ],
    "1010": [
        1059,
        "tool"
    ],
    "1012": [
        63,
        "bowl"
    ],
    "1013": [
        966,
        "box"
    ],
    "1014": [
        851,
        "shoe"
    ],
    "1015": [
        694,
        "shampoo"
    ],
    "1016": [
        755,
        "window"
    ],
    "1017": [
        485,
        "decoration"
    ],
    "1019": [
        355,
        "case"
    ],
    "1020": [
        430,
        "dining_chair"
    ],
    "1021": [
        727,
        "bag"
    ],
    "1022": [
        769,
        "rocking_chair"
    ],
    "1023": [
        959,
        "case"
    ],
    "1024": [
        801,
        "pillow"
    ],
    "1028": [
        989,
        "bucket"
    ],
    "1030": [
        469,
        "kitchen_appliance"
    ],
    "1032": [
        477,
        "box"
    ],
    "1033": [
        943,
        "cardboard_box"
    ],
    "1034": [
        122,
        "case"
    ],
    "1035": [
        666,
        "towel"
    ],
    "1036": [
        618,
        "clothes"
    ],
    "1037": [
        423,
        "fireplace_wall"
    ],
    "1038": [
        456,
        "sink"
    ],
    "1040": [
        783,
        "shelf"
    ],
    "1043": [
        916,
        "rack"
    ],
    "1044": [
        960,
        "case"
    ],
    "1045": [
        528,
        "appliance"
    ],
    "1047": [
        494,
        "flowerpot"
    ],
    "1048": [
        51,
        "picture"
    ],
    "1049": [
        798,
        "lamp"
    ],
    "1051": [
        957,
        "case"
    ],
    "1052": [
        821,
        "bag"
    ],
    "1053": [
        1012,
        "bucket"
    ],
    "1054": [
        592,
        "window"
    ],
    "1055": [
        90,
        "picture"
    ],
    "1057": [
        702,
        "toilet"
    ],
    "1058": [
        145,
        "mirror"
    ],
    "1059": [
        815,
        "pillow"
    ],
    "1062": [
        67,
        "bag"
    ],
    "1063": [
        892,
        "shoe"
    ],
    "1064": [
        66,
        "decoration"
    ],
    "1065": [
        732,
        "shoe"
    ],
    "1066": [
        217,
        "pool_table"
    ],
    "1069": [
        225,
        "decoration"
    ],
    "1070": [
        1074,
        "tool"
    ],
    "1071": [
        317,
        "picture"
    ],
    "1072": [
        418,
        "decoration"
    ],
    "1073": [
        1019,
        "bottle"
    ],
    "1074": [
        1052,
        "appliance"
    ],
    "1076": [
        773,
        "fire_alarm"
    ]
}