{
    "3": [
        574,
        "paneling"
    ],
    "5": [
        1285,
        "door"
    ],
    "6": [
        764,
        "object"
    ],
    "8": [
        778,
        "bench"
    ],
    "9": [
        877,
        "book"
    ],
    "10": [
        233,
        "toilet_paper"
    ],
    "11": [
        363,
        "fireplace_wall"
    ],
    "12": [
        1054,
        "window_shade"
    ],
    "13": [
        625,
        "air_vent"
    ],
    "18": [
        160,
        "washing_stuff"
    ],
    "19": [
        1341,
        "toy"
    ],
    "22": [
        1045,
        "pillow"
    ],
    "24": [
        510,
        "book"
    ],
    "25": [
        392,
        "fire_alarm"
    ],
    "26": [
        1500,
        "picture"
    ],
    "27": [
        235,
        "toilet_paper"
    ],
    "28": [
        1140,
        "object"
    ],
    "29": [
        387,
        "cabinet_door"
    ],
    "30": [
        1328,
        "toy"
    ],
    "31": [
        226,
        "paneling"
    ],
    "32": [
        318,
        "bed"
    ],
    "35": [
        627,
        "door"
    ],
    "37": [
        479,
        "book"
    ],
    "38": [
        1213,
        "mirror_frame"
    ],
    "40": [
        1310,
        "pillow"
    ],
    "42": [
        60,
        "wall_hanging_decoration"
    ],
    "44": [
        960,
        "picture"
    ],
    "46": [
        1412,
        "hanging_clothes"
    ],
    "48": [
        902,
        "dresser"
    ],
    "49": [
        1163,
        "bathroom_accessory"
    ],
    "50": [
        263,
        "washing_machine"
    ],
    "51": [
        73,
        "basket"
    ],
    "53": [
        795,
        "bed"
    ],
    "54": [
        1439,
        "clothes"
    ],
    "55": [
        945,
        "window"
    ],
    "59": [
        1039,
        "book"
    ],
    "62": [
        670,
        "window_shade"
    ],
    "63": [
        616,
        "toilet_paper"
    ],
    "64": [
        529,
        "storage_box"
    ],
    "65": [
        112,
        "window"
    ],
    "66": [
        876,
        "book"
    ],
    "67": [
        1035,
        "flowerpot"
    ],
    "68": [
        1239,
        "window"
    ],
    "69": [
        1481,
        "carpet"
    ],
    "70": [
        916,
        "basket"
    ],
    "72": [
        1435,
        "clothes"
    ],
    "74": [
        1075,
        "door"
    ],
    "75": [
        1041,
        "book"
    ],
    "77": [
        866,
        "board"
    ],
    "78": [
        1224,
        "wall_sign"
    ],
    "79": [
        471,
        "book"
    ],
    "80": [
        597,
        "shelf"
    ],
    "84": [
        1191,
        "toilet_paper"
    ],
    "85": [
        375,
        "stonework"
    ],
    "86": [
        1060,
        "pillow"
    ],
    "88": [
        527,
        "storage_box"
    ],
    "90": [
        472,
        "book"
    ],
    "91": [
        1391,
        "clothes_bag"
    ],
    "92": [
        1409,
        "hanging_clothes"
    ],
    "94": [
        206,
        "picture_frame"
    ],
    "96": [
        788,
        "pillow"
    ],
    "98": [
        718,
        "window_shade"
    ],
    "99": [
        920,
        "table"
    ],
    "101": [
        1244,
        "pillow"
    ],
    "102": [
        855,
        "book"
    ],
    "105": [
        867,
        "book"
    ],
    "106": [
        546,
        "counter_door"
    ],
    "107": [
        872,
        "plant"
    ],
    "108": [
        1090,
        "hat"
    ],
    "109": [
        854,
        "book"
    ],
    "110": [
        753,
        "curtain_rod"
    ],
    "111": [
        1401,
        "shoe"
    ],
    "112": [
        1214,
        "washbasin_counter"
    ],
    "114": [
        240,
        "toilet"
    ],
    "115": [
        301,
        "window"
    ],
    "116": [
        759,
        "book_rack"
    ],
    "117": [
        1106,
        "cardboard_box"
    ],
    "121": [
        280,
        "shelf"
    ],
    "123": [
        1451,
        "hanging_clothes"
    ],
    "124": [
        322,
        "bench"
    ],
    "126": [
        1265,
        "nightstand"
    ],
    "127": [
        187,
        "door_knob"
    ],
    "128": [
        1222,
        "air_vent"
    ],
    "129": [
        593,
        "window"
    ],
    "131": [
        844,
        "shoe"
    ],
    "132": [
        1221,
        "ceiling_light_fixture_connection"
    ],
    "133": [
        83,
        "pile_of_magazines"
    ],
    "134": [
        793,
        "coffee_table"
    ],
    "136": [
        28,
        "curtain_rod"
    ],
    "137": [
        770,
        "arcade_game"
    ],
    "138": [
        495,
        "storage_box"
    ],
    "141": [
        1114,
        "cardboard_box"
    ],
    "142": [
        716,
        "window_shade"
    ],
    "143": [
        467,
        "toilet_paper_dispenser"
    ],
    "144": [
        756,
        "cabinet"
    ],
    "146": [
        1097,
        "case"
    ],
    "147": [
        126,
        "window"
    ],
    "148": [
        1305,
        "storage_box"
    ],
    "149": [
        873,
        "book"
    ],
    "150": [
        425,
        "artwork"
    ],
    "152": [
        286,
        "door_knob"
    ],
    "153": [
        273,
        "jar"
    ],
    "154": [
        568,
        "ceiling_light_fixture_connection"
    ],
    "155": [
        21,
        "curtain"
    ],
    "157": [
        1358,
        "shoe"
    ],
    "160": [
        1270,
        "bed"
    ],
    "161": [
        502,
        "pillow"
    ],
    "163": [
        1085,
        "door"
    ],
    "164": [
        811,
        "artwork"
    ],
    "165": [
        1158,
        "towel"
    ],
    "167": [
        179,
        "ceiling_light_fixture_connection"
    ],
    "168": [
        1063,
        "blanket"
    ],
    "169": [
        583,
        "wall_hanging_decoration"
    ],
    "171": [
        1397,
        "cardboard_box"
    ],
    "176": [
        15,
        "door_window"
    ],
    "177": [
        231,
        "paneling"
    ],
    "178": [
        1268,
        "table_lamp"
    ],
    "179": [
        1342,
        "toy"
    ],
    "181": [
        1037,
        "flowerpot"
    ],
    "182": [
        771,
        "chair"
    ],
    "183": [
        1050,
        "alarm_clock"
    ],
    "184": [
        1308,
        "bag"
    ],
    "185": [
        426,
        "wash_cabinet"
    ],
    "186": [
        596,
        "towel"
    ],
    "187": [
        516,
        "book"
    ],
    "189": [
        1400,
        "shoe"
    ],
    "190": [
        170,
        "chair"
    ],
    "192": [
        629,
        "door_knob"
    ],
    "193": [
        711,
        "window"
    ],
    "195": [
        480,
        "book"
    ],
    "198": [
        1396,
        "cardboard_box"
    ],
    "200": [
        1407,
        "hanging_clothes"
    ],
    "201": [
        1359,
        "shoe"
    ],
    "202": [
        541,
        "paneling"
    ],
    "203": [
        962,
        "picture"
    ],
    "204": [
        1375,
        "carpet"
    ],
    "205": [
        1135,
        "clothes"
    ],
    "206": [
        376,
        "stonework"
    ],
    "209": [
        1278,
        "door_window"
    ],
    "213": [
        1165,
        "stool"
    ],
    "215": [
        639,
        "artwork"
    ],
    "216": [
        137,
        "door_window"
    ],
    "217": [
        82,
        "table_lamp"
    ],
    "218": [
        159,
        "tap"
    ],
    "219": [
        1321,
        "hanging_clothes"
    ],
    "222": [
        254,
        "door_knob"
    ],
    "223": [
        470,
        "book_rack"
    ],
    "224": [
        1290,
        "fire_alarm"
    ],
    "225": [
        635,
        "window"
    ],
    "226": [
        1066,
        "violin_case"
    ],
    "227": [
        1484,
        "wall_electronics"
    ],
    "228": [
        1189,
        "recycle_bin"
    ],
    "229": [
        763,
        "object"
    ],
    "231": [
        1025,
        "book"
    ],
    "232": [
        512,
        "book"
    ],
    "234": [
        422,
        "mirror_frame"
    ],
    "236": [
        683,
        "kitchen_lower_cabinet"
    ],
    "237": [
        34,
        "window"
    ],
    "238": [
        728,
        "window"
    ],
    "240": [
        1349,
        "storage_cabinet"
    ],
    "241": [
        1393,
        "clothes_bag"
    ],
    "243": [
        483,
        "book"
    ],
    "245": [
        372,
        "shoe"
    ],
    "247": [
        386,
        "mirror_frame"
    ],
    "248": [
        531,
        "book"
    ],
    "249": [
        1104,
        "cardboard_box"
    ],
    "251": [
        248,
        "paneling"
    ],
    "252": [
        871,
        "flowerpot"
    ],
    "254": [
        870,
        "cabinet"
    ],
    "255": [
        450,
        "shower_curtain"
    ],
    "256": [
        1232,
        "window"
    ],
    "257": [
        319,
        "pillow"
    ],
    "258": [
        54,
        "fireplace_tool_set"
    ],
    "259": [
        1304,
        "storage_box"
    ],
    "261": [
        1161,
        "bathroom_accessory"
    ],
    "262": [
        859,
        "keyboard"
    ],
    "264": [
        391,
        "ceiling_fan"
    ],
    "265": [
        1001,
        "ceiling_light_fixture_connection"
    ],
    "266": [
        382,
        "air_vent"
    ],
    "267": [
        275,
        "jar"
    ],
    "269": [
        1199,
        "shower_curtain_rod"
    ],
    "270": [
        1111,
        "cardboard_box"
    ],
    "271": [
        72,
        "stand_small_table"
    ],
    "272": [
        705,
        "window_shade"
    ],
    "275": [
        992,
        "plant"
    ],
    "278": [
        1330,
        "closet_rod"
    ],
    "279": [
        343,
        "armchair"
    ],
    "280": [
        366,
        "decorative_plant"
    ],
    "283": [
        365,
        "shelf"
    ],
    "284": [
        1113,
        "cardboard_box"
    ],
    "286": [
        242,
        "bottle_of_soap"
    ],
    "287": [
        12,
        "support_beam"
    ],
    "288": [
        427,
        "washbasin"
    ],
    "289": [
        1453,
        "towel"
    ],
    "290": [
        93,
        "plant"
    ],
    "291": [
        79,
        "basket"
    ],
    "296": [
        96,
        "tray"
    ],
    "298": [
        679,
        "scale"
    ],
    "299": [
        401,
        "tap"
    ],
    "300": [
        188,
        "rug"
    ],
    "301": [
        36,
        "window"
    ],
    "303": [
        285,
        "door"
    ],
    "304": [
        733,
        "curtain"
    ],
    "305": [
        359,
        "door_handle"
    ],
    "306": [
        81,
        "plant"
    ],
    "308": [
        1145,
        "briefcase"
    ],
    "311": [
        1257,
        "wall_hanging_decoration"
    ],
    "312": [
        882,
        "plant"
    ],
    "313": [
        75,
        "couch"
    ],
    "314": [
        1289,
        "ceiling_lamp"
    ],
    "315": [
        612,
        "mirror"
    ],
    "317": [
        545,
        "counter_door"
    ],
    "321": [
        521,
        "book"
    ],
    "323": [
        861,
        "file_cabinet"
    ],
    "326": [
        598,
        "toilet_paper"
    ],
    "327": [
        751,
        "plant"
    ],
    "328": [
        1337,
        "cardboard_box"
    ],
    "329": [
        923,
        "chair"
    ],
    "330": [
        794,
        "magazine"
    ],
    "331": [
        57,
        "plant"
    ],
    "332": [
        1164,
        "towel_bar"
    ],
    "333": [
        373,
        "shoe"
    ],
    "334": [
        975,
        "picture_frame"
    ],
    "335": [
        393,
        "window"
    ],
    "336": [
        166,
        "kitchen_island"
    ],
    "337": [
        754,
        "curtain_rod"
    ],
    "338": [
        1028,
        "book"
    ],
    "339": [
        1109,
        "cardboard_box"
    ],
    "341": [
        1155,
        "artwork"
    ],
    "342": [
        1142,
        "briefcase"
    ],
    "343": [
        1038,
        "plant"
    ],
    "344": [
        1133,
        "closet_rod"
    ],
    "345": [
        1251,
        "artwork"
    ],
    "346": [
        1134,
        "clothes"
    ],
    "347": [
        604,
        "shower_stall"
    ],
    "351": [
        708,
        "wall_hanging_decoration"
    ],
    "352": [
        732,
        "curtain"
    ],
    "353": [
        645,
        "towel"
    ],
    "354": [
        1441,
        "clothes"
    ],
    "355": [
        1126,
        "storage_box"
    ],
    "356": [
        1040,
        "book"
    ],
    "357": [
        1264,
        "pillow"
    ],
    "360": [
        466,
        "tiles"
    ],
    "361": [
        113,
        "window"
    ],
    "362": [
        145,
        "book"
    ],
    "363": [
        703,
        "window_shade"
    ],
    "364": [
        680,
        "plant"
    ],
    "365": [
        654,
        "countertop"
    ],
    "366": [
        1159,
        "towel"
    ],
    "368": [
        979,
        "ceiling_lamp"
    ],
    "369": [
        144,
        "kitchen_cabinet"
    ],
    "370": [
        32,
        "window"
    ],
    "372": [
        173,
        "display_cabinet"
    ],
    "373": [
        895,
        "window"
    ],
    "374": [
        1110,
        "cardboard_box"
    ],
    "376": [
        622,
        "toilet_paper_dispenser"
    ],
    "378": [
        1440,
        "clothes"
    ],
    "380": [
        774,
        "plant"
    ],
    "381": [
        87,
        "blanket"
    ],
    "384": [
        249,
        "toilet_paper"
    ],
    "385": [
        1205,
        "bath_towel"
    ],
    "386": [
        284,
        "backpack"
    ],
    "390": [
        1208,
        "door"
    ],
    "391": [
        1203,
        "shower_tap"
    ],
    "392": [
        1399,
        "shoe"
    ],
    "393": [
        1263,
        "bed"
    ],
    "394": [
        13,
        "support_beam"
    ],
    "395": [
        530,
        "book"
    ],
    "399": [
        656,
        "sink_cabinet"
    ],
    "400": [
        800,
        "ceiling_fan"
    ],
    "401": [
        1343,
        "art_statue"
    ],
    "403": [
        1100,
        "bag"
    ],
    "404": [
        1353,
        "rack"
    ],
    "405": [
        841,
        "shoe"
    ],
    "407": [
        311,
        "table_lamp"
    ],
    "408": [
        996,
        "painting_frame"
    ],
    "411": [
        348,
        "wall_hanging_decoration"
    ],
    "412": [
        475,
        "book"
    ],
    "416": [
        309,
        "curtain_rod"
    ],
    "417": [
        818,
        "door_knob"
    ],
    "418": [
        1271,
        "pillow"
    ],
    "420": [
        661,
        "kitchen_lower_cabinet"
    ],
    "421": [
        128,
        "window"
    ],
    "423": [
        477,
        "book"
    ],
    "424": [
        1026,
        "book"
    ],
    "425": [
        878,
        "book"
    ],
    "427": [
        1351,
        "storage_box"
    ],
    "428": [
        837,
        "bag"
    ],
    "429": [
        324,
        "blanket"
    ],
    "430": [
        686,
        "coffee_machine"
    ],
    "432": [
        497,
        "book"
    ],
    "433": [
        681,
        "recycle_bin"
    ],
    "434": [
        688,
        "plant"
    ],
    "435": [
        1317,
        "decoration"
    ],
    "437": [
        1129,
        "basket"
    ],
    "438": [
        636,
        "window"
    ],
    "439": [
        995,
        "painting"
    ],
    "440": [
        1311,
        "pillow"
    ],
    "441": [
        262,
        "wall_hanging_decoration"
    ],
    "443": [
        1231,
        "picture_frame"
    ],
    "444": [
        918,
        "umbrella"
    ],
    "447": [
        465,
        "ceiling_light_fixture_connection"
    ],
    "449": [
        1124,
        "shelf"
    ],
    "450": [
        511,
        "book"
    ],
    "451": [
        1064,
        "board"
    ],
    "452": [
        538,
        "paneling"
    ],
    "456": [
        268,
        "storage_shelving"
    ],
    "457": [
        1032,
        "book"
    ],
    "458": [
        1210,
        "wall_lamp"
    ],
    "459": [
        1059,
        "pillow"
    ],
    "460": [
        507,
        "book"
    ],
    "461": [
        921,
        "chair"
    ],
    "463": [
        1299,
        "storage_box"
    ],
    "464": [
        265,
        "worktop"
    ],
    "465": [
        1144,
        "object"
    ],
    "466": [
        963,
        "picture"
    ],
    "467": [
        1156,
        "artwork"
    ],
    "470": [
        1237,
        "dresser"
    ],
    "471": [
        209,
        "picture_frame"
    ],
    "472": [
        684,
        "microwave"
    ],
    "475": [
        1293,
        "air_vent"
    ],
    "477": [
        274,
        "jar"
    ],
    "478": [
        501,
        "armchair"
    ],
    "479": [
        721,
        "window"
    ],
    "482": [
        333,
        "mirror"
    ],
    "483": [
        241,
        "washbasin"
    ],
    "485": [
        1120,
        "shoe"
    ],
    "486": [
        898,
        "bench"
    ],
    "487": [
        27,
        "alarm"
    ],
    "489": [
        1043,
        "chest_drawer"
    ],
    "493": [
        584,
        "wall_hanging_decoration"
    ],
    "494": [
        1167,
        "window_shutter"
    ],
    "495": [
        856,
        "book"
    ],
    "496": [
        1052,
        "window"
    ],
    "498": [
        676,
        "plant"
    ],
    "500": [
        98,
        "table"
    ],
    "502": [
        29,
        "curtain"
    ],
    "505": [
        1197,
        "bathtub"
    ],
    "508": [
        772,
        "chair"
    ],
    "509": [
        48,
        "fireplace_wall"
    ],
    "511": [
        270,
        "basket_of_something"
    ],
    "512": [
        739,
        "window_shutter"
    ],
    "514": [
        371,
        "object"
    ],
    "518": [
        490,
        "decorative_bowl"
    ],
    "519": [
        709,
        "chair"
    ],
    "520": [
        548,
        "window"
    ],
    "521": [
        1320,
        "hanging_clothes"
    ],
    "522": [
        1212,
        "mirror"
    ],
    "524": [
        734,
        "curtain"
    ],
    "529": [
        1262,
        "bedframe"
    ],
    "530": [
        101,
        "plant"
    ],
    "532": [
        149,
        "chest_drawer"
    ],
    "533": [
        1303,
        "storage_box"
    ],
    "536": [
        664,
        "window"
    ],
    "537": [
        1083,
        "fire_alarm"
    ],
    "538": [
        1246,
        "bench"
    ],
    "539": [
        1408,
        "hanging_clothes"
    ],
    "540": [
        1044,
        "round_chair"
    ],
    "541": [
        659,
        "wine_bottle"
    ],
    "542": [
        102,
        "window"
    ],
    "543": [
        1102,
        "bag"
    ],
    "544": [
        899,
        "storage_box"
    ],
    "547": [
        1094,
        "storage_box"
    ],
    "548": [
        1095,
        "blanket"
    ],
    "549": [
        321,
        "pillow"
    ],
    "550": [
        634,
        "window"
    ],
    "552": [
        1287,
        "door_knob"
    ],
    "553": [
        609,
        "shower_hose_head"
    ],
    "555": [
        514,
        "book"
    ],
    "556": [
        461,
        "toilet_paper"
    ],
    "557": [
        1326,
        "shelf"
    ],
    "558": [
        358,
        "door_handle"
    ],
    "559": [
        146,
        "kitchen_cabinet"
    ],
    "561": [
        70,
        "decorative_bowl"
    ],
    "562": [
        489,
        "decorative_plant"
    ],
    "564": [
        1468,
        "bag"
    ],
    "565": [
        278,
        "plant"
    ],
    "566": [
        1229,
        "artwork"
    ],
    "568": [
        237,
        "bathroom_shelf"
    ],
    "576": [
        1434,
        "clothes"
    ],
    "577": [
        290,
        "ceiling_light_fixture_connection"
    ],
    "578": [
        211,
        "picture_frame"
    ],
    "580": [
        51,
        "bench"
    ],
    "581": [
        432,
        "candle"
    ],
    "582": [
        1267,
        "alarm_clock"
    ],
    "584": [
        1291,
        "ceiling_light_fixture_connection"
    ],
    "585": [
        1098,
        "bag"
    ],
    "588": [
        214,
        "picture_frame"
    ],
    "589": [
        100,
        "chair"
    ],
    "593": [
        1302,
        "storage_box"
    ],
    "594": [
        18,
        "door_knob"
    ],
    "595": [
        821,
        "calendar"
    ],
    "596": [
        1217,
        "plant"
    ],
    "599": [
        1331,
        "book"
    ],
    "601": [
        1464,
        "ceiling_light_fixture_connection"
    ],
    "603": [
        50,
        "bench"
    ],
    "604": [
        575,
        "paneling"
    ],
    "605": [
        408,
        "towel"
    ],
    "606": [
        687,
        "kitchen_lower_cabinet"
    ],
    "607": [
        682,
        "kitchen_lower_cabinet"
    ],
    "610": [
        1350,
        "storage_box"
    ],
    "611": [
        1292,
        "ceiling_light_fixture_connection"
    ],
    "613": [
        20,
        "curtain"
    ],
    "614": [
        1136,
        "jacket"
    ],
    "615": [
        1033,
        "flowerpot"
    ],
    "616": [
        271,
        "jar"
    ],
    "617": [
        1316,
        "shelf_with_clutter"
    ],
    "619": [
        1252,
        "artwork_frame"
    ],
    "620": [
        1228,
        "artwork"
    ],
    "621": [
        643,
        "art_frame"
    ],
    "622": [
        368,
        "shelf"
    ],
    "624": [
        758,
        "cabinet"
    ],
    "625": [
        55,
        "fireplace_mirror"
    ],
    "627": [
        487,
        "book"
    ],
    "629": [
        830,
        "wall_lamp"
    ],
    "630": [
        332,
        "decorative_bowl"
    ],
    "631": [
        1202,
        "shower_dial"
    ],
    "633": [
        381,
        "air_duct"
    ],
    "634": [
        797,
        "bed"
    ],
    "635": [
        152,
        "chest_drawer"
    ],
    "636": [
        225,
        "rug"
    ],
    "637": [
        500,
        "paneling"
    ],
    "638": [
        35,
        "window"
    ],
    "642": [
        1487,
        "air_conditioner"
    ],
    "643": [
        900,
        "storage_box"
    ],
    "644": [
        542,
        "paneling"
    ],
    "646": [
        394,
        "window"
    ],
    "647": [
        325,
        "blanket"
    ],
    "650": [
        310,
        "nightstand"
    ],
    "651": [
        1030,
        "book"
    ],
    "653": [
        345,
        "blanket"
    ],
    "656": [
        1000,
        "fire_alarm"
    ],
    "657": [
        741,
        "window_shutter"
    ],
    "658": [
        991,
        "stand"
    ],
    "659": [
        1216,
        "tap"
    ],
    "661": [
        641,
        "art_frame"
    ],
    "663": [
        836,
        "jacket"
    ],
    "667": [
        227,
        "window"
    ],
    "668": [
        1088,
        "hat"
    ],
    "669": [
        474,
        "book"
    ],
    "670": [
        339,
        "window"
    ],
    "671": [
        491,
        "book"
    ],
    "672": [
        1078,
        "window"
    ],
    "673": [
        354,
        "curtain"
    ],
    "674": [
        125,
        "paneling"
    ],
    "675": [
        1307,
        "bag"
    ],
    "677": [
        647,
        "plant"
    ],
    "678": [
        85,
        "armchair"
    ],
    "679": [
        1274,
        "window"
    ],
    "680": [
        239,
        "mirror_frame"
    ],
    "681": [
        1070,
        "wreath"
    ],
    "682": [
        478,
        "book"
    ],
    "683": [
        1322,
        "hanging_clothes"
    ],
    "684": [
        787,
        "pillow"
    ],
    "685": [
        1049,
        "desk_lamp"
    ],
    "686": [
        1069,
        "door"
    ],
    "688": [
        378,
        "support_beam"
    ],
    "689": [
        1381,
        "clothes_bag"
    ],
    "690": [
        906,
        "painting_frame"
    ],
    "692": [
        369,
        "shelf"
    ],
    "693": [
        766,
        "poster"
    ],
    "695": [
        1376,
        "window"
    ],
    "696": [
        506,
        "book"
    ],
    "697": [
        428,
        "tap"
    ],
    "698": [
        959,
        "picture"
    ],
    "699": [
        46,
        "curtain_rod"
    ],
    "702": [
        212,
        "picture_frame"
    ],
    "703": [
        1490,
        "shower_hose"
    ],
    "704": [
        1346,
        "cassette"
    ],
    "705": [
        820,
        "wall_hanger"
    ],
    "707": [
        1079,
        "trinket"
    ],
    "708": [
        886,
        "window"
    ],
    "709": [
        775,
        "flowerpot"
    ],
    "712": [
        875,
        "book"
    ],
    "713": [
        65,
        "book"
    ],
    "714": [
        1082,
        "air_vent"
    ],
    "716": [
        802,
        "air_vent"
    ],
    "719": [
        1192,
        "toilet_paper_dispenser"
    ],
    "720": [
        736,
        "curtain_rod"
    ],
    "721": [
        1141,
        "briefcase"
    ],
    "722": [
        486,
        "book"
    ],
    "724": [
        524,
        "storage_box"
    ],
    "727": [
        247,
        "towel_bar"
    ],
    "729": [
        874,
        "book"
    ],
    "731": [
        1300,
        "storage_box"
    ],
    "732": [
        917,
        "umbrella"
    ],
    "736": [
        890,
        "window"
    ],
    "737": [
        1491,
        "clothes_hanger"
    ],
    "739": [
        1128,
        "storage_box"
    ],
    "740": [
        536,
        "object"
    ],
    "741": [
        326,
        "chest_drawer"
    ],
    "744": [
        678,
        "plant"
    ],
    "745": [
        234,
        "toilet_paper"
    ],
    "748": [
        356,
        "door"
    ],
    "750": [
        236,
        "cosmetic"
    ],
    "752": [
        26,
        "decorative_plant"
    ],
    "753": [
        1269,
        "bedframe"
    ],
    "754": [
        167,
        "stool"
    ],
    "755": [
        118,
        "window"
    ],
    "756": [
        693,
        "window"
    ],
    "757": [
        370,
        "candle"
    ],
    "758": [
        1315,
        "shelf_with_clutter"
    ],
    "761": [
        1283,
        "calendar"
    ],
    "762": [
        1472,
        "shower_curtain_rod"
    ],
    "764": [
        503,
        "wardrobe"
    ],
    "766": [
        908,
        "plant"
    ],
    "767": [
        1333,
        "book"
    ],
    "769": [
        469,
        "towel_bar"
    ],
    "770": [
        745,
        "window_shutter"
    ],
    "773": [
        907,
        "flowerpot"
    ],
    "775": [
        448,
        "art_frame"
    ],
    "776": [
        496,
        "storage_box"
    ],
    "777": [
        776,
        "plant"
    ],
    "780": [
        1127,
        "storage_box"
    ],
    "781": [
        738,
        "window_shutter"
    ],
    "782": [
        1057,
        "pillow"
    ],
    "783": [
        1125,
        "storage_box"
    ],
    "784": [
        613,
        "wall_lamp"
    ],
    "785": [
        1323,
        "hanging_clothes"
    ],
    "787": [
        790,
        "leg_rest"
    ],
    "790": [
        950,
        "ceiling_lamp"
    ],
    "792": [
        551,
        "sliding_door"
    ],
    "793": [
        67,
        "book"
    ],
    "794": [
        215,
        "picture_frame"
    ],
    "795": [
        182,
        "ceiling_light_fixture_connection"
    ],
    "796": [
        829,
        "carpet"
    ],
    "797": [
        1230,
        "picture"
    ],
    "798": [
        459,
        "toilet"
    ],
    "799": [
        1327,
        "shelf_with_clutter"
    ],
    "800": [
        789,
        "blanket"
    ],
    "801": [
        783,
        "pillow"
    ],
    "802": [
        1132,
        "closet_rod"
    ],
    "803": [
        1332,
        "book"
    ],
    "804": [
        1147,
        "ceiling_light_fixture_connection"
    ],
    "806": [
        781,
        "couch"
    ],
    "807": [
        69,
        "picture"
    ],
    "808": [
        1006,
        "picture"
    ],
    "812": [
        11,
        "support_beam"
    ],
    "813": [
        533,
        "led_tv"
    ],
    "814": [
        138,
        "door"
    ],
    "815": [
        307,
        "curtain"
    ],
    "816": [
        976,
        "picture_frame"
    ],
    "817": [
        633,
        "calendar"
    ],
    "819": [
        1115,
        "cardboard_box"
    ],
    "821": [
        1211,
        "wall_lamp"
    ],
    "822": [
        1425,
        "hanging_clothes"
    ],
    "823": [
        252,
        "door"
    ],
    "825": [
        1119,
        "shoe"
    ],
    "826": [
        30,
        "curtain"
    ],
    "827": [
        1334,
        "book"
    ],
    "828": [
        1178,
        "window"
    ],
    "830": [
        77,
        "pillow"
    ],
    "831": [
        692,
        "window"
    ],
    "832": [
        515,
        "book"
    ],
    "833": [
        323,
        "blanket"
    ],
    "836": [
        58,
        "pot"
    ],
    "838": [
        651,
        "bottle_of_detergent"
    ],
    "839": [
        364,
        "shelf"
    ],
    "841": [
        731,
        "window_shade"
    ],
    "845": [
        16,
        "door"
    ],
    "847": [
        1034,
        "plant"
    ],
    "848": [
        791,
        "cabinet"
    ],
    "849": [
        330,
        "jar"
    ],
    "852": [
        1081,
        "ceiling_light_fixture_connection"
    ],
    "854": [
        1422,
        "hanging_clothes"
    ],
    "857": [
        190,
        "wardrobe"
    ],
    "861": [
        499,
        "ladder"
    ],
    "862": [
        977,
        "picture_frame"
    ],
    "863": [
        331,
        "frame"
    ],
    "864": [
        494,
        "storage_box"
    ],
    "865": [
        518,
        "book"
    ],
    "867": [
        1116,
        "cardboard_box"
    ],
    "868": [
        164,
        "paneling"
    ],
    "869": [
        777,
        "dining_table"
    ],
    "870": [
        1138,
        "dress"
    ],
    "871": [
        838,
        "bag"
    ],
    "874": [
        1338,
        "cardboard_box"
    ],
    "875": [
        207,
        "picture_frame"
    ],
    "876": [
        509,
        "book"
    ],
    "878": [
        1306,
        "storage_box"
    ],
    "881": [
        632,
        "door_window"
    ],
    "882": [
        941,
        "window"
    ],
    "886": [
        385,
        "mirror"
    ],
    "888": [
        76,
        "pillow"
    ],
    "889": [
        1489,
        "showerhead"
    ],
    "892": [
        22,
        "window"
    ],
    "894": [
        767,
        "led_tv"
    ],
    "897": [
        901,
        "storage_box"
    ],
    "899": [
        558,
        "door_window"
    ],
    "901": [
        78,
        "pillow"
    ],
    "903": [
        717,
        "door"
    ],
    "907": [
        727,
        "window_shade"
    ],
    "908": [
        857,
        "book"
    ],
    "909": [
        143,
        "kitchen_cabinet"
    ],
    "910": [
        180,
        "ceiling_light_fixture_connection"
    ],
    "911": [
        919,
        "chair"
    ],
    "912": [
        1162,
        "bathroom_accessory"
    ],
    "913": [
        412,
        "window"
    ],
    "914": [
        99,
        "chair"
    ],
    "916": [
        224,
        "rug"
    ],
    "921": [
        1029,
        "book"
    ],
    "922": [
        1218,
        "flowerpot"
    ],
    "923": [
        520,
        "book"
    ],
    "924": [
        1105,
        "cardboard_box"
    ],
    "925": [
        473,
        "book"
    ],
    "928": [
        1008,
        "picture"
    ],
    "929": [
        216,
        "wall_lamp"
    ],
    "930": [
        86,
        "pillow"
    ],
    "931": [
        655,
        "kitchen_lower_cabinet"
    ],
    "932": [
        816,
        "door"
    ],
    "934": [
        1259,
        "shelf"
    ],
    "935": [
        1067,
        "folding_stand"
    ],
    "937": [
        336,
        "picture"
    ],
    "938": [
        198,
        "picture"
    ],
    "940": [
        238,
        "bottle_of_soap"
    ],
    "942": [
        484,
        "book"
    ],
    "943": [
        749,
        "curtain"
    ],
    "944": [
        840,
        "basket"
    ],
    "945": [
        350,
        "door_knob"
    ],
    "947": [
        129,
        "window"
    ],
    "948": [
        1384,
        "dresser"
    ],
    "950": [
        735,
        "curtain"
    ],
    "951": [
        1137,
        "jacket"
    ],
    "953": [
        1046,
        "throw_blanket"
    ],
    "955": [
        409,
        "stool"
    ],
    "956": [
        136,
        "wall_lamp"
    ],
    "958": [
        1130,
        "storage_box"
    ],
    "959": [
        1432,
        "hanging_clothes"
    ],
    "960": [
        669,
        "window_shade"
    ],
    "961": [
        1325,
        "closet_rod"
    ],
    "962": [
        71,
        "decoration"
    ],
    "964": [
        444,
        "tile"
    ],
    "965": [
        626,
        "ceiling_light_fixture_connection"
    ],
    "966": [
        1492,
        "clothes_hanger"
    ],
    "967": [
        232,
        "wall_lamp"
    ],
    "968": [
        63,
        "blanket"
    ],
    "971": [
        1380,
        "basket"
    ],
    "972": [
        452,
        "window"
    ],
    "973": [
        928,
        "carpet"
    ],
    "974": [
        576,
        "closet_door"
    ],
    "975": [
        353,
        "curtain"
    ],
    "976": [
        554,
        "book"
    ],
    "977": [
        66,
        "book"
    ],
    "979": [
        492,
        "storage_box"
    ],
    "980": [
        213,
        "picture_frame"
    ],
    "982": [
        315,
        "table_lamp"
    ],
    "986": [
        752,
        "curtain_rod"
    ],
    "989": [
        1031,
        "book"
    ],
    "991": [
        553,
        "stool"
    ],
    "994": [
        1065,
        "dresser"
    ],
    "995": [
        246,
        "towel"
    ],
    "998": [
        638,
        "artwork"
    ],
    "999": [
        748,
        "curtain"
    ],
    "1000": [
        64,
        "book_rack"
    ],
    "1002": [
        780,
        "decorative_plant"
    ],
    "1005": [
        440,
        "fire_alarm"
    ],
    "1006": [
        446,
        "tile"
    ],
    "1008": [
        175,
        "display_cabinet"
    ],
    "1009": [
        299,
        "window"
    ],
    "1010": [
        779,
        "bench"
    ],
    "1012": [
        556,
        "carpet"
    ],
    "1013": [
        1394,
        "cardboard_box"
    ],
    "1014": [
        1344,
        "cassette"
    ],
    "1015": [
        519,
        "book"
    ],
    "1016": [
        1188,
        "toilet"
    ],
    "1017": [
        1279,
        "door"
    ],
    "1018": [
        1411,
        "hanging_clothes"
    ],
    "1019": [
        1465,
        "ceiling_light_fixture_connection"
    ],
    "1020": [
        300,
        "window"
    ],
    "1021": [
        61,
        "bench"
    ],
    "1022": [
        31,
        "window"
    ],
    "1023": [
        493,
        "storage_box"
    ],
    "1024": [
        221,
        "ceiling_light_fixture_connection"
    ],
    "1025": [
        585,
        "wall_hanging_decoration"
    ],
    "1026": [
        117,
        "window"
    ],
    "1027": [
        1282,
        "board"
    ],
    "1031": [
        1429,
        "hanging_clothes"
    ],
    "1032": [
        675,
        "kitchen_shelf"
    ],
    "1033": [
        712,
        "window"
    ],
    "1036": [
        989,
        "oil_lamp"
    ],
    "1037": [
        579,
        "wall_hanging_decoration"
    ],
    "1041": [
        1443,
        "shelf"
    ],
    "1042": [
        804,
        "fire_alarm"
    ],
    "1043": [
        360,
        "curtain_rod"
    ],
    "1044": [
        1152,
        "storage_box"
    ],
    "1045": [
        1048,
        "desk"
    ],
    "1046": [
        1215,
        "washbasin"
    ],
    "1047": [
        127,
        "window"
    ],
    "1048": [
        889,
        "window"
    ],
    "1049": [
        842,
        "shoe"
    ],
    "1052": [
        172,
        "kitchen_counter"
    ],
    "1053": [
        1339,
        "cardboard_box"
    ],
    "1054": [
        566,
        "ceiling_light_fixture_connection"
    ],
    "1057": [
        156,
        "sink"
    ],
    "1058": [
        785,
        "pillow"
    ],
    "1060": [
        1056,
        "bed"
    ],
    "1063": [
        1390,
        "clothes_bag"
    ],
    "1064": [
        677,
        "plant"
    ],
    "1068": [
        762,
        "decorative_bowl"
    ],
    "1071": [
        1258,
        "wall_hanging_decoration"
    ],
    "1073": [
        84,
        "blanket"
    ],
    "1075": [
        47,
        "fireplace"
    ],
    "1077": [
        377,
        "basket"
    ],
    "1078": [
        1402,
        "hanging_clothes"
    ],
    "1079": [
        985,
        "ceiling_light_fixture_connection"
    ],
    "1080": [
        869,
        "book_rack"
    ],
    "1081": [
        344,
        "pillow"
    ],
    "1082": [
        602,
        "toilet"
    ],
    "1085": [
        1415,
        "hanging_clothes"
    ],
    "1087": [
        210,
        "picture_frame"
    ],
    "1089": [
        418,
        "towel"
    ],
    "1093": [
        107,
        "window"
    ],
    "1095": [
        747,
        "curtain"
    ],
    "1096": [
        863,
        "flowerpot"
    ],
    "1097": [
        557,
        "door"
    ],
    "1098": [
        407,
        "bathtub"
    ],
    "1099": [
        1009,
        "picture_frame"
    ],
    "1100": [
        567,
        "ceiling_light_fixture_connection"
    ],
    "1101": [
        1301,
        "storage_box"
    ],
    "1104": [
        147,
        "range_hood"
    ],
    "1105": [
        1139,
        "object"
    ],
    "1107": [
        760,
        "book"
    ],
    "1108": [
        92,
        "blanket"
    ],
    "1109": [
        94,
        "plant"
    ],
    "1115": [
        181,
        "ceiling_light_fixture_connection"
    ],
    "1116": [
        1387,
        "clothes_container"
    ],
    "1122": [
        1243,
        "window"
    ],
    "1127": [
        988,
        "oil_lamp"
    ],
    "1128": [
        796,
        "pillow"
    ],
    "1129": [
        1261,
        "plant"
    ],
    "1135": [
        208,
        "picture_frame"
    ],
    "1137": [
        835,
        "ceiling_light_fixture_connection"
    ],
    "1138": [
        1336,
        "pillow"
    ],
    "1145": [
        665,
        "window"
    ],
    "1146": [
        1379,
        "basket"
    ],
    "1148": [
        1233,
        "window"
    ],
    "1149": [
        178,
        "ceiling_light_fixture_connection"
    ],
    "1150": [
        1091,
        "bag"
    ],
    "1151": [
        565,
        "ceiling_light_fixture_connection"
    ],
    "1153": [
        894,
        "window_shade"
    ],
    "1156": [
        808,
        "carpet"
    ],
    "1157": [
        217,
        "paneling"
    ],
    "1159": [
        148,
        "kitchen_cabinet"
    ],
    "1160": [
        761,
        "plant"
    ],
    "1163": [
        505,
        "book"
    ],
    "1164": [
        169,
        "stool"
    ],
    "1165": [
        525,
        "storage_box"
    ],
    "1166": [
        163,
        "bottle"
    ],
    "1167": [
        272,
        "jar"
    ],
    "1168": [
        1103,
        "shoe"
    ],
    "1169": [
        383,
        "air_vent"
    ],
    "1170": [
        165,
        "kitchen_counter"
    ],
    "1171": [
        843,
        "shoe"
    ],
    "1172": [
        532,
        "book"
    ],
    "1173": [
        504,
        "book_rack"
    ],
    "1175": [
        476,
        "book"
    ],
    "1176": [
        429,
        "bottle_of_soap"
    ],
    "1177": [
        852,
        "book_rack"
    ],
    "1178": [
        250,
        "toilet_paper_dispenser"
    ],
    "1179": [
        691,
        "window"
    ],
    "1181": [
        1204,
        "washing_stuff"
    ],
    "1182": [
        453,
        "window"
    ],
    "1183": [
        523,
        "book"
    ],
    "1184": [
        1061,
        "pillow"
    ],
    "1186": [
        1096,
        "case"
    ],
    "1188": [
        413,
        "window"
    ],
    "1192": [
        685,
        "microwave"
    ],
    "1193": [
        454,
        "window"
    ],
    "1194": [
        196,
        "picture"
    ],
    "1195": [
        308,
        "curtain"
    ],
    "1197": [
        881,
        "flowerpot"
    ],
    "1198": [
        1352,
        "bag"
    ],
    "1199": [
        298,
        "window"
    ],
    "1200": [
        431,
        "wall_hanging_decoration"
    ],
    "1201": [
        1027,
        "book"
    ],
    "1204": [
        912,
        "frame"
    ],
    "1205": [
        522,
        "book"
    ],
    "1206": [
        755,
        "book_rack"
    ],
    "1209": [
        279,
        "shelf"
    ],
    "1210": [
        449,
        "tile"
    ],
    "1211": [
        922,
        "chair"
    ],
    "1213": [
        642,
        "art_frame"
    ],
    "1214": [
        1042,
        "book"
    ],
    "1215": [
        1101,
        "book"
    ],
    "1218": [
        88,
        "armchair"
    ],
    "1219": [
        488,
        "book"
    ],
    "1223": [
        485,
        "book"
    ],
    "1224": [
        1318,
        "handle"
    ],
    "1226": [
        690,
        "window"
    ],
    "1227": [
        1051,
        "desk_chair"
    ],
    "1228": [
        1272,
        "plush_toy"
    ],
    "1229": [
        578,
        "wall_hanging_decoration"
    ],
    "1231": [
        672,
        "plant"
    ],
    "1232": [
        513,
        "book"
    ],
    "1234": [
        646,
        "flowerpot"
    ],
    "1236": [
        1385,
        "bag"
    ],
    "1237": [
        974,
        "picture_frame"
    ],
    "1238": [
        95,
        "plant"
    ],
    "1239": [
        329,
        "globe"
    ],
    "1240": [
        1313,
        "hat"
    ],
    "1241": [
        993,
        "flowerpot"
    ],
    "1243": [
        1488,
        "shower_dial"
    ],
    "1244": [
        1254,
        "shelf"
    ],
    "1245": [
        757,
        "cabinet"
    ],
    "1246": [
        879,
        "document"
    ],
    "1247": [
        1256,
        "plant"
    ],
    "1248": [
        517,
        "book"
    ],
    "1250": [
        1168,
        "window_shutter"
    ],
    "1251": [
        990,
        "basket"
    ],
    "1253": [
        1410,
        "hanging_clothes"
    ],
    "1254": [
        1092,
        "bag"
    ],
    "1255": [
        1071,
        "door_knob"
    ],
    "1258": [
        374,
        "shoe"
    ],
    "1260": [
        1403,
        "hanging_clothes"
    ],
    "1261": [
        1036,
        "picture_frame"
    ],
    "1262": [
        1431,
        "hanging_clothes"
    ],
    "1264": [
        660,
        "refrigerator"
    ],
    "1265": [
        786,
        "pillow"
    ],
    "1266": [
        174,
        "display_cabinet"
    ],
    "1267": [
        620,
        "washbasin"
    ],
    "1268": [
        961,
        "picture"
    ],
    "1270": [
        559,
        "door_knob"
    ],
    "1271": [
        534,
        "entertainment_set"
    ],
    "1272": [
        569,
        "ceiling_light_fixture_connection"
    ],
    "1273": [
        865,
        "plant"
    ],
    "1274": [
        1058,
        "pillow"
    ],
    "1276": [
        1295,
        "carpet"
    ],
    "1277": [
        293,
        "rug"
    ],
    "1278": [
        337,
        "wall_lamp"
    ],
    "1279": [
        725,
        "window"
    ],
    "1280": [
        154,
        "chest_drawer"
    ],
    "1282": [
        1198,
        "shower_curtain"
    ],
    "1286": [
        1340,
        "toy"
    ],
    "1288": [
        1245,
        "pillow"
    ],
    "1289": [
        135,
        "wall_lamp"
    ],
    "1291": [
        621,
        "tap"
    ],
    "1292": [
        1281,
        "blinds"
    ],
    "1294": [
        1438,
        "clothes"
    ],
    "1295": [
        362,
        "fireplace"
    ],
    "1296": [
        924,
        "chair"
    ],
    "1297": [
        586,
        "wall_hanging_decoration"
    ],
    "1298": [
        346,
        "leg_rest"
    ],
    "1299": [
        404,
        "towel_bar"
    ],
    "1300": [
        650,
        "sink"
    ],
    "1303": [
        1112,
        "cardboard_box"
    ],
    "1304": [
        653,
        "decorative_vase"
    ],
    "1305": [
        599,
        "recycle_bin"
    ],
    "1307": [
        430,
        "washbasin_counter"
    ],
    "1309": [
        1298,
        "storage_cabinet"
    ],
    "1310": [
        191,
        "wall_electronics"
    ],
    "1311": [
        885,
        "flowerpot"
    ],
    "1312": [
        792,
        "floor_lamp"
    ],
    "1313": [
        1260,
        "flowerpot"
    ],
    "1314": [
        582,
        "wall_hanging_decoration"
    ],
    "1315": [
        862,
        "plant"
    ],
    "1316": [
        905,
        "painting"
    ],
    "1317": [
        618,
        "shelf"
    ],
    "1318": [
        1314,
        "toy"
    ],
    "1320": [
        765,
        "poster"
    ],
    "1321": [
        168,
        "stool"
    ],
    "1323": [
        1370,
        "closet_door"
    ],
    "1324": [
        1329,
        "rack"
    ],
    "1325": [
        218,
        "purse"
    ],
    "1327": [
        277,
        "wall_sign"
    ],
    "1330": [
        424,
        "wall_lamp"
    ],
    "1331": [
        750,
        "curtain"
    ],
    "1332": [
        202,
        "picture"
    ],
    "1333": [
        540,
        "paneling"
    ],
    "1336": [
        784,
        "pillow"
    ],
    "1337": [
        858,
        "computer"
    ],
    "1339": [
        402,
        "bottle_of_soap"
    ],
    "1340": [
        1160,
        "towel"
    ],
    "1341": [
        328,
        "chest_drawer"
    ],
    "1342": [
        615,
        "wall_lamp"
    ],
    "1343": [
        1413,
        "hanging_clothes"
    ],
    "1345": [
        91,
        "coffee_table"
    ],
    "1346": [
        1255,
        "flowerpot"
    ],
    "1347": [
        1414,
        "hanging_clothes"
    ],
    "1348": [
        1398,
        "shoe"
    ],
    "1349": [
        1093,
        "hanger"
    ],
    "1350": [
        769,
        "kitchen_table"
    ],
    "1352": [
        884,
        "flowerpot"
    ],
    "1353": [
        320,
        "pillow"
    ],
    "1354": [
        456,
        "shower_seat"
    ],
    "1355": [
        1345,
        "cassette"
    ],
    "1357": [
        405,
        "shower_hose_head"
    ],
    "1360": [
        1123,
        "shelf"
    ],
    "1361": [
        742,
        "window_shutter"
    ],
    "1363": [
        276,
        "object"
    ],
    "1364": [
        460,
        "recycle_bin"
    ],
    "1365": [
        860,
        "globe"
    ],
    "1367": [
        1150,
        "bag"
    ],
    "1368": [
        141,
        "art_frame"
    ],
    "1369": [
        1024,
        "book_rack"
    ],
    "1371": [
        608,
        "shower_dial"
    ],
    "1372": [
        1498,
        "pillow"
    ],
    "1377": [
        782,
        "pillow"
    ],
    "1380": [
        704,
        "window_shade"
    ],
    "1382": [
        868,
        "book"
    ],
    "1383": [
        1047,
        "blanket"
    ],
    "1385": [
        1227,
        "artwork"
    ],
    "1388": [
        342,
        "wall_board"
    ],
    "1390": [
        314,
        "nightstand"
    ],
    "1391": [
        508,
        "book"
    ],
    "1392": [
        153,
        "chest_drawer"
    ],
    "1393": [
        744,
        "window_shutter"
    ],
    "1394": [
        805,
        "fire_extinguisher"
    ],
    "1399": [
        1089,
        "hat"
    ],
    "1400": [
        813,
        "window"
    ],
    "1401": [
        981,
        "window"
    ],
    "1402": [
        334,
        "mirror"
    ],
    "1403": [
        1392,
        "clothes_bag"
    ],
    "1404": [
        1319,
        "hanging_clothes"
    ],
    "1405": [
        419,
        "wall_lamp"
    ],
    "1407": [
        1382,
        "clothes_bag"
    ],
    "1408": [
        1157,
        "artwork"
    ],
    "1411": [
        49,
        "fireplace_wall"
    ],
    "1416": [
        1427,
        "hanging_clothes"
    ],
    "1418": [
        994,
        "air_conditioner"
    ],
    "1419": [
        1437,
        "clothes"
    ],
    "1420": [
        335,
        "artwork"
    ],
    "1422": [
        56,
        "mirror_frame"
    ],
    "1423": [
        463,
        "ceiling_light_fixture_connection"
    ],
    "1424": [
        33,
        "window"
    ],
    "1426": [
        652,
        "bottle_of_detergent"
    ],
    "1427": [
        1497,
        "carpet"
    ],
    "1428": [
        1420,
        "hanging_clothes"
    ],
    "1430": [
        482,
        "book"
    ],
    "1431": [
        619,
        "shelf"
    ],
    "1433": [
        244,
        "recycle_bin"
    ],
    "1435": [
        724,
        "window_shade"
    ],
    "1437": [
        355,
        "door"
    ],
    "1439": [
        662,
        "kitchen_lower_cabinet"
    ],
    "1441": [
        90,
        "pillow"
    ],
    "1443": [
        62,
        "bench"
    ],
    "1444": [
        243,
        "tap"
    ],
    "1445": [
        543,
        "counter_door"
    ],
    "1446": [
        1383,
        "clothes_bag"
    ],
    "1450": [
        74,
        "decoration"
    ],
    "1451": [
        171,
        "chair"
    ],
    "1452": [
        1312,
        "trash_bag"
    ],
    "1454": [
        269,
        "basket_of_something"
    ],
    "1455": [
        199,
        "picture"
    ],
    "1459": [
        773,
        "flowerpot"
    ],
    "1462": [
        158,
        "tap"
    ],
    "1463": [
        349,
        "door"
    ],
    "1466": [
        853,
        "computer_desk"
    ],
    "1467": [
        1131,
        "shelf"
    ],
    "1469": [
        97,
        "bench"
    ],
    "1470": [
        581,
        "wall_hanging_decoration"
    ],
    "1471": [
        927,
        "ceiling_lamp"
    ],
    "1472": [
        1143,
        "briefcase"
    ],
    "1475": [
        526,
        "storage_box"
    ],
    "1476": [
        80,
        "side_table"
    ],
    "1477": [
        400,
        "washbasin"
    ],
    "1478": [
        259,
        "window"
    ],
    "1479": [
        1452,
        "closet_rod"
    ],
    "1482": [
        1076,
        "door_knob"
    ],
    "1483": [
        1107,
        "cardboard_box"
    ],
    "1484": [
        605,
        "towel"
    ],
    "1487": [
        68,
        "book"
    ],
    "1488": [
        1122,
        "clothes_bag"
    ],
    "1489": [
        389,
        "door_knob"
    ],
    "1490": [
        940,
        "window"
    ],
    "1491": [
        1309,
        "dresser"
    ],
    "1492": [
        481,
        "book"
    ]
}