{
    "1": [
        175,
        "window"
    ],
    "3": [
        255,
        "door"
    ],
    "5": [
        267,
        "door"
    ],
    "6": [
        129,
        "tv"
    ],
    "7": [
        101,
        "blinds"
    ],
    "8": [
        44,
        "picture"
    ],
    "11": [
        187,
        "window"
    ],
    "14": [
        23,
        "toilet_brush"
    ],
    "16": [
        69,
        "shower_tap"
    ],
    "19": [
        252,
        "sensor"
    ],
    "20": [
        74,
        "bath_sink"
    ],
    "21": [
        206,
        "window"
    ],
    "25": [
        216,
        "cushion"
    ],
    "26": [
        228,
        "kitchen_cabinet"
    ],
    "27": [
        40,
        "wardrobe"
    ],
    "28": [
        68,
        "shower_handle"
    ],
    "32": [
        197,
        "tv"
    ],
    "33": [
        208,
        "chair"
    ],
    "34": [
        218,
        "cushion"
    ],
    "35": [
        148,
        "wardrobe"
    ],
    "37": [
        109,
        "window"
    ],
    "40": [
        45,
        "bed"
    ],
    "46": [
        112,
        "outlet"
    ],
    "47": [
        77,
        "toilet_brush"
    ],
    "48": [
        241,
        "chair"
    ],
    "52": [
        203,
        "telephone"
    ],
    "55": [
        9,
        "shower_hose"
    ],
    "56": [
        54,
        "ceiling_fan"
    ],
    "58": [
        259,
        "door"
    ],
    "59": [
        225,
        "refrigerator"
    ],
    "60": [
        100,
        "window"
    ],
    "61": [
        67,
        "shower_tap"
    ],
    "63": [
        200,
        "cushion"
    ],
    "64": [
        51,
        "cabinet"
    ],
    "66": [
        250,
        "lamp"
    ],
    "70": [
        144,
        "light_switch"
    ],
    "72": [
        150,
        "vent"
    ],
    "74": [
        226,
        "range_hood"
    ],
    "75": [
        254,
        "door"
    ],
    "76": [
        131,
        "ceiling_fan"
    ],
    "77": [
        119,
        "cabinet"
    ],
    "79": [
        246,
        "ceiling_vent"
    ],
    "80": [
        35,
        "picture"
    ],
    "81": [
        36,
        "dresser"
    ],
    "84": [
        42,
        "picture"
    ],
    "86": [
        224,
        "kitchen_cabinet"
    ],
    "88": [
        215,
        "cushion"
    ],
    "89": [
        268,
        "ceiling_vent"
    ],
    "90": [
        1,
        "toilet"
    ],
    "91": [
        229,
        "kitchen_cabinet"
    ],
    "92": [
        22,
        "plunger"
    ],
    "93": [
        261,
        "door"
    ],
    "96": [
        47,
        "cushion"
    ],
    "97": [
        48,
        "cushion"
    ],
    "98": [
        123,
        "cushion"
    ],
    "99": [
        136,
        "vent"
    ],
    "100": [
        232,
        "worktop"
    ],
    "103": [
        159,
        "sensor"
    ],
    "105": [
        249,
        "lamp"
    ],
    "107": [
        202,
        "lamp"
    ],
    "108": [
        269,
        "ceiling_vent"
    ],
    "109": [
        46,
        "cushion"
    ],
    "110": [
        245,
        "ceiling_vent"
    ],
    "112": [
        76,
        "toilet"
    ],
    "113": [
        70,
        "shower_tub"
    ],
    "115": [
        219,
        "lamp"
    ],
    "116": [
        117,
        "bedside_lamp"
    ],
    "117": [
        120,
        "alarm_clock"
    ],
    "118": [
        220,
        "lamp"
    ],
    "120": [
        118,
        "bedside_lamp"
    ],
    "121": [
        233,
        "worktop"
    ],
    "122": [
        29,
        "light_switch"
    ],
    "124": [
        121,
        "bed"
    ],
    "128": [
        50,
        "cushion"
    ],
    "129": [
        43,
        "picture"
    ],
    "130": [
        230,
        "dishwasher"
    ],
    "131": [
        176,
        "window"
    ],
    "132": [
        244,
        "ceiling_fan"
    ],
    "133": [
        32,
        "vent"
    ],
    "134": [
        31,
        "outlet"
    ],
    "136": [
        139,
        "vent"
    ],
    "137": [
        237,
        "coffee_machine"
    ],
    "138": [
        204,
        "telephone"
    ],
    "140": [
        49,
        "cushion"
    ],
    "143": [
        113,
        "outlet"
    ],
    "145": [
        79,
        "outlet"
    ],
    "146": [
        212,
        "plate"
    ],
    "148": [
        114,
        "picture"
    ],
    "151": [
        236,
        "kettle"
    ],
    "155": [
        135,
        "light_switch"
    ],
    "156": [
        234,
        "sink"
    ],
    "157": [
        75,
        "toilet_paper"
    ],
    "160": [
        5,
        "towel_bar"
    ],
    "162": [
        198,
        "lamp"
    ],
    "163": [
        235,
        "toaster"
    ],
    "164": [
        3,
        "towel_bar"
    ],
    "166": [
        137,
        "blinds"
    ],
    "168": [
        115,
        "dresser"
    ],
    "171": [
        240,
        "cutting_board"
    ],
    "172": [
        243,
        "window"
    ],
    "173": [
        248,
        "ceiling_lamp"
    ],
    "174": [
        251,
        "lamp"
    ],
    "175": [
        263,
        "door"
    ],
    "176": [
        140,
        "picture"
    ],
    "177": [
        214,
        "cushion"
    ],
    "178": [
        126,
        "cushion"
    ],
    "183": [
        157,
        "wardrobe"
    ],
    "187": [
        127,
        "cushion"
    ],
    "189": [
        134,
        "light_switch"
    ],
    "191": [
        221,
        "kitchen_cabinet"
    ],
    "192": [
        133,
        "ceiling_vent"
    ],
    "193": [
        227,
        "kitchen_cabinet"
    ],
    "195": [
        27,
        "window_shutter"
    ],
    "196": [
        39,
        "wardrobe"
    ],
    "197": [
        78,
        "towel_bar"
    ],
    "200": [
        8,
        "shower_tap"
    ],
    "201": [
        128,
        "cushion"
    ],
    "202": [
        87,
        "vent"
    ],
    "203": [
        91,
        "bedroom_ceiling"
    ],
    "204": [
        125,
        "cushion"
    ],
    "206": [
        147,
        "wardrobe"
    ],
    "209": [
        265,
        "door"
    ],
    "211": [
        253,
        "ceiling_vent"
    ],
    "212": [
        211,
        "plate"
    ],
    "213": [
        72,
        "mirror"
    ],
    "217": [
        73,
        "tv"
    ],
    "219": [
        28,
        "alarm"
    ],
    "220": [
        199,
        "armchair"
    ],
    "222": [
        124,
        "cushion"
    ],
    "225": [
        6,
        "toilet_paper_dispenser"
    ],
    "226": [
        213,
        "couch"
    ],
    "227": [
        210,
        "chair"
    ],
    "231": [
        207,
        "chair"
    ],
    "232": [
        132,
        "sensor"
    ],
    "233": [
        30,
        "light_switch"
    ],
    "234": [
        242,
        "chair"
    ],
    "235": [
        7,
        "shower_glass"
    ],
    "237": [
        66,
        "shower_tap"
    ],
    "238": [
        55,
        "sensor"
    ],
    "239": [
        4,
        "mirror"
    ],
    "240": [
        93,
        "outlet"
    ],
    "243": [
        108,
        "blinds"
    ],
    "244": [
        122,
        "cushion"
    ],
    "245": [
        38,
        "outlet"
    ],
    "248": [
        94,
        "wardrobe"
    ],
    "249": [
        223,
        "kitchen_cabinet"
    ],
    "250": [
        231,
        "oven_and_stove"
    ],
    "251": [
        116,
        "cabinet"
    ],
    "253": [
        217,
        "cushion"
    ],
    "254": [
        222,
        "microwave"
    ],
    "256": [
        162,
        "sensor"
    ],
    "257": [
        65,
        "shower_tap"
    ],
    "259": [
        25,
        "bedroom_ceiling"
    ],
    "263": [
        2,
        "sink"
    ],
    "265": [
        196,
        "alarm"
    ],
    "266": [
        247,
        "ceiling_vent"
    ],
    "267": [
        34,
        "window_shutter"
    ]
}