{
    "1": [
        556,
        "shoe"
    ],
    "2": [
        75,
        "faucet"
    ],
    "3": [
        293,
        "chair"
    ],
    "5": [
        448,
        "clutter"
    ],
    "7": [
        425,
        "chair"
    ],
    "8": [
        162,
        "storage_bin"
    ],
    "11": [
        548,
        "picture"
    ],
    "13": [
        141,
        "door_window"
    ],
    "15": [
        78,
        "soap_bottle"
    ],
    "17": [
        347,
        "cabinet"
    ],
    "18": [
        144,
        "plant"
    ],
    "19": [
        287,
        "plant"
    ],
    "20": [
        24,
        "shoe"
    ],
    "22": [
        171,
        "basket_of_something"
    ],
    "26": [
        124,
        "blinds"
    ],
    "29": [
        264,
        "rug"
    ],
    "32": [
        272,
        "bathroom_cabinet"
    ],
    "33": [
        387,
        "window"
    ],
    "34": [
        543,
        "rack"
    ],
    "35": [
        244,
        "trashcan"
    ],
    "36": [
        207,
        "storage_bin"
    ],
    "38": [
        368,
        "blinds"
    ],
    "41": [
        84,
        "toilet"
    ],
    "42": [
        414,
        "tv"
    ],
    "43": [
        178,
        "blinds"
    ],
    "47": [
        327,
        "cabinet"
    ],
    "51": [
        413,
        "pouffe"
    ],
    "52": [
        34,
        "ball"
    ],
    "54": [
        535,
        "storage_bin"
    ],
    "55": [
        108,
        "lamp"
    ],
    "56": [
        133,
        "window"
    ],
    "57": [
        460,
        "mirror"
    ],
    "62": [
        170,
        "blinds"
    ],
    "64": [
        40,
        "door"
    ],
    "67": [
        541,
        "box"
    ],
    "69": [
        560,
        "ceiling_lamp"
    ],
    "70": [
        426,
        "chair"
    ],
    "75": [
        361,
        "chair"
    ],
    "76": [
        177,
        "window"
    ],
    "77": [
        246,
        "toilet"
    ],
    "78": [
        77,
        "knob"
    ],
    "79": [
        461,
        "cat_tree"
    ],
    "80": [
        249,
        "faucet"
    ],
    "82": [
        417,
        "window"
    ],
    "87": [
        356,
        "desk"
    ],
    "88": [
        241,
        "towel"
    ],
    "89": [
        454,
        "blinds"
    ],
    "90": [
        539,
        "box"
    ],
    "92": [
        112,
        "door"
    ],
    "93": [
        239,
        "bathtub"
    ],
    "94": [
        463,
        "rug"
    ],
    "99": [
        464,
        "rug"
    ],
    "101": [
        384,
        "picture"
    ],
    "103": [
        439,
        "basket_of_something"
    ],
    "104": [
        193,
        "cabinet"
    ],
    "105": [
        304,
        "door_window"
    ],
    "107": [
        31,
        "ball"
    ],
    "110": [
        318,
        "cabinet"
    ],
    "112": [
        393,
        "pillow"
    ],
    "114": [
        85,
        "towel"
    ],
    "115": [
        522,
        "washing_stuff"
    ],
    "116": [
        53,
        "door"
    ],
    "117": [
        93,
        "hanger"
    ],
    "118": [
        270,
        "mirror"
    ],
    "119": [
        390,
        "pillow"
    ],
    "121": [
        532,
        "storage_bin"
    ],
    "125": [
        421,
        "plant"
    ],
    "126": [
        71,
        "bathtub"
    ],
    "127": [
        29,
        "shoe"
    ],
    "128": [
        395,
        "furniture"
    ],
    "130": [
        540,
        "bag"
    ],
    "132": [
        342,
        "soap_bottle"
    ],
    "133": [
        234,
        "window"
    ],
    "135": [
        135,
        "pillow"
    ],
    "136": [
        517,
        "laundry"
    ],
    "142": [
        326,
        "cabinet"
    ],
    "145": [
        451,
        "tv"
    ],
    "147": [
        338,
        "stovetop"
    ],
    "148": [
        25,
        "shoe"
    ],
    "149": [
        203,
        "decoration"
    ],
    "151": [
        357,
        "computer_mouse"
    ],
    "153": [
        74,
        "countertop"
    ],
    "154": [
        115,
        "pillow"
    ],
    "155": [
        57,
        "door"
    ],
    "156": [
        64,
        "hanging_clothes"
    ],
    "158": [
        35,
        "ball"
    ],
    "159": [
        295,
        "swing"
    ],
    "163": [
        39,
        "shoe"
    ],
    "165": [
        449,
        "box"
    ],
    "166": [
        245,
        "toilet_paper"
    ],
    "169": [
        528,
        "box"
    ],
    "170": [
        136,
        "pillow"
    ],
    "172": [
        546,
        "vacuum_cleaner"
    ],
    "173": [
        255,
        "shower_curtain"
    ],
    "174": [
        525,
        "machine"
    ],
    "175": [
        69,
        "mirror"
    ],
    "176": [
        243,
        "bathroom_cabinet"
    ],
    "177": [
        282,
        "towel_bar"
    ],
    "180": [
        300,
        "grill"
    ],
    "181": [
        21,
        "shelf"
    ],
    "182": [
        109,
        "table"
    ],
    "183": [
        187,
        "door"
    ],
    "185": [
        250,
        "toilet_brush"
    ],
    "188": [
        330,
        "cabinet"
    ],
    "191": [
        280,
        "picture"
    ],
    "195": [
        550,
        "shoe"
    ],
    "196": [
        30,
        "ball"
    ],
    "202": [
        37,
        "shoe"
    ],
    "204": [
        60,
        "ceiling_lamp"
    ],
    "205": [
        238,
        "knob"
    ],
    "208": [
        392,
        "pillow"
    ],
    "210": [
        28,
        "shoe"
    ],
    "212": [
        206,
        "storage_bin"
    ],
    "213": [
        242,
        "towel_bar"
    ],
    "214": [
        269,
        "picture"
    ],
    "215": [
        88,
        "window"
    ],
    "217": [
        465,
        "rug"
    ],
    "218": [
        450,
        "window"
    ],
    "219": [
        508,
        "rug"
    ],
    "220": [
        202,
        "door"
    ],
    "226": [
        22,
        "shelving"
    ],
    "228": [
        212,
        "carpet"
    ],
    "231": [
        494,
        "ceiling_lamp"
    ],
    "232": [
        317,
        "cabinet"
    ],
    "233": [
        218,
        "door"
    ],
    "234": [
        160,
        "rack"
    ],
    "236": [
        355,
        "fire_extinguisher"
    ],
    "237": [
        363,
        "window"
    ],
    "238": [
        107,
        "picture"
    ],
    "240": [
        138,
        "lamp"
    ],
    "242": [
        325,
        "cabinet"
    ],
    "245": [
        533,
        "storage_bin"
    ],
    "246": [
        401,
        "window"
    ],
    "248": [
        398,
        "armchair"
    ],
    "250": [
        118,
        "seat"
    ],
    "251": [
        366,
        "window"
    ],
    "253": [
        452,
        "toy"
    ],
    "255": [
        484,
        "lamp"
    ],
    "256": [
        194,
        "desk"
    ],
    "257": [
        412,
        "shelf"
    ],
    "258": [
        474,
        "picture"
    ],
    "261": [
        345,
        "plant"
    ],
    "262": [
        397,
        "plant"
    ],
    "263": [
        333,
        "drawer"
    ],
    "264": [
        433,
        "rack"
    ],
    "265": [
        116,
        "pillow"
    ],
    "267": [
        503,
        "curtain"
    ],
    "269": [
        26,
        "shoe"
    ],
    "270": [
        163,
        "storage_bin"
    ],
    "271": [
        334,
        "drawer"
    ],
    "273": [
        114,
        "bed"
    ],
    "274": [
        23,
        "shoe"
    ],
    "275": [
        537,
        "storage_bin"
    ],
    "276": [
        424,
        "chair"
    ],
    "279": [
        125,
        "tv"
    ],
    "281": [
        76,
        "knob"
    ],
    "282": [
        16,
        "washing_machine"
    ],
    "283": [
        46,
        "door"
    ],
    "284": [
        176,
        "bed_curtain"
    ],
    "285": [
        258,
        "soap_bottle"
    ],
    "287": [
        290,
        "armchair"
    ],
    "288": [
        156,
        "backpack"
    ],
    "289": [
        106,
        "chest_of_drawers"
    ],
    "290": [
        336,
        "kitchen_counter"
    ],
    "291": [
        48,
        "picture"
    ],
    "292": [
        306,
        "clutter"
    ],
    "293": [
        354,
        "refrigerator"
    ],
    "295": [
        419,
        "window"
    ],
    "296": [
        386,
        "picture"
    ],
    "297": [
        514,
        "refrigerator"
    ],
    "300": [
        536,
        "storage_bin"
    ],
    "303": [
        216,
        "toy"
    ],
    "306": [
        214,
        "toy"
    ],
    "309": [
        523,
        "washing_stuff"
    ],
    "312": [
        299,
        "couch"
    ],
    "313": [
        340,
        "sink"
    ],
    "314": [
        17,
        "washer"
    ],
    "315": [
        349,
        "shelf"
    ],
    "317": [
        423,
        "bench"
    ],
    "319": [
        32,
        "ball"
    ],
    "321": [
        394,
        "armchair"
    ],
    "323": [
        391,
        "pillow"
    ],
    "325": [
        283,
        "door"
    ],
    "328": [
        68,
        "mirror"
    ],
    "329": [
        51,
        "plant"
    ],
    "330": [
        199,
        "blinds"
    ],
    "331": [
        489,
        "window"
    ],
    "336": [
        344,
        "kitchen_countertop_item"
    ],
    "339": [
        410,
        "fireplace"
    ],
    "340": [
        360,
        "trashcan"
    ],
    "341": [
        459,
        "lamp"
    ],
    "343": [
        506,
        "curtain"
    ],
    "344": [
        551,
        "shoe"
    ],
    "346": [
        55,
        "picture"
    ],
    "348": [
        321,
        "cabinet"
    ],
    "349": [
        428,
        "plant"
    ],
    "350": [
        197,
        "bed"
    ],
    "352": [
        389,
        "pillow"
    ],
    "354": [
        166,
        "pillow"
    ],
    "359": [
        134,
        "couch"
    ],
    "360": [
        278,
        "trashcan"
    ],
    "361": [
        174,
        "mirror"
    ],
    "362": [
        527,
        "box"
    ],
    "365": [
        61,
        "ceiling_lamp"
    ],
    "366": [
        402,
        "blinds"
    ],
    "367": [
        209,
        "ceiling_lamp"
    ],
    "368": [
        158,
        "chest_of_drawers"
    ],
    "371": [
        36,
        "clothes"
    ],
    "372": [
        54,
        "picture"
    ],
    "374": [
        274,
        "sink"
    ],
    "377": [
        204,
        "telephone"
    ],
    "379": [
        27,
        "shoe"
    ],
    "380": [
        359,
        "keyboard"
    ],
    "383": [
        524,
        "bag"
    ],
    "384": [
        122,
        "window"
    ],
    "385": [
        372,
        "rug"
    ],
    "387": [
        137,
        "pillow"
    ],
    "390": [
        526,
        "clothing_stand"
    ],
    "391": [
        418,
        "blinds"
    ],
    "392": [
        169,
        "door"
    ],
    "396": [
        186,
        "door"
    ],
    "397": [
        257,
        "soap_bottle"
    ],
    "399": [
        200,
        "chest_of_drawers"
    ],
    "401": [
        86,
        "towel_bar"
    ],
    "403": [
        453,
        "skateboard"
    ],
    "405": [
        275,
        "faucet"
    ],
    "406": [
        314,
        "cabinet"
    ],
    "408": [
        20,
        "fan"
    ],
    "410": [
        400,
        "table"
    ],
    "411": [
        337,
        "kitchen_appliance"
    ],
    "413": [
        559,
        "ceiling_lamp"
    ],
    "414": [
        96,
        "rug"
    ],
    "417": [
        323,
        "window"
    ],
    "419": [
        440,
        "rack"
    ],
    "422": [
        213,
        "decoration"
    ],
    "423": [
        388,
        "couch"
    ],
    "424": [
        303,
        "window"
    ],
    "425": [
        201,
        "pouffe"
    ],
    "426": [
        155,
        "door"
    ],
    "427": [
        63,
        "rug"
    ],
    "428": [
        329,
        "cabinet"
    ],
    "433": [
        415,
        "tv_stand"
    ],
    "436": [
        547,
        "storage_bin"
    ],
    "437": [
        254,
        "door"
    ],
    "438": [
        291,
        "table"
    ],
    "439": [
        198,
        "window"
    ],
    "440": [
        420,
        "blinds"
    ],
    "443": [
        164,
        "window"
    ],
    "445": [
        195,
        "blanket"
    ],
    "446": [
        294,
        "table"
    ],
    "447": [
        346,
        "plant"
    ],
    "448": [
        462,
        "rug"
    ],
    "453": [
        301,
        "chair"
    ],
    "457": [
        507,
        "lamp"
    ],
    "458": [
        72,
        "cabinet"
    ],
    "461": [
        253,
        "lamp"
    ],
    "463": [
        281,
        "towel"
    ],
    "465": [
        538,
        "storage_bin"
    ],
    "466": [
        558,
        "ceiling_lamp"
    ],
    "467": [
        348,
        "oven"
    ],
    "468": [
        542,
        "hanging_clothes"
    ],
    "473": [
        341,
        "faucet"
    ],
    "474": [
        534,
        "storage_bin"
    ],
    "479": [
        490,
        "picture"
    ],
    "480": [
        516,
        "vacuum_cleaner"
    ],
    "481": [
        165,
        "bed"
    ],
    "483": [
        49,
        "table"
    ],
    "485": [
        350,
        "microwave"
    ],
    "486": [
        441,
        "storage_bin"
    ],
    "488": [
        273,
        "bathroom_counter"
    ],
    "491": [
        555,
        "shoe"
    ],
    "492": [
        226,
        "ceiling_lamp"
    ],
    "493": [
        73,
        "cabinet"
    ],
    "495": [
        87,
        "window"
    ],
    "496": [
        38,
        "shoe"
    ],
    "498": [
        236,
        "mirror"
    ],
    "500": [
        121,
        "blinds"
    ],
    "501": [
        126,
        "door"
    ],
    "506": [
        364,
        "window"
    ],
    "507": [
        405,
        "picture"
    ],
    "508": [
        358,
        "monitor"
    ],
    "511": [
        553,
        "shoe"
    ],
    "512": [
        248,
        "sink"
    ],
    "515": [
        167,
        "pillow"
    ],
    "516": [
        139,
        "balcony_railing"
    ],
    "517": [
        110,
        "lamp"
    ],
    "519": [
        119,
        "window"
    ],
    "520": [
        520,
        "cloth"
    ],
    "521": [
        205,
        "picture_frame"
    ],
    "526": [
        33,
        "ball"
    ],
    "527": [
        225,
        "ceiling_lamp"
    ],
    "528": [
        161,
        "storage_bin"
    ],
    "529": [
        154,
        "door"
    ],
    "531": [
        277,
        "toilet"
    ],
    "533": [
        552,
        "shoe"
    ],
    "534": [
        247,
        "bathroom_counter"
    ],
    "537": [
        159,
        "lamp"
    ],
    "538": [
        362,
        "blanket"
    ],
    "539": [
        422,
        "table"
    ],
    "542": [
        554,
        "shoe"
    ],
    "545": [
        521,
        "washing_stuff"
    ],
    "547": [
        529,
        "box"
    ],
    "548": [
        367,
        "window"
    ],
    "549": [
        315,
        "cabinet"
    ],
    "551": [
        256,
        "shower_curtain_rod"
    ],
    "553": [
        316,
        "cabinet"
    ],
    "557": [
        292,
        "chair"
    ],
    "558": [
        259,
        "soap_bottle"
    ],
    "560": [
        427,
        "chair"
    ],
    "561": [
        168,
        "pillow"
    ]
}