{
    "4": [
        245,
        "lamp"
    ],
    "6": [
        292,
        "towel"
    ],
    "9": [
        159,
        "window"
    ],
    "10": [
        13,
        "desk_chair"
    ],
    "16": [
        461,
        "art_frame"
    ],
    "17": [
        85,
        "mirror"
    ],
    "19": [
        202,
        "sink_cabinet"
    ],
    "25": [
        89,
        "art_frame"
    ],
    "26": [
        315,
        "decoration"
    ],
    "28": [
        269,
        "shelf"
    ],
    "29": [
        157,
        "window"
    ],
    "33": [
        309,
        "decoration"
    ],
    "34": [
        403,
        "shower_soap_shelf"
    ],
    "40": [
        477,
        "shelf"
    ],
    "42": [
        405,
        "door"
    ],
    "43": [
        90,
        "art_frame"
    ],
    "47": [
        314,
        "shelf"
    ],
    "50": [
        255,
        "tv"
    ],
    "51": [
        388,
        "sink_cabinet"
    ],
    "53": [
        386,
        "towel"
    ],
    "54": [
        66,
        "pillow"
    ],
    "55": [
        115,
        "lamp"
    ],
    "57": [
        430,
        "pillow"
    ],
    "60": [
        375,
        "tv"
    ],
    "61": [
        14,
        "cabinet"
    ],
    "62": [
        211,
        "cabinet"
    ],
    "64": [
        365,
        "window"
    ],
    "65": [
        283,
        "toilet"
    ],
    "66": [
        27,
        "door"
    ],
    "67": [
        148,
        "curtain"
    ],
    "71": [
        478,
        "decoration"
    ],
    "72": [
        391,
        "mirror"
    ],
    "76": [
        164,
        "window"
    ],
    "78": [
        87,
        "soap"
    ],
    "79": [
        132,
        "shelf"
    ],
    "83": [
        362,
        "armchair"
    ],
    "85": [
        15,
        "basket_of_something"
    ],
    "87": [
        43,
        "door"
    ],
    "88": [
        34,
        "window"
    ],
    "89": [
        369,
        "bed"
    ],
    "90": [
        268,
        "cabinet"
    ],
    "91": [
        78,
        "ceiling_lamp"
    ],
    "93": [
        426,
        "bed"
    ],
    "95": [
        310,
        "mirror"
    ],
    "99": [
        372,
        "sofa_chair"
    ],
    "101": [
        460,
        "towel"
    ],
    "102": [
        160,
        "window"
    ],
    "105": [
        289,
        "curtain"
    ],
    "106": [
        273,
        "art_frame"
    ],
    "109": [
        24,
        "lamp"
    ],
    "110": [
        291,
        "sink_cabinet"
    ],
    "112": [
        266,
        "device"
    ],
    "113": [
        147,
        "curtain"
    ],
    "114": [
        48,
        "pillow"
    ],
    "115": [
        197,
        "refrigerator"
    ],
    "117": [
        242,
        "device"
    ],
    "122": [
        311,
        "desk"
    ],
    "123": [
        125,
        "shelf"
    ],
    "127": [
        473,
        "bed"
    ],
    "128": [
        290,
        "towel"
    ],
    "129": [
        234,
        "door"
    ],
    "130": [
        241,
        "pillow"
    ],
    "131": [
        11,
        "basket_of_something"
    ],
    "132": [
        282,
        "lamp"
    ],
    "134": [
        98,
        "lamp"
    ],
    "136": [
        253,
        "device"
    ],
    "139": [
        17,
        "art_frame"
    ],
    "141": [
        411,
        "door"
    ],
    "142": [
        124,
        "shelf"
    ],
    "143": [
        105,
        "painting"
    ],
    "145": [
        475,
        "window"
    ],
    "146": [
        82,
        "towel"
    ],
    "152": [
        162,
        "window"
    ],
    "154": [
        462,
        "art_frame"
    ],
    "159": [
        459,
        "door"
    ],
    "160": [
        237,
        "shelf"
    ],
    "164": [
        176,
        "chair"
    ],
    "165": [
        10,
        "painting"
    ],
    "166": [
        280,
        "window"
    ],
    "169": [
        62,
        "window"
    ],
    "170": [
        218,
        "flower_vase"
    ],
    "171": [
        189,
        "pillow"
    ],
    "172": [
        32,
        "window"
    ],
    "173": [
        123,
        "shelf"
    ],
    "174": [
        9,
        "window"
    ],
    "175": [
        492,
        "door"
    ],
    "178": [
        295,
        "door"
    ],
    "179": [
        173,
        "carpet"
    ],
    "180": [
        36,
        "plant"
    ],
    "181": [
        207,
        "shelf"
    ],
    "183": [
        18,
        "art_frame"
    ],
    "184": [
        407,
        "door"
    ],
    "185": [
        258,
        "window"
    ],
    "186": [
        57,
        "painting"
    ],
    "189": [
        433,
        "shelf"
    ],
    "190": [
        302,
        "wardrobe"
    ],
    "191": [
        129,
        "door"
    ],
    "195": [
        318,
        "chair"
    ],
    "200": [
        259,
        "wardrobe"
    ],
    "201": [
        228,
        "decoration"
    ],
    "205": [
        179,
        "chair"
    ],
    "206": [
        326,
        "door"
    ],
    "207": [
        59,
        "device"
    ],
    "208": [
        145,
        "curtain"
    ],
    "209": [
        67,
        "pillow"
    ],
    "211": [
        387,
        "sink_cabinet"
    ],
    "213": [
        49,
        "pillow"
    ],
    "215": [
        236,
        "door"
    ],
    "216": [
        472,
        "wardrobe"
    ],
    "217": [
        44,
        "painting"
    ],
    "219": [
        427,
        "tv"
    ],
    "222": [
        256,
        "painting"
    ],
    "228": [
        389,
        "mirror"
    ],
    "231": [
        19,
        "art_frame"
    ],
    "234": [
        92,
        "toilet_paper"
    ],
    "236": [
        30,
        "window"
    ],
    "237": [
        219,
        "toaster"
    ],
    "239": [
        456,
        "curtain"
    ],
    "240": [
        226,
        "shelf"
    ],
    "243": [
        55,
        "decoration"
    ],
    "244": [
        374,
        "speaker"
    ],
    "245": [
        366,
        "window"
    ],
    "246": [
        181,
        "chair"
    ],
    "251": [
        271,
        "lamp"
    ],
    "255": [
        252,
        "cabinet"
    ],
    "256": [
        262,
        "door"
    ],
    "258": [
        368,
        "window"
    ],
    "261": [
        161,
        "window"
    ],
    "262": [
        424,
        "cabinet"
    ],
    "263": [
        272,
        "flower_vase"
    ],
    "264": [
        439,
        "lamp"
    ],
    "265": [
        481,
        "lamp"
    ],
    "268": [
        91,
        "art_frame"
    ],
    "270": [
        230,
        "decoration"
    ],
    "271": [
        163,
        "window"
    ],
    "272": [
        65,
        "bench"
    ],
    "275": [
        488,
        "soap"
    ],
    "276": [
        209,
        "coffee_machine"
    ],
    "277": [
        428,
        "shelf"
    ],
    "278": [
        453,
        "toilet"
    ],
    "280": [
        437,
        "lamp"
    ],
    "281": [
        390,
        "mirror"
    ],
    "282": [
        373,
        "cabinet"
    ],
    "284": [
        486,
        "device"
    ],
    "285": [
        204,
        "table"
    ],
    "286": [
        158,
        "window"
    ],
    "290": [
        431,
        "desk"
    ],
    "291": [
        317,
        "trashcan"
    ],
    "293": [
        220,
        "paper"
    ],
    "295": [
        118,
        "lamp"
    ],
    "296": [
        93,
        "toilet"
    ],
    "298": [
        16,
        "printer"
    ],
    "300": [
        463,
        "art_frame"
    ],
    "301": [
        95,
        "decoration"
    ],
    "305": [
        487,
        "lamp"
    ],
    "310": [
        227,
        "decoration"
    ],
    "311": [
        188,
        "pillow"
    ],
    "312": [
        238,
        "pillow"
    ],
    "314": [
        195,
        "ventilation_hood"
    ],
    "317": [
        367,
        "window"
    ],
    "318": [
        440,
        "lamp"
    ],
    "319": [
        438,
        "lamp"
    ],
    "320": [
        335,
        "door"
    ],
    "321": [
        83,
        "device"
    ],
    "322": [
        313,
        "shelf"
    ],
    "325": [
        296,
        "door"
    ],
    "326": [
        344,
        "device"
    ],
    "330": [
        325,
        "lamp"
    ],
    "332": [
        135,
        "window"
    ],
    "333": [
        316,
        "mirror"
    ],
    "335": [
        378,
        "lamp"
    ],
    "339": [
        229,
        "decoration"
    ],
    "340": [
        363,
        "window"
    ],
    "341": [
        479,
        "flower_vase"
    ],
    "342": [
        392,
        "bathtub"
    ],
    "343": [
        364,
        "window"
    ],
    "344": [
        402,
        "lamp"
    ],
    "345": [
        177,
        "chair"
    ],
    "346": [
        206,
        "dishwasher"
    ],
    "347": [
        12,
        "desk"
    ],
    "349": [
        175,
        "flower_vase"
    ],
    "353": [
        116,
        "device"
    ],
    "357": [
        312,
        "cabinet"
    ],
    "358": [
        198,
        "microwave"
    ],
    "360": [
        377,
        "door"
    ],
    "362": [
        307,
        "window"
    ],
    "369": [
        457,
        "mirror"
    ],
    "374": [
        203,
        "faucet"
    ],
    "375": [
        23,
        "art_frame"
    ],
    "379": [
        409,
        "door"
    ],
    "381": [
        47,
        "couch"
    ],
    "384": [
        58,
        "device"
    ],
    "387": [
        343,
        "device"
    ],
    "388": [
        393,
        "lamp"
    ],
    "389": [
        321,
        "chair"
    ],
    "391": [
        414,
        "towel"
    ],
    "393": [
        178,
        "chair"
    ],
    "394": [
        458,
        "sink_cabinet"
    ],
    "395": [
        106,
        "painting"
    ],
    "396": [
        22,
        "art_frame"
    ],
    "397": [
        240,
        "pillow"
    ],
    "399": [
        2,
        "carpet"
    ],
    "400": [
        210,
        "speaker"
    ],
    "403": [
        174,
        "carpet"
    ],
    "405": [
        185,
        "sofa_chair"
    ],
    "407": [
        86,
        "sink"
    ],
    "415": [
        191,
        "chair"
    ],
    "418": [
        413,
        "lamp"
    ],
    "419": [
        94,
        "decoration"
    ],
    "423": [
        20,
        "art_frame"
    ],
    "425": [
        308,
        "decoration"
    ],
    "426": [
        184,
        "carpet"
    ],
    "429": [
        45,
        "painting"
    ],
    "435": [
        425,
        "cabinet"
    ],
    "436": [
        183,
        "furnace"
    ],
    "437": [
        205,
        "soap"
    ],
    "438": [
        490,
        "painting"
    ],
    "441": [
        429,
        "device"
    ],
    "447": [
        187,
        "couch"
    ],
    "448": [
        270,
        "shelf"
    ],
    "450": [
        371,
        "cabinet"
    ],
    "451": [
        476,
        "armchair"
    ],
    "453": [
        54,
        "armchair"
    ],
    "454": [
        265,
        "lamp"
    ],
    "455": [
        274,
        "art_frame"
    ],
    "456": [
        432,
        "chair"
    ],
    "457": [
        320,
        "chair"
    ],
    "458": [
        455,
        "ceiling_lamp"
    ],
    "459": [
        304,
        "art_frame"
    ],
    "461": [
        208,
        "flower_vase"
    ],
    "464": [
        199,
        "oven"
    ],
    "467": [
        142,
        "painting"
    ],
    "468": [
        80,
        "door"
    ],
    "469": [
        239,
        "pillow"
    ],
    "470": [
        21,
        "art_frame"
    ],
    "473": [
        370,
        "cabinet"
    ],
    "476": [
        260,
        "door"
    ],
    "478": [
        196,
        "stove"
    ],
    "479": [
        294,
        "lamp"
    ],
    "481": [
        267,
        "bed"
    ],
    "482": [
        436,
        "window"
    ],
    "483": [
        186,
        "sofa_chair"
    ],
    "487": [
        305,
        "art_frame"
    ],
    "488": [
        180,
        "chair"
    ],
    "490": [
        281,
        "lamp"
    ],
    "491": [
        146,
        "curtain"
    ],
    "492": [
        182,
        "table"
    ]
}