{
    "2": [
        271,
        "ottoman"
    ],
    "4": [
        528,
        "chair"
    ],
    "5": [
        418,
        "shower_curtain"
    ],
    "7": [
        215,
        "smoke_detector"
    ],
    "8": [
        433,
        "decoration"
    ],
    "10": [
        364,
        "door_knob"
    ],
    "11": [
        595,
        "oven"
    ],
    "12": [
        265,
        "cabinet"
    ],
    "16": [
        566,
        "chair"
    ],
    "17": [
        298,
        "air_vent"
    ],
    "18": [
        617,
        "chair"
    ],
    "19": [
        155,
        "towel_bar"
    ],
    "20": [
        708,
        "tap"
    ],
    "23": [
        94,
        "chest_of_drawers"
    ],
    "24": [
        641,
        "ceiling_lamp"
    ],
    "25": [
        74,
        "stack_of_books"
    ],
    "26": [
        525,
        "chair"
    ],
    "27": [
        68,
        "stack_of_books"
    ],
    "28": [
        705,
        "mirror"
    ],
    "30": [
        39,
        "stack_of_papers"
    ],
    "31": [
        550,
        "candle_holder"
    ],
    "32": [
        715,
        "toilet"
    ],
    "34": [
        495,
        "picture"
    ],
    "37": [
        212,
        "table_lamp"
    ],
    "38": [
        286,
        "cabinet"
    ],
    "39": [
        28,
        "chair"
    ],
    "41": [
        634,
        "ceiling_lamp"
    ],
    "42": [
        109,
        "bed_table"
    ],
    "45": [
        667,
        "desk"
    ],
    "49": [
        56,
        "box"
    ],
    "55": [
        301,
        "cabinet"
    ],
    "56": [
        21,
        "air_vent"
    ],
    "57": [
        210,
        "mirror_frame"
    ],
    "58": [
        479,
        "wall_clock"
    ],
    "59": [
        231,
        "basket"
    ],
    "63": [
        640,
        "ceiling_lamp"
    ],
    "64": [
        283,
        "door_knob"
    ],
    "65": [
        415,
        "tissue"
    ],
    "66": [
        16,
        "box"
    ],
    "67": [
        337,
        "bath_tub"
    ],
    "68": [
        749,
        "clothes_hanger"
    ],
    "69": [
        54,
        "stack_of_books"
    ],
    "71": [
        490,
        "window"
    ],
    "72": [
        47,
        "door"
    ],
    "73": [
        688,
        "table"
    ],
    "74": [
        66,
        "box"
    ],
    "76": [
        199,
        "window"
    ],
    "77": [
        291,
        "switch"
    ],
    "80": [
        491,
        "picture"
    ],
    "82": [
        582,
        "chair"
    ],
    "84": [
        226,
        "washing_machine"
    ],
    "89": [
        635,
        "ceiling_lamp"
    ],
    "91": [
        188,
        "door"
    ],
    "93": [
        691,
        "door"
    ],
    "94": [
        25,
        "door_knob"
    ],
    "96": [
        549,
        "fireplace"
    ],
    "99": [
        478,
        "decorative_plant"
    ],
    "100": [
        746,
        "door_knob"
    ],
    "102": [
        558,
        "decoration"
    ],
    "103": [
        709,
        "towel"
    ],
    "104": [
        91,
        "door"
    ],
    "106": [
        431,
        "decoration"
    ],
    "110": [
        567,
        "ottoman"
    ],
    "112": [
        578,
        "chair"
    ],
    "116": [
        692,
        "door_knob"
    ],
    "117": [
        669,
        "tv"
    ],
    "118": [
        720,
        "shower_shelf"
    ],
    "119": [
        556,
        "table_lamp"
    ],
    "120": [
        95,
        "mirror_frame"
    ],
    "121": [
        480,
        "cabinet"
    ],
    "123": [
        406,
        "wash_cabinet"
    ],
    "124": [
        416,
        "towel"
    ],
    "126": [
        276,
        "toy"
    ],
    "128": [
        67,
        "box"
    ],
    "130": [
        403,
        "wall_lamp"
    ],
    "132": [
        483,
        "candle"
    ],
    "133": [
        342,
        "towel_bar"
    ],
    "134": [
        18,
        "door"
    ],
    "135": [
        224,
        "washbasin"
    ],
    "136": [
        542,
        "window"
    ],
    "137": [
        610,
        "coffee_machine"
    ],
    "138": [
        309,
        "bed_table"
    ],
    "140": [
        531,
        "decoration"
    ],
    "141": [
        707,
        "washbasin"
    ],
    "143": [
        115,
        "desk"
    ],
    "145": [
        133,
        "decoration"
    ],
    "146": [
        758,
        "board"
    ],
    "147": [
        14,
        "drawer"
    ],
    "148": [
        570,
        "door"
    ],
    "149": [
        745,
        "door"
    ],
    "151": [
        112,
        "bed"
    ],
    "155": [
        555,
        "cabinet"
    ],
    "159": [
        414,
        "decoration"
    ],
    "160": [
        629,
        "ceiling_lamp"
    ],
    "161": [
        607,
        "kitchen_lower_cabinet"
    ],
    "163": [
        37,
        "cabinet"
    ],
    "167": [
        282,
        "door"
    ],
    "168": [
        739,
        "ceiling_lamp"
    ],
    "169": [
        435,
        "vase"
    ],
    "171": [
        154,
        "bathroom_towel"
    ],
    "173": [
        685,
        "shelf"
    ],
    "175": [
        9,
        "picture"
    ],
    "177": [
        255,
        "door"
    ],
    "179": [
        767,
        "hanger"
    ],
    "180": [
        234,
        "door"
    ],
    "183": [
        223,
        "wash_cabinet"
    ],
    "187": [
        458,
        "door_knob"
    ],
    "189": [
        612,
        "range_hood"
    ],
    "190": [
        229,
        "basket"
    ],
    "192": [
        121,
        "board"
    ],
    "194": [
        514,
        "wall_lamp"
    ],
    "196": [
        125,
        "wall_lamp"
    ],
    "197": [
        272,
        "ottoman"
    ],
    "199": [
        637,
        "ceiling_lamp"
    ],
    "200": [
        554,
        "window"
    ],
    "201": [
        195,
        "bowl"
    ],
    "204": [
        44,
        "stack_of_books"
    ],
    "210": [
        493,
        "chair"
    ],
    "211": [
        476,
        "stack_of_books"
    ],
    "213": [
        676,
        "shelf"
    ],
    "214": [
        192,
        "cabinet"
    ],
    "215": [
        318,
        "remote_control"
    ],
    "216": [
        113,
        "picture"
    ],
    "217": [
        220,
        "window"
    ],
    "219": [
        581,
        "chair"
    ],
    "220": [
        365,
        "door_knob"
    ],
    "222": [
        515,
        "wall_lamp"
    ],
    "225": [
        575,
        "picture"
    ],
    "226": [
        616,
        "kitchen_island"
    ],
    "227": [
        101,
        "window"
    ],
    "228": [
        110,
        "clock"
    ],
    "229": [
        633,
        "ceiling_lamp"
    ],
    "231": [
        393,
        "clothes"
    ],
    "232": [
        227,
        "washing_machine"
    ],
    "233": [
        759,
        "table"
    ],
    "236": [
        93,
        "schedule"
    ],
    "237": [
        40,
        "notebook"
    ],
    "238": [
        457,
        "door"
    ],
    "239": [
        594,
        "kitchen_cabinet"
    ],
    "240": [
        599,
        "mixer"
    ],
    "241": [
        290,
        "picture"
    ],
    "244": [
        572,
        "window"
    ],
    "245": [
        123,
        "calendar"
    ],
    "247": [
        222,
        "cabinet"
    ],
    "249": [
        526,
        "chair"
    ],
    "250": [
        697,
        "air_vent"
    ],
    "251": [
        712,
        "liquid_soap"
    ],
    "252": [
        34,
        "decoration"
    ],
    "256": [
        411,
        "toilet"
    ],
    "257": [
        372,
        "air_vent"
    ],
    "264": [
        561,
        "picture"
    ],
    "265": [
        343,
        "stool"
    ],
    "267": [
        143,
        "ceiling_lamp"
    ],
    "268": [
        631,
        "ceiling_lamp"
    ],
    "271": [
        60,
        "desk"
    ],
    "272": [
        677,
        "shelf"
    ],
    "273": [
        530,
        "chair"
    ],
    "274": [
        527,
        "chair"
    ],
    "275": [
        42,
        "stack_of_papers"
    ],
    "276": [
        129,
        "stack_of_books"
    ],
    "279": [
        70,
        "box"
    ],
    "281": [
        630,
        "ceiling_lamp"
    ],
    "285": [
        319,
        "decoration"
    ],
    "291": [
        579,
        "chair"
    ],
    "292": [
        136,
        "cabinet"
    ],
    "293": [
        560,
        "window"
    ],
    "296": [
        471,
        "stack_of_books"
    ],
    "297": [
        33,
        "shelf"
    ],
    "298": [
        385,
        "box"
    ],
    "299": [
        392,
        "shelf"
    ],
    "300": [
        675,
        "sewing_tools"
    ],
    "301": [
        347,
        "mirror"
    ],
    "307": [
        355,
        "shower_bar"
    ],
    "308": [
        71,
        "box"
    ],
    "309": [
        348,
        "liquid_soap"
    ],
    "311": [
        563,
        "cabinet"
    ],
    "312": [
        65,
        "globe"
    ],
    "313": [
        13,
        "schedule"
    ],
    "315": [
        704,
        "ceiling_lamp"
    ],
    "317": [
        518,
        "picture"
    ],
    "318": [
        99,
        "door_knob"
    ],
    "319": [
        24,
        "toy"
    ],
    "320": [
        230,
        "basket"
    ],
    "321": [
        333,
        "washbasin"
    ],
    "322": [
        482,
        "candle"
    ],
    "325": [
        754,
        "mat"
    ],
    "326": [
        322,
        "mirror_frame"
    ],
    "328": [
        442,
        "ceiling_lamp"
    ],
    "331": [
        160,
        "bathroom_towel"
    ],
    "333": [
        182,
        "door"
    ],
    "334": [
        623,
        "tap"
    ],
    "335": [
        716,
        "window"
    ],
    "338": [
        706,
        "wash_cabinet"
    ],
    "339": [
        97,
        "door"
    ],
    "341": [
        671,
        "sewing_machine"
    ],
    "345": [
        410,
        "liquid_soap"
    ],
    "346": [
        80,
        "ceiling_lamp"
    ],
    "347": [
        673,
        "board"
    ],
    "350": [
        725,
        "shower_tap"
    ],
    "351": [
        64,
        "cabinet"
    ],
    "353": [
        38,
        "stack_of_papers"
    ],
    "354": [
        29,
        "desk"
    ],
    "355": [
        2,
        "bed"
    ],
    "358": [
        624,
        "kitchen_utensil"
    ],
    "360": [
        386,
        "box"
    ],
    "361": [
        22,
        "ceiling_lamp"
    ],
    "364": [
        233,
        "hanger"
    ],
    "365": [
        472,
        "stack_of_books"
    ],
    "366": [
        142,
        "air_vent"
    ],
    "369": [
        432,
        "decoration"
    ],
    "370": [
        562,
        "sofa"
    ],
    "371": [
        310,
        "bedside_lamp"
    ],
    "372": [
        434,
        "decoration"
    ],
    "374": [
        329,
        "window"
    ],
    "377": [
        622,
        "sink"
    ],
    "380": [
        565,
        "table"
    ],
    "382": [
        620,
        "chair"
    ],
    "386": [
        330,
        "wall_lamp"
    ],
    "388": [
        7,
        "bed_table"
    ],
    "389": [
        264,
        "ceiling_fan"
    ],
    "390": [
        492,
        "window"
    ],
    "391": [
        404,
        "mirror"
    ],
    "392": [
        217,
        "ceiling_lamp"
    ],
    "393": [
        119,
        "picture"
    ],
    "394": [
        350,
        "towel"
    ],
    "395": [
        200,
        "curtain"
    ],
    "396": [
        311,
        "sofa"
    ],
    "397": [
        536,
        "ceiling_lamp"
    ],
    "398": [
        598,
        "cloth"
    ],
    "399": [
        580,
        "chair"
    ],
    "401": [
        297,
        "air_vent"
    ],
    "403": [
        475,
        "vase"
    ],
    "404": [
        167,
        "toilet"
    ],
    "405": [
        135,
        "decoration"
    ],
    "408": [
        466,
        "cabinet"
    ],
    "413": [
        583,
        "chair"
    ],
    "414": [
        326,
        "towel"
    ],
    "415": [
        474,
        "cabinet"
    ],
    "416": [
        102,
        "curtain"
    ],
    "417": [
        576,
        "cabinet"
    ],
    "418": [
        643,
        "air_vent"
    ],
    "421": [
        695,
        "ceiling_lamp"
    ],
    "425": [
        85,
        "ceiling_lamp"
    ],
    "426": [
        30,
        "board"
    ],
    "427": [
        295,
        "ceiling_lamp"
    ],
    "430": [
        307,
        "bed_table"
    ],
    "432": [
        388,
        "box"
    ],
    "433": [
        532,
        "table"
    ],
    "435": [
        211,
        "table"
    ],
    "437": [
        748,
        "clothes"
    ],
    "438": [
        132,
        "stack_of_books"
    ],
    "439": [
        98,
        "door_knob"
    ],
    "440": [
        162,
        "door"
    ],
    "442": [
        463,
        "door"
    ],
    "444": [
        664,
        "board"
    ],
    "446": [
        682,
        "shelf"
    ],
    "448": [
        714,
        "toilet_paper"
    ],
    "450": [
        279,
        "door"
    ],
    "451": [
        608,
        "oven"
    ],
    "452": [
        306,
        "bed"
    ],
    "453": [
        130,
        "casket"
    ],
    "455": [
        469,
        "stack_of_books"
    ],
    "456": [
        644,
        "air_vent"
    ],
    "457": [
        111,
        "bedside_lamp"
    ],
    "458": [
        632,
        "ceiling_lamp"
    ],
    "460": [
        768,
        "air_vent"
    ],
    "462": [
        84,
        "ceiling_lamp"
    ],
    "463": [
        266,
        "tv"
    ],
    "465": [
        597,
        "fridge"
    ],
    "467": [
        354,
        "shower_cabin"
    ],
    "468": [
        584,
        "table"
    ],
    "469": [
        470,
        "stack_of_books"
    ],
    "470": [
        726,
        "shower_tap"
    ],
    "474": [
        63,
        "ottoman"
    ],
    "475": [
        335,
        "liquid_soap"
    ],
    "476": [
        201,
        "curtain"
    ],
    "477": [
        596,
        "kitchen_lower_shelf"
    ],
    "478": [
        757,
        "vase"
    ],
    "479": [
        225,
        "tap"
    ],
    "480": [
        122,
        "board"
    ],
    "481": [
        373,
        "mat"
    ],
    "484": [
        592,
        "kitchen_cabinet"
    ],
    "485": [
        304,
        "window"
    ],
    "486": [
        625,
        "tap"
    ],
    "487": [
        686,
        "window"
    ],
    "488": [
        628,
        "ceiling_lamp"
    ],
    "489": [
        488,
        "office_chair"
    ],
    "490": [
        636,
        "ceiling_lamp"
    ],
    "491": [
        719,
        "shower_shelf"
    ],
    "493": [
        606,
        "electric_kettle"
    ],
    "494": [
        683,
        "strings"
    ],
    "496": [
        36,
        "shelf"
    ],
    "497": [
        198,
        "window"
    ],
    "498": [
        357,
        "shelf"
    ],
    "499": [
        439,
        "decoration"
    ],
    "500": [
        367,
        "switch"
    ],
    "503": [
        639,
        "ceiling_lamp"
    ],
    "508": [
        383,
        "ceiling_lamp"
    ],
    "509": [
        118,
        "picture"
    ],
    "512": [
        438,
        "decoration"
    ],
    "514": [
        288,
        "candle_holder"
    ],
    "516": [
        137,
        "box"
    ],
    "517": [
        327,
        "towel_bar"
    ],
    "520": [
        53,
        "vase"
    ],
    "521": [
        441,
        "ceiling_lamp"
    ],
    "522": [
        244,
        "ceiling_lamp"
    ],
    "524": [
        105,
        "window"
    ],
    "526": [
        72,
        "stack_of_books"
    ],
    "527": [
        487,
        "table"
    ],
    "528": [
        672,
        "sewing_set"
    ],
    "529": [
        477,
        "stack_of_books"
    ],
    "530": [
        106,
        "curtain"
    ],
    "532": [
        359,
        "door"
    ],
    "533": [
        202,
        "bed"
    ],
    "534": [
        59,
        "window"
    ],
    "535": [
        345,
        "washbasin"
    ],
    "536": [
        45,
        "window"
    ],
    "538": [
        203,
        "ceiling_lamp"
    ],
    "540": [
        627,
        "ceiling_lamp"
    ],
    "549": [
        369,
        "mat"
    ],
    "550": [
        413,
        "decoration"
    ],
    "551": [
        517,
        "picture"
    ],
    "553": [
        62,
        "ottoman"
    ],
    "554": [
        134,
        "decoration"
    ],
    "556": [
        662,
        "chair"
    ],
    "558": [
        51,
        "cabinet"
    ],
    "560": [
        43,
        "stack_of_books"
    ],
    "561": [
        299,
        "smoke_detector"
    ],
    "565": [
        124,
        "note"
    ],
    "566": [
        663,
        "table_lamp"
    ],
    "567": [
        331,
        "mirror"
    ],
    "570": [
        701,
        "door_knob"
    ],
    "575": [
        574,
        "picture"
    ],
    "577": [
        668,
        "chair"
    ],
    "578": [
        751,
        "door"
    ],
    "579": [
        609,
        "kitchen_lower_cabinet"
    ],
    "580": [
        698,
        "smoke_detector"
    ],
    "581": [
        454,
        "air_vent"
    ],
    "587": [
        407,
        "toilet_paper"
    ],
    "588": [
        316,
        "cabinet"
    ],
    "589": [
        621,
        "bowl"
    ],
    "590": [
        674,
        "note"
    ],
    "591": [
        108,
        "magazine_rack"
    ],
    "592": [
        657,
        "door"
    ],
    "593": [
        713,
        "cosmetics"
    ],
    "594": [
        73,
        "stack_of_books"
    ],
    "595": [
        303,
        "window"
    ],
    "598": [
        577,
        "bowl_of_fruit"
    ],
    "599": [
        312,
        "floor_lamp"
    ],
    "600": [
        484,
        "stack_of_books"
    ],
    "603": [
        711,
        "candle_holder"
    ],
    "604": [
        543,
        "decorative_plant"
    ],
    "608": [
        159,
        "bathroom_counter"
    ],
    "609": [
        168,
        "shower_curtain"
    ],
    "610": [
        292,
        "decoration"
    ],
    "611": [
        399,
        "door"
    ],
    "614": [
        344,
        "wash_cabinet"
    ],
    "619": [
        481,
        "printer"
    ],
    "620": [
        31,
        "diploma"
    ],
    "622": [
        317,
        "tv"
    ],
    "624": [
        296,
        "air_vent"
    ],
    "625": [
        254,
        "door"
    ],
    "627": [
        81,
        "ceiling_lamp"
    ],
    "628": [
        376,
        "door"
    ],
    "629": [
        332,
        "wash_cabinet"
    ],
    "630": [
        305,
        "window"
    ],
    "631": [
        116,
        "chair"
    ],
    "632": [
        273,
        "chair"
    ],
    "633": [
        194,
        "box"
    ],
    "634": [
        314,
        "window"
    ],
    "636": [
        57,
        "box"
    ],
    "637": [
        61,
        "decoration"
    ],
    "638": [
        564,
        "sofa"
    ],
    "639": [
        205,
        "bedside_lamp"
    ],
    "641": [
        520,
        "bowl_of_fruit"
    ],
    "642": [
        10,
        "picture"
    ],
    "643": [
        208,
        "window"
    ],
    "645": [
        389,
        "box"
    ],
    "646": [
        196,
        "chair"
    ],
    "647": [
        544,
        "cabinet"
    ],
    "648": [
        430,
        "cabinet"
    ],
    "649": [
        131,
        "box"
    ],
    "650": [
        17,
        "shelf"
    ],
    "652": [
        618,
        "chair"
    ],
    "653": [
        519,
        "cabinet"
    ],
    "655": [
        590,
        "kitchen_cabinet"
    ],
    "657": [
        529,
        "chair"
    ],
    "659": [
        700,
        "door"
    ],
    "661": [
        710,
        "towel_bar"
    ],
    "663": [
        289,
        "candle_holder"
    ],
    "664": [
        308,
        "bedside_lamp"
    ],
    "667": [
        214,
        "air_vent"
    ],
    "669": [
        207,
        "curtain"
    ],
    "673": [
        324,
        "door"
    ],
    "674": [
        363,
        "door"
    ],
    "676": [
        494,
        "picture"
    ],
    "677": [
        263,
        "smoke_detector"
    ],
    "678": [
        117,
        "monitor"
    ],
    "686": [
        336,
        "cosmetics"
    ],
    "687": [
        120,
        "picture"
    ],
    "689": [
        248,
        "ceiling_lamp"
    ],
    "691": [
        408,
        "washbasin"
    ],
    "692": [
        126,
        "shelf"
    ],
    "693": [
        128,
        "cabinet"
    ],
    "696": [
        32,
        "toy"
    ],
    "698": [
        689,
        "chair"
    ],
    "700": [
        395,
        "shelf_with_shoes"
    ],
    "702": [
        557,
        "decoration"
    ],
    "705": [
        275,
        "sofa"
    ],
    "707": [
        193,
        "tv"
    ],
    "710": [
        619,
        "chair"
    ],
    "714": [
        12,
        "picture"
    ],
    "718": [
        412,
        "shelf"
    ],
    "719": [
        521,
        "decorative_plant"
    ],
    "720": [
        551,
        "candle_holder"
    ],
    "722": [
        409,
        "tap"
    ],
    "724": [
        681,
        "strings"
    ],
    "725": [
        8,
        "bedside_lamp"
    ],
    "726": [
        26,
        "door"
    ],
    "727": [
        52,
        "basket"
    ],
    "728": [
        320,
        "decoration"
    ],
    "731": [
        258,
        "window"
    ],
    "733": [
        394,
        "clothes"
    ],
    "736": [
        666,
        "printer"
    ],
    "737": [
        545,
        "decoration"
    ],
    "738": [
        485,
        "stack_of_books"
    ],
    "739": [
        96,
        "decoration"
    ],
    "744": [
        568,
        "table"
    ],
    "745": [
        591,
        "kitchen_cabinet"
    ],
    "747": [
        368,
        "mat"
    ],
    "748": [
        611,
        "kitchen_cabinet"
    ],
    "749": [
        269,
        "tv"
    ],
    "750": [
        27,
        "door_knob"
    ],
    "751": [
        341,
        "towel"
    ],
    "753": [
        50,
        "chair"
    ],
    "754": [
        274,
        "ottoman"
    ],
    "755": [
        55,
        "book"
    ],
    "756": [
        334,
        "tap"
    ],
    "757": [
        287,
        "candle_holder"
    ],
    "759": [
        462,
        "door"
    ],
    "760": [
        661,
        "desk"
    ],
    "762": [
        391,
        "shelf"
    ],
    "763": [
        83,
        "ceiling_lamp"
    ],
    "764": [
        453,
        "ceiling_lamp"
    ],
    "765": [
        346,
        "tap"
    ],
    "766": [
        390,
        "clothes"
    ],
    "767": [
        501,
        "ceiling_lamp"
    ],
    "768": [
        75,
        "chair"
    ]
}