{
    "3": [
        298,
        "picture"
    ],
    "6": [
        709,
        "radiator"
    ],
    "7": [
        23,
        "sofa"
    ],
    "8": [
        592,
        "wardrobe"
    ],
    "9": [
        295,
        "mirror"
    ],
    "10": [
        736,
        "curtain_rod"
    ],
    "13": [
        527,
        "kitchen_cabinet"
    ],
    "14": [
        309,
        "soap_dish"
    ],
    "15": [
        28,
        "light_fixture"
    ],
    "16": [
        660,
        "box"
    ],
    "17": [
        340,
        "window"
    ],
    "21": [
        545,
        "chair"
    ],
    "22": [
        408,
        "picture"
    ],
    "24": [
        364,
        "desk"
    ],
    "25": [
        707,
        "stuffed_animal"
    ],
    "27": [
        98,
        "ornament"
    ],
    "28": [
        756,
        "coat_rack"
    ],
    "29": [
        587,
        "clothes"
    ],
    "30": [
        83,
        "book"
    ],
    "31": [
        221,
        "picture"
    ],
    "32": [
        441,
        "lampshade"
    ],
    "33": [
        837,
        "folder"
    ],
    "34": [
        588,
        "clothes"
    ],
    "35": [
        643,
        "paper"
    ],
    "36": [
        315,
        "sink"
    ],
    "37": [
        805,
        "book"
    ],
    "39": [
        647,
        "box"
    ],
    "40": [
        443,
        "lampshade"
    ],
    "41": [
        603,
        "bin"
    ],
    "42": [
        788,
        "speaker"
    ],
    "43": [
        336,
        "radiator"
    ],
    "44": [
        70,
        "paper"
    ],
    "45": [
        252,
        "toy"
    ],
    "46": [
        85,
        "paper"
    ],
    "49": [
        142,
        "stuffed_animal"
    ],
    "50": [
        222,
        "stuffed_animal"
    ],
    "52": [
        479,
        "bowl"
    ],
    "54": [
        510,
        "basket_of_something"
    ],
    "55": [
        303,
        "ornament"
    ],
    "56": [
        799,
        "cushion"
    ],
    "57": [
        39,
        "ornament"
    ],
    "58": [
        113,
        "cosmetics"
    ],
    "59": [
        616,
        "chair"
    ],
    "60": [
        240,
        "ornament"
    ],
    "61": [
        497,
        "book"
    ],
    "64": [
        57,
        "light_fixture"
    ],
    "65": [
        716,
        "toy"
    ],
    "66": [
        160,
        "picture"
    ],
    "71": [
        692,
        "window"
    ],
    "72": [
        629,
        "box"
    ],
    "75": [
        224,
        "toy"
    ],
    "76": [
        792,
        "ornament"
    ],
    "77": [
        138,
        "lampshade"
    ],
    "78": [
        92,
        "stuffed_animal"
    ],
    "80": [
        66,
        "stationery"
    ],
    "81": [
        271,
        "toilet_paper"
    ],
    "83": [
        13,
        "box"
    ],
    "84": [
        262,
        "light_fixture"
    ],
    "85": [
        655,
        "paper_storage"
    ],
    "86": [
        282,
        "bath_tub"
    ],
    "87": [
        768,
        "chair"
    ],
    "89": [
        728,
        "teapot"
    ],
    "90": [
        566,
        "decoration"
    ],
    "91": [
        544,
        "chair"
    ],
    "93": [
        112,
        "cosmetics"
    ],
    "94": [
        723,
        "shelving"
    ],
    "96": [
        652,
        "paper"
    ],
    "99": [
        639,
        "note_board"
    ],
    "100": [
        609,
        "stationery"
    ],
    "101": [
        182,
        "bin"
    ],
    "103": [
        543,
        "chair"
    ],
    "106": [
        204,
        "blackboard"
    ],
    "107": [
        398,
        "picture"
    ],
    "111": [
        452,
        "firewood_holder"
    ],
    "112": [
        614,
        "stationery"
    ],
    "113": [
        651,
        "folder"
    ],
    "114": [
        230,
        "book"
    ],
    "116": [
        698,
        "picture"
    ],
    "117": [
        824,
        "board_game"
    ],
    "118": [
        832,
        "folder"
    ],
    "119": [
        300,
        "towel_bar"
    ],
    "120": [
        111,
        "cosmetics"
    ],
    "122": [
        198,
        "box"
    ],
    "124": [
        617,
        "desk"
    ],
    "126": [
        25,
        "tray"
    ],
    "127": [
        145,
        "stuffed_animal"
    ],
    "129": [
        114,
        "cosmetics"
    ],
    "130": [
        454,
        "ornament"
    ],
    "131": [
        773,
        "remote_control"
    ],
    "132": [
        622,
        "material"
    ],
    "133": [
        238,
        "book"
    ],
    "134": [
        43,
        "chest_of_drawers"
    ],
    "136": [
        305,
        "ornament"
    ],
    "138": [
        106,
        "clothes"
    ],
    "140": [
        456,
        "ornament"
    ],
    "142": [
        594,
        "clothes"
    ],
    "143": [
        734,
        "plant"
    ],
    "144": [
        311,
        "cosmetics"
    ],
    "145": [
        836,
        "folder"
    ],
    "146": [
        223,
        "paper"
    ],
    "147": [
        197,
        "box"
    ],
    "148": [
        269,
        "towel"
    ],
    "150": [
        317,
        "window"
    ],
    "151": [
        584,
        "calendar"
    ],
    "152": [
        735,
        "curtain_rod"
    ],
    "154": [
        95,
        "plant"
    ],
    "155": [
        107,
        "clothes_rack"
    ],
    "156": [
        701,
        "picture"
    ],
    "161": [
        212,
        "cosmetics"
    ],
    "162": [
        278,
        "soap_dish"
    ],
    "163": [
        332,
        "cushion"
    ],
    "164": [
        859,
        "picture"
    ],
    "165": [
        171,
        "painting"
    ],
    "167": [
        193,
        "paper"
    ],
    "168": [
        764,
        "table"
    ],
    "169": [
        91,
        "door"
    ],
    "170": [
        816,
        "speaker"
    ],
    "172": [
        163,
        "pillow"
    ],
    "173": [
        834,
        "folder"
    ],
    "174": [
        835,
        "folder"
    ],
    "175": [
        293,
        "wall_cabinet"
    ],
    "176": [
        458,
        "ornament"
    ],
    "178": [
        467,
        "mantle"
    ],
    "179": [
        414,
        "radiator"
    ],
    "181": [
        380,
        "book"
    ],
    "183": [
        531,
        "kitchen_cabinet"
    ],
    "184": [
        625,
        "book"
    ],
    "185": [
        143,
        "stuffed_animal"
    ],
    "186": [
        813,
        "drum"
    ],
    "187": [
        33,
        "armchair"
    ],
    "190": [
        307,
        "tap"
    ],
    "191": [
        439,
        "door"
    ],
    "192": [
        68,
        "paper"
    ],
    "193": [
        76,
        "desk"
    ],
    "195": [
        121,
        "book"
    ],
    "196": [
        140,
        "stuffed_animal"
    ],
    "197": [
        498,
        "picture"
    ],
    "199": [
        314,
        "sink"
    ],
    "200": [
        157,
        "pillow"
    ],
    "202": [
        26,
        "box"
    ],
    "203": [
        137,
        "mirror"
    ],
    "204": [
        450,
        "cabinet"
    ],
    "205": [
        82,
        "bag"
    ],
    "207": [
        93,
        "stuffed_animal"
    ],
    "208": [
        753,
        "decoration"
    ],
    "209": [
        612,
        "keyboard"
    ],
    "210": [
        501,
        "dishwasher"
    ],
    "211": [
        210,
        "jewelry_box"
    ],
    "212": [
        109,
        "lamp"
    ],
    "213": [
        715,
        "telephone"
    ],
    "214": [
        838,
        "shelving"
    ],
    "216": [
        486,
        "fuse_box"
    ],
    "218": [
        388,
        "mirror"
    ],
    "219": [
        405,
        "ornament"
    ],
    "220": [
        487,
        "radiator"
    ],
    "223": [
        526,
        "kitchen_cabinet"
    ],
    "225": [
        499,
        "shelf"
    ],
    "227": [
        650,
        "folder"
    ],
    "228": [
        506,
        "oven"
    ],
    "230": [
        322,
        "painting"
    ],
    "231": [
        122,
        "cabinet"
    ],
    "232": [
        266,
        "towel"
    ],
    "235": [
        40,
        "clock"
    ],
    "237": [
        147,
        "picture"
    ],
    "238": [
        827,
        "folder"
    ],
    "240": [
        567,
        "picture"
    ],
    "242": [
        853,
        "curtain_rod"
    ],
    "245": [
        464,
        "fireplace"
    ],
    "246": [
        394,
        "mirror"
    ],
    "247": [
        581,
        "door"
    ],
    "249": [
        800,
        "blanket"
    ],
    "250": [
        475,
        "book"
    ],
    "253": [
        466,
        "ornament"
    ],
    "255": [
        465,
        "ornament"
    ],
    "256": [
        119,
        "box"
    ],
    "257": [
        372,
        "pillow"
    ],
    "258": [
        4,
        "picture"
    ],
    "259": [
        17,
        "shelving"
    ],
    "260": [
        34,
        "clock"
    ],
    "261": [
        631,
        "book"
    ],
    "263": [
        776,
        "stool"
    ],
    "264": [
        1,
        "light_fixture"
    ],
    "265": [
        301,
        "shelf"
    ],
    "268": [
        529,
        "kitchen_cabinet"
    ],
    "270": [
        302,
        "ornament"
    ],
    "271": [
        491,
        "pot"
    ],
    "272": [
        29,
        "lamp"
    ],
    "273": [
        663,
        "box"
    ],
    "274": [
        148,
        "book"
    ],
    "275": [
        71,
        "fish_tank"
    ],
    "277": [
        621,
        "basket"
    ],
    "278": [
        451,
        "door"
    ],
    "279": [
        333,
        "cushion"
    ],
    "280": [
        196,
        "ornament"
    ],
    "282": [
        793,
        "cushion"
    ],
    "283": [
        72,
        "lamp"
    ],
    "286": [
        815,
        "stool"
    ],
    "287": [
        511,
        "bowl"
    ],
    "289": [
        801,
        "hat"
    ],
    "290": [
        585,
        "clothes"
    ],
    "292": [
        802,
        "sofa"
    ],
    "294": [
        705,
        "hat"
    ],
    "297": [
        632,
        "toy"
    ],
    "300": [
        152,
        "tissue_box"
    ],
    "301": [
        518,
        "stovetop"
    ],
    "302": [
        720,
        "book"
    ],
    "304": [
        3,
        "picture"
    ],
    "305": [
        750,
        "shelf"
    ],
    "306": [
        804,
        "book"
    ],
    "309": [
        783,
        "table"
    ],
    "310": [
        445,
        "picture"
    ],
    "312": [
        664,
        "box"
    ],
    "313": [
        447,
        "picture"
    ],
    "314": [
        473,
        "book"
    ],
    "316": [
        402,
        "picture"
    ],
    "317": [
        541,
        "chair"
    ],
    "318": [
        213,
        "cosmetics"
    ],
    "319": [
        327,
        "wardrobe"
    ],
    "321": [
        246,
        "picture"
    ],
    "323": [
        806,
        "book"
    ],
    "324": [
        184,
        "picture"
    ],
    "325": [
        780,
        "bag"
    ],
    "326": [
        218,
        "box"
    ],
    "327": [
        808,
        "shelving"
    ],
    "328": [
        658,
        "box"
    ],
    "329": [
        323,
        "hat"
    ],
    "330": [
        759,
        "ornament"
    ],
    "333": [
        601,
        "chair"
    ],
    "335": [
        860,
        "picture"
    ],
    "337": [
        791,
        "ornament"
    ],
    "339": [
        11,
        "box"
    ],
    "340": [
        580,
        "curtain"
    ],
    "341": [
        359,
        "picture"
    ],
    "343": [
        796,
        "cushion"
    ],
    "346": [
        207,
        "picture"
    ],
    "347": [
        88,
        "radiator"
    ],
    "348": [
        178,
        "book"
    ],
    "350": [
        338,
        "curtain"
    ],
    "352": [
        158,
        "pillow"
    ],
    "353": [
        565,
        "lampshade"
    ],
    "354": [
        519,
        "utensil"
    ],
    "355": [
        724,
        "rack"
    ],
    "356": [
        32,
        "nightstand"
    ],
    "357": [
        537,
        "box"
    ],
    "358": [
        502,
        "tap"
    ],
    "359": [
        769,
        "coffee_table"
    ],
    "360": [
        270,
        "towel_bar"
    ],
    "363": [
        825,
        "book"
    ],
    "364": [
        306,
        "towel"
    ],
    "365": [
        227,
        "chest_of_drawers"
    ],
    "367": [
        787,
        "hat"
    ],
    "368": [
        489,
        "refrigerator"
    ],
    "369": [
        697,
        "picture"
    ],
    "370": [
        474,
        "coffee_maker"
    ],
    "371": [
        620,
        "plant"
    ],
    "373": [
        337,
        "curtain"
    ],
    "374": [
        472,
        "tray"
    ],
    "375": [
        77,
        "book"
    ],
    "376": [
        509,
        "picture"
    ],
    "377": [
        712,
        "statue"
    ],
    "381": [
        211,
        "cosmetics"
    ],
    "382": [
        378,
        "nightstand"
    ],
    "383": [
        648,
        "folder"
    ],
    "384": [
        693,
        "window"
    ],
    "385": [
        285,
        "towel_bar"
    ],
    "386": [
        151,
        "drum"
    ],
    "388": [
        571,
        "picture"
    ],
    "389": [
        794,
        "cushion"
    ],
    "390": [
        539,
        "kitchen_table"
    ],
    "391": [
        619,
        "doormat"
    ],
    "392": [
        642,
        "printer"
    ],
    "393": [
        8,
        "painting"
    ],
    "394": [
        829,
        "folder"
    ],
    "395": [
        289,
        "towel"
    ],
    "396": [
        150,
        "hat"
    ],
    "398": [
        353,
        "basket"
    ],
    "399": [
        435,
        "shelf"
    ],
    "400": [
        608,
        "book"
    ],
    "401": [
        704,
        "painting"
    ],
    "403": [
        784,
        "ornament"
    ],
    "404": [
        292,
        "picture"
    ],
    "407": [
        725,
        "stuffed_animal"
    ],
    "408": [
        795,
        "cushion"
    ],
    "410": [
        331,
        "painting"
    ],
    "411": [
        175,
        "curtain"
    ],
    "413": [
        703,
        "picture"
    ],
    "414": [
        690,
        "curtain"
    ],
    "415": [
        60,
        "book"
    ],
    "416": [
        236,
        "book"
    ],
    "417": [
        335,
        "armchair"
    ],
    "422": [
        416,
        "plant"
    ],
    "423": [
        761,
        "ornament"
    ],
    "424": [
        263,
        "picture"
    ],
    "425": [
        367,
        "chair"
    ],
    "426": [
        448,
        "clock"
    ],
    "429": [
        494,
        "soap_dish"
    ],
    "431": [
        187,
        "book"
    ],
    "434": [
        347,
        "ornament"
    ],
    "435": [
        536,
        "ornament"
    ],
    "436": [
        244,
        "plant"
    ],
    "437": [
        453,
        "ornament"
    ],
    "440": [
        149,
        "book"
    ],
    "441": [
        283,
        "bath_mat"
    ],
    "442": [
        18,
        "box"
    ],
    "444": [
        634,
        "picture_frame"
    ],
    "445": [
        89,
        "drum"
    ],
    "447": [
        274,
        "bench"
    ],
    "448": [
        662,
        "paper_storage"
    ],
    "449": [
        49,
        "shelf"
    ],
    "450": [
        188,
        "tray"
    ],
    "452": [
        115,
        "mirror"
    ],
    "454": [
        789,
        "ornament"
    ],
    "455": [
        141,
        "stuffed_animal"
    ],
    "456": [
        862,
        "picture"
    ],
    "457": [
        154,
        "basket"
    ],
    "458": [
        205,
        "box"
    ],
    "459": [
        807,
        "book"
    ],
    "460": [
        786,
        "ornament"
    ],
    "461": [
        180,
        "bag"
    ],
    "462": [
        264,
        "picture"
    ],
    "463": [
        232,
        "book"
    ],
    "465": [
        20,
        "platform"
    ],
    "467": [
        120,
        "box"
    ],
    "468": [
        771,
        "cd"
    ],
    "471": [
        574,
        "picture"
    ],
    "472": [
        413,
        "chest_of_drawers"
    ],
    "475": [
        275,
        "shampoo"
    ],
    "476": [
        596,
        "door"
    ],
    "478": [
        239,
        "ornament"
    ],
    "479": [
        463,
        "picture"
    ],
    "482": [
        542,
        "chair"
    ],
    "484": [
        124,
        "bed"
    ],
    "485": [
        162,
        "bookshelf"
    ],
    "486": [
        375,
        "book"
    ],
    "487": [
        393,
        "stuffed_animal"
    ],
    "489": [
        36,
        "piano"
    ],
    "490": [
        713,
        "picture"
    ],
    "491": [
        449,
        "window"
    ],
    "492": [
        268,
        "towel"
    ],
    "495": [
        569,
        "picture"
    ],
    "496": [
        186,
        "stool"
    ],
    "498": [
        637,
        "box"
    ],
    "499": [
        817,
        "book"
    ],
    "500": [
        164,
        "bed_curtain"
    ],
    "501": [
        67,
        "umbrella"
    ],
    "503": [
        288,
        "towel"
    ],
    "504": [
        272,
        "toilet_brush"
    ],
    "505": [
        203,
        "desk"
    ],
    "506": [
        407,
        "picture"
    ],
    "509": [
        253,
        "cabinet"
    ],
    "510": [
        179,
        "cushion"
    ],
    "511": [
        758,
        "picture"
    ],
    "513": [
        348,
        "ornament"
    ],
    "514": [
        719,
        "book"
    ],
    "515": [
        507,
        "toaster"
    ],
    "518": [
        65,
        "stationery"
    ],
    "519": [
        155,
        "board_game"
    ],
    "522": [
        99,
        "book"
    ],
    "523": [
        521,
        "knife_holder"
    ],
    "524": [
        277,
        "soap_dish"
    ],
    "525": [
        599,
        "cabinet"
    ],
    "529": [
        290,
        "towel"
    ],
    "530": [
        100,
        "box"
    ],
    "533": [
        797,
        "cushion"
    ],
    "535": [
        176,
        "curtain_rod"
    ],
    "536": [
        209,
        "material"
    ],
    "538": [
        856,
        "picture"
    ],
    "542": [
        97,
        "book"
    ],
    "545": [
        59,
        "lampshade"
    ],
    "546": [
        248,
        "picture"
    ],
    "547": [
        329,
        "painting"
    ],
    "548": [
        602,
        "bag"
    ],
    "549": [
        101,
        "box"
    ],
    "552": [
        61,
        "paper"
    ],
    "553": [
        273,
        "toilet"
    ],
    "554": [
        409,
        "picture"
    ],
    "555": [
        659,
        "bag"
    ],
    "557": [
        373,
        "bed"
    ],
    "559": [
        297,
        "picture"
    ],
    "560": [
        397,
        "picture"
    ],
    "561": [
        503,
        "sink"
    ],
    "563": [
        833,
        "folder"
    ],
    "565": [
        7,
        "radiator"
    ],
    "567": [
        522,
        "kitchen_counter"
    ],
    "568": [
        523,
        "kitchen_cabinet"
    ],
    "574": [
        410,
        "plant"
    ],
    "576": [
        530,
        "kitchen_cabinet"
    ],
    "577": [
        455,
        "ornament"
    ],
    "578": [
        399,
        "basket"
    ],
    "579": [
        167,
        "book"
    ],
    "586": [
        461,
        "lamp"
    ],
    "587": [
        299,
        "picture"
    ],
    "588": [
        812,
        "stuffed_animal"
    ],
    "590": [
        208,
        "box"
    ],
    "592": [
        87,
        "book"
    ],
    "594": [
        570,
        "picture"
    ],
    "596": [
        96,
        "picture"
    ],
    "598": [
        316,
        "sink_cabinet"
    ],
    "600": [
        110,
        "perfume"
    ],
    "601": [
        128,
        "skylight"
    ],
    "602": [
        296,
        "light_fixture"
    ],
    "603": [
        361,
        "picture"
    ],
    "607": [
        234,
        "folder"
    ],
    "608": [
        517,
        "jar"
    ],
    "609": [
        165,
        "lamp"
    ],
    "610": [
        308,
        "tap"
    ],
    "611": [
        391,
        "picture"
    ],
    "612": [
        668,
        "shelving"
    ],
    "613": [
        710,
        "radiator"
    ],
    "615": [
        2,
        "picture"
    ],
    "616": [
        304,
        "ornament"
    ],
    "618": [
        686,
        "lampshade"
    ],
    "619": [
        385,
        "skylight"
    ],
    "620": [
        830,
        "folder"
    ],
    "621": [
        695,
        "picture"
    ],
    "622": [
        328,
        "painting"
    ],
    "624": [
        24,
        "box"
    ],
    "625": [
        471,
        "calendar"
    ],
    "626": [
        653,
        "paper_storage"
    ],
    "627": [
        766,
        "chair"
    ],
    "628": [
        326,
        "door"
    ],
    "629": [
        123,
        "pillow"
    ],
    "632": [
        442,
        "lampshade"
    ],
    "633": [
        814,
        "stool"
    ],
    "635": [
        334,
        "cushion"
    ],
    "636": [
        645,
        "book"
    ],
    "638": [
        459,
        "ornament"
    ],
    "641": [
        790,
        "ornament"
    ],
    "642": [
        500,
        "refrigerator_cabinet"
    ],
    "644": [
        702,
        "picture"
    ],
    "645": [
        572,
        "picture"
    ],
    "646": [
        589,
        "clothes"
    ],
    "647": [
        607,
        "mouse"
    ],
    "651": [
        229,
        "folder"
    ],
    "653": [
        287,
        "towel"
    ],
    "655": [
        12,
        "box"
    ],
    "656": [
        515,
        "jar"
    ],
    "657": [
        613,
        "paper"
    ],
    "658": [
        381,
        "nightstand"
    ],
    "660": [
        325,
        "wardrobe"
    ],
    "661": [
        64,
        "stationery"
    ],
    "662": [
        484,
        "note_board"
    ],
    "664": [
        598,
        "basket_of_something"
    ],
    "665": [
        781,
        "chair"
    ],
    "669": [
        600,
        "clothes"
    ],
    "670": [
        369,
        "pillow"
    ],
    "671": [
        90,
        "picture"
    ],
    "672": [
        640,
        "radiator"
    ],
    "673": [
        785,
        "ornament"
    ],
    "674": [
        857,
        "bottle"
    ],
    "675": [
        181,
        "book"
    ],
    "677": [
        153,
        "box"
    ],
    "678": [
        161,
        "picture"
    ],
    "679": [
        490,
        "ornament"
    ],
    "680": [
        818,
        "ornament"
    ],
    "683": [
        831,
        "folder"
    ],
    "684": [
        699,
        "picture"
    ],
    "685": [
        591,
        "purse"
    ],
    "686": [
        462,
        "ornament"
    ],
    "687": [
        590,
        "toy"
    ],
    "688": [
        774,
        "remote_control"
    ],
    "689": [
        247,
        "picture"
    ],
    "690": [
        286,
        "door"
    ],
    "692": [
        778,
        "book"
    ],
    "695": [
        104,
        "cabinet"
    ],
    "696": [
        62,
        "book"
    ],
    "697": [
        219,
        "box"
    ],
    "698": [
        624,
        "jacket"
    ],
    "699": [
        524,
        "kitchen_cabinet"
    ],
    "700": [
        6,
        "window"
    ],
    "701": [
        757,
        "decoration"
    ],
    "702": [
        403,
        "picture"
    ],
    "704": [
        714,
        "lamp"
    ],
    "707": [
        172,
        "bag"
    ],
    "710": [
        226,
        "door"
    ],
    "711": [
        823,
        "box"
    ],
    "712": [
        166,
        "bed"
    ],
    "713": [
        476,
        "radio"
    ],
    "714": [
        772,
        "tv"
    ],
    "715": [
        444,
        "picture"
    ],
    "716": [
        241,
        "ornament"
    ],
    "717": [
        540,
        "chair"
    ],
    "719": [
        638,
        "book"
    ],
    "721": [
        623,
        "folder"
    ],
    "723": [
        22,
        "panel_screen"
    ],
    "724": [
        94,
        "stuffed_animal"
    ],
    "725": [
        573,
        "picture"
    ],
    "726": [
        460,
        "ornament"
    ],
    "729": [
        105,
        "box"
    ],
    "730": [
        597,
        "paper"
    ],
    "731": [
        706,
        "stuffed_animal"
    ],
    "732": [
        41,
        "toy"
    ],
    "735": [
        656,
        "folder"
    ],
    "737": [
        575,
        "door"
    ],
    "738": [
        86,
        "chair"
    ],
    "740": [
        225,
        "picture"
    ],
    "741": [
        185,
        "picture"
    ],
    "742": [
        446,
        "picture"
    ],
    "743": [
        700,
        "picture"
    ],
    "744": [
        69,
        "paper"
    ],
    "745": [
        276,
        "tap"
    ],
    "746": [
        189,
        "monitor"
    ],
    "748": [
        514,
        "microwave"
    ],
    "749": [
        159,
        "picture"
    ],
    "750": [
        708,
        "chair"
    ],
    "751": [
        174,
        "curtain"
    ],
    "753": [
        605,
        "lamp"
    ],
    "754": [
        711,
        "rug"
    ],
    "755": [
        80,
        "basket"
    ],
    "756": [
        861,
        "picture"
    ],
    "759": [
        828,
        "folder"
    ],
    "762": [
        593,
        "light_switch"
    ],
    "763": [
        81,
        "bag"
    ],
    "764": [
        201,
        "rug"
    ],
    "766": [
        626,
        "folder"
    ],
    "768": [
        528,
        "kitchen_cabinet"
    ],
    "770": [
        691,
        "curtain"
    ],
    "771": [
        35,
        "stool"
    ],
    "773": [
        44,
        "ornament"
    ],
    "775": [
        532,
        "door"
    ],
    "777": [
        694,
        "picture"
    ],
    "778": [
        177,
        "painting"
    ],
    "780": [
        726,
        "vase"
    ],
    "781": [
        538,
        "plate"
    ],
    "782": [
        10,
        "box"
    ],
    "783": [
        696,
        "picture"
    ],
    "785": [
        767,
        "pillow"
    ],
    "787": [
        775,
        "tv_stand"
    ],
    "790": [
        654,
        "paper_storage"
    ],
    "791": [
        457,
        "ornament"
    ],
    "793": [
        9,
        "cabinet"
    ],
    "797": [
        243,
        "ornament"
    ],
    "798": [
        330,
        "painting"
    ],
    "799": [
        516,
        "jar"
    ],
    "800": [
        688,
        "hat"
    ],
    "801": [
        777,
        "chair"
    ],
    "802": [
        265,
        "towel"
    ],
    "804": [
        485,
        "cabinet"
    ],
    "805": [
        74,
        "pot"
    ],
    "806": [
        733,
        "cabinet"
    ],
    "807": [
        798,
        "cushion"
    ],
    "808": [
        606,
        "monitor"
    ],
    "809": [
        657,
        "book"
    ],
    "811": [
        478,
        "plate"
    ],
    "812": [
        144,
        "stuffed_animal"
    ],
    "814": [
        356,
        "basket"
    ],
    "815": [
        779,
        "stuffed_animal"
    ],
    "816": [
        79,
        "box"
    ],
    "818": [
        404,
        "globe"
    ],
    "819": [
        84,
        "clothes"
    ],
    "820": [
        169,
        "box"
    ],
    "821": [
        237,
        "book"
    ],
    "822": [
        139,
        "stuffed_animal"
    ],
    "824": [
        649,
        "folder"
    ],
    "825": [
        339,
        "window"
    ],
    "826": [
        146,
        "stuffed_animal"
    ],
    "828": [
        401,
        "doormat"
    ],
    "829": [
        568,
        "picture"
    ],
    "831": [
        627,
        "book"
    ],
    "832": [
        251,
        "book"
    ],
    "834": [
        508,
        "cutting_board"
    ],
    "836": [
        206,
        "ornament"
    ],
    "837": [
        582,
        "door"
    ],
    "838": [
        5,
        "picture"
    ],
    "840": [
        406,
        "telephone"
    ],
    "843": [
        37,
        "paper"
    ],
    "844": [
        760,
        "ornament"
    ],
    "845": [
        803,
        "book"
    ],
    "846": [
        183,
        "radiator"
    ],
    "850": [
        360,
        "picture"
    ],
    "851": [
        525,
        "kitchen_cabinet"
    ],
    "862": [
        73,
        "lamp"
    ],
    "863": [
        689,
        "door"
    ],
    "865": [
        173,
        "window"
    ]
}