{
    "5": [
        303,
        "can"
    ],
    "8": [
        248,
        "kitchen_cabinet"
    ],
    "10": [
        118,
        "piano"
    ],
    "11": [
        251,
        "kitchen_cabinet"
    ],
    "12": [
        142,
        "pipe"
    ],
    "13": [
        207,
        "decoration"
    ],
    "14": [
        253,
        "sink"
    ],
    "15": [
        195,
        "plant"
    ],
    "16": [
        48,
        "lamp"
    ],
    "18": [
        269,
        "kitchen_counter"
    ],
    "21": [
        325,
        "box"
    ],
    "22": [
        103,
        "picture"
    ],
    "24": [
        425,
        "pillow"
    ],
    "25": [
        31,
        "shelving"
    ],
    "27": [
        489,
        "cosmetic"
    ],
    "28": [
        549,
        "iron"
    ],
    "29": [
        30,
        "armchair"
    ],
    "30": [
        406,
        "curtain"
    ],
    "32": [
        14,
        "picture"
    ],
    "33": [
        73,
        "shoe"
    ],
    "34": [
        516,
        "cosmetic"
    ],
    "37": [
        379,
        "desk"
    ],
    "38": [
        29,
        "coffee_table"
    ],
    "40": [
        401,
        "fan"
    ],
    "41": [
        291,
        "pot"
    ],
    "44": [
        493,
        "showerhead"
    ],
    "45": [
        250,
        "dishwasher"
    ],
    "46": [
        512,
        "chest_of_drawers"
    ],
    "47": [
        252,
        "kitchen_counter"
    ],
    "48": [
        346,
        "cosmetic"
    ],
    "51": [
        189,
        "curtain"
    ],
    "52": [
        530,
        "shelving"
    ],
    "53": [
        426,
        "nightstand"
    ],
    "54": [
        49,
        "cabinet"
    ],
    "55": [
        173,
        "side_table"
    ],
    "56": [
        462,
        "curtain"
    ],
    "57": [
        216,
        "table"
    ],
    "58": [
        188,
        "curtain"
    ],
    "59": [
        490,
        "bathroom_accessory"
    ],
    "60": [
        282,
        "curtain"
    ],
    "61": [
        223,
        "pipe"
    ],
    "62": [
        186,
        "window"
    ],
    "63": [
        44,
        "decoration"
    ],
    "64": [
        316,
        "box"
    ],
    "66": [
        515,
        "paper_towel"
    ],
    "67": [
        82,
        "shoe"
    ],
    "70": [
        568,
        "mirror"
    ],
    "71": [
        376,
        "door"
    ],
    "72": [
        264,
        "kitchen_cabinet"
    ],
    "74": [
        10,
        "window"
    ],
    "75": [
        224,
        "pipe"
    ],
    "76": [
        495,
        "faucet"
    ],
    "78": [
        304,
        "can"
    ],
    "79": [
        349,
        "cosmetic"
    ],
    "80": [
        315,
        "box"
    ],
    "81": [
        575,
        "curtain"
    ],
    "82": [
        111,
        "wall_hanging_decoration"
    ],
    "83": [
        7,
        "window"
    ],
    "84": [
        143,
        "pipe"
    ],
    "85": [
        607,
        "ventilation"
    ],
    "86": [
        68,
        "window"
    ],
    "87": [
        586,
        "towel_bar"
    ],
    "88": [
        211,
        "tray"
    ],
    "89": [
        69,
        "socket"
    ],
    "90": [
        529,
        "mirror"
    ],
    "92": [
        417,
        "lamp"
    ],
    "93": [
        108,
        "curtain"
    ],
    "96": [
        124,
        "piano_stool"
    ],
    "97": [
        521,
        "pipe"
    ],
    "98": [
        554,
        "alarm"
    ],
    "100": [
        443,
        "paper"
    ],
    "101": [
        546,
        "clutter"
    ],
    "102": [
        423,
        "pillow"
    ],
    "105": [
        395,
        "pillow"
    ],
    "107": [
        328,
        "clutter"
    ],
    "108": [
        261,
        "cloth"
    ],
    "110": [
        72,
        "shoe"
    ],
    "111": [
        496,
        "bathtub"
    ],
    "112": [
        587,
        "chest_of_drawers"
    ],
    "113": [
        352,
        "faucet"
    ],
    "114": [
        177,
        "pipe"
    ],
    "116": [
        27,
        "window"
    ],
    "117": [
        327,
        "can"
    ],
    "118": [
        33,
        "board_game"
    ],
    "119": [
        40,
        "pillow"
    ],
    "120": [
        484,
        "shelf"
    ],
    "121": [
        357,
        "window"
    ],
    "122": [
        421,
        "decoration"
    ],
    "124": [
        517,
        "cosmetic"
    ],
    "125": [
        393,
        "pillow"
    ],
    "126": [
        234,
        "carpet"
    ],
    "127": [
        630,
        "railing"
    ],
    "128": [
        633,
        "picture"
    ],
    "129": [
        435,
        "monitor"
    ],
    "130": [
        120,
        "picture"
    ],
    "131": [
        271,
        "can"
    ],
    "132": [
        284,
        "window"
    ],
    "133": [
        307,
        "shelving"
    ],
    "135": [
        588,
        "box"
    ],
    "136": [
        486,
        "shelf"
    ],
    "137": [
        532,
        "cosmetic"
    ],
    "138": [
        562,
        "clutter"
    ],
    "139": [
        548,
        "clutter"
    ],
    "140": [
        41,
        "pillow"
    ],
    "141": [
        531,
        "cosmetic"
    ],
    "143": [
        54,
        "decoration"
    ],
    "144": [
        241,
        "window"
    ],
    "145": [
        584,
        "towel_bar"
    ],
    "146": [
        101,
        "curtain"
    ],
    "147": [
        132,
        "side_table"
    ],
    "148": [
        226,
        "chair"
    ],
    "151": [
        544,
        "box"
    ],
    "153": [
        231,
        "pipe"
    ],
    "154": [
        32,
        "book"
    ],
    "155": [
        362,
        "toilet_paper"
    ],
    "156": [
        355,
        "toilet"
    ],
    "158": [
        78,
        "shoe"
    ],
    "160": [
        540,
        "chair"
    ],
    "161": [
        427,
        "chest_of_drawers"
    ],
    "163": [
        322,
        "cabinet"
    ],
    "164": [
        527,
        "book"
    ],
    "166": [
        80,
        "shoe"
    ],
    "167": [
        313,
        "clutter"
    ],
    "168": [
        528,
        "lamp"
    ],
    "170": [
        583,
        "door"
    ],
    "171": [
        446,
        "box"
    ],
    "172": [
        297,
        "can"
    ],
    "175": [
        482,
        "shelf"
    ],
    "176": [
        262,
        "kitchen_cabinet"
    ],
    "178": [
        293,
        "box"
    ],
    "180": [
        632,
        "curtain"
    ],
    "181": [
        372,
        "cosmetic"
    ],
    "182": [
        299,
        "can"
    ],
    "183": [
        539,
        "lamp"
    ],
    "186": [
        361,
        "cabinet"
    ],
    "187": [
        519,
        "decoration"
    ],
    "188": [
        505,
        "radiator"
    ],
    "189": [
        113,
        "decoration"
    ],
    "190": [
        392,
        "bed"
    ],
    "191": [
        471,
        "faucet"
    ],
    "192": [
        273,
        "pet_bowl"
    ],
    "194": [
        130,
        "couch"
    ],
    "195": [
        569,
        "lamp"
    ],
    "196": [
        336,
        "cosmetic"
    ],
    "197": [
        524,
        "pillow"
    ],
    "198": [
        213,
        "cup"
    ],
    "199": [
        571,
        "box"
    ],
    "200": [
        324,
        "box"
    ],
    "201": [
        432,
        "chair"
    ],
    "203": [
        88,
        "shelf"
    ],
    "205": [
        366,
        "shower_soap_shelf"
    ],
    "207": [
        119,
        "picture"
    ],
    "209": [
        469,
        "kitchen_cabinet"
    ],
    "211": [
        397,
        "nightstand"
    ],
    "212": [
        476,
        "toilet_paper_dispenser"
    ],
    "213": [
        17,
        "picture"
    ],
    "216": [
        149,
        "pipe"
    ],
    "217": [
        302,
        "can"
    ],
    "218": [
        196,
        "plant"
    ],
    "219": [
        488,
        "shelf"
    ],
    "221": [
        405,
        "window"
    ],
    "222": [
        36,
        "picture"
    ],
    "223": [
        47,
        "picture"
    ],
    "224": [
        155,
        "picture"
    ],
    "225": [
        225,
        "lamp"
    ],
    "226": [
        461,
        "window"
    ],
    "228": [
        183,
        "picture"
    ],
    "229": [
        326,
        "can"
    ],
    "231": [
        441,
        "computer_equipment"
    ],
    "232": [
        597,
        "desk"
    ],
    "234": [
        74,
        "shoe"
    ],
    "236": [
        391,
        "radiator"
    ],
    "237": [
        190,
        "ball"
    ],
    "238": [
        560,
        "cosmetic"
    ],
    "239": [
        537,
        "cosmetic"
    ],
    "241": [
        45,
        "side_table"
    ],
    "243": [
        129,
        "tv"
    ],
    "244": [
        396,
        "pillow"
    ],
    "246": [
        18,
        "picture"
    ],
    "247": [
        615,
        "alarm"
    ],
    "250": [
        67,
        "tv"
    ],
    "251": [
        344,
        "sink"
    ],
    "252": [
        403,
        "door"
    ],
    "253": [
        506,
        "window"
    ],
    "255": [
        440,
        "computer_equipment"
    ],
    "256": [
        295,
        "box"
    ],
    "259": [
        452,
        "lamp"
    ],
    "261": [
        5,
        "door"
    ],
    "263": [
        430,
        "chest_of_drawers"
    ],
    "264": [
        306,
        "bottle"
    ],
    "265": [
        199,
        "curtain"
    ],
    "266": [
        38,
        "decoration"
    ],
    "268": [
        215,
        "box"
    ],
    "269": [
        561,
        "jug"
    ],
    "270": [
        114,
        "door"
    ],
    "271": [
        438,
        "stapler"
    ],
    "272": [
        522,
        "mop"
    ],
    "273": [
        13,
        "window"
    ],
    "276": [
        475,
        "toilet"
    ],
    "277": [
        150,
        "pipe"
    ],
    "278": [
        204,
        "picture"
    ],
    "279": [
        128,
        "cabinet"
    ],
    "280": [
        287,
        "fridge"
    ],
    "281": [
        460,
        "switch"
    ],
    "283": [
        545,
        "box"
    ],
    "284": [
        600,
        "lamp"
    ],
    "285": [
        550,
        "door"
    ],
    "287": [
        141,
        "curtain"
    ],
    "289": [
        330,
        "door"
    ],
    "292": [
        354,
        "faucet"
    ],
    "294": [
        572,
        "chest_of_drawers"
    ],
    "295": [
        89,
        "shoe"
    ],
    "296": [
        122,
        "picture"
    ],
    "297": [
        370,
        "bathtub"
    ],
    "298": [
        434,
        "lamp"
    ],
    "299": [
        369,
        "shower_knob"
    ],
    "300": [
        236,
        "picture"
    ],
    "301": [
        608,
        "fan"
    ],
    "302": [
        448,
        "radiator"
    ],
    "303": [
        501,
        "door"
    ],
    "304": [
        290,
        "cutting_board"
    ],
    "305": [
        86,
        "shelf"
    ],
    "306": [
        312,
        "box"
    ],
    "307": [
        538,
        "brush"
    ],
    "309": [
        339,
        "lamp"
    ],
    "310": [
        249,
        "kitchen_cabinet"
    ],
    "311": [
        574,
        "curtain_rod"
    ],
    "312": [
        205,
        "decoration"
    ],
    "313": [
        468,
        "door"
    ],
    "314": [
        8,
        "flag"
    ],
    "315": [
        491,
        "cosmetic"
    ],
    "316": [
        266,
        "cooker"
    ],
    "317": [
        494,
        "shower_knob"
    ],
    "318": [
        508,
        "curtain"
    ],
    "320": [
        523,
        "bed"
    ],
    "321": [
        602,
        "computer_equipment"
    ],
    "323": [
        626,
        "picture"
    ],
    "324": [
        565,
        "carpet"
    ],
    "325": [
        292,
        "pot"
    ],
    "326": [
        420,
        "decoration"
    ],
    "327": [
        457,
        "lamp"
    ],
    "328": [
        61,
        "plant"
    ],
    "329": [
        599,
        "computer_mouse"
    ],
    "332": [
        97,
        "curtain"
    ],
    "333": [
        591,
        "trashcan"
    ],
    "334": [
        265,
        "oven"
    ],
    "335": [
        62,
        "armchair"
    ],
    "336": [
        240,
        "door"
    ],
    "338": [
        178,
        "pipe"
    ],
    "339": [
        598,
        "keyboard"
    ],
    "340": [
        636,
        "lamp"
    ],
    "341": [
        110,
        "picture"
    ],
    "345": [
        590,
        "radiator"
    ],
    "346": [
        329,
        "clutter"
    ],
    "347": [
        206,
        "picture"
    ],
    "350": [
        350,
        "brush"
    ],
    "351": [
        472,
        "faucet"
    ],
    "353": [
        431,
        "printer"
    ],
    "355": [
        541,
        "bottle_of_detergent"
    ],
    "358": [
        280,
        "picture"
    ],
    "359": [
        450,
        "alarm"
    ],
    "360": [
        323,
        "box"
    ],
    "361": [
        321,
        "fan"
    ],
    "363": [
        84,
        "shoe"
    ],
    "364": [
        156,
        "railing"
    ],
    "365": [
        85,
        "shelf"
    ],
    "366": [
        191,
        "shoe"
    ],
    "367": [
        309,
        "book"
    ],
    "371": [
        563,
        "clutter"
    ],
    "372": [
        192,
        "cabinet"
    ],
    "373": [
        638,
        "alarm"
    ],
    "375": [
        259,
        "wall_hanging_decoration"
    ],
    "376": [
        267,
        "kitchen_counter"
    ],
    "377": [
        254,
        "kitchen_utensil"
    ],
    "379": [
        314,
        "box"
    ],
    "380": [
        558,
        "picture"
    ],
    "381": [
        334,
        "bathroom_accessory"
    ],
    "382": [
        63,
        "machine"
    ],
    "383": [
        353,
        "faucet"
    ],
    "385": [
        559,
        "bag"
    ],
    "388": [
        411,
        "mirror"
    ],
    "389": [
        242,
        "door"
    ],
    "390": [
        246,
        "plant"
    ],
    "391": [
        310,
        "jar"
    ],
    "392": [
        53,
        "glasses"
    ],
    "393": [
        419,
        "chest_of_drawers"
    ],
    "394": [
        221,
        "chair"
    ],
    "395": [
        464,
        "bathroom_cabinet"
    ],
    "396": [
        555,
        "fan"
    ],
    "399": [
        219,
        "chair"
    ],
    "400": [
        614,
        "alarm"
    ],
    "401": [
        589,
        "side_table"
    ],
    "402": [
        201,
        "cabinet"
    ],
    "403": [
        433,
        "desk"
    ],
    "404": [
        593,
        "bed"
    ],
    "405": [
        345,
        "cosmetic"
    ],
    "407": [
        585,
        "towel_bar"
    ],
    "408": [
        388,
        "picture"
    ],
    "409": [
        592,
        "air_conditioner"
    ],
    "410": [
        55,
        "hanging_clothes"
    ],
    "411": [
        58,
        "hat"
    ],
    "413": [
        337,
        "cosmetic"
    ],
    "415": [
        487,
        "shelf"
    ],
    "416": [
        534,
        "cloth"
    ],
    "417": [
        594,
        "nightstand"
    ],
    "418": [
        232,
        "fan"
    ],
    "419": [
        437,
        "laptop"
    ],
    "423": [
        445,
        "paper"
    ],
    "424": [
        458,
        "lamp"
    ],
    "425": [
        134,
        "lamp"
    ],
    "426": [
        367,
        "showerhead"
    ],
    "427": [
        389,
        "chest_of_drawers"
    ],
    "429": [
        390,
        "bookshelf"
    ],
    "430": [
        15,
        "picture"
    ],
    "432": [
        470,
        "sink"
    ],
    "433": [
        483,
        "cosmetic"
    ],
    "434": [
        75,
        "shoe"
    ],
    "435": [
        436,
        "monitor"
    ],
    "436": [
        99,
        "curtain"
    ],
    "437": [
        518,
        "cosmetic"
    ],
    "438": [
        629,
        "picture"
    ],
    "439": [
        407,
        "curtain"
    ],
    "441": [
        456,
        "mirror"
    ],
    "443": [
        318,
        "machine"
    ],
    "445": [
        222,
        "chair"
    ],
    "446": [
        193,
        "plant"
    ],
    "447": [
        133,
        "machine"
    ],
    "448": [
        23,
        "window"
    ],
    "449": [
        606,
        "alarm"
    ],
    "451": [
        566,
        "carpet"
    ],
    "452": [
        57,
        "hanging_clothes"
    ],
    "453": [
        3,
        "window"
    ],
    "454": [
        175,
        "carpet"
    ],
    "456": [
        547,
        "box"
    ],
    "458": [
        152,
        "picture"
    ],
    "459": [
        121,
        "picture"
    ],
    "460": [
        260,
        "fridge"
    ],
    "461": [
        525,
        "pillow"
    ],
    "462": [
        514,
        "chest_of_drawers"
    ],
    "464": [
        71,
        "shoe"
    ],
    "465": [
        400,
        "ventilation"
    ],
    "466": [
        507,
        "curtain"
    ],
    "467": [
        154,
        "picture"
    ],
    "468": [
        202,
        "box_of_tissues"
    ],
    "469": [
        543,
        "box"
    ],
    "470": [
        98,
        "window"
    ],
    "472": [
        117,
        "picture"
    ],
    "473": [
        112,
        "cabinet"
    ],
    "476": [
        394,
        "pillow"
    ],
    "478": [
        428,
        "box_with_books"
    ],
    "479": [
        194,
        "plant"
    ],
    "480": [
        200,
        "curtain"
    ],
    "483": [
        203,
        "watering_can"
    ],
    "484": [
        418,
        "door"
    ],
    "486": [
        20,
        "picture"
    ],
    "488": [
        570,
        "box"
    ],
    "489": [
        43,
        "side_table"
    ],
    "490": [
        305,
        "can"
    ],
    "491": [
        442,
        "box_of_tissues"
    ],
    "492": [
        214,
        "cup"
    ],
    "493": [
        95,
        "lamp"
    ],
    "494": [
        308,
        "cabinet"
    ],
    "495": [
        220,
        "chair"
    ],
    "497": [
        459,
        "hanger"
    ],
    "498": [
        100,
        "window"
    ],
    "499": [
        51,
        "book"
    ],
    "500": [
        52,
        "book"
    ],
    "502": [
        603,
        "computer_equipment"
    ],
    "503": [
        311,
        "box"
    ],
    "504": [
        535,
        "cosmetic"
    ],
    "505": [
        454,
        "carpet"
    ],
    "506": [
        218,
        "chair"
    ],
    "507": [
        90,
        "shoe"
    ],
    "508": [
        300,
        "can"
    ],
    "509": [
        126,
        "armchair"
    ],
    "510": [
        137,
        "curtain"
    ],
    "511": [
        385,
        "curtain"
    ],
    "513": [
        139,
        "curtain"
    ],
    "514": [
        601,
        "monitor"
    ],
    "515": [
        70,
        "clock"
    ],
    "516": [
        620,
        "ventilation"
    ],
    "518": [
        131,
        "couch"
    ],
    "519": [
        39,
        "couch"
    ],
    "521": [
        439,
        "paper"
    ],
    "522": [
        35,
        "board_game"
    ],
    "523": [
        65,
        "ball"
    ],
    "524": [
        424,
        "pillow"
    ],
    "526": [
        227,
        "cabinet"
    ],
    "527": [
        526,
        "nightstand"
    ],
    "529": [
        348,
        "cosmetic"
    ],
    "531": [
        399,
        "alarm"
    ],
    "532": [
        520,
        "trash_bag"
    ],
    "535": [
        580,
        "door"
    ],
    "536": [
        281,
        "window"
    ],
    "537": [
        621,
        "lamp"
    ],
    "538": [
        289,
        "can"
    ],
    "540": [
        109,
        "hanger"
    ],
    "541": [
        270,
        "microwave"
    ],
    "542": [
        93,
        "lamp"
    ],
    "544": [
        536,
        "cosmetic"
    ],
    "546": [
        66,
        "side_table"
    ],
    "547": [
        557,
        "hair_dryer"
    ],
    "548": [
        631,
        "window"
    ],
    "549": [
        294,
        "bottle"
    ],
    "550": [
        42,
        "pillow"
    ],
    "551": [
        288,
        "jug"
    ],
    "554": [
        76,
        "shoe"
    ],
    "555": [
        343,
        "bathroom_counter"
    ],
    "557": [
        301,
        "can"
    ],
    "558": [
        87,
        "shelf"
    ],
    "559": [
        533,
        "cosmetic"
    ],
    "563": [
        268,
        "kitchen_cabinet"
    ],
    "566": [
        422,
        "bed"
    ],
    "567": [
        96,
        "window"
    ],
    "568": [
        474,
        "soap_dispenser"
    ],
    "569": [
        50,
        "umbrella"
    ],
    "570": [
        37,
        "decoration"
    ],
    "571": [
        34,
        "board_game"
    ],
    "574": [
        383,
        "window"
    ],
    "575": [
        46,
        "picture"
    ],
    "576": [
        25,
        "window"
    ],
    "577": [
        335,
        "brush"
    ],
    "578": [
        230,
        "pipe"
    ],
    "579": [
        351,
        "soap_dispenser"
    ],
    "580": [
        386,
        "curtain"
    ],
    "581": [
        596,
        "chair"
    ],
    "582": [
        429,
        "air_conditioner"
    ],
    "583": [
        153,
        "picture"
    ],
    "586": [
        573,
        "window"
    ],
    "587": [
        341,
        "mirror"
    ],
    "588": [
        276,
        "fan"
    ],
    "591": [
        83,
        "shoe"
    ],
    "592": [
        542,
        "box"
    ],
    "594": [
        217,
        "chair"
    ],
    "595": [
        447,
        "clutter"
    ],
    "596": [
        187,
        "curtain"
    ],
    "597": [
        513,
        "box"
    ],
    "600": [
        556,
        "desk"
    ],
    "602": [
        123,
        "picture"
    ],
    "603": [
        317,
        "box"
    ],
    "604": [
        56,
        "hanging_clothes"
    ],
    "605": [
        245,
        "plant"
    ],
    "607": [
        16,
        "picture"
    ],
    "608": [
        627,
        "picture"
    ],
    "610": [
        79,
        "shoe"
    ],
    "613": [
        81,
        "shoe"
    ],
    "614": [
        210,
        "picture"
    ],
    "615": [
        358,
        "curtain"
    ],
    "616": [
        212,
        "teapot"
    ],
    "617": [
        209,
        "picture"
    ],
    "618": [
        208,
        "cabinet"
    ],
    "619": [
        416,
        "door"
    ],
    "621": [
        485,
        "shelf"
    ],
    "622": [
        380,
        "chair"
    ],
    "623": [
        444,
        "computer_equipment"
    ],
    "624": [
        492,
        "shower_rod"
    ],
    "625": [
        553,
        "ventilation"
    ],
    "627": [
        127,
        "pouffe"
    ],
    "628": [
        247,
        "plant"
    ],
    "630": [
        296,
        "can"
    ],
    "631": [
        77,
        "shoe"
    ],
    "633": [
        342,
        "bathroom_cabinet"
    ],
    "635": [
        285,
        "curtain"
    ],
    "637": [
        244,
        "plant"
    ],
    "639": [
        125,
        "door"
    ],
    "640": [
        347,
        "cosmetic"
    ],
    "641": [
        263,
        "microwave"
    ],
    "642": [
        473,
        "faucet"
    ],
    "643": [
        612,
        "cabinet"
    ],
    "644": [
        198,
        "window"
    ],
    "645": [
        371,
        "cosmetic"
    ],
    "646": [
        228,
        "cabinet"
    ],
    "649": [
        368,
        "faucet"
    ],
    "650": [
        617,
        "door"
    ],
    "652": [
        595,
        "mat"
    ]
}