{
    "2": [
        297,
        "cabinet"
    ],
    "5": [
        73,
        "storage_bin"
    ],
    "6": [
        426,
        "window"
    ],
    "7": [
        187,
        "appliance"
    ],
    "9": [
        400,
        "wall_cabinet"
    ],
    "11": [
        37,
        "kitchen_appliance"
    ],
    "13": [
        19,
        "cabinet"
    ],
    "17": [
        185,
        "trashcan"
    ],
    "19": [
        219,
        "curtain"
    ],
    "20": [
        298,
        "tv"
    ],
    "21": [
        12,
        "curtain"
    ],
    "22": [
        396,
        "appliance"
    ],
    "23": [
        45,
        "coffee_machine"
    ],
    "25": [
        455,
        "box"
    ],
    "26": [
        211,
        "cabinet"
    ],
    "27": [
        259,
        "computer_mouse"
    ],
    "29": [
        92,
        "telephone"
    ],
    "31": [
        155,
        "bottle_of_detergent"
    ],
    "35": [
        177,
        "wall_hanging_decoration"
    ],
    "36": [
        446,
        "book"
    ],
    "37": [
        228,
        "book"
    ],
    "40": [
        157,
        "bottle_of_detergent"
    ],
    "41": [
        290,
        "cabinet"
    ],
    "43": [
        61,
        "cabinet"
    ],
    "45": [
        222,
        "tv"
    ],
    "46": [
        438,
        "pillow"
    ],
    "47": [
        198,
        "alarm"
    ],
    "48": [
        433,
        "appliance"
    ],
    "49": [
        442,
        "plush_toy"
    ],
    "51": [
        397,
        "curtain"
    ],
    "52": [
        393,
        "tissue_box"
    ],
    "53": [
        390,
        "frame"
    ],
    "54": [
        348,
        "appliance"
    ],
    "55": [
        291,
        "rack"
    ],
    "57": [
        428,
        "curtain"
    ],
    "63": [
        361,
        "door"
    ],
    "64": [
        351,
        "curtain"
    ],
    "65": [
        218,
        "printer"
    ],
    "68": [
        173,
        "scale"
    ],
    "71": [
        209,
        "bed"
    ],
    "72": [
        429,
        "curtain"
    ],
    "73": [
        217,
        "table"
    ],
    "74": [
        436,
        "pillow"
    ],
    "75": [
        58,
        "kitchen_appliance"
    ],
    "76": [
        262,
        "window"
    ],
    "77": [
        229,
        "telephone"
    ],
    "79": [
        124,
        "washbasin_counter"
    ],
    "81": [
        394,
        "appliance"
    ],
    "82": [
        189,
        "door"
    ],
    "85": [
        174,
        "air_vent"
    ],
    "86": [
        264,
        "curtain"
    ],
    "87": [
        143,
        "wall_cabinet"
    ],
    "92": [
        64,
        "basket_of_something"
    ],
    "93": [
        54,
        "kitchen_appliance"
    ],
    "94": [
        451,
        "ceiling_lamp"
    ],
    "95": [
        258,
        "laptop"
    ],
    "99": [
        255,
        "table"
    ],
    "101": [
        71,
        "storage_bin"
    ],
    "103": [
        444,
        "book"
    ],
    "107": [
        435,
        "pillow"
    ],
    "109": [
        56,
        "kitchen_appliance"
    ],
    "111": [
        268,
        "cabinet"
    ],
    "119": [
        81,
        "cabinet"
    ],
    "121": [
        176,
        "wall_hanging_decoration"
    ],
    "125": [
        381,
        "bed"
    ],
    "128": [
        6,
        "chair"
    ],
    "129": [
        20,
        "curtain"
    ],
    "133": [
        170,
        "ceiling_light_fixture_connection"
    ],
    "134": [
        346,
        "ceiling_lamp"
    ],
    "135": [
        310,
        "shoe"
    ],
    "138": [
        392,
        "book"
    ],
    "139": [
        72,
        "storage_bin"
    ],
    "140": [
        24,
        "cabinet"
    ],
    "141": [
        4,
        "broom"
    ],
    "142": [
        256,
        "rug"
    ],
    "143": [
        44,
        "paper_towel"
    ],
    "146": [
        43,
        "kitchen_countertop_items"
    ],
    "148": [
        16,
        "cabinet"
    ],
    "149": [
        315,
        "shoe"
    ],
    "151": [
        432,
        "box"
    ],
    "154": [
        26,
        "kitchen_lower_cabinet"
    ],
    "156": [
        405,
        "appliance"
    ],
    "158": [
        161,
        "shower_curtain"
    ],
    "159": [
        21,
        "curtain"
    ],
    "160": [
        253,
        "decoration"
    ],
    "161": [
        186,
        "table"
    ],
    "165": [
        220,
        "curtain"
    ],
    "167": [
        214,
        "door"
    ],
    "169": [
        437,
        "pillow"
    ],
    "170": [
        423,
        "curtain"
    ],
    "172": [
        2,
        "shelf"
    ],
    "173": [
        35,
        "countertop"
    ],
    "174": [
        271,
        "shelf"
    ],
    "175": [
        383,
        "ceiling_lamp"
    ],
    "176": [
        34,
        "kitchen_lower_cabinet"
    ],
    "178": [
        127,
        "mirror"
    ],
    "179": [
        47,
        "kitchen_countertop_item"
    ],
    "183": [
        270,
        "door"
    ],
    "184": [
        230,
        "appliance"
    ],
    "185": [
        376,
        "chandelier"
    ],
    "186": [
        427,
        "window"
    ],
    "188": [
        377,
        "chair"
    ],
    "190": [
        41,
        "range_hood"
    ],
    "191": [
        91,
        "wall_clock"
    ],
    "192": [
        55,
        "kitchen_appliance"
    ],
    "194": [
        445,
        "book"
    ],
    "196": [
        388,
        "window"
    ],
    "197": [
        441,
        "blanket"
    ],
    "199": [
        76,
        "bulletin_board"
    ],
    "201": [
        341,
        "alarm"
    ],
    "205": [
        160,
        "bath"
    ],
    "207": [
        294,
        "appliance"
    ],
    "208": [
        273,
        "speaker"
    ],
    "210": [
        159,
        "mirror"
    ],
    "211": [
        9,
        "chair"
    ],
    "212": [
        453,
        "book"
    ],
    "213": [
        421,
        "door"
    ],
    "215": [
        417,
        "chair"
    ],
    "216": [
        439,
        "box"
    ],
    "217": [
        257,
        "laptop"
    ],
    "218": [
        252,
        "door"
    ],
    "219": [
        66,
        "cloth"
    ],
    "220": [
        10,
        "candle_holder"
    ],
    "221": [
        308,
        "shoe"
    ],
    "222": [
        434,
        "basket_of_something"
    ],
    "225": [
        319,
        "shoe"
    ],
    "226": [
        49,
        "sink"
    ],
    "229": [
        296,
        "decoration"
    ],
    "233": [
        459,
        "plush_toy"
    ],
    "234": [
        105,
        "cat_litter_box"
    ],
    "235": [
        289,
        "picture"
    ],
    "236": [
        18,
        "cabinet"
    ],
    "238": [
        272,
        "speaker"
    ],
    "240": [
        226,
        "pillow"
    ],
    "243": [
        7,
        "chair"
    ],
    "245": [
        68,
        "cardboard_box"
    ],
    "250": [
        295,
        "appliance"
    ],
    "251": [
        125,
        "towel"
    ],
    "252": [
        51,
        "kitchen_appliance"
    ],
    "253": [
        27,
        "kitchen_lower_cabinet"
    ],
    "254": [
        102,
        "recycle_bin"
    ],
    "256": [
        42,
        "kitchen_countertop_item"
    ],
    "257": [
        305,
        "shoe"
    ],
    "259": [
        334,
        "curtain"
    ],
    "262": [
        375,
        "alarm"
    ],
    "264": [
        404,
        "toy"
    ],
    "266": [
        458,
        "window"
    ],
    "269": [
        38,
        "cooker"
    ],
    "270": [
        89,
        "door_knob"
    ],
    "272": [
        260,
        "curtain"
    ],
    "274": [
        299,
        "speaker"
    ],
    "275": [
        39,
        "cooker"
    ],
    "277": [
        171,
        "ceiling_light_fixture_connection"
    ],
    "278": [
        164,
        "towel_bar"
    ],
    "279": [
        380,
        "drawer"
    ],
    "281": [
        274,
        "speaker"
    ],
    "282": [
        5,
        "kitchen_table"
    ],
    "283": [
        101,
        "toilet"
    ],
    "284": [
        213,
        "lamp"
    ],
    "286": [
        11,
        "curtain"
    ],
    "287": [
        279,
        "door"
    ],
    "288": [
        227,
        "pillow"
    ],
    "290": [
        352,
        "curtain"
    ],
    "291": [
        57,
        "kitchen_appliance"
    ],
    "292": [
        456,
        "box"
    ],
    "294": [
        165,
        "towel_bar"
    ],
    "299": [
        8,
        "chair"
    ],
    "300": [
        31,
        "dishwasher"
    ],
    "301": [
        280,
        "curtain"
    ],
    "304": [
        208,
        "chandelier"
    ],
    "309": [
        382,
        "pillow"
    ],
    "311": [
        384,
        "ceiling_lamp"
    ],
    "312": [
        449,
        "ceiling_lamp"
    ],
    "313": [
        254,
        "decoration"
    ],
    "314": [
        52,
        "kitchen_appliance"
    ],
    "316": [
        399,
        "wall_cabinet"
    ],
    "317": [
        103,
        "toilet_brush"
    ],
    "319": [
        452,
        "ceiling_lamp"
    ],
    "320": [
        216,
        "door"
    ],
    "325": [
        391,
        "frame"
    ],
    "326": [
        149,
        "shower_tap"
    ],
    "327": [
        249,
        "pillow"
    ],
    "328": [
        60,
        "calendar"
    ],
    "329": [
        454,
        "box"
    ],
    "332": [
        318,
        "shoe"
    ],
    "333": [
        447,
        "toy"
    ],
    "335": [
        414,
        "alarm"
    ],
    "336": [
        33,
        "kitchen_lower_cabinet"
    ],
    "337": [
        3,
        "refrigerator"
    ],
    "338": [
        356,
        "ceiling_lamp"
    ],
    "339": [
        389,
        "curtain"
    ],
    "340": [
        67,
        "telephone"
    ],
    "344": [
        15,
        "cabinet"
    ],
    "345": [
        197,
        "mat"
    ],
    "346": [
        46,
        "countertop"
    ],
    "347": [
        419,
        "appliance"
    ],
    "348": [
        17,
        "cabinet"
    ],
    "349": [
        98,
        "bottle_of_detergent"
    ],
    "351": [
        431,
        "shelf"
    ],
    "352": [
        457,
        "can"
    ],
    "353": [
        79,
        "ceiling_fan"
    ],
    "354": [
        301,
        "speaker"
    ],
    "355": [
        207,
        "alarm"
    ],
    "356": [
        286,
        "window"
    ],
    "358": [
        277,
        "window"
    ],
    "359": [
        106,
        "basket"
    ],
    "360": [
        263,
        "curtain_rod"
    ],
    "362": [
        28,
        "kitchen_lower_cabinet"
    ],
    "363": [
        97,
        "bathroom_cabinet"
    ],
    "364": [
        443,
        "tissue_box"
    ],
    "366": [
        224,
        "cabinet"
    ],
    "372": [
        401,
        "appliance"
    ],
    "373": [
        191,
        "door"
    ],
    "377": [
        95,
        "wall_electronics"
    ],
    "380": [
        225,
        "dartboard"
    ],
    "381": [
        156,
        "bottle_of_detergent"
    ],
    "382": [
        395,
        "appliance"
    ],
    "384": [
        350,
        "window"
    ],
    "386": [
        418,
        "desk"
    ],
    "387": [
        212,
        "lamp"
    ],
    "388": [
        146,
        "shower_dial"
    ],
    "389": [
        231,
        "appliance"
    ],
    "390": [
        87,
        "door"
    ],
    "391": [
        302,
        "clock"
    ],
    "396": [
        223,
        "drawer"
    ],
    "399": [
        100,
        "cloth"
    ],
    "400": [
        379,
        "door"
    ],
    "402": [
        328,
        "shoe"
    ],
    "404": [
        50,
        "tap"
    ],
    "407": [
        309,
        "shoe"
    ],
    "411": [
        53,
        "kitchen_appliance"
    ],
    "414": [
        221,
        "curtain"
    ],
    "416": [
        387,
        "window"
    ],
    "417": [
        80,
        "holder"
    ],
    "418": [
        32,
        "sink_cabinet"
    ],
    "419": [
        25,
        "microwave"
    ],
    "421": [
        30,
        "kitchen_lower_cabinet"
    ],
    "422": [
        40,
        "kitchen_appliance"
    ],
    "424": [
        210,
        "cabinet"
    ],
    "425": [
        448,
        "ceiling_lamp"
    ],
    "426": [
        440,
        "box"
    ],
    "427": [
        250,
        "table"
    ],
    "429": [
        275,
        "curtain"
    ],
    "433": [
        430,
        "bed"
    ],
    "434": [
        403,
        "appliance"
    ],
    "437": [
        336,
        "window"
    ],
    "440": [
        94,
        "toilet_paper_dispenser"
    ],
    "441": [
        93,
        "toilet_paper"
    ],
    "442": [
        292,
        "speaker"
    ],
    "443": [
        184,
        "ceiling_lamp"
    ],
    "444": [
        322,
        "box"
    ],
    "445": [
        267,
        "curtain_rod"
    ],
    "448": [
        36,
        "toaster"
    ],
    "449": [
        77,
        "whiteboard"
    ],
    "452": [
        402,
        "appliance"
    ],
    "453": [
        63,
        "basket_of_something"
    ],
    "454": [
        450,
        "ceiling_lamp"
    ],
    "455": [
        148,
        "shower_hose_head"
    ],
    "457": [
        69,
        "storage_space"
    ],
    "458": [
        398,
        "door"
    ],
    "459": [
        29,
        "oven_and_stove"
    ],
    "460": [
        154,
        "shower_caddy"
    ]
}