{
    "1": [
        228,
        "showerhead"
    ],
    "2": [
        242,
        "towel"
    ],
    "4": [
        161,
        "hanger"
    ],
    "6": [
        208,
        "toilet_paper"
    ],
    "7": [
        168,
        "door_knob"
    ],
    "8": [
        246,
        "ceiling_lamp"
    ],
    "9": [
        277,
        "plunger"
    ],
    "10": [
        31,
        "door"
    ],
    "11": [
        158,
        "bath_curtain"
    ],
    "13": [
        195,
        "soap"
    ],
    "15": [
        126,
        "pillow"
    ],
    "16": [
        127,
        "bedside_table"
    ],
    "17": [
        118,
        "window"
    ],
    "18": [
        154,
        "bin"
    ],
    "19": [
        257,
        "pillow"
    ],
    "20": [
        27,
        "tv"
    ],
    "21": [
        274,
        "air_vent"
    ],
    "25": [
        138,
        "door_knob"
    ],
    "27": [
        211,
        "toilet"
    ],
    "28": [
        245,
        "shelf"
    ],
    "29": [
        16,
        "fireplace_shelf"
    ],
    "31": [
        133,
        "ceiling_lamp"
    ],
    "34": [
        183,
        "wall_lamp"
    ],
    "36": [
        11,
        "door_knob"
    ],
    "37": [
        144,
        "hanger"
    ],
    "39": [
        275,
        "air_vent"
    ],
    "40": [
        21,
        "coffee_table"
    ],
    "42": [
        247,
        "picture"
    ],
    "43": [
        251,
        "table_lamp"
    ],
    "45": [
        213,
        "window"
    ],
    "46": [
        128,
        "table_lamp"
    ],
    "51": [
        65,
        "kitchen_cabinet_lower"
    ],
    "52": [
        66,
        "coffee_machine"
    ],
    "53": [
        35,
        "chair"
    ],
    "55": [
        164,
        "air_vent"
    ],
    "56": [
        6,
        "fireplace"
    ],
    "58": [
        37,
        "table"
    ],
    "59": [
        137,
        "door"
    ],
    "63": [
        196,
        "storage_unit"
    ],
    "65": [
        174,
        "mirror"
    ],
    "67": [
        153,
        "towel"
    ],
    "69": [
        175,
        "cabinet"
    ],
    "71": [
        268,
        "door"
    ],
    "74": [
        143,
        "shelf"
    ],
    "78": [
        7,
        "window"
    ],
    "79": [
        113,
        "cabinet"
    ],
    "80": [
        134,
        "air_vent"
    ],
    "81": [
        244,
        "shelf"
    ],
    "82": [
        157,
        "bath"
    ],
    "83": [
        62,
        "kitchen_cabinet"
    ],
    "85": [
        151,
        "cosmetics"
    ],
    "87": [
        10,
        "door"
    ],
    "88": [
        121,
        "bed"
    ],
    "93": [
        162,
        "bath_dial"
    ],
    "94": [
        165,
        "ceiling_lamp"
    ],
    "95": [
        26,
        "tv_stand"
    ],
    "99": [
        148,
        "faucet"
    ],
    "100": [
        226,
        "shower_curtain"
    ],
    "102": [
        276,
        "decoration"
    ],
    "104": [
        163,
        "bath_faucet"
    ],
    "105": [
        32,
        "door_knob"
    ],
    "106": [
        273,
        "ceiling_lamp"
    ],
    "108": [
        252,
        "clock"
    ],
    "110": [
        186,
        "faucet"
    ],
    "111": [
        122,
        "picture"
    ],
    "112": [
        149,
        "cosmetic"
    ],
    "113": [
        44,
        "napkins"
    ],
    "116": [
        210,
        "bin"
    ],
    "118": [
        225,
        "shower_cabin"
    ],
    "119": [
        250,
        "bedside_table"
    ],
    "120": [
        28,
        "device"
    ],
    "121": [
        155,
        "toilet_paper"
    ],
    "128": [
        145,
        "mirror"
    ],
    "131": [
        67,
        "oven"
    ],
    "132": [
        85,
        "kitchen_cabinet"
    ],
    "133": [
        190,
        "tissue_box"
    ],
    "134": [
        20,
        "table"
    ],
    "135": [
        191,
        "cosmetic"
    ],
    "138": [
        55,
        "fridge"
    ],
    "139": [
        23,
        "sofa"
    ],
    "140": [
        76,
        "kitchen_cabinet_lower"
    ],
    "143": [
        185,
        "washbasin"
    ],
    "144": [
        193,
        "hand_towel"
    ],
    "147": [
        201,
        "air_vent"
    ],
    "148": [
        198,
        "storage_unit"
    ],
    "150": [
        64,
        "microwave"
    ],
    "152": [
        2,
        "picture"
    ],
    "154": [
        38,
        "cutlery"
    ],
    "155": [
        129,
        "clock"
    ],
    "156": [
        156,
        "toilet"
    ],
    "157": [
        84,
        "kitchen_cabinet_lower"
    ],
    "159": [
        182,
        "mirror"
    ],
    "160": [
        187,
        "cosmetic"
    ],
    "163": [
        243,
        "shelf"
    ],
    "164": [
        24,
        "pillow"
    ],
    "165": [
        194,
        "hanger"
    ],
    "166": [
        48,
        "kitchen_cabinet"
    ],
    "170": [
        233,
        "rug"
    ],
    "172": [
        205,
        "door"
    ],
    "173": [
        223,
        "shower_seat"
    ],
    "175": [
        232,
        "ceiling_lamp"
    ],
    "178": [
        50,
        "shelf"
    ],
    "181": [
        269,
        "door_knob"
    ],
    "183": [
        36,
        "chair"
    ],
    "184": [
        17,
        "hearth"
    ],
    "187": [
        57,
        "door"
    ],
    "188": [
        114,
        "door_knob"
    ],
    "191": [
        258,
        "ceiling_lamp"
    ],
    "192": [
        63,
        "kitchen_cabinet"
    ],
    "193": [
        256,
        "pillow"
    ],
    "195": [
        206,
        "door_knob"
    ],
    "196": [
        29,
        "picture"
    ],
    "197": [
        248,
        "window"
    ],
    "199": [
        254,
        "pillow"
    ],
    "202": [
        188,
        "cosmetic"
    ],
    "204": [
        255,
        "pillow"
    ],
    "207": [
        123,
        "pillow"
    ],
    "209": [
        200,
        "air_vent"
    ],
    "212": [
        74,
        "window"
    ],
    "217": [
        238,
        "door_knob"
    ],
    "218": [
        132,
        "door"
    ],
    "220": [
        41,
        "cutlery"
    ],
    "221": [
        111,
        "door"
    ],
    "223": [
        43,
        "plate"
    ],
    "224": [
        77,
        "sink"
    ],
    "225": [
        227,
        "shower_bar"
    ],
    "227": [
        39,
        "cutlery"
    ],
    "229": [
        150,
        "soap"
    ],
    "231": [
        202,
        "ceiling_fan"
    ],
    "232": [
        271,
        "window"
    ],
    "233": [
        189,
        "cosmetic"
    ],
    "234": [
        146,
        "wash_cabinet"
    ],
    "235": [
        230,
        "shower_hanger"
    ],
    "236": [
        19,
        "armchair"
    ],
    "238": [
        184,
        "wash_cabinet"
    ],
    "241": [
        260,
        "ceiling_lamp"
    ],
    "242": [
        124,
        "pillow"
    ],
    "244": [
        147,
        "washbasin"
    ],
    "245": [
        125,
        "pillow"
    ],
    "246": [
        192,
        "cosmetic"
    ],
    "247": [
        15,
        "ceiling_fan"
    ],
    "248": [
        237,
        "door"
    ],
    "249": [
        22,
        "table_lamp"
    ],
    "250": [
        95,
        "door"
    ],
    "252": [
        167,
        "door"
    ],
    "253": [
        231,
        "air_vent"
    ],
    "256": [
        45,
        "ceiling_lamp"
    ],
    "260": [
        70,
        "tray"
    ],
    "261": [
        160,
        "bath_shelf"
    ],
    "262": [
        229,
        "shower_dial"
    ],
    "263": [
        253,
        "bed"
    ],
    "265": [
        49,
        "shelf"
    ],
    "270": [
        159,
        "curtain_bar"
    ],
    "272": [
        42,
        "plate"
    ],
    "273": [
        212,
        "towel"
    ],
    "275": [
        25,
        "pillow"
    ],
    "276": [
        176,
        "decoration"
    ]
}