{
    "2": [
        60,
        "table_lamp"
    ],
    "3": [
        157,
        "decoration"
    ],
    "4": [
        459,
        "tv"
    ],
    "7": [
        825,
        "wall_lamp"
    ],
    "9": [
        183,
        "device"
    ],
    "10": [
        330,
        "decoration"
    ],
    "12": [
        583,
        "picture"
    ],
    "13": [
        597,
        "book"
    ],
    "15": [
        642,
        "shelf"
    ],
    "17": [
        695,
        "plate"
    ],
    "18": [
        784,
        "carpet"
    ],
    "19": [
        48,
        "picture"
    ],
    "20": [
        350,
        "bowl"
    ],
    "21": [
        598,
        "book"
    ],
    "24": [
        900,
        "telephone"
    ],
    "25": [
        329,
        "decoration"
    ],
    "26": [
        351,
        "food"
    ],
    "28": [
        473,
        "fireplace"
    ],
    "29": [
        731,
        "box"
    ],
    "30": [
        797,
        "kitchen_cabinet"
    ],
    "31": [
        64,
        "picture"
    ],
    "32": [
        192,
        "radiator"
    ],
    "33": [
        549,
        "box"
    ],
    "34": [
        55,
        "electric_guitar"
    ],
    "35": [
        517,
        "ceiling_lamp"
    ],
    "36": [
        927,
        "cat_toilet"
    ],
    "37": [
        837,
        "clutter"
    ],
    "38": [
        342,
        "table_lamp"
    ],
    "40": [
        178,
        "window"
    ],
    "42": [
        216,
        "basket"
    ],
    "43": [
        748,
        "decorative_plant"
    ],
    "45": [
        750,
        "tv"
    ],
    "47": [
        335,
        "window"
    ],
    "48": [
        486,
        "decoration"
    ],
    "49": [
        352,
        "blanket"
    ],
    "51": [
        477,
        "decoration"
    ],
    "53": [
        834,
        "socket"
    ],
    "54": [
        99,
        "bathroom_floor"
    ],
    "57": [
        622,
        "air_vent"
    ],
    "58": [
        394,
        "box"
    ],
    "59": [
        215,
        "toilet"
    ],
    "61": [
        641,
        "picture"
    ],
    "63": [
        885,
        "clutter"
    ],
    "64": [
        556,
        "picture"
    ],
    "65": [
        8,
        "hat"
    ],
    "66": [
        874,
        "kitchen_cabinet_lower"
    ],
    "67": [
        315,
        "window"
    ],
    "68": [
        723,
        "decorative_bottle"
    ],
    "71": [
        948,
        "ceiling_lamp"
    ],
    "74": [
        147,
        "tap"
    ],
    "76": [
        707,
        "chair"
    ],
    "77": [
        923,
        "mat"
    ],
    "79": [
        476,
        "decoration"
    ],
    "80": [
        208,
        "towel"
    ],
    "84": [
        603,
        "toy"
    ],
    "89": [
        868,
        "kitchen_appliance"
    ],
    "90": [
        746,
        "radiator"
    ],
    "91": [
        824,
        "shelf"
    ],
    "92": [
        345,
        "table_lamp"
    ],
    "93": [
        490,
        "decoration"
    ],
    "94": [
        922,
        "machine"
    ],
    "96": [
        73,
        "bed"
    ],
    "97": [
        209,
        "cabinet"
    ],
    "98": [
        617,
        "door"
    ],
    "100": [
        460,
        "tv_stand"
    ],
    "102": [
        736,
        "decoration"
    ],
    "105": [
        939,
        "cabinet"
    ],
    "106": [
        567,
        "luggage"
    ],
    "107": [
        283,
        "electric_outlet"
    ],
    "111": [
        801,
        "tap"
    ],
    "112": [
        220,
        "picture"
    ],
    "114": [
        415,
        "decoration"
    ],
    "115": [
        571,
        "picture"
    ],
    "116": [
        778,
        "decorative_lamp"
    ],
    "117": [
        906,
        "air_vent"
    ],
    "121": [
        441,
        "puppet"
    ],
    "122": [
        271,
        "cabinet"
    ],
    "123": [
        706,
        "chair"
    ],
    "124": [
        803,
        "picture"
    ],
    "125": [
        558,
        "radiator"
    ],
    "126": [
        487,
        "decoration"
    ],
    "127": [
        404,
        "shower_caddy"
    ],
    "128": [
        572,
        "car_model"
    ],
    "129": [
        468,
        "armchair"
    ],
    "133": [
        821,
        "device"
    ],
    "134": [
        393,
        "decorative_plant"
    ],
    "135": [
        10,
        "picture"
    ],
    "136": [
        62,
        "music_player"
    ],
    "138": [
        301,
        "decorative_lamp"
    ],
    "139": [
        160,
        "powder_soap"
    ],
    "140": [
        313,
        "armchair"
    ],
    "142": [
        595,
        "book"
    ],
    "143": [
        164,
        "picture"
    ],
    "145": [
        949,
        "smoke_detector"
    ],
    "146": [
        403,
        "shower_dial"
    ],
    "149": [
        732,
        "wall_lamp"
    ],
    "150": [
        76,
        "clock"
    ],
    "151": [
        924,
        "bowl"
    ],
    "156": [
        547,
        "decoration"
    ],
    "157": [
        573,
        "picture"
    ],
    "158": [
        700,
        "plate"
    ],
    "160": [
        543,
        "telephone"
    ],
    "161": [
        585,
        "cabinet"
    ],
    "162": [
        357,
        "decoration"
    ],
    "164": [
        727,
        "audio_player"
    ],
    "165": [
        920,
        "kitchen_cabinet"
    ],
    "166": [
        309,
        "box"
    ],
    "167": [
        708,
        "table"
    ],
    "168": [
        19,
        "bed_cabinet"
    ],
    "170": [
        200,
        "shelf"
    ],
    "171": [
        813,
        "window"
    ],
    "173": [
        397,
        "air_vent"
    ],
    "174": [
        729,
        "picture"
    ],
    "175": [
        398,
        "shower_cabin"
    ],
    "176": [
        267,
        "candle_stand"
    ],
    "179": [
        80,
        "decoration"
    ],
    "185": [
        938,
        "box"
    ],
    "186": [
        505,
        "decoration"
    ],
    "190": [
        786,
        "ceiling_lamp"
    ],
    "194": [
        569,
        "holder"
    ],
    "195": [
        323,
        "photos"
    ],
    "196": [
        156,
        "toilet_paper"
    ],
    "200": [
        800,
        "sink"
    ],
    "201": [
        909,
        "decorative_plant"
    ],
    "203": [
        908,
        "window"
    ],
    "206": [
        686,
        "picture"
    ],
    "207": [
        201,
        "cup"
    ],
    "211": [
        61,
        "decoration"
    ],
    "213": [
        464,
        "decorative_plant"
    ],
    "218": [
        266,
        "chair"
    ],
    "219": [
        540,
        "monitor"
    ],
    "221": [
        822,
        "kitchen_seating"
    ],
    "223": [
        915,
        "fridge"
    ],
    "224": [
        56,
        "electric_guitar"
    ],
    "225": [
        174,
        "window"
    ],
    "226": [
        470,
        "decoration"
    ],
    "228": [
        391,
        "decoration"
    ],
    "229": [
        118,
        "box"
    ],
    "231": [
        152,
        "towel"
    ],
    "232": [
        250,
        "picture"
    ],
    "233": [
        599,
        "book"
    ],
    "234": [
        146,
        "washbasin"
    ],
    "235": [
        432,
        "wall_lamp"
    ],
    "239": [
        602,
        "book"
    ],
    "241": [
        365,
        "radiator"
    ],
    "244": [
        752,
        "device"
    ],
    "245": [
        7,
        "cabinet"
    ],
    "247": [
        513,
        "ceiling_lamp"
    ],
    "248": [
        310,
        "decoration"
    ],
    "251": [
        628,
        "toilet"
    ],
    "253": [
        648,
        "shower_bar"
    ],
    "255": [
        199,
        "cosmetic"
    ],
    "256": [
        550,
        "papers"
    ],
    "257": [
        884,
        "clutter"
    ],
    "258": [
        340,
        "carpet"
    ],
    "259": [
        793,
        "radiator"
    ],
    "260": [
        113,
        "shower_handle"
    ],
    "263": [
        265,
        "desk"
    ],
    "266": [
        21,
        "decoration"
    ],
    "268": [
        836,
        "clutter"
    ],
    "269": [
        50,
        "electric_guitar"
    ],
    "271": [
        418,
        "radiator"
    ],
    "272": [
        840,
        "clutter"
    ],
    "274": [
        536,
        "picture"
    ],
    "276": [
        141,
        "bathtub_utensil"
    ],
    "277": [
        135,
        "candle"
    ],
    "279": [
        22,
        "table_lamp"
    ],
    "280": [
        685,
        "cabinet"
    ],
    "283": [
        150,
        "decoration"
    ],
    "285": [
        57,
        "amplifier"
    ],
    "286": [
        111,
        "shower_hose_head"
    ],
    "288": [
        644,
        "shower_cabin"
    ],
    "290": [
        44,
        "door"
    ],
    "291": [
        272,
        "cabinet"
    ],
    "292": [
        463,
        "wall_lamp"
    ],
    "293": [
        268,
        "candle"
    ],
    "294": [
        688,
        "bottle"
    ],
    "295": [
        733,
        "wall_lamp"
    ],
    "296": [
        26,
        "picture"
    ],
    "299": [
        699,
        "plate"
    ],
    "300": [
        294,
        "cup"
    ],
    "301": [
        561,
        "painting"
    ],
    "303": [
        59,
        "decoration"
    ],
    "304": [
        826,
        "wall_lamp"
    ],
    "306": [
        728,
        "plate"
    ],
    "307": [
        932,
        "electric_kettle"
    ],
    "310": [
        471,
        "table_lamp"
    ],
    "311": [
        435,
        "door_knob"
    ],
    "312": [
        116,
        "bin"
    ],
    "313": [
        77,
        "book"
    ],
    "315": [
        101,
        "door_knob"
    ],
    "316": [
        332,
        "photos"
    ],
    "317": [
        588,
        "book"
    ],
    "320": [
        117,
        "cabinet"
    ],
    "322": [
        298,
        "cup"
    ],
    "324": [
        687,
        "box"
    ],
    "325": [
        867,
        "kitchen_appliance"
    ],
    "328": [
        466,
        "carpet"
    ],
    "330": [
        600,
        "book"
    ],
    "332": [
        557,
        "decoration"
    ],
    "333": [
        499,
        "utensil"
    ],
    "334": [
        296,
        "cup"
    ],
    "335": [
        693,
        "glass"
    ],
    "336": [
        584,
        "picture"
    ],
    "337": [
        759,
        "decoration"
    ],
    "338": [
        506,
        "candle"
    ],
    "339": [
        145,
        "cabinet"
    ],
    "340": [
        735,
        "decoration"
    ],
    "345": [
        862,
        "kitchen_cabinet_lower"
    ],
    "346": [
        935,
        "tap"
    ],
    "348": [
        478,
        "decoration"
    ],
    "349": [
        657,
        "vessel"
    ],
    "352": [
        244,
        "decoration"
    ],
    "353": [
        898,
        "door"
    ],
    "355": [
        785,
        "sofa"
    ],
    "356": [
        187,
        "picture"
    ],
    "362": [
        280,
        "decoration"
    ],
    "363": [
        106,
        "shower_cabin"
    ],
    "365": [
        507,
        "decoration"
    ],
    "367": [
        462,
        "picture"
    ],
    "368": [
        555,
        "window"
    ],
    "372": [
        440,
        "window"
    ],
    "374": [
        211,
        "radiator"
    ],
    "375": [
        104,
        "picture"
    ],
    "377": [
        653,
        "door_knob"
    ],
    "378": [
        292,
        "cup"
    ],
    "380": [
        241,
        "door"
    ],
    "384": [
        322,
        "cabinet"
    ],
    "387": [
        67,
        "decoration"
    ],
    "390": [
        68,
        "decoration"
    ],
    "392": [
        65,
        "window"
    ],
    "394": [
        339,
        "bed"
    ],
    "395": [
        539,
        "desk"
    ],
    "396": [
        161,
        "soap"
    ],
    "397": [
        835,
        "clutter"
    ],
    "398": [
        134,
        "air_vent"
    ],
    "400": [
        474,
        "decoration"
    ],
    "401": [
        295,
        "cup"
    ],
    "402": [
        936,
        "washing_machine"
    ],
    "406": [
        741,
        "window"
    ],
    "407": [
        749,
        "tv_stand"
    ],
    "408": [
        753,
        "music_player"
    ],
    "410": [
        252,
        "cabinet"
    ],
    "411": [
        673,
        "picture"
    ],
    "412": [
        9,
        "picture"
    ],
    "415": [
        324,
        "photo"
    ],
    "417": [
        251,
        "picture"
    ],
    "419": [
        799,
        "microwave"
    ],
    "421": [
        576,
        "guitar"
    ],
    "422": [
        696,
        "plate"
    ],
    "423": [
        359,
        "bathroom_floor"
    ],
    "425": [
        119,
        "towel"
    ],
    "426": [
        380,
        "wash_cabinet"
    ],
    "427": [
        690,
        "platter"
    ],
    "430": [
        568,
        "luggage"
    ],
    "431": [
        772,
        "utensil"
    ],
    "433": [
        878,
        "note"
    ],
    "434": [
        634,
        "washbasin"
    ],
    "435": [
        771,
        "stove"
    ],
    "438": [
        808,
        "door_knob"
    ],
    "439": [
        475,
        "decoration"
    ],
    "444": [
        443,
        "picture"
    ],
    "446": [
        382,
        "tap"
    ],
    "447": [
        481,
        "decoration"
    ],
    "448": [
        703,
        "chair"
    ],
    "451": [
        851,
        "kitchen_cabinet"
    ],
    "454": [
        663,
        "chair"
    ],
    "455": [
        912,
        "decoration"
    ],
    "456": [
        384,
        "soap"
    ],
    "459": [
        469,
        "table"
    ],
    "460": [
        586,
        "decoration"
    ],
    "464": [
        875,
        "kitchen_cabinet"
    ],
    "467": [
        353,
        "radiator"
    ],
    "470": [
        620,
        "radiator"
    ],
    "471": [
        656,
        "picture"
    ],
    "474": [
        712,
        "ceiling_lamp"
    ],
    "476": [
        229,
        "shower_hose_head"
    ],
    "478": [
        412,
        "chest"
    ],
    "481": [
        428,
        "decorative_plant"
    ],
    "482": [
        14,
        "table_lamp"
    ],
    "483": [
        285,
        "window"
    ],
    "484": [
        139,
        "soap"
    ],
    "485": [
        522,
        "picture"
    ],
    "486": [
        472,
        "decoration"
    ],
    "488": [
        842,
        "ceiling_lamp"
    ],
    "490": [
        757,
        "decorative_lamp"
    ],
    "491": [
        120,
        "decoration"
    ],
    "495": [
        205,
        "towel"
    ],
    "496": [
        643,
        "toilet_paper"
    ],
    "497": [
        447,
        "wall_lamp"
    ],
    "498": [
        697,
        "dinnerware"
    ],
    "499": [
        619,
        "picture"
    ],
    "500": [
        830,
        "decoration"
    ],
    "502": [
        115,
        "window"
    ],
    "503": [
        103,
        "radiator"
    ],
    "504": [
        485,
        "decoration"
    ],
    "506": [
        787,
        "ceiling_lamp"
    ],
    "508": [
        5,
        "door_knob"
    ],
    "509": [
        306,
        "mirror"
    ],
    "510": [
        11,
        "toy"
    ],
    "511": [
        754,
        "fireplace"
    ],
    "512": [
        790,
        "door"
    ],
    "513": [
        724,
        "armchair"
    ],
    "514": [
        231,
        "shower_dial"
    ],
    "516": [
        850,
        "smoke_detector"
    ],
    "517": [
        424,
        "sofa"
    ],
    "520": [
        206,
        "tap"
    ],
    "521": [
        829,
        "decoration"
    ],
    "522": [
        304,
        "fan"
    ],
    "523": [
        596,
        "book"
    ],
    "526": [
        489,
        "decoration"
    ],
    "527": [
        27,
        "radiator"
    ],
    "528": [
        635,
        "towel"
    ],
    "529": [
        316,
        "decoration"
    ],
    "530": [
        328,
        "decoration"
    ],
    "531": [
        504,
        "decoration"
    ],
    "533": [
        947,
        "socket"
    ],
    "538": [
        760,
        "decoration"
    ],
    "543": [
        951,
        "decoration"
    ],
    "544": [
        502,
        "bowl"
    ],
    "545": [
        47,
        "picture"
    ],
    "546": [
        866,
        "socket"
    ],
    "548": [
        636,
        "tap"
    ],
    "550": [
        565,
        "picture"
    ],
    "552": [
        559,
        "clock"
    ],
    "553": [
        888,
        "picture"
    ],
    "554": [
        905,
        "radiator"
    ],
    "555": [
        381,
        "towel"
    ],
    "556": [
        416,
        "picture"
    ],
    "557": [
        608,
        "decoration"
    ],
    "559": [
        816,
        "table"
    ],
    "560": [
        498,
        "utensil"
    ],
    "561": [
        694,
        "plate"
    ],
    "565": [
        633,
        "soap"
    ],
    "566": [
        349,
        "chest"
    ],
    "567": [
        25,
        "picture"
    ],
    "571": [
        883,
        "kitchen_utensil"
    ],
    "572": [
        165,
        "ceiling_lamp"
    ],
    "573": [
        601,
        "book"
    ],
    "575": [
        677,
        "window"
    ],
    "576": [
        581,
        "backpack"
    ],
    "577": [
        626,
        "decoration"
    ],
    "579": [
        777,
        "firewood_chest"
    ],
    "581": [
        458,
        "lamp"
    ],
    "586": [
        413,
        "decoration"
    ],
    "588": [
        142,
        "window"
    ],
    "589": [
        277,
        "decoration"
    ],
    "591": [
        356,
        "door_knob"
    ],
    "592": [
        326,
        "picture"
    ],
    "596": [
        913,
        "decoration"
    ],
    "597": [
        442,
        "cabinet"
    ],
    "598": [
        934,
        "sink"
    ],
    "600": [
        689,
        "decoration"
    ],
    "601": [
        488,
        "decoration"
    ],
    "602": [
        661,
        "candle"
    ],
    "603": [
        658,
        "piano"
    ],
    "604": [
        360,
        "cabinet"
    ],
    "606": [
        95,
        "drawer"
    ],
    "607": [
        877,
        "note"
    ],
    "608": [
        667,
        "door"
    ],
    "609": [
        566,
        "cabinet"
    ],
    "611": [
        341,
        "bed_table"
    ],
    "612": [
        538,
        "office_chair"
    ],
    "613": [
        493,
        "decoration"
    ],
    "614": [
        916,
        "cabinet"
    ],
    "616": [
        577,
        "guitar_frame"
    ],
    "617": [
        74,
        "bed_table"
    ],
    "619": [
        594,
        "book"
    ],
    "621": [
        721,
        "wall_lamp"
    ],
    "622": [
        605,
        "decoration"
    ],
    "623": [
        92,
        "wardrobe"
    ],
    "624": [
        682,
        "chair"
    ],
    "625": [
        449,
        "window"
    ],
    "626": [
        815,
        "chair"
    ],
    "627": [
        589,
        "picture"
    ],
    "628": [
        75,
        "table_lamp"
    ],
    "629": [
        745,
        "wall_lamp"
    ],
    "631": [
        18,
        "bed"
    ],
    "632": [
        138,
        "vessel"
    ],
    "633": [
        664,
        "curtain"
    ],
    "634": [
        465,
        "carpet"
    ],
    "635": [
        609,
        "drum"
    ],
    "636": [
        307,
        "mirror"
    ],
    "637": [
        344,
        "bed_table"
    ],
    "638": [
        861,
        "picture"
    ],
    "639": [
        841,
        "kitchen_cabinet"
    ],
    "640": [
        233,
        "shower_grab_bar"
    ],
    "642": [
        627,
        "wash_cabinet"
    ],
    "645": [
        467,
        "sofa"
    ],
    "646": [
        214,
        "picture"
    ],
    "647": [
        931,
        "device"
    ],
    "648": [
        933,
        "picture"
    ],
    "650": [
        4,
        "door"
    ],
    "653": [
        492,
        "decoration"
    ],
    "655": [
        629,
        "ship_toy"
    ],
    "656": [
        681,
        "floor_lamp"
    ],
    "658": [
        783,
        "candle"
    ],
    "659": [
        798,
        "kitchen_cabinet_lower"
    ],
    "662": [
        482,
        "decoration"
    ],
    "663": [
        395,
        "toilet_paper"
    ],
    "664": [
        680,
        "picture"
    ],
    "666": [
        709,
        "food"
    ],
    "667": [
        701,
        "vase"
    ],
    "668": [
        814,
        "chair"
    ],
    "669": [
        423,
        "decoration"
    ],
    "675": [
        710,
        "candle"
    ],
    "678": [
        514,
        "ceiling_lamp"
    ],
    "679": [
        49,
        "electric_guitar"
    ],
    "680": [
        429,
        "table"
    ],
    "682": [
        659,
        "decoration"
    ],
    "683": [
        872,
        "door"
    ],
    "684": [
        225,
        "toilet_paper"
    ],
    "685": [
        276,
        "decoration"
    ],
    "686": [
        454,
        "decoration"
    ],
    "687": [
        542,
        "mouse"
    ],
    "688": [
        702,
        "chair"
    ],
    "689": [
        578,
        "picture"
    ],
    "691": [
        363,
        "armchair"
    ],
    "692": [
        537,
        "electric_guitar"
    ],
    "693": [
        791,
        "door_knob"
    ],
    "695": [
        189,
        "decorative_lamp"
    ],
    "699": [
        125,
        "bathtub"
    ],
    "701": [
        305,
        "pillow"
    ],
    "702": [
        674,
        "radiator"
    ],
    "703": [
        606,
        "decoration"
    ],
    "704": [
        604,
        "decoration"
    ],
    "706": [
        409,
        "device"
    ],
    "709": [
        6,
        "puppet"
    ],
    "711": [
        819,
        "kitchen_cabinet"
    ],
    "712": [
        386,
        "cup"
    ],
    "713": [
        483,
        "decoration"
    ],
    "715": [
        780,
        "candle"
    ],
    "718": [
        445,
        "decoration"
    ],
    "720": [
        288,
        "radiator"
    ],
    "722": [
        497,
        "stove"
    ],
    "724": [
        580,
        "backpack"
    ],
    "726": [
        137,
        "decoration"
    ],
    "728": [
        70,
        "picture"
    ],
    "730": [
        737,
        "table_lamp"
    ],
    "734": [
        362,
        "towel"
    ],
    "737": [
        698,
        "plate"
    ],
    "738": [
        91,
        "picture"
    ],
    "739": [
        452,
        "decoration"
    ],
    "743": [
        831,
        "decoration"
    ],
    "744": [
        494,
        "decoration"
    ],
    "745": [
        511,
        "window"
    ],
    "747": [
        195,
        "door"
    ],
    "748": [
        278,
        "mirror_frame"
    ],
    "750": [
        692,
        "glass"
    ],
    "751": [
        926,
        "bowl"
    ],
    "752": [
        911,
        "decoration"
    ],
    "753": [
        168,
        "picture"
    ],
    "754": [
        526,
        "radiator"
    ],
    "756": [
        390,
        "decoration"
    ],
    "758": [
        242,
        "door_knob"
    ],
    "759": [
        607,
        "decoration"
    ],
    "760": [
        726,
        "cabinet"
    ],
    "761": [
        904,
        "mop"
    ],
    "763": [
        279,
        "mirror"
    ],
    "764": [
        35,
        "wardrobe"
    ],
    "765": [
        675,
        "rocking_chair"
    ],
    "766": [
        300,
        "jug"
    ],
    "771": [
        148,
        "liquid_soap"
    ],
    "774": [
        405,
        "shower_bar"
    ],
    "775": [
        377,
        "window"
    ],
    "777": [
        832,
        "decoration"
    ],
    "778": [
        53,
        "electric_guitar"
    ],
    "781": [
        396,
        "toilet"
    ],
    "782": [
        521,
        "armchair"
    ],
    "783": [
        839,
        "clutter"
    ],
    "784": [
        426,
        "lamp"
    ],
    "790": [
        491,
        "decoration"
    ],
    "792": [
        528,
        "picture"
    ],
    "793": [
        243,
        "decoration"
    ],
    "795": [
        456,
        "window"
    ],
    "798": [
        275,
        "table_lamp"
    ],
    "799": [
        739,
        "curtain"
    ],
    "800": [
        660,
        "candle"
    ],
    "801": [
        899,
        "door_knob"
    ],
    "802": [
        453,
        "decoration"
    ],
    "805": [
        480,
        "decoration"
    ],
    "809": [
        711,
        "ceiling_lamp"
    ],
    "812": [
        54,
        "electric_guitar"
    ],
    "815": [
        662,
        "decoration"
    ],
    "817": [
        496,
        "decoration"
    ],
    "818": [
        274,
        "decoration"
    ],
    "819": [
        226,
        "shower_cabin"
    ],
    "820": [
        281,
        "cables"
    ],
    "821": [
        446,
        "rug"
    ],
    "824": [
        552,
        "picture"
    ],
    "825": [
        484,
        "decoration"
    ],
    "826": [
        652,
        "door"
    ],
    "827": [
        163,
        "picture"
    ],
    "829": [
        893,
        "hats"
    ],
    "830": [
        805,
        "picture"
    ],
    "832": [
        392,
        "decoration"
    ],
    "833": [
        52,
        "stand"
    ],
    "834": [
        811,
        "clock"
    ],
    "835": [
        479,
        "decoration"
    ],
    "836": [
        668,
        "window"
    ],
    "837": [
        740,
        "curtain"
    ],
    "840": [
        531,
        "door"
    ],
    "846": [
        151,
        "box"
    ],
    "849": [
        361,
        "cabinet"
    ],
    "850": [
        563,
        "door"
    ],
    "853": [
        773,
        "decoration"
    ],
    "854": [
        355,
        "door"
    ],
    "857": [
        448,
        "radiator"
    ],
    "858": [
        704,
        "chair"
    ],
    "859": [
        51,
        "electric_guitar"
    ],
    "860": [
        155,
        "toilet"
    ],
    "863": [
        715,
        "door"
    ],
    "864": [
        69,
        "radiator"
    ],
    "865": [
        705,
        "chair"
    ],
    "866": [
        587,
        "decoration"
    ],
    "868": [
        720,
        "radiator"
    ],
    "869": [
        806,
        "door"
    ],
    "870": [
        444,
        "decoration"
    ],
    "874": [
        860,
        "oven"
    ],
    "875": [
        730,
        "clock"
    ],
    "876": [
        176,
        "window"
    ],
    "878": [
        779,
        "candle"
    ],
    "879": [
        23,
        "clock"
    ],
    "880": [
        100,
        "door"
    ],
    "881": [
        71,
        "music_album_shelf"
    ],
    "883": [
        873,
        "door_knob"
    ],
    "884": [
        625,
        "window"
    ],
    "885": [
        427,
        "decoration"
    ],
    "886": [
        204,
        "washbasin"
    ],
    "888": [
        937,
        "bin"
    ],
    "889": [
        852,
        "kitchen_appliance"
    ],
    "891": [
        297,
        "cup"
    ],
    "892": [
        425,
        "pile_of_magazines"
    ],
    "893": [
        678,
        "decorative_lamp"
    ],
    "894": [
        859,
        "air_vent"
    ],
    "896": [
        579,
        "backpack"
    ],
    "898": [
        20,
        "blanket"
    ],
    "899": [
        308,
        "cabinet"
    ],
    "900": [
        560,
        "chair"
    ],
    "902": [
        928,
        "ball"
    ],
    "904": [
        414,
        "book"
    ],
    "905": [
        385,
        "toothbrush"
    ],
    "906": [
        534,
        "door_knob"
    ],
    "909": [
        420,
        "window"
    ],
    "911": [
        743,
        "armchair"
    ],
    "912": [
        548,
        "papers"
    ],
    "913": [
        495,
        "decoration"
    ],
    "917": [
        515,
        "smoke_detector"
    ],
    "918": [
        669,
        "window"
    ],
    "919": [
        512,
        "decorative_plant"
    ],
    "920": [
        535,
        "picture"
    ],
    "922": [
        508,
        "decoration"
    ],
    "925": [
        827,
        "decoration"
    ],
    "926": [
        38,
        "ceiling_lamp"
    ],
    "927": [
        434,
        "door"
    ],
    "928": [
        198,
        "mirror_frame"
    ],
    "929": [
        823,
        "pillow"
    ],
    "931": [
        925,
        "bowl"
    ],
    "932": [
        802,
        "kitchen_appliance"
    ],
    "933": [
        930,
        "kitchen_lower_cabinet"
    ],
    "934": [
        921,
        "pipe"
    ],
    "936": [
        525,
        "decoration"
    ],
    "937": [
        666,
        "curtain"
    ],
    "938": [
        207,
        "liquid_soap"
    ],
    "939": [
        437,
        "window"
    ],
    "940": [
        327,
        "cabinet"
    ],
    "941": [
        863,
        "kitchen_cabinet"
    ],
    "942": [
        58,
        "cabinet"
    ],
    "943": [
        13,
        "picture"
    ],
    "944": [
        383,
        "washbasin"
    ],
    "945": [
        781,
        "candle"
    ],
    "946": [
        782,
        "candle"
    ],
    "947": [
        734,
        "table"
    ],
    "950": [
        401,
        "shower_handle"
    ],
    "951": [
        503,
        "decoration"
    ]
}