{
    "1": [
        392,
        "ceiling_vent"
    ],
    "3": [
        333,
        "door"
    ],
    "4": [
        480,
        "mirror"
    ],
    "5": [
        483,
        "photo"
    ],
    "6": [
        172,
        "dining_chair"
    ],
    "7": [
        462,
        "pillow"
    ],
    "9": [
        561,
        "cosmetics"
    ],
    "10": [
        128,
        "chest_of_drawers"
    ],
    "12": [
        557,
        "clothes"
    ],
    "14": [
        6,
        "plant"
    ],
    "16": [
        32,
        "plant"
    ],
    "19": [
        216,
        "microwave"
    ],
    "20": [
        394,
        "ceiling_vent"
    ],
    "21": [
        492,
        "picture"
    ],
    "22": [
        5,
        "plant"
    ],
    "24": [
        508,
        "curtain"
    ],
    "25": [
        132,
        "wall_tv"
    ],
    "26": [
        3,
        "flowerpot"
    ],
    "27": [
        494,
        "mirror"
    ],
    "28": [
        459,
        "chest_of_drawers"
    ],
    "29": [
        25,
        "decoration"
    ],
    "30": [
        112,
        "pillow"
    ],
    "31": [
        551,
        "clothes"
    ],
    "32": [
        168,
        "plant"
    ],
    "34": [
        174,
        "dining_chair"
    ],
    "35": [
        125,
        "cabinet"
    ],
    "36": [
        201,
        "kettle"
    ],
    "37": [
        487,
        "ceiling_lamp"
    ],
    "38": [
        207,
        "vessel"
    ],
    "42": [
        316,
        "wall_electronics"
    ],
    "43": [
        475,
        "tablet"
    ],
    "46": [
        391,
        "folder"
    ],
    "48": [
        472,
        "casket"
    ],
    "50": [
        466,
        "pillow"
    ],
    "51": [
        534,
        "shower_caddy"
    ],
    "55": [
        399,
        "liquid_soap"
    ],
    "58": [
        91,
        "ceiling_molding"
    ],
    "59": [
        179,
        "ceiling_molding"
    ],
    "60": [
        238,
        "kitchen_cabinet"
    ],
    "62": [
        215,
        "dishwasher"
    ],
    "63": [
        131,
        "candle"
    ],
    "64": [
        255,
        "bath_towel"
    ],
    "68": [
        51,
        "bag"
    ],
    "70": [
        56,
        "watering_can"
    ],
    "76": [
        152,
        "fireplace"
    ],
    "78": [
        253,
        "bouquet"
    ],
    "79": [
        1,
        "plant"
    ],
    "80": [
        126,
        "blanket"
    ],
    "82": [
        60,
        "clutter"
    ],
    "83": [
        278,
        "picture"
    ],
    "86": [
        50,
        "bag"
    ],
    "87": [
        444,
        "painting_frame"
    ],
    "88": [
        516,
        "basket"
    ],
    "90": [
        479,
        "casket"
    ],
    "91": [
        134,
        "wall_clock"
    ],
    "93": [
        204,
        "decorative_plant"
    ],
    "94": [
        210,
        "kitchen_top"
    ],
    "96": [
        202,
        "decorative_plant"
    ],
    "97": [
        332,
        "decoration"
    ],
    "99": [
        72,
        "door"
    ],
    "100": [
        173,
        "dining_chair"
    ],
    "101": [
        259,
        "toilet_brush"
    ],
    "102": [
        67,
        "tray"
    ],
    "104": [
        326,
        "table_lamp"
    ],
    "105": [
        151,
        "table"
    ],
    "106": [
        379,
        "telephone"
    ],
    "107": [
        543,
        "clothes"
    ],
    "108": [
        522,
        "toilet_brush"
    ],
    "109": [
        161,
        "armchair"
    ],
    "110": [
        509,
        "bouquet"
    ],
    "114": [
        311,
        "picture"
    ],
    "116": [
        138,
        "table_lamp"
    ],
    "117": [
        481,
        "chest_of_drawers"
    ],
    "120": [
        507,
        "curtain_rod"
    ],
    "121": [
        34,
        "decoration"
    ],
    "122": [
        23,
        "flowerpot"
    ],
    "125": [
        469,
        "pillow"
    ],
    "126": [
        146,
        "mat"
    ],
    "127": [
        291,
        "seat"
    ],
    "128": [
        303,
        "table"
    ],
    "129": [
        345,
        "monitor"
    ],
    "131": [
        468,
        "pillow"
    ],
    "132": [
        493,
        "mirror"
    ],
    "133": [
        213,
        "faucet"
    ],
    "134": [
        390,
        "folder"
    ],
    "135": [
        288,
        "door_window"
    ],
    "136": [
        71,
        "bouquet"
    ],
    "139": [
        491,
        "wall_lamp"
    ],
    "140": [
        545,
        "clothes"
    ],
    "141": [
        129,
        "decorative_plant"
    ],
    "143": [
        257,
        "toilet_paper"
    ],
    "144": [
        141,
        "mat"
    ],
    "147": [
        28,
        "decorative_plant"
    ],
    "148": [
        312,
        "door"
    ],
    "149": [
        251,
        "liquid_soap"
    ],
    "151": [
        116,
        "box"
    ],
    "152": [
        478,
        "nightstand"
    ],
    "153": [
        140,
        "table_cloth"
    ],
    "154": [
        485,
        "photo"
    ],
    "156": [
        380,
        "pc_tower"
    ],
    "157": [
        209,
        "kitchen_top"
    ],
    "158": [
        49,
        "bag"
    ],
    "159": [
        343,
        "file_cabinet"
    ],
    "160": [
        512,
        "towel_bar"
    ],
    "162": [
        451,
        "window"
    ],
    "163": [
        47,
        "cover"
    ],
    "165": [
        121,
        "basket_of_something"
    ],
    "166": [
        471,
        "bed"
    ],
    "168": [
        359,
        "briefcase"
    ],
    "169": [
        69,
        "container"
    ],
    "172": [
        490,
        "ceiling_molding"
    ],
    "173": [
        511,
        "towel_bar"
    ],
    "174": [
        16,
        "pillow"
    ],
    "176": [
        279,
        "wardrobe"
    ],
    "177": [
        421,
        "shelf"
    ],
    "179": [
        375,
        "computer_mouse"
    ],
    "180": [
        18,
        "patio_chair"
    ],
    "182": [
        24,
        "decoration"
    ],
    "183": [
        553,
        "handbag"
    ],
    "184": [
        419,
        "shelf"
    ],
    "185": [
        282,
        "picture"
    ],
    "186": [
        387,
        "table"
    ],
    "187": [
        403,
        "sink_cabinet"
    ],
    "189": [
        240,
        "kitchen_cabinet"
    ],
    "190": [
        289,
        "door"
    ],
    "191": [
        342,
        "chest_of_drawers"
    ],
    "192": [
        7,
        "flowerpot"
    ],
    "193": [
        42,
        "plant"
    ],
    "194": [
        330,
        "picture"
    ],
    "196": [
        237,
        "kitchen_cabinet"
    ],
    "197": [
        397,
        "bathroom_towel"
    ],
    "198": [
        412,
        "toilet_brush"
    ],
    "199": [
        443,
        "painting"
    ],
    "200": [
        464,
        "pillow"
    ],
    "201": [
        99,
        "picture"
    ],
    "202": [
        260,
        "toilet"
    ],
    "203": [
        470,
        "bed_comforter"
    ],
    "205": [
        122,
        "basket_of_something"
    ],
    "206": [
        219,
        "paper_towel"
    ],
    "207": [
        58,
        "decoration"
    ],
    "209": [
        385,
        "workstation"
    ],
    "210": [
        239,
        "kitchen_cabinet"
    ],
    "213": [
        363,
        "rack"
    ],
    "214": [
        4,
        "flowerpot"
    ],
    "215": [
        555,
        "handbag"
    ],
    "216": [
        381,
        "computer_equipment"
    ],
    "217": [
        338,
        "wardrobe"
    ],
    "218": [
        329,
        "picture"
    ],
    "220": [
        357,
        "storage_box"
    ],
    "221": [
        103,
        "pillow"
    ],
    "223": [
        324,
        "picture"
    ],
    "224": [
        41,
        "flowerpot"
    ],
    "226": [
        463,
        "pillow"
    ],
    "227": [
        368,
        "storage_box"
    ],
    "228": [
        144,
        "mat"
    ],
    "229": [
        513,
        "mirror"
    ],
    "233": [
        143,
        "mat"
    ],
    "235": [
        372,
        "folder"
    ],
    "236": [
        13,
        "patio_chair"
    ],
    "238": [
        21,
        "flowerpot"
    ],
    "240": [
        113,
        "pillow"
    ],
    "242": [
        98,
        "picture"
    ],
    "243": [
        438,
        "shower_curtain_rod"
    ],
    "244": [
        137,
        "floor_lamp"
    ],
    "248": [
        350,
        "trashcan"
    ],
    "249": [
        29,
        "decoration"
    ],
    "250": [
        52,
        "bag"
    ],
    "251": [
        369,
        "storage_box"
    ],
    "252": [
        8,
        "flowerpot"
    ],
    "253": [
        59,
        "decoration"
    ],
    "254": [
        378,
        "clutter"
    ],
    "255": [
        20,
        "decoration"
    ],
    "256": [
        250,
        "faucet"
    ],
    "258": [
        396,
        "mirror"
    ],
    "262": [
        48,
        "patio_floor"
    ],
    "263": [
        370,
        "storage_box"
    ],
    "264": [
        452,
        "painting"
    ],
    "265": [
        243,
        "display_cabinet"
    ],
    "267": [
        388,
        "storage_box"
    ],
    "268": [
        373,
        "folder"
    ],
    "271": [
        109,
        "decoration"
    ],
    "272": [
        211,
        "kitchen_top"
    ],
    "273": [
        560,
        "cosmetics"
    ],
    "274": [
        367,
        "decorative_plant"
    ],
    "275": [
        474,
        "nightstand"
    ],
    "278": [
        340,
        "office_table"
    ],
    "279": [
        539,
        "luggage"
    ],
    "283": [
        402,
        "hot_water_cold_water_knob"
    ],
    "286": [
        541,
        "clothes"
    ],
    "287": [
        114,
        "table"
    ],
    "288": [
        208,
        "refrigerator"
    ],
    "291": [
        142,
        "mat"
    ],
    "293": [
        455,
        "bedside_lamp"
    ],
    "298": [
        10,
        "patio_chair"
    ],
    "299": [
        517,
        "toilet"
    ],
    "300": [
        374,
        "folder"
    ],
    "302": [
        199,
        "kitchen_appliance"
    ],
    "303": [
        68,
        "wood"
    ],
    "304": [
        90,
        "ceiling_lamp"
    ],
    "305": [
        542,
        "clothes"
    ],
    "306": [
        111,
        "rug"
    ],
    "307": [
        206,
        "window"
    ],
    "311": [
        233,
        "kitchen_lower_cabinet"
    ],
    "312": [
        353,
        "stationery"
    ],
    "315": [
        401,
        "hot_water_cold_water_knob"
    ],
    "321": [
        127,
        "blanket"
    ],
    "323": [
        365,
        "sculpture"
    ],
    "325": [
        302,
        "decorative_plant"
    ],
    "326": [
        552,
        "shelf_clutter"
    ],
    "327": [
        38,
        "table"
    ],
    "328": [
        355,
        "stationery"
    ],
    "329": [
        515,
        "toilet_paper"
    ],
    "331": [
        171,
        "dining_chair"
    ],
    "332": [
        554,
        "handbag"
    ],
    "333": [
        558,
        "ceiling_vent"
    ],
    "334": [
        105,
        "pillow"
    ],
    "335": [
        352,
        "stationery"
    ],
    "337": [
        271,
        "door"
    ],
    "338": [
        413,
        "toilet"
    ],
    "339": [
        544,
        "clothes"
    ],
    "340": [
        54,
        "stone"
    ],
    "343": [
        205,
        "side_table"
    ],
    "344": [
        214,
        "sink"
    ],
    "348": [
        467,
        "pillow"
    ],
    "350": [
        177,
        "ceiling_lamp"
    ],
    "351": [
        27,
        "plant"
    ],
    "352": [
        296,
        "mirror"
    ],
    "353": [
        166,
        "decorative_plant"
    ],
    "354": [
        550,
        "clothes"
    ],
    "356": [
        418,
        "shelf"
    ],
    "357": [
        118,
        "basket_of_something"
    ],
    "359": [
        136,
        "table"
    ],
    "363": [
        533,
        "hot_water_cold_water_knob"
    ],
    "365": [
        203,
        "decorative_plant"
    ],
    "366": [
        145,
        "mat"
    ],
    "368": [
        461,
        "pillow"
    ],
    "369": [
        92,
        "mirror"
    ],
    "370": [
        408,
        "hook"
    ],
    "371": [
        510,
        "flowerpot"
    ],
    "373": [
        64,
        "plant"
    ],
    "374": [
        66,
        "tray"
    ],
    "375": [
        287,
        "door_window"
    ],
    "376": [
        45,
        "chair"
    ],
    "377": [
        26,
        "decoration"
    ],
    "378": [
        371,
        "storage_box"
    ],
    "379": [
        164,
        "box_of_tissues"
    ],
    "380": [
        101,
        "picture"
    ],
    "381": [
        165,
        "basket_of_something"
    ],
    "383": [
        110,
        "couch"
    ],
    "384": [
        398,
        "picture"
    ],
    "385": [
        31,
        "flowerpot"
    ],
    "386": [
        446,
        "ceiling_lamp"
    ],
    "387": [
        344,
        "paper_storage"
    ],
    "388": [
        540,
        "clothes"
    ],
    "391": [
        178,
        "ceiling_lamp"
    ],
    "398": [
        130,
        "candle_holder"
    ],
    "399": [
        212,
        "kitchen_top"
    ],
    "400": [
        159,
        "armchair"
    ],
    "401": [
        167,
        "flowerpot"
    ],
    "402": [
        53,
        "cover"
    ],
    "404": [
        163,
        "basket"
    ],
    "405": [
        242,
        "cabinet_clutter"
    ],
    "406": [
        414,
        "faucet"
    ],
    "410": [
        273,
        "ceiling_lamp"
    ],
    "411": [
        358,
        "folder"
    ],
    "412": [
        351,
        "stationery"
    ],
    "414": [
        22,
        "flowerpot"
    ],
    "415": [
        526,
        "shower_bench"
    ],
    "417": [
        46,
        "patio_chair"
    ],
    "418": [
        323,
        "ceiling_lamp"
    ],
    "419": [
        361,
        "clutter"
    ],
    "420": [
        531,
        "shower_hose"
    ],
    "421": [
        82,
        "pillar"
    ],
    "422": [
        15,
        "pillow"
    ],
    "423": [
        231,
        "kitchen_lower_cabinet"
    ],
    "425": [
        74,
        "decoration"
    ],
    "426": [
        124,
        "box"
    ],
    "427": [
        76,
        "sliding_glass_door"
    ],
    "429": [
        377,
        "printer"
    ],
    "430": [
        33,
        "umbrella"
    ],
    "431": [
        123,
        "basket_of_something"
    ],
    "433": [
        197,
        "picture"
    ],
    "435": [
        120,
        "basket_of_something"
    ],
    "436": [
        186,
        "vent"
    ],
    "438": [
        11,
        "patio_chair"
    ],
    "439": [
        292,
        "decoration"
    ],
    "440": [
        315,
        "wall_electronics"
    ],
    "441": [
        108,
        "pillow"
    ],
    "442": [
        170,
        "dining_table"
    ],
    "444": [
        247,
        "mirror"
    ],
    "445": [
        198,
        "basket_of_something"
    ],
    "446": [
        300,
        "coat_rack"
    ],
    "447": [
        325,
        "wall_lamp"
    ],
    "449": [
        12,
        "pillow"
    ],
    "450": [
        248,
        "picture"
    ],
    "452": [
        70,
        "bouquet"
    ],
    "455": [
        476,
        "book"
    ],
    "457": [
        328,
        "mirror"
    ],
    "461": [
        366,
        "table_lamp"
    ],
    "464": [
        294,
        "hat"
    ],
    "466": [
        465,
        "pillow"
    ],
    "467": [
        9,
        "plant"
    ],
    "468": [
        133,
        "pouffe"
    ],
    "469": [
        106,
        "pillow"
    ],
    "470": [
        107,
        "pillow"
    ],
    "471": [
        521,
        "cabinet"
    ],
    "472": [
        354,
        "stationery"
    ],
    "473": [
        409,
        "showerhead"
    ],
    "474": [
        530,
        "shower_rod"
    ],
    "475": [
        39,
        "flowerpot"
    ],
    "477": [
        220,
        "oven_and_stove"
    ],
    "478": [
        57,
        "plant"
    ],
    "479": [
        442,
        "wall_tv"
    ],
    "480": [
        232,
        "kitchen_lower_cabinet"
    ],
    "482": [
        346,
        "office_chair"
    ],
    "483": [
        218,
        "knife_holder"
    ],
    "485": [
        425,
        "cosmetic"
    ],
    "486": [
        139,
        "dining_chair"
    ],
    "487": [
        406,
        "door"
    ],
    "488": [
        14,
        "pillow"
    ],
    "489": [
        327,
        "lampshade"
    ],
    "492": [
        416,
        "bathtub"
    ],
    "493": [
        30,
        "plant"
    ],
    "494": [
        135,
        "table_lamp"
    ],
    "495": [
        454,
        "bedside_lamp"
    ],
    "497": [
        488,
        "ceiling_lamp"
    ],
    "498": [
        415,
        "shower_knob"
    ],
    "499": [
        162,
        "decorative_plant"
    ],
    "500": [
        236,
        "kitchen_lower_cabinet"
    ],
    "501": [
        89,
        "ceiling_lamp"
    ],
    "504": [
        458,
        "table_lamp"
    ],
    "505": [
        119,
        "basket_of_something"
    ],
    "506": [
        234,
        "kitchen_lower_cabinet"
    ],
    "507": [
        169,
        "cabinet"
    ],
    "508": [
        244,
        "vent"
    ],
    "509": [
        280,
        "door"
    ],
    "510": [
        400,
        "faucet"
    ],
    "511": [
        65,
        "tray"
    ],
    "512": [
        196,
        "door"
    ],
    "513": [
        217,
        "kitchen_countertop_item"
    ],
    "517": [
        310,
        "ceiling_lamp"
    ],
    "518": [
        376,
        "keyboard"
    ],
    "519": [
        417,
        "shower_curtain"
    ],
    "520": [
        360,
        "clutter"
    ],
    "527": [
        337,
        "window"
    ],
    "532": [
        460,
        "pillow"
    ],
    "533": [
        356,
        "storage_box"
    ],
    "539": [
        532,
        "showerhead"
    ],
    "540": [
        384,
        "chest"
    ],
    "541": [
        518,
        "cabinet"
    ],
    "543": [
        104,
        "pillow"
    ],
    "545": [
        537,
        "ceiling_lamp"
    ],
    "546": [
        17,
        "patio_chair"
    ],
    "548": [
        293,
        "hat"
    ],
    "550": [
        40,
        "plant"
    ],
    "552": [
        420,
        "shelf"
    ],
    "554": [
        200,
        "kitchen_appliance"
    ],
    "555": [
        395,
        "wall_lamp"
    ],
    "556": [
        117,
        "basket_of_something"
    ],
    "558": [
        102,
        "picture"
    ],
    "560": [
        241,
        "kitchen_cabinet"
    ],
    "561": [
        2,
        "plant"
    ]
}