{
    "3": [
        749,
        "dishwasher"
    ],
    "4": [
        483,
        "table_lamp"
    ],
    "8": [
        365,
        "kitchen_counter"
    ],
    "9": [
        792,
        "box"
    ],
    "10": [
        670,
        "cushion"
    ],
    "11": [
        724,
        "mirror"
    ],
    "13": [
        78,
        "cabinet"
    ],
    "14": [
        252,
        "stovetop"
    ],
    "17": [
        299,
        "decoration"
    ],
    "21": [
        28,
        "cushion"
    ],
    "22": [
        612,
        "desk"
    ],
    "27": [
        907,
        "shoe"
    ],
    "29": [
        85,
        "monitor"
    ],
    "32": [
        135,
        "wardrobe"
    ],
    "33": [
        263,
        "cushion"
    ],
    "35": [
        545,
        "decoration"
    ],
    "37": [
        203,
        "ceiling_lamp"
    ],
    "39": [
        248,
        "cabinet"
    ],
    "40": [
        54,
        "ceiling_lamp"
    ],
    "41": [
        622,
        "cushion"
    ],
    "42": [
        148,
        "painting"
    ],
    "44": [
        34,
        "cushion"
    ],
    "46": [
        908,
        "shoe"
    ],
    "48": [
        529,
        "door"
    ],
    "50": [
        735,
        "sink_cabinet"
    ],
    "51": [
        281,
        "chair"
    ],
    "52": [
        475,
        "curtain"
    ],
    "53": [
        380,
        "shelf"
    ],
    "54": [
        885,
        "ceiling_lamp"
    ],
    "55": [
        268,
        "coffee_table"
    ],
    "57": [
        861,
        "coffee_table"
    ],
    "58": [
        568,
        "sink"
    ],
    "59": [
        243,
        "oven"
    ],
    "63": [
        668,
        "cushion"
    ],
    "69": [
        922,
        "washing_stuff"
    ],
    "72": [
        261,
        "throw_blanket"
    ],
    "73": [
        158,
        "wardrobe"
    ],
    "74": [
        520,
        "wardrobe"
    ],
    "75": [
        544,
        "decoration"
    ],
    "76": [
        547,
        "aquarium"
    ],
    "77": [
        271,
        "cabinet"
    ],
    "80": [
        672,
        "shelf"
    ],
    "82": [
        136,
        "wardrobe"
    ],
    "83": [
        820,
        "door"
    ],
    "86": [
        899,
        "chair"
    ],
    "87": [
        763,
        "doormat"
    ],
    "88": [
        472,
        "curtain_rod"
    ],
    "89": [
        109,
        "sink_cabinet"
    ],
    "90": [
        438,
        "rug"
    ],
    "92": [
        310,
        "door"
    ],
    "93": [
        463,
        "door"
    ],
    "94": [
        128,
        "toilet_paper"
    ],
    "95": [
        623,
        "nightstand"
    ],
    "102": [
        107,
        "door"
    ],
    "103": [
        658,
        "window_curtain"
    ],
    "105": [
        423,
        "wall_lamp"
    ],
    "107": [
        872,
        "roof"
    ],
    "109": [
        242,
        "oven"
    ],
    "110": [
        154,
        "door"
    ],
    "111": [
        523,
        "mirror"
    ],
    "112": [
        527,
        "curtain"
    ],
    "113": [
        25,
        "cushion"
    ],
    "117": [
        571,
        "blinds"
    ],
    "119": [
        746,
        "blinds"
    ],
    "120": [
        478,
        "window_curtain"
    ],
    "121": [
        332,
        "bathroom_utensil"
    ],
    "122": [
        479,
        "window_curtain"
    ],
    "123": [
        651,
        "blinds"
    ],
    "126": [
        179,
        "door"
    ],
    "128": [
        43,
        "door"
    ],
    "129": [
        254,
        "bowl"
    ],
    "131": [
        432,
        "ceiling_lamp"
    ],
    "133": [
        664,
        "cushion"
    ],
    "134": [
        708,
        "table_lamp"
    ],
    "136": [
        895,
        "lounge_chair"
    ],
    "139": [
        587,
        "toilet_paper"
    ],
    "141": [
        21,
        "cushion"
    ],
    "142": [
        329,
        "sink"
    ],
    "143": [
        443,
        "cushion"
    ],
    "144": [
        448,
        "cushion"
    ],
    "146": [
        613,
        "storage_box"
    ],
    "147": [
        793,
        "shelf"
    ],
    "148": [
        1,
        "carpet"
    ],
    "149": [
        302,
        "window_curtain"
    ],
    "152": [
        607,
        "wall_board"
    ],
    "154": [
        958,
        "towel"
    ],
    "155": [
        20,
        "cushion"
    ],
    "162": [
        802,
        "shovel"
    ],
    "163": [
        904,
        "shoe"
    ],
    "164": [
        11,
        "table_lamp"
    ],
    "165": [
        155,
        "door"
    ],
    "166": [
        340,
        "window"
    ],
    "168": [
        386,
        "decoration"
    ],
    "169": [
        794,
        "shelf"
    ],
    "171": [
        314,
        "decoration"
    ],
    "172": [
        295,
        "decoration"
    ],
    "174": [
        12,
        "table_lamp"
    ],
    "175": [
        616,
        "bed"
    ],
    "179": [
        96,
        "shower"
    ],
    "180": [
        711,
        "desk"
    ],
    "181": [
        300,
        "door"
    ],
    "183": [
        967,
        "towel"
    ],
    "184": [
        480,
        "window"
    ],
    "185": [
        172,
        "wardrobe"
    ],
    "186": [
        567,
        "sink"
    ],
    "187": [
        870,
        "throw_blanket"
    ],
    "188": [
        590,
        "towel"
    ],
    "190": [
        212,
        "painting"
    ],
    "192": [
        867,
        "cushion"
    ],
    "194": [
        838,
        "window__outside"
    ],
    "196": [
        652,
        "bookshelf"
    ],
    "200": [
        73,
        "display_cabinet"
    ],
    "202": [
        98,
        "mirror"
    ],
    "204": [
        89,
        "ceiling_lamp"
    ],
    "205": [
        137,
        "basket"
    ],
    "206": [
        23,
        "cushion"
    ],
    "207": [
        591,
        "towel"
    ],
    "209": [
        857,
        "pillar"
    ],
    "212": [
        576,
        "door"
    ],
    "213": [
        24,
        "cushion"
    ],
    "214": [
        973,
        "bag"
    ],
    "218": [
        696,
        "painting"
    ],
    "220": [
        822,
        "laundry_machine"
    ],
    "221": [
        850,
        "cushion"
    ],
    "222": [
        103,
        "bathtub_utensil"
    ],
    "226": [
        702,
        "basket"
    ],
    "228": [
        728,
        "blinds"
    ],
    "229": [
        828,
        "laundry_basket"
    ],
    "230": [
        83,
        "mouse"
    ],
    "231": [
        945,
        "case"
    ],
    "232": [
        827,
        "laundry_basket"
    ],
    "237": [
        826,
        "shelf_cubby"
    ],
    "238": [
        714,
        "laptop"
    ],
    "239": [
        965,
        "clothes"
    ],
    "240": [
        751,
        "sink"
    ],
    "245": [
        730,
        "trashcan"
    ],
    "246": [
        962,
        "clothes"
    ],
    "249": [
        276,
        "table"
    ],
    "250": [
        791,
        "bag"
    ],
    "251": [
        521,
        "rug"
    ],
    "254": [
        233,
        "painting"
    ],
    "255": [
        900,
        "chair"
    ],
    "260": [
        663,
        "bed"
    ],
    "261": [
        280,
        "chair"
    ],
    "264": [
        662,
        "stool"
    ],
    "265": [
        896,
        "table"
    ],
    "266": [
        284,
        "chair"
    ],
    "268": [
        420,
        "coat_rack"
    ],
    "270": [
        627,
        "window_curtain"
    ],
    "272": [
        778,
        "door"
    ],
    "273": [
        655,
        "window"
    ],
    "276": [
        839,
        "window__outside"
    ],
    "278": [
        14,
        "bed_curtain"
    ],
    "281": [
        308,
        "curtain_rod"
    ],
    "282": [
        937,
        "toy"
    ],
    "283": [
        272,
        "candle"
    ],
    "284": [
        912,
        "shoe"
    ],
    "285": [
        377,
        "knife_holder"
    ],
    "287": [
        245,
        "oven"
    ],
    "288": [
        905,
        "shoe"
    ],
    "291": [
        789,
        "basket"
    ],
    "293": [
        931,
        "book"
    ],
    "294": [
        673,
        "toy"
    ],
    "295": [
        257,
        "bar_chair"
    ],
    "298": [
        868,
        "cushion"
    ],
    "299": [
        909,
        "shoe"
    ],
    "302": [
        906,
        "shoe"
    ],
    "304": [
        285,
        "chair"
    ],
    "305": [
        801,
        "shoe"
    ],
    "306": [
        387,
        "decoration"
    ],
    "307": [
        412,
        "door"
    ],
    "309": [
        593,
        "towel"
    ],
    "312": [
        292,
        "shelf"
    ],
    "314": [
        366,
        "kitchen_lower_cabinet"
    ],
    "315": [
        370,
        "kitchen_cabinet"
    ],
    "316": [
        378,
        "telephone"
    ],
    "318": [
        903,
        "chair"
    ],
    "319": [
        113,
        "candle"
    ],
    "320": [
        296,
        "cabinet"
    ],
    "321": [
        890,
        "sofa"
    ],
    "322": [
        671,
        "nightstand"
    ],
    "323": [
        750,
        "kitchen_counter"
    ],
    "324": [
        385,
        "decoration"
    ],
    "325": [
        456,
        "coffee_table"
    ],
    "326": [
        572,
        "bathtub"
    ],
    "328": [
        289,
        "shelf"
    ],
    "329": [
        569,
        "window"
    ],
    "330": [
        848,
        "rug"
    ],
    "331": [
        592,
        "towel"
    ],
    "333": [
        57,
        "door"
    ],
    "334": [
        22,
        "cushion"
    ],
    "335": [
        184,
        "cushion"
    ],
    "336": [
        790,
        "bag"
    ],
    "339": [
        384,
        "decoration"
    ],
    "340": [
        193,
        "curtain_rod"
    ],
    "341": [
        473,
        "door"
    ],
    "343": [
        913,
        "shoe"
    ],
    "344": [
        13,
        "nightstand"
    ],
    "345": [
        847,
        "grill"
    ],
    "346": [
        829,
        "washing_stuff"
    ],
    "351": [
        927,
        "book"
    ],
    "352": [
        433,
        "ceiling_lamp"
    ],
    "355": [
        715,
        "door"
    ],
    "356": [
        647,
        "painting"
    ],
    "357": [
        441,
        "cushion"
    ],
    "360": [
        756,
        "cardboard_box"
    ],
    "361": [
        102,
        "bathtub"
    ],
    "362": [
        324,
        "door"
    ],
    "363": [
        852,
        "cushion"
    ],
    "364": [
        79,
        "shelf"
    ],
    "367": [
        774,
        "wall_board"
    ],
    "368": [
        17,
        "cushion"
    ],
    "371": [
        781,
        "cardboard"
    ],
    "372": [
        948,
        "box"
    ],
    "373": [
        430,
        "ceiling_lamp"
    ],
    "375": [
        348,
        "ceiling_lamp"
    ],
    "377": [
        471,
        "curtain"
    ],
    "378": [
        706,
        "cushion"
    ],
    "379": [
        244,
        "oven"
    ],
    "380": [
        536,
        "table_lamp"
    ],
    "381": [
        619,
        "cushion"
    ],
    "382": [
        48,
        "window_curtain"
    ],
    "383": [
        345,
        "toilet_brush"
    ],
    "384": [
        442,
        "cushion"
    ],
    "386": [
        445,
        "cushion"
    ],
    "389": [
        465,
        "door"
    ],
    "390": [
        2,
        "rug"
    ],
    "391": [
        862,
        "decoration"
    ],
    "392": [
        911,
        "cardboard"
    ],
    "393": [
        534,
        "cushion"
    ],
    "394": [
        265,
        "cushion"
    ],
    "398": [
        462,
        "door"
    ],
    "400": [
        447,
        "cushion"
    ],
    "401": [
        540,
        "decoration"
    ],
    "405": [
        424,
        "wall_lamp"
    ],
    "410": [
        382,
        "shelf"
    ],
    "411": [
        725,
        "shower"
    ],
    "412": [
        910,
        "bag"
    ],
    "414": [
        532,
        "cushion"
    ],
    "419": [
        573,
        "laundry_basket"
    ],
    "420": [
        186,
        "cushion"
    ],
    "423": [
        383,
        "decoration"
    ],
    "424": [
        528,
        "curtain_rod"
    ],
    "426": [
        322,
        "mirror"
    ],
    "427": [
        543,
        "decoration"
    ],
    "429": [
        18,
        "cushion"
    ],
    "432": [
        533,
        "sofa_chair"
    ],
    "436": [
        259,
        "bar_chair"
    ],
    "438": [
        951,
        "hanging_clothes"
    ],
    "439": [
        782,
        "window"
    ],
    "440": [
        710,
        "desk_chair"
    ],
    "442": [
        368,
        "kitchen_cabinet"
    ],
    "443": [
        270,
        "decoration"
    ],
    "444": [
        659,
        "window_curtain"
    ],
    "445": [
        837,
        "window__outside"
    ],
    "446": [
        825,
        "sink"
    ],
    "447": [
        745,
        "window"
    ],
    "448": [
        225,
        "ceiling_lamp"
    ],
    "450": [
        661,
        "desk"
    ],
    "452": [
        522,
        "painting"
    ],
    "453": [
        830,
        "laundry_basket"
    ],
    "454": [
        414,
        "window"
    ],
    "455": [
        832,
        "clothes_hanger"
    ],
    "458": [
        389,
        "pot"
    ],
    "459": [
        206,
        "ceiling_lamp"
    ],
    "461": [
        935,
        "book"
    ],
    "463": [
        418,
        "plant"
    ],
    "464": [
        969,
        "appliance"
    ],
    "466": [
        849,
        "sofa_chair"
    ],
    "471": [
        800,
        "shoe"
    ],
    "472": [
        440,
        "cushion"
    ],
    "475": [
        189,
        "decoration"
    ],
    "476": [
        375,
        "door"
    ],
    "478": [
        957,
        "hanging_clothes"
    ],
    "479": [
        415,
        "window"
    ],
    "480": [
        187,
        "nightstand"
    ],
    "484": [
        964,
        "box"
    ],
    "486": [
        26,
        "cushion"
    ],
    "487": [
        264,
        "cushion"
    ],
    "488": [
        44,
        "window_curtain"
    ],
    "490": [
        554,
        "ceiling_lamp"
    ],
    "494": [
        930,
        "book"
    ],
    "496": [
        182,
        "cushion"
    ],
    "497": [
        101,
        "blinds"
    ],
    "499": [
        297,
        "tv"
    ],
    "505": [
        260,
        "sofa"
    ],
    "506": [
        313,
        "decoration"
    ],
    "507": [
        454,
        "wall_tv"
    ],
    "508": [
        458,
        "plant"
    ],
    "509": [
        484,
        "decoration"
    ],
    "510": [
        542,
        "plant"
    ],
    "511": [
        110,
        "bathroom_towel"
    ],
    "513": [
        748,
        "kitchen_cabinet"
    ],
    "517": [
        538,
        "coffee_table"
    ],
    "518": [
        824,
        "countertop"
    ],
    "519": [
        835,
        "fuse_box"
    ],
    "520": [
        362,
        "window"
    ],
    "522": [
        526,
        "bookshelf"
    ],
    "524": [
        866,
        "cushion"
    ],
    "525": [
        277,
        "chair"
    ],
    "526": [
        604,
        "wardrobe"
    ],
    "528": [
        304,
        "window_curtain"
    ],
    "529": [
        932,
        "book"
    ],
    "533": [
        111,
        "sink"
    ],
    "538": [
        141,
        "door"
    ],
    "540": [
        869,
        "cushion"
    ],
    "541": [
        699,
        "window"
    ],
    "542": [
        929,
        "book"
    ],
    "543": [
        249,
        "kitchen_cabinet"
    ],
    "544": [
        944,
        "box"
    ],
    "545": [
        444,
        "cushion"
    ],
    "546": [
        374,
        "plant"
    ],
    "547": [
        344,
        "toilet"
    ],
    "549": [
        586,
        "toilet_brush"
    ],
    "550": [
        618,
        "cushion"
    ],
    "552": [
        788,
        "plant"
    ],
    "553": [
        181,
        "bed"
    ],
    "555": [
        537,
        "coffee_table"
    ],
    "556": [
        942,
        "pile_of_magazines"
    ],
    "557": [
        709,
        "curtain_rod"
    ],
    "558": [
        8,
        "painting"
    ],
    "559": [
        940,
        "pile_of_magazines"
    ],
    "561": [
        703,
        "window_curtain"
    ],
    "565": [
        200,
        "ceiling_lamp"
    ],
    "566": [
        821,
        "cabinet"
    ],
    "567": [
        915,
        "shoe"
    ],
    "569": [
        955,
        "hanging_clothes"
    ],
    "571": [
        897,
        "decoration"
    ],
    "574": [
        629,
        "window_curtain"
    ],
    "576": [
        594,
        "shower_bar"
    ],
    "577": [
        134,
        "mirror"
    ],
    "578": [
        53,
        "painting"
    ],
    "579": [
        631,
        "window"
    ],
    "582": [
        535,
        "coffee_table"
    ],
    "584": [
        76,
        "painting"
    ],
    "585": [
        10,
        "nightstand"
    ],
    "587": [
        644,
        "wardrobe"
    ],
    "588": [
        834,
        "object"
    ],
    "590": [
        105,
        "door"
    ],
    "593": [
        926,
        "book"
    ],
    "594": [
        960,
        "clothes"
    ],
    "595": [
        127,
        "toilet_brush"
    ],
    "596": [
        675,
        "toy"
    ],
    "599": [
        574,
        "door"
    ],
    "600": [
        875,
        "window"
    ],
    "602": [
        799,
        "umbrella"
    ],
    "603": [
        731,
        "toilet_brush"
    ],
    "604": [
        446,
        "cushion"
    ],
    "605": [
        7,
        "painting"
    ],
    "606": [
        269,
        "plant"
    ],
    "608": [
        615,
        "chest"
    ],
    "609": [
        288,
        "shelf"
    ],
    "612": [
        95,
        "recessed_cubby"
    ],
    "613": [
        47,
        "window_curtain"
    ],
    "615": [
        674,
        "toy"
    ],
    "617": [
        968,
        "towel"
    ],
    "618": [
        115,
        "bathroom_utensil"
    ],
    "620": [
        419,
        "rug"
    ],
    "621": [
        614,
        "storage_box"
    ],
    "622": [
        865,
        "cushion"
    ],
    "624": [
        439,
        "sofa"
    ],
    "626": [
        477,
        "curtain_rod"
    ],
    "627": [
        754,
        "decoration"
    ],
    "629": [
        732,
        "toilet"
    ],
    "632": [
        15,
        "window_curtain"
    ],
    "634": [
        185,
        "cushion"
    ],
    "635": [
        240,
        "kitchen_cabinet"
    ],
    "638": [
        159,
        "wardrobe"
    ],
    "641": [
        293,
        "shelf"
    ],
    "644": [
        914,
        "shoe"
    ],
    "645": [
        803,
        "handbag"
    ],
    "646": [
        361,
        "blinds"
    ],
    "647": [
        595,
        "carpet"
    ],
    "649": [
        916,
        "washing_stuff"
    ],
    "650": [
        250,
        "towel"
    ],
    "652": [
        476,
        "curtain"
    ],
    "653": [
        921,
        "washing_stuff"
    ],
    "655": [
        891,
        "plant"
    ],
    "656": [
        733,
        "toilet_paper"
    ],
    "657": [
        282,
        "chair"
    ],
    "659": [
        482,
        "table"
    ],
    "662": [
        469,
        "door"
    ],
    "663": [
        585,
        "toilet"
    ],
    "664": [
        278,
        "chair"
    ],
    "665": [
        286,
        "chair"
    ],
    "666": [
        961,
        "clothes"
    ],
    "669": [
        755,
        "shelf"
    ],
    "670": [
        74,
        "door"
    ],
    "671": [
        213,
        "painting"
    ],
    "674": [
        129,
        "toilet"
    ],
    "675": [
        707,
        "nightstand"
    ],
    "676": [
        804,
        "stack_of_papers"
    ],
    "678": [
        99,
        "window"
    ],
    "679": [
        941,
        "pile_of_magazines"
    ],
    "680": [
        970,
        "stack_of_papers"
    ],
    "684": [
        334,
        "candle"
    ],
    "686": [
        372,
        "dishwasher"
    ],
    "687": [
        546,
        "cabinet"
    ],
    "688": [
        457,
        "decoration"
    ],
    "689": [
        901,
        "chair"
    ],
    "690": [
        421,
        "rack"
    ],
    "691": [
        753,
        "kettle"
    ],
    "693": [
        919,
        "cardboard"
    ],
    "695": [
        19,
        "cushion"
    ],
    "696": [
        393,
        "ceiling_lamp"
    ],
    "698": [
        954,
        "hanging_clothes"
    ],
    "701": [
        33,
        "sofa_chair"
    ],
    "705": [
        796,
        "hanging_clothes"
    ],
    "706": [
        697,
        "painting"
    ],
    "708": [
        253,
        "sink"
    ],
    "711": [
        853,
        "cushion"
    ],
    "712": [
        256,
        "bar_chair"
    ],
    "717": [
        192,
        "window_curtain"
    ],
    "718": [
        367,
        "kitchen_lower_cabinet"
    ],
    "721": [
        653,
        "ball"
    ],
    "722": [
        191,
        "window_curtain"
    ],
    "723": [
        889,
        "window__outside"
    ],
    "724": [
        959,
        "clothes"
    ],
    "726": [
        559,
        "shower"
    ],
    "727": [
        190,
        "desk"
    ],
    "729": [
        291,
        "shelf"
    ],
    "730": [
        589,
        "radiator"
    ],
    "731": [
        183,
        "cushion"
    ],
    "734": [
        70,
        "window_curtain"
    ],
    "736": [
        943,
        "pile_of_magazines"
    ],
    "737": [
        251,
        "kitchen_counter"
    ],
    "739": [
        493,
        "curtain_rod"
    ],
    "741": [
        541,
        "decoration"
    ],
    "743": [
        116,
        "bathrobe"
    ],
    "747": [
        104,
        "plant"
    ],
    "748": [
        275,
        "table_lamp"
    ],
    "749": [
        917,
        "cardboard"
    ],
    "750": [
        388,
        "pot"
    ],
    "754": [
        846,
        "ceiling_lamp"
    ],
    "755": [
        923,
        "book"
    ],
    "756": [
        925,
        "book"
    ],
    "758": [
        649,
        "window"
    ],
    "760": [
        775,
        "garage_door"
    ],
    "762": [
        303,
        "curtain_rod"
    ],
    "763": [
        864,
        "sofa"
    ],
    "764": [
        309,
        "window_curtain"
    ],
    "766": [
        617,
        "cushion"
    ],
    "768": [
        628,
        "desk"
    ],
    "769": [
        669,
        "cushion"
    ],
    "770": [
        112,
        "sink"
    ],
    "772": [
        798,
        "coat_hanger"
    ],
    "773": [
        712,
        "keyboard"
    ],
    "775": [
        694,
        "tv_stand"
    ],
    "778": [
        466,
        "door"
    ],
    "781": [
        258,
        "bar_chair"
    ],
    "782": [
        298,
        "decoration"
    ],
    "784": [
        330,
        "plant"
    ],
    "786": [
        831,
        "hanging_clothes"
    ],
    "787": [
        950,
        "hanging_clothes"
    ],
    "788": [
        752,
        "microwave"
    ],
    "789": [
        267,
        "rug"
    ],
    "790": [
        16,
        "bed"
    ],
    "791": [
        305,
        "window_curtain"
    ],
    "797": [
        343,
        "toilet_paper"
    ],
    "798": [
        369,
        "sink"
    ],
    "799": [
        325,
        "door"
    ],
    "801": [
        525,
        "bookshelf"
    ],
    "802": [
        871,
        "patio_floor"
    ],
    "803": [
        624,
        "nightstand"
    ],
    "804": [
        949,
        "hanging_clothes"
    ],
    "806": [
        82,
        "keyboard"
    ],
    "807": [
        283,
        "chair"
    ],
    "809": [
        611,
        "stool"
    ],
    "811": [
        879,
        "patio_floor"
    ],
    "812": [
        138,
        "toy"
    ],
    "815": [
        705,
        "cushion"
    ],
    "816": [
        279,
        "chair"
    ],
    "825": [
        924,
        "book"
    ],
    "826": [
        188,
        "bookshelf"
    ],
    "828": [
        588,
        "towel"
    ],
    "830": [
        621,
        "cushion"
    ],
    "831": [
        27,
        "cushion"
    ],
    "836": [
        416,
        "mirror"
    ],
    "837": [
        630,
        "window_curtain"
    ],
    "838": [
        634,
        "door"
    ],
    "839": [
        194,
        "rug"
    ],
    "842": [
        947,
        "box"
    ],
    "844": [
        177,
        "window"
    ],
    "845": [
        548,
        "basket"
    ],
    "846": [
        692,
        "wardrobe"
    ],
    "847": [
        704,
        "bed"
    ],
    "849": [
        886,
        "ceiling_lamp"
    ],
    "850": [
        780,
        "refrigerator"
    ],
    "852": [
        287,
        "rug"
    ],
    "855": [
        797,
        "hanging_clothes"
    ],
    "856": [
        31,
        "cabinet"
    ],
    "857": [
        485,
        "decoration"
    ],
    "858": [
        928,
        "book"
    ],
    "859": [
        84,
        "appliance"
    ],
    "860": [
        32,
        "wall_tv"
    ],
    "861": [
        273,
        "candle"
    ],
    "867": [
        371,
        "refrigerator"
    ],
    "868": [
        677,
        "toy"
    ],
    "869": [
        81,
        "desk"
    ],
    "871": [
        633,
        "curtain_rod"
    ],
    "873": [
        114,
        "bathroom_utensil"
    ],
    "874": [
        549,
        "door"
    ],
    "875": [
        898,
        "seat"
    ],
    "876": [
        934,
        "book"
    ],
    "877": [
        86,
        "monitor"
    ],
    "878": [
        331,
        "bathroom_utensil"
    ],
    "879": [
        734,
        "basket"
    ],
    "880": [
        974,
        "curtain_rod"
    ],
    "884": [
        71,
        "window"
    ],
    "885": [
        290,
        "shelf"
    ],
    "887": [
        665,
        "cushion"
    ],
    "888": [
        306,
        "window"
    ],
    "889": [
        315,
        "decoration"
    ],
    "891": [
        36,
        "decoration"
    ],
    "892": [
        77,
        "copier_machine"
    ],
    "894": [
        35,
        "cushion"
    ],
    "895": [
        565,
        "mirror"
    ],
    "896": [
        902,
        "chair"
    ],
    "897": [
        727,
        "window"
    ],
    "901": [
        823,
        "laundry_machine"
    ],
    "902": [
        678,
        "toy"
    ],
    "903": [
        946,
        "box"
    ],
    "906": [
        626,
        "window"
    ],
    "907": [
        856,
        "pillar"
    ],
    "909": [
        417,
        "table"
    ],
    "910": [
        381,
        "shelf"
    ],
    "911": [
        262,
        "cushion"
    ],
    "912": [
        266,
        "cushion"
    ],
    "913": [
        918,
        "cardboard"
    ],
    "914": [
        328,
        "sink_cabinet"
    ],
    "915": [
        357,
        "wall_board"
    ],
    "916": [
        851,
        "cushion"
    ],
    "917": [
        679,
        "door"
    ],
    "921": [
        379,
        "shelf"
    ],
    "922": [
        467,
        "fireplace"
    ],
    "924": [
        620,
        "cushion"
    ],
    "926": [
        676,
        "toy"
    ],
    "929": [
        952,
        "hanging_clothes"
    ],
    "931": [
        956,
        "hanging_clothes"
    ],
    "932": [
        364,
        "kitchen_counter"
    ],
    "933": [
        531,
        "sofa_chair"
    ],
    "934": [
        660,
        "curtain_rod"
    ],
    "935": [
        713,
        "mouse"
    ],
    "936": [
        939,
        "toy"
    ],
    "937": [
        566,
        "sink_cabinet"
    ],
    "938": [
        80,
        "desk_chair"
    ],
    "940": [
        721,
        "door"
    ],
    "941": [
        795,
        "drawers_for_clothes"
    ],
    "942": [
        920,
        "washing_stuff"
    ],
    "944": [
        966,
        "clothes"
    ],
    "947": [
        971,
        "stack_of_papers"
    ],
    "952": [
        539,
        "decoration"
    ],
    "954": [
        274,
        "candle"
    ],
    "955": [
        30,
        "window"
    ],
    "956": [
        701,
        "window_curtain"
    ],
    "957": [
        255,
        "bar_chair"
    ],
    "959": [
        667,
        "cushion"
    ],
    "960": [
        833,
        "object"
    ],
    "961": [
        666,
        "cushion"
    ],
    "962": [
        764,
        "doormat"
    ],
    "964": [
        46,
        "window"
    ],
    "966": [
        938,
        "toy"
    ],
    "967": [
        312,
        "curtain_rod"
    ],
    "971": [
        963,
        "box"
    ],
    "972": [
        247,
        "cabinet"
    ],
    "974": [
        953,
        "hanging_clothes"
    ]
}