{
    "4": [
        115,
        "window"
    ],
    "7": [
        62,
        "kitchen_cabinet"
    ],
    "9": [
        154,
        "pillow"
    ],
    "11": [
        91,
        "mirror"
    ],
    "13": [
        14,
        "book"
    ],
    "14": [
        144,
        "curtain"
    ],
    "15": [
        248,
        "towel"
    ],
    "16": [
        6,
        "window"
    ],
    "17": [
        278,
        "door"
    ],
    "18": [
        156,
        "rug"
    ],
    "20": [
        108,
        "painting"
    ],
    "21": [
        269,
        "curtain_rod"
    ],
    "23": [
        36,
        "door"
    ],
    "24": [
        222,
        "toilet_paper"
    ],
    "25": [
        224,
        "toilet"
    ],
    "26": [
        49,
        "table"
    ],
    "28": [
        120,
        "painting"
    ],
    "29": [
        114,
        "window"
    ],
    "31": [
        152,
        "thermostat"
    ],
    "34": [
        290,
        "telephone"
    ],
    "36": [
        104,
        "door"
    ],
    "38": [
        297,
        "cushion"
    ],
    "40": [
        79,
        "kitchen_cabinet"
    ],
    "41": [
        55,
        "refrigerator"
    ],
    "42": [
        159,
        "pillow"
    ],
    "44": [
        212,
        "towel"
    ],
    "46": [
        198,
        "sink"
    ],
    "47": [
        257,
        "chair"
    ],
    "48": [
        294,
        "bed"
    ],
    "49": [
        80,
        "kitchen_cabinet"
    ],
    "53": [
        20,
        "sofa"
    ],
    "56": [
        183,
        "shower_dial"
    ],
    "57": [
        82,
        "towel"
    ],
    "58": [
        24,
        "ornament"
    ],
    "60": [
        25,
        "ornament"
    ],
    "62": [
        64,
        "sink"
    ],
    "63": [
        96,
        "sink"
    ],
    "64": [
        249,
        "towel"
    ],
    "65": [
        97,
        "tap"
    ],
    "67": [
        63,
        "kitchen_cabinet"
    ],
    "68": [
        217,
        "box"
    ],
    "71": [
        143,
        "curtain"
    ],
    "72": [
        266,
        "rug"
    ],
    "73": [
        50,
        "chair"
    ],
    "75": [
        247,
        "towel"
    ],
    "77": [
        293,
        "nightstand"
    ],
    "79": [
        61,
        "kitchen_cabinet"
    ],
    "80": [
        27,
        "plant"
    ],
    "81": [
        179,
        "shampoo"
    ],
    "82": [
        21,
        "ornament"
    ],
    "86": [
        162,
        "bed"
    ],
    "87": [
        203,
        "sink_cabinet"
    ],
    "88": [
        286,
        "pillow"
    ],
    "89": [
        199,
        "tap"
    ],
    "90": [
        176,
        "shampoo"
    ],
    "91": [
        69,
        "dishwasher"
    ],
    "92": [
        35,
        "curtain_rod"
    ],
    "93": [
        19,
        "cushion"
    ],
    "97": [
        51,
        "chair"
    ],
    "99": [
        67,
        "kitchen_cabinet"
    ],
    "102": [
        281,
        "rug"
    ],
    "103": [
        256,
        "ceiling_fan"
    ],
    "105": [
        289,
        "lamp"
    ],
    "108": [
        276,
        "window"
    ],
    "110": [
        100,
        "sink_cabinet"
    ],
    "111": [
        232,
        "bathtub"
    ],
    "114": [
        235,
        "bath_cabinet"
    ],
    "115": [
        253,
        "sink_cabinet"
    ],
    "117": [
        65,
        "tap"
    ],
    "118": [
        28,
        "painting"
    ],
    "119": [
        16,
        "rug"
    ],
    "120": [
        275,
        "sideboard"
    ],
    "123": [
        221,
        "toilet_paper"
    ],
    "126": [
        113,
        "window"
    ],
    "127": [
        153,
        "door"
    ],
    "128": [
        142,
        "window"
    ],
    "129": [
        11,
        "remote_control"
    ],
    "132": [
        78,
        "kitchen_counter"
    ],
    "133": [
        90,
        "window"
    ],
    "134": [
        151,
        "table"
    ],
    "135": [
        15,
        "coffee_table"
    ],
    "136": [
        158,
        "pillow"
    ],
    "138": [
        71,
        "kitchen_cabinet"
    ],
    "142": [
        140,
        "painting"
    ],
    "143": [
        246,
        "soap_dispenser"
    ],
    "146": [
        250,
        "towel"
    ],
    "147": [
        81,
        "kitchen_cabinet"
    ],
    "148": [
        99,
        "soap_dispenser"
    ],
    "149": [
        188,
        "toilet_paper"
    ],
    "150": [
        116,
        "window"
    ],
    "151": [
        155,
        "pillow"
    ],
    "153": [
        139,
        "picture"
    ],
    "156": [
        171,
        "door"
    ],
    "158": [
        258,
        "table"
    ],
    "159": [
        209,
        "towel"
    ],
    "160": [
        231,
        "tap"
    ],
    "161": [
        215,
        "towel"
    ],
    "162": [
        204,
        "sink_cabinet"
    ],
    "163": [
        273,
        "tv"
    ],
    "164": [
        137,
        "picture"
    ],
    "169": [
        34,
        "curtain"
    ],
    "172": [
        56,
        "door"
    ],
    "173": [
        296,
        "window"
    ],
    "175": [
        181,
        "shower_hose_head"
    ],
    "176": [
        178,
        "shampoo"
    ],
    "178": [
        268,
        "curtain"
    ],
    "179": [
        213,
        "towel"
    ],
    "180": [
        88,
        "door"
    ],
    "182": [
        53,
        "chair"
    ],
    "183": [
        245,
        "towel"
    ],
    "186": [
        244,
        "tissue_box"
    ],
    "189": [
        141,
        "door"
    ],
    "191": [
        218,
        "box"
    ],
    "192": [
        72,
        "kitchen_cabinet"
    ],
    "193": [
        119,
        "door"
    ],
    "194": [
        29,
        "chair"
    ],
    "196": [
        94,
        "toilet_paper"
    ],
    "197": [
        38,
        "stool"
    ],
    "199": [
        95,
        "toilet"
    ],
    "202": [
        264,
        "door"
    ],
    "203": [
        207,
        "painting"
    ],
    "204": [
        66,
        "kitchen_counter"
    ],
    "208": [
        229,
        "vase"
    ],
    "213": [
        161,
        "bed"
    ],
    "214": [
        205,
        "mirror"
    ],
    "215": [
        214,
        "towel"
    ],
    "216": [
        18,
        "plant"
    ],
    "218": [
        287,
        "thermostat"
    ],
    "223": [
        193,
        "towel"
    ],
    "224": [
        13,
        "sideboard"
    ],
    "225": [
        39,
        "stool"
    ],
    "228": [
        243,
        "tap"
    ],
    "231": [
        75,
        "microwave"
    ],
    "233": [
        267,
        "curtain"
    ],
    "234": [
        274,
        "remote_control"
    ],
    "236": [
        7,
        "painting"
    ],
    "238": [
        2,
        "plant"
    ],
    "239": [
        87,
        "toilet_paper"
    ],
    "240": [
        105,
        "thermostat"
    ],
    "241": [
        54,
        "chair"
    ],
    "242": [
        157,
        "pillow"
    ],
    "243": [
        241,
        "door"
    ],
    "244": [
        202,
        "box_of_tissues"
    ],
    "245": [
        284,
        "pillow"
    ],
    "246": [
        208,
        "door"
    ],
    "247": [
        292,
        "nightstand"
    ],
    "249": [
        1,
        "tv"
    ],
    "250": [
        271,
        "painting"
    ],
    "253": [
        68,
        "kitchen_cabinet"
    ],
    "254": [
        149,
        "lamp"
    ],
    "255": [
        138,
        "picture"
    ],
    "259": [
        4,
        "curtain"
    ],
    "261": [
        228,
        "vase"
    ],
    "262": [
        17,
        "armchair"
    ],
    "263": [
        23,
        "sideboard"
    ],
    "264": [
        189,
        "towel"
    ],
    "265": [
        160,
        "pillow"
    ],
    "268": [
        177,
        "shampoo"
    ],
    "272": [
        117,
        "air_conditioner"
    ],
    "273": [
        73,
        "kitchen_cabinet"
    ],
    "277": [
        251,
        "sink"
    ],
    "278": [
        216,
        "box"
    ],
    "279": [
        242,
        "tap"
    ],
    "280": [
        239,
        "door"
    ],
    "281": [
        8,
        "ornament"
    ],
    "282": [
        288,
        "lamp"
    ],
    "283": [
        26,
        "curtain"
    ],
    "284": [
        194,
        "mirror"
    ],
    "286": [
        175,
        "shower_soap_shelf"
    ],
    "287": [
        285,
        "pillow"
    ],
    "288": [
        298,
        "telephone"
    ],
    "290": [
        84,
        "cooker"
    ],
    "292": [
        192,
        "toilet"
    ],
    "293": [
        98,
        "box"
    ],
    "294": [
        219,
        "towel"
    ],
    "295": [
        252,
        "sink"
    ],
    "296": [
        52,
        "chair"
    ],
    "297": [
        191,
        "bin"
    ],
    "299": [
        74,
        "kitchen_cabinet"
    ]
}