{
    "2": [
        156,
        "mirror"
    ],
    "5": [
        383,
        "wardrobe"
    ],
    "7": [
        511,
        "statue_art"
    ],
    "9": [
        348,
        "book"
    ],
    "12": [
        409,
        "radiator"
    ],
    "13": [
        370,
        "window"
    ],
    "15": [
        302,
        "painting"
    ],
    "17": [
        341,
        "ceiling_lamp"
    ],
    "19": [
        453,
        "door"
    ],
    "20": [
        539,
        "window"
    ],
    "22": [
        183,
        "bedside_lamp"
    ],
    "23": [
        195,
        "ceiling_lamp"
    ],
    "25": [
        70,
        "patio_chair"
    ],
    "28": [
        367,
        "bookshelf"
    ],
    "29": [
        432,
        "towel"
    ],
    "30": [
        83,
        "bed"
    ],
    "34": [
        159,
        "chair"
    ],
    "37": [
        21,
        "fan"
    ],
    "38": [
        451,
        "shelf"
    ],
    "39": [
        490,
        "dining_table"
    ],
    "40": [
        262,
        "window"
    ],
    "41": [
        363,
        "bed"
    ],
    "45": [
        96,
        "toilet_paper_dispenser"
    ],
    "46": [
        126,
        "shelf"
    ],
    "49": [
        216,
        "door"
    ],
    "50": [
        124,
        "radiator"
    ],
    "53": [
        418,
        "trashcan"
    ],
    "56": [
        173,
        "mirror"
    ],
    "58": [
        346,
        "book"
    ],
    "63": [
        542,
        "freezer"
    ],
    "66": [
        464,
        "pillow"
    ],
    "67": [
        428,
        "toilet"
    ],
    "71": [
        402,
        "mirror"
    ],
    "78": [
        446,
        "tv"
    ],
    "81": [
        382,
        "door"
    ],
    "84": [
        401,
        "toilet"
    ],
    "85": [
        520,
        "microwave"
    ],
    "87": [
        60,
        "bucket"
    ],
    "88": [
        458,
        "pillow"
    ],
    "89": [
        204,
        "mirror"
    ],
    "91": [
        243,
        "wardrobe"
    ],
    "104": [
        486,
        "window"
    ],
    "107": [
        242,
        "window"
    ],
    "110": [
        196,
        "painting"
    ],
    "114": [
        403,
        "bath_cabinet"
    ],
    "117": [
        349,
        "book"
    ],
    "119": [
        526,
        "oven_and_stove"
    ],
    "121": [
        92,
        "door"
    ],
    "122": [
        82,
        "bed"
    ],
    "125": [
        166,
        "bed"
    ],
    "127": [
        351,
        "clock"
    ],
    "128": [
        158,
        "desk"
    ],
    "130": [
        376,
        "bed_table"
    ],
    "131": [
        448,
        "air_conditioner"
    ],
    "134": [
        319,
        "wall_lamp"
    ],
    "136": [
        288,
        "table"
    ],
    "140": [
        239,
        "desk"
    ],
    "142": [
        337,
        "window"
    ],
    "143": [
        234,
        "ceiling_lamp"
    ],
    "144": [
        496,
        "window"
    ],
    "148": [
        491,
        "dining_table"
    ],
    "149": [
        535,
        "chair"
    ],
    "154": [
        487,
        "coach"
    ],
    "155": [
        524,
        "shelf"
    ],
    "156": [
        235,
        "painting"
    ],
    "157": [
        160,
        "painting"
    ],
    "161": [
        312,
        "mirror"
    ],
    "167": [
        522,
        "sink_table"
    ],
    "168": [
        563,
        "art_frame"
    ],
    "171": [
        15,
        "shelf"
    ],
    "172": [
        431,
        "cabinet"
    ],
    "177": [
        290,
        "wardrobe"
    ],
    "178": [
        457,
        "couch"
    ],
    "179": [
        101,
        "toilet_brush_holder"
    ],
    "182": [
        273,
        "mirror"
    ],
    "183": [
        112,
        "bath_faucet"
    ],
    "185": [
        495,
        "dining_table"
    ],
    "187": [
        293,
        "clock"
    ],
    "188": [
        207,
        "bathroom_cabinet"
    ],
    "189": [
        357,
        "wall_lamp"
    ],
    "199": [
        211,
        "toilet_brush"
    ],
    "202": [
        178,
        "radiator"
    ],
    "203": [
        67,
        "locker"
    ],
    "204": [
        249,
        "shelf"
    ],
    "206": [
        536,
        "curtain"
    ],
    "207": [
        278,
        "painting"
    ],
    "208": [
        330,
        "table"
    ],
    "209": [
        379,
        "wardrobe"
    ],
    "210": [
        97,
        "toilet"
    ],
    "212": [
        408,
        "curtain"
    ],
    "213": [
        47,
        "cabinet"
    ],
    "214": [
        572,
        "paper"
    ],
    "215": [
        87,
        "lamp"
    ],
    "218": [
        459,
        "pillow"
    ],
    "220": [
        175,
        "shelf"
    ],
    "221": [
        461,
        "pillow"
    ],
    "222": [
        246,
        "mirror"
    ],
    "225": [
        272,
        "bed_table"
    ],
    "227": [
        84,
        "radiator"
    ],
    "228": [
        411,
        "paper_towel_dispenser"
    ],
    "229": [
        11,
        "cabinet"
    ],
    "231": [
        140,
        "wardrobe"
    ],
    "233": [
        352,
        "statue_art"
    ],
    "234": [
        493,
        "dining_table"
    ],
    "239": [
        365,
        "wardrobe"
    ],
    "240": [
        331,
        "pillow"
    ],
    "242": [
        113,
        "faucet"
    ],
    "249": [
        468,
        "ceiling_lamp"
    ],
    "251": [
        444,
        "painting"
    ],
    "253": [
        373,
        "curtain"
    ],
    "254": [
        541,
        "shelf"
    ],
    "255": [
        244,
        "door"
    ],
    "256": [
        59,
        "trashcan"
    ],
    "258": [
        488,
        "pillow"
    ],
    "261": [
        64,
        "bucket"
    ],
    "264": [
        217,
        "ceiling_lamp"
    ],
    "268": [
        494,
        "dining_table"
    ],
    "269": [
        279,
        "mirror"
    ],
    "270": [
        582,
        "cabinet"
    ],
    "271": [
        462,
        "pillow"
    ],
    "272": [
        574,
        "table"
    ],
    "273": [
        206,
        "trashcan"
    ],
    "275": [
        44,
        "cabinet"
    ],
    "278": [
        12,
        "bench"
    ],
    "279": [
        510,
        "cabinet"
    ],
    "281": [
        344,
        "bookshelf"
    ],
    "283": [
        327,
        "armchair"
    ],
    "284": [
        220,
        "curtain"
    ],
    "285": [
        171,
        "coffee_table"
    ],
    "288": [
        395,
        "door"
    ],
    "289": [
        598,
        "pool"
    ],
    "290": [
        123,
        "ceiling_lamp"
    ],
    "294": [
        8,
        "pillar"
    ],
    "296": [
        333,
        "painting"
    ],
    "297": [
        606,
        "spice_rack"
    ],
    "298": [
        368,
        "ceiling_lamp"
    ],
    "299": [
        328,
        "window"
    ],
    "302": [
        374,
        "curtain"
    ],
    "303": [
        155,
        "plush_toy"
    ],
    "309": [
        240,
        "desk_chair"
    ],
    "310": [
        238,
        "globe"
    ],
    "312": [
        34,
        "washer"
    ],
    "315": [
        29,
        "door"
    ],
    "317": [
        378,
        "shelf"
    ],
    "318": [
        455,
        "window"
    ],
    "319": [
        116,
        "closet_shelf"
    ],
    "320": [
        259,
        "cabinet"
    ],
    "322": [
        571,
        "ceiling_lamp"
    ],
    "325": [
        548,
        "chair"
    ],
    "327": [
        538,
        "ceiling_lamp"
    ],
    "329": [
        245,
        "radiator"
    ],
    "333": [
        107,
        "mirror"
    ],
    "334": [
        412,
        "window"
    ],
    "338": [
        5,
        "window"
    ],
    "339": [
        94,
        "bath_mat"
    ],
    "340": [
        277,
        "radiator"
    ],
    "341": [
        375,
        "radiator"
    ],
    "342": [
        270,
        "desk"
    ],
    "349": [
        532,
        "counter"
    ],
    "350": [
        269,
        "desk_chair"
    ],
    "351": [
        100,
        "toilet_brush"
    ],
    "352": [
        280,
        "wardrobe"
    ],
    "353": [
        241,
        "closet"
    ],
    "354": [
        209,
        "toilet"
    ],
    "355": [
        466,
        "tv_stand"
    ],
    "357": [
        248,
        "cabinet"
    ],
    "360": [
        489,
        "dining_table"
    ],
    "362": [
        372,
        "curtain"
    ],
    "365": [
        452,
        "fireplace"
    ],
    "368": [
        282,
        "cabinet"
    ],
    "374": [
        127,
        "painting"
    ],
    "375": [
        555,
        "bowl"
    ],
    "376": [
        14,
        "cabinet"
    ],
    "377": [
        283,
        "painting"
    ],
    "378": [
        540,
        "shelf"
    ],
    "379": [
        528,
        "coffee_machine"
    ],
    "380": [
        445,
        "painting"
    ],
    "381": [
        39,
        "door"
    ],
    "386": [
        585,
        "wardrobe"
    ],
    "389": [
        419,
        "toilet_brush"
    ],
    "394": [
        294,
        "window"
    ],
    "395": [
        353,
        "vase"
    ],
    "398": [
        605,
        "painting"
    ],
    "399": [
        95,
        "bath_towel"
    ],
    "400": [
        460,
        "pillow"
    ],
    "403": [
        345,
        "book"
    ],
    "404": [
        99,
        "bath_mat"
    ],
    "405": [
        534,
        "chair"
    ],
    "406": [
        350,
        "book"
    ],
    "407": [
        557,
        "painting"
    ],
    "409": [
        465,
        "pillow"
    ],
    "412": [
        169,
        "wardrobe"
    ],
    "413": [
        404,
        "bath_sink"
    ],
    "414": [
        550,
        "pan"
    ],
    "415": [
        86,
        "bed_table"
    ],
    "417": [
        521,
        "shelf"
    ],
    "422": [
        406,
        "bath"
    ],
    "424": [
        497,
        "painting"
    ],
    "425": [
        115,
        "bathroom_shelf"
    ],
    "426": [
        152,
        "ceiling_lamp"
    ],
    "430": [
        85,
        "mirror"
    ],
    "433": [
        296,
        "curtain"
    ],
    "434": [
        271,
        "table_lamp"
    ],
    "435": [
        575,
        "door"
    ],
    "437": [
        258,
        "radiator"
    ],
    "438": [
        523,
        "shelf"
    ],
    "440": [
        35,
        "washing_machine"
    ],
    "441": [
        205,
        "bath_sink"
    ],
    "444": [
        504,
        "ceiling_lamp"
    ],
    "449": [
        287,
        "carpet"
    ],
    "450": [
        303,
        "painting"
    ],
    "453": [
        268,
        "photo"
    ],
    "454": [
        529,
        "shelf"
    ],
    "455": [
        308,
        "ceiling_lamp"
    ],
    "460": [
        320,
        "wall_lamp"
    ],
    "461": [
        436,
        "painting"
    ],
    "463": [
        549,
        "pan"
    ],
    "464": [
        309,
        "ceiling_lamp"
    ],
    "466": [
        177,
        "pillar"
    ],
    "468": [
        339,
        "door"
    ],
    "469": [
        19,
        "heater"
    ],
    "470": [
        554,
        "mini_fridge"
    ],
    "472": [
        265,
        "ceiling_lamp"
    ],
    "473": [
        407,
        "bath_mat"
    ],
    "474": [
        492,
        "shelf"
    ],
    "475": [
        576,
        "window"
    ],
    "476": [
        519,
        "window"
    ],
    "479": [
        334,
        "door"
    ],
    "481": [
        332,
        "clothes_hanger"
    ],
    "482": [
        430,
        "mirror"
    ],
    "483": [
        449,
        "radiator"
    ],
    "486": [
        136,
        "ceiling_door"
    ],
    "488": [
        172,
        "door"
    ],
    "491": [
        184,
        "window"
    ],
    "492": [
        48,
        "cabinet"
    ],
    "493": [
        146,
        "bed"
    ],
    "494": [
        250,
        "curtain"
    ],
    "498": [
        530,
        "refrigerator"
    ],
    "502": [
        210,
        "bidet"
    ],
    "505": [
        573,
        "shelf"
    ],
    "507": [
        527,
        "shelf"
    ],
    "508": [
        98,
        "bathtub"
    ],
    "511": [
        91,
        "door"
    ],
    "513": [
        141,
        "radiator"
    ],
    "515": [
        103,
        "curtain"
    ],
    "517": [
        551,
        "shelf"
    ],
    "520": [
        369,
        "window"
    ],
    "521": [
        69,
        "container"
    ],
    "522": [
        317,
        "lamp"
    ],
    "525": [
        429,
        "sink"
    ],
    "526": [
        52,
        "mirror"
    ],
    "531": [
        157,
        "chair"
    ],
    "532": [
        176,
        "pillar"
    ],
    "533": [
        607,
        "pillow"
    ],
    "534": [
        203,
        "bath_cabinet"
    ],
    "535": [
        326,
        "armchair"
    ],
    "539": [
        17,
        "ladder"
    ],
    "540": [
        525,
        "ventilation_hood"
    ],
    "542": [
        450,
        "window"
    ],
    "543": [
        291,
        "window"
    ],
    "544": [
        153,
        "door"
    ],
    "546": [
        114,
        "liquid_soap"
    ],
    "549": [
        102,
        "radiator"
    ],
    "551": [
        247,
        "cabinet"
    ],
    "552": [
        257,
        "bed"
    ],
    "555": [
        260,
        "door"
    ],
    "556": [
        463,
        "pillow"
    ],
    "557": [
        410,
        "bidet"
    ],
    "559": [
        267,
        "cabinet"
    ],
    "564": [
        215,
        "window"
    ],
    "569": [
        174,
        "pillow"
    ],
    "570": [
        587,
        "door"
    ],
    "577": [
        297,
        "curtain"
    ],
    "579": [
        125,
        "mirror"
    ],
    "587": [
        547,
        "shelf"
    ],
    "591": [
        212,
        "bath"
    ],
    "592": [
        18,
        "cabinet"
    ],
    "593": [
        106,
        "sink"
    ],
    "594": [
        163,
        "clock"
    ],
    "595": [
        338,
        "bag"
    ],
    "596": [
        121,
        "ceiling_lamp"
    ],
    "599": [
        467,
        "table"
    ]
}