{
    "2": [
        1227,
        "cross"
    ],
    "6": [
        313,
        "hanger"
    ],
    "8": [
        1243,
        "clutter"
    ],
    "9": [
        450,
        "flowerpot"
    ],
    "11": [
        579,
        "chair"
    ],
    "14": [
        978,
        "lamp"
    ],
    "15": [
        18,
        "bin"
    ],
    "16": [
        90,
        "paper_towel"
    ],
    "17": [
        808,
        "box"
    ],
    "18": [
        119,
        "bag"
    ],
    "20": [
        1272,
        "doll"
    ],
    "23": [
        735,
        "flowerpot"
    ],
    "25": [
        276,
        "cardboard_box"
    ],
    "27": [
        893,
        "door"
    ],
    "28": [
        1351,
        "clothes"
    ],
    "29": [
        1009,
        "mirror"
    ],
    "31": [
        644,
        "paper_towel"
    ],
    "32": [
        1222,
        "pad"
    ],
    "33": [
        1152,
        "plush_toy"
    ],
    "34": [
        259,
        "washing_stuff"
    ],
    "35": [
        455,
        "tv_stand"
    ],
    "36": [
        698,
        "tap"
    ],
    "37": [
        838,
        "picture"
    ],
    "41": [
        918,
        "trashcan"
    ],
    "42": [
        1333,
        "cardboard_box"
    ],
    "44": [
        1146,
        "desk"
    ],
    "46": [
        54,
        "bin"
    ],
    "47": [
        128,
        "clutter"
    ],
    "48": [
        1071,
        "bed"
    ],
    "50": [
        96,
        "cardboard_box"
    ],
    "51": [
        730,
        "flowerpot"
    ],
    "52": [
        162,
        "blinds"
    ],
    "53": [
        1028,
        "shower_hose"
    ],
    "54": [
        722,
        "kitchen_utensil"
    ],
    "55": [
        996,
        "bath_towel"
    ],
    "57": [
        1370,
        "cardboard_box"
    ],
    "58": [
        991,
        "basket_of_something"
    ],
    "60": [
        1054,
        "door"
    ],
    "62": [
        24,
        "cardboard_box"
    ],
    "63": [
        628,
        "trashcan"
    ],
    "65": [
        93,
        "clutter"
    ],
    "66": [
        1247,
        "cabinet"
    ],
    "67": [
        373,
        "bathroom_art"
    ],
    "68": [
        1203,
        "clutter"
    ],
    "69": [
        987,
        "towel"
    ],
    "70": [
        280,
        "broom"
    ],
    "71": [
        1322,
        "wardrobe"
    ],
    "72": [
        1085,
        "dresser"
    ],
    "73": [
        1076,
        "cardboard_box"
    ],
    "74": [
        1026,
        "hanger"
    ],
    "75": [
        173,
        "window"
    ],
    "76": [
        726,
        "kitchen_utensil"
    ],
    "77": [
        1012,
        "bathroom_accessory"
    ],
    "78": [
        719,
        "can"
    ],
    "79": [
        1096,
        "curtain_rod"
    ],
    "80": [
        1274,
        "clutter"
    ],
    "82": [
        1289,
        "door"
    ],
    "84": [
        265,
        "broom"
    ],
    "86": [
        286,
        "sink"
    ],
    "87": [
        160,
        "lamp"
    ],
    "89": [
        715,
        "kitchen_appliance"
    ],
    "90": [
        1056,
        "stuffed_animal"
    ],
    "91": [
        815,
        "clutter"
    ],
    "95": [
        1212,
        "desk"
    ],
    "96": [
        671,
        "refrigerator"
    ],
    "97": [
        1175,
        "pillow"
    ],
    "98": [
        482,
        "curtain"
    ],
    "100": [
        554,
        "railing"
    ],
    "101": [
        760,
        "wine_bottle"
    ],
    "102": [
        598,
        "display_cabinet"
    ],
    "104": [
        17,
        "wood"
    ],
    "105": [
        1093,
        "heater"
    ],
    "106": [
        269,
        "hanger"
    ],
    "107": [
        175,
        "small_table_stand"
    ],
    "109": [
        279,
        "clutter"
    ],
    "110": [
        664,
        "kitchen_appliance"
    ],
    "114": [
        969,
        "clutter"
    ],
    "115": [
        371,
        "bathroom_accessory"
    ],
    "120": [
        672,
        "picture"
    ],
    "122": [
        962,
        "soap"
    ],
    "123": [
        516,
        "cardboard_box"
    ],
    "124": [
        538,
        "cardboard_box"
    ],
    "125": [
        390,
        "mirror"
    ],
    "129": [
        1188,
        "tv"
    ],
    "131": [
        1316,
        "workout_bike"
    ],
    "135": [
        380,
        "soap"
    ],
    "136": [
        463,
        "pillow"
    ],
    "137": [
        1297,
        "desk"
    ],
    "138": [
        527,
        "stand"
    ],
    "139": [
        949,
        "bathroom_accessory"
    ],
    "140": [
        98,
        "cardboard_box"
    ],
    "141": [
        826,
        "cardboard_box"
    ],
    "143": [
        1265,
        "decoration"
    ],
    "144": [
        85,
        "door"
    ],
    "145": [
        32,
        "case"
    ],
    "146": [
        1078,
        "frame"
    ],
    "148": [
        177,
        "chair"
    ],
    "149": [
        936,
        "bath_utensil"
    ],
    "151": [
        528,
        "speaker"
    ],
    "153": [
        863,
        "casket"
    ],
    "154": [
        1055,
        "stuffed_animal"
    ],
    "155": [
        1114,
        "tv"
    ],
    "156": [
        433,
        "picture"
    ],
    "157": [
        909,
        "bathroom_utensil"
    ],
    "160": [
        534,
        "device"
    ],
    "161": [
        1149,
        "shelf"
    ],
    "163": [
        988,
        "soap"
    ],
    "164": [
        123,
        "bag"
    ],
    "165": [
        745,
        "newspaper"
    ],
    "166": [
        1183,
        "picture"
    ],
    "168": [
        431,
        "lamp"
    ],
    "169": [
        1312,
        "bag"
    ],
    "173": [
        1226,
        "picture"
    ],
    "174": [
        216,
        "bowl"
    ],
    "175": [
        447,
        "flowerpot"
    ],
    "176": [
        1241,
        "lamp"
    ],
    "179": [
        91,
        "cardboard_box"
    ],
    "182": [
        3,
        "garage_door_motor"
    ],
    "183": [
        793,
        "container"
    ],
    "184": [
        958,
        "bin"
    ],
    "185": [
        623,
        "door"
    ],
    "186": [
        361,
        "door"
    ],
    "187": [
        274,
        "cardboard_box"
    ],
    "188": [
        1150,
        "globe"
    ],
    "189": [
        638,
        "table"
    ],
    "190": [
        87,
        "box"
    ],
    "193": [
        948,
        "bathroom_utensil"
    ],
    "195": [
        323,
        "railing"
    ],
    "197": [
        125,
        "bag"
    ],
    "198": [
        1219,
        "door_window"
    ],
    "199": [
        237,
        "door"
    ],
    "201": [
        925,
        "toilet"
    ],
    "202": [
        1181,
        "board"
    ],
    "204": [
        473,
        "device"
    ],
    "205": [
        441,
        "heater"
    ],
    "206": [
        1176,
        "pillow"
    ],
    "208": [
        1308,
        "stack_of_papers"
    ],
    "209": [
        1072,
        "pillow"
    ],
    "210": [
        576,
        "table_cloth"
    ],
    "211": [
        1133,
        "box_of_tissues"
    ],
    "213": [
        1190,
        "container"
    ],
    "214": [
        973,
        "heater"
    ],
    "215": [
        218,
        "bag"
    ],
    "216": [
        1337,
        "cardboard_box"
    ],
    "220": [
        225,
        "chair"
    ],
    "222": [
        251,
        "bowl"
    ],
    "223": [
        309,
        "blanket"
    ],
    "224": [
        637,
        "chair"
    ],
    "225": [
        998,
        "bath_towel"
    ],
    "226": [
        821,
        "cardboard_box"
    ],
    "227": [
        69,
        "rug"
    ],
    "228": [
        108,
        "cardboard_box"
    ],
    "230": [
        1369,
        "cardboard_box"
    ],
    "231": [
        1202,
        "door"
    ],
    "234": [
        367,
        "liquid_soap"
    ],
    "235": [
        1191,
        "container"
    ],
    "236": [
        635,
        "chair"
    ],
    "237": [
        823,
        "cardboard_box"
    ],
    "238": [
        1315,
        "ladder"
    ],
    "240": [
        461,
        "pillow"
    ],
    "243": [
        728,
        "kitchen_utensil"
    ],
    "244": [
        201,
        "bag"
    ],
    "247": [
        1159,
        "door_window_frame"
    ],
    "248": [
        707,
        "jar"
    ],
    "249": [
        747,
        "newspaper"
    ],
    "250": [
        595,
        "clutter"
    ],
    "252": [
        1111,
        "bin"
    ],
    "253": [
        1165,
        "curtain"
    ],
    "255": [
        460,
        "pillow"
    ],
    "256": [
        1273,
        "doll"
    ],
    "257": [
        148,
        "bottle_of_detergent"
    ],
    "258": [
        999,
        "bathtub"
    ],
    "260": [
        625,
        "clutter"
    ],
    "262": [
        1246,
        "book"
    ],
    "263": [
        476,
        "flower"
    ],
    "264": [
        564,
        "flowerpot"
    ],
    "265": [
        78,
        "shovel"
    ],
    "266": [
        1276,
        "curtain"
    ],
    "267": [
        636,
        "chair"
    ],
    "268": [
        577,
        "chair"
    ],
    "269": [
        1238,
        "pillow"
    ],
    "271": [
        820,
        "cardboard_box"
    ],
    "272": [
        1277,
        "curtain"
    ],
    "273": [
        95,
        "cardboard_box"
    ],
    "274": [
        471,
        "decoration"
    ],
    "275": [
        1080,
        "flowerpot"
    ],
    "276": [
        1070,
        "pad"
    ],
    "277": [
        989,
        "bathroom_art"
    ],
    "278": [
        1048,
        "lamp"
    ],
    "279": [
        965,
        "laundry_basket"
    ],
    "280": [
        1192,
        "pad"
    ],
    "281": [
        443,
        "heater"
    ],
    "283": [
        178,
        "door"
    ],
    "284": [
        651,
        "newspaper"
    ],
    "285": [
        474,
        "device"
    ],
    "286": [
        154,
        "container"
    ],
    "287": [
        904,
        "heater"
    ],
    "288": [
        1167,
        "lamp"
    ],
    "289": [
        930,
        "rug"
    ],
    "293": [
        992,
        "bathroom_accessory"
    ],
    "294": [
        1104,
        "plush_toy"
    ],
    "295": [
        127,
        "cardboard_box"
    ],
    "296": [
        819,
        "cardboard_box"
    ],
    "299": [
        1386,
        "rug"
    ],
    "300": [
        1161,
        "curtain_rod"
    ],
    "303": [
        101,
        "food"
    ],
    "304": [
        65,
        "bag"
    ],
    "306": [
        180,
        "display_cabinet"
    ],
    "307": [
        1217,
        "curtain_rod"
    ],
    "309": [
        1013,
        "bathroom_accessory"
    ],
    "310": [
        585,
        "cup"
    ],
    "311": [
        864,
        "dresser"
    ],
    "313": [
        977,
        "ventilation"
    ],
    "316": [
        356,
        "toilet"
    ],
    "318": [
        439,
        "picture"
    ],
    "320": [
        1237,
        "pillow"
    ],
    "321": [
        188,
        "clutter"
    ],
    "323": [
        63,
        "bag"
    ],
    "324": [
        374,
        "bathroom_art"
    ],
    "325": [
        1084,
        "lamp"
    ],
    "327": [
        179,
        "door"
    ],
    "330": [
        660,
        "pantry"
    ],
    "331": [
        859,
        "lamp"
    ],
    "332": [
        1163,
        "curtain"
    ],
    "333": [
        1336,
        "cardboard_box"
    ],
    "334": [
        1123,
        "bed"
    ],
    "335": [
        565,
        "flower"
    ],
    "336": [
        725,
        "kitchen_utensil"
    ],
    "337": [
        1216,
        "curtain"
    ],
    "339": [
        1282,
        "lamp"
    ],
    "340": [
        434,
        "lamp"
    ],
    "341": [
        1365,
        "clutter"
    ],
    "344": [
        1087,
        "bag"
    ],
    "345": [
        62,
        "bag"
    ],
    "348": [
        1260,
        "chair"
    ],
    "349": [
        806,
        "bowl_of_fruit"
    ],
    "350": [
        59,
        "clutter"
    ],
    "351": [
        666,
        "range_hood"
    ],
    "352": [
        606,
        "clutter"
    ],
    "353": [
        858,
        "lamp"
    ],
    "356": [
        324,
        "railing"
    ],
    "357": [
        1016,
        "sink"
    ],
    "358": [
        129,
        "rack"
    ],
    "359": [
        713,
        "kitchen_appliance"
    ],
    "360": [
        1290,
        "printer"
    ],
    "361": [
        404,
        "flower"
    ],
    "362": [
        1319,
        "clutter"
    ],
    "363": [
        111,
        "bag"
    ],
    "365": [
        1108,
        "door"
    ],
    "366": [
        165,
        "box_of_tissues"
    ],
    "367": [
        1015,
        "sink"
    ],
    "368": [
        74,
        "appliance"
    ],
    "372": [
        711,
        "kitchen_top"
    ],
    "373": [
        869,
        "cabinet"
    ],
    "376": [
        1230,
        "decoration"
    ],
    "378": [
        1362,
        "bag"
    ],
    "380": [
        268,
        "bag"
    ],
    "381": [
        959,
        "tap"
    ],
    "382": [
        217,
        "bag"
    ],
    "384": [
        2,
        "lamp"
    ],
    "386": [
        718,
        "clutter"
    ],
    "388": [
        435,
        "lamp"
    ],
    "389": [
        944,
        "bath_utensil"
    ],
    "392": [
        1302,
        "clutter"
    ],
    "396": [
        1335,
        "carpet"
    ],
    "397": [
        517,
        "cardboard_box"
    ],
    "400": [
        785,
        "clutter"
    ],
    "401": [
        997,
        "bath_towel"
    ],
    "402": [
        1257,
        "clutter"
    ],
    "404": [
        1187,
        "heater"
    ],
    "405": [
        697,
        "liquid_soap"
    ],
    "406": [
        631,
        "handbag"
    ],
    "407": [
        444,
        "ventilation"
    ],
    "408": [
        304,
        "trash_can"
    ],
    "409": [
        619,
        "bowl"
    ],
    "410": [
        81,
        "pipe"
    ],
    "411": [
        771,
        "clutter"
    ],
    "414": [
        1000,
        "bathtub_utensil"
    ],
    "415": [
        442,
        "heater"
    ],
    "416": [
        753,
        "wine_bottle"
    ],
    "418": [
        1100,
        "door_window"
    ],
    "419": [
        266,
        "ironing_board"
    ],
    "421": [
        1043,
        "hanger"
    ],
    "423": [
        825,
        "cardboard_box"
    ],
    "424": [
        862,
        "decoration"
    ],
    "427": [
        1264,
        "cardboard_box"
    ],
    "428": [
        1162,
        "curtain"
    ],
    "429": [
        1021,
        "bathroom_accessory"
    ],
    "430": [
        457,
        "pillow"
    ],
    "431": [
        12,
        "cloth"
    ],
    "432": [
        20,
        "cardboard_box"
    ],
    "433": [
        34,
        "bin"
    ],
    "434": [
        1321,
        "wardrobe"
    ],
    "435": [
        582,
        "chair"
    ],
    "436": [
        738,
        "flower"
    ],
    "438": [
        357,
        "urinal"
    ],
    "439": [
        767,
        "shelf"
    ],
    "441": [
        1235,
        "pillow"
    ],
    "442": [
        907,
        "towel"
    ],
    "443": [
        789,
        "wine_bottle"
    ],
    "445": [
        604,
        "container"
    ],
    "446": [
        1355,
        "rug"
    ],
    "450": [
        523,
        "fireplace_brush"
    ],
    "455": [
        675,
        "picture"
    ],
    "459": [
        1088,
        "bag"
    ],
    "460": [
        1210,
        "frame"
    ],
    "461": [
        1101,
        "lamp"
    ],
    "463": [
        1244,
        "lamp"
    ],
    "464": [
        1014,
        "soap"
    ],
    "466": [
        79,
        "cabinet"
    ],
    "467": [
        956,
        "toilet_paper"
    ],
    "468": [
        1092,
        "clothes"
    ],
    "469": [
        250,
        "appliance"
    ],
    "470": [
        458,
        "pillow"
    ],
    "471": [
        733,
        "flowerpot"
    ],
    "472": [
        462,
        "sofa_chair"
    ],
    "474": [
        1131,
        "stack_of_papers"
    ],
    "475": [
        1251,
        "door_window_frame"
    ],
    "476": [
        700,
        "dishwasher"
    ],
    "477": [
        971,
        "device"
    ],
    "478": [
        526,
        "speaker"
    ],
    "479": [
        1151,
        "plush_toy"
    ],
    "480": [
        744,
        "ventilation"
    ],
    "481": [
        703,
        "kitchen_lower_cabinet"
    ],
    "482": [
        955,
        "towel"
    ],
    "483": [
        1122,
        "pillow"
    ],
    "484": [
        120,
        "bag"
    ],
    "485": [
        813,
        "container"
    ],
    "487": [
        1242,
        "cabinet"
    ],
    "488": [
        305,
        "trash_can"
    ],
    "489": [
        72,
        "recycle_bin"
    ],
    "490": [
        588,
        "cup"
    ],
    "492": [
        53,
        "appliance"
    ],
    "493": [
        837,
        "picture"
    ],
    "495": [
        306,
        "toilet"
    ],
    "496": [
        669,
        "cabinet"
    ],
    "497": [
        1051,
        "lamp"
    ],
    "498": [
        827,
        "cardboard_box"
    ],
    "500": [
        910,
        "bathrobe"
    ],
    "504": [
        84,
        "cardboard_box"
    ],
    "506": [
        810,
        "food"
    ],
    "507": [
        448,
        "flowerpot"
    ],
    "509": [
        723,
        "kitchen_utensil"
    ],
    "511": [
        75,
        "canister"
    ],
    "512": [
        901,
        "lamp"
    ],
    "516": [
        126,
        "clutter"
    ],
    "517": [
        646,
        "microwave"
    ],
    "519": [
        7,
        "chair"
    ],
    "520": [
        440,
        "heater"
    ],
    "521": [
        824,
        "cardboard_box"
    ],
    "522": [
        1170,
        "lamp"
    ],
    "523": [
        1310,
        "shelf"
    ],
    "524": [
        529,
        "stand"
    ],
    "525": [
        938,
        "shower_hose"
    ],
    "528": [
        1283,
        "window"
    ],
    "529": [
        926,
        "bathroom_utensil"
    ],
    "530": [
        779,
        "container"
    ],
    "531": [
        661,
        "door"
    ],
    "535": [
        413,
        "umbrella"
    ],
    "539": [
        271,
        "broom"
    ],
    "541": [
        1129,
        "desk_chair"
    ],
    "543": [
        594,
        "clutter"
    ],
    "544": [
        248,
        "blanket"
    ],
    "545": [
        547,
        "art_clutter"
    ],
    "546": [
        954,
        "heater"
    ],
    "548": [
        472,
        "decoration"
    ],
    "549": [
        596,
        "clutter"
    ],
    "550": [
        1086,
        "bag"
    ],
    "551": [
        648,
        "cup"
    ],
    "554": [
        207,
        "door"
    ],
    "556": [
        736,
        "flower"
    ],
    "558": [
        1142,
        "cardboard_box"
    ],
    "560": [
        665,
        "kitchen_cabinet"
    ],
    "561": [
        1266,
        "heater"
    ],
    "562": [
        321,
        "door"
    ],
    "563": [
        1271,
        "doll"
    ],
    "565": [
        974,
        "platform"
    ],
    "566": [
        716,
        "kitchen_appliance"
    ],
    "567": [
        368,
        "hand_soap"
    ],
    "569": [
        1143,
        "cardboard_box"
    ],
    "570": [
        256,
        "washing_machine"
    ],
    "575": [
        566,
        "decoration"
    ],
    "576": [
        775,
        "cardboard_box"
    ],
    "577": [
        940,
        "shower_curtain_bar"
    ],
    "579": [
        524,
        "fireplace"
    ],
    "581": [
        519,
        "pillow"
    ],
    "583": [
        937,
        "bath_utensil"
    ],
    "584": [
        743,
        "table_cloth"
    ],
    "585": [
        416,
        "wardrobe"
    ],
    "586": [
        370,
        "bathroom_accessory"
    ],
    "587": [
        1204,
        "wardrobe"
    ],
    "591": [
        1077,
        "cardboard_box"
    ],
    "592": [
        1229,
        "flower"
    ],
    "593": [
        483,
        "curtain"
    ],
    "595": [
        369,
        "bathroom_accessory"
    ],
    "596": [
        777,
        "container"
    ],
    "598": [
        1099,
        "curtain"
    ],
    "599": [
        325,
        "railing"
    ],
    "600": [
        811,
        "food"
    ],
    "601": [
        724,
        "kitchen_utensil"
    ],
    "602": [
        749,
        "door"
    ],
    "603": [
        655,
        "clock"
    ],
    "605": [
        445,
        "tv"
    ],
    "606": [
        503,
        "clutter"
    ],
    "608": [
        77,
        "rug"
    ],
    "609": [
        480,
        "rug"
    ],
    "611": [
        597,
        "clutter"
    ],
    "612": [
        456,
        "pouffe"
    ],
    "614": [
        285,
        "hand_soap"
    ],
    "617": [
        489,
        "door"
    ],
    "618": [
        1195,
        "plush_toy"
    ],
    "620": [
        786,
        "bag"
    ],
    "621": [
        100,
        "food"
    ],
    "622": [
        230,
        "clutter"
    ],
    "624": [
        1338,
        "cardboard_box"
    ],
    "625": [
        1364,
        "bag"
    ],
    "628": [
        947,
        "sink"
    ],
    "629": [
        797,
        "clutter"
    ],
    "630": [
        153,
        "case"
    ],
    "631": [
        1112,
        "plush_toy"
    ],
    "632": [
        1064,
        "decoration"
    ],
    "633": [
        1358,
        "cardboard_box"
    ],
    "635": [
        5,
        "window"
    ],
    "637": [
        485,
        "flowerpot"
    ],
    "639": [
        727,
        "kitchen_utensil"
    ],
    "640": [
        626,
        "door"
    ],
    "641": [
        1372,
        "cardboard_box"
    ],
    "644": [
        37,
        "cardboard_box"
    ],
    "645": [
        522,
        "clutter"
    ],
    "646": [
        1236,
        "pillow"
    ],
    "647": [
        89,
        "rack"
    ],
    "649": [
        1128,
        "decoration"
    ],
    "651": [
        4,
        "garage_door"
    ],
    "654": [
        605,
        "flowerpot"
    ],
    "655": [
        701,
        "kitchen_lower_cabinet"
    ],
    "661": [
        1194,
        "plush_toy"
    ],
    "662": [
        1199,
        "chest"
    ],
    "664": [
        215,
        "bowl"
    ],
    "665": [
        667,
        "cabinet"
    ],
    "666": [
        378,
        "mirror"
    ],
    "667": [
        429,
        "lamp"
    ],
    "672": [
        1206,
        "desk_chair"
    ],
    "675": [
        94,
        "case"
    ],
    "679": [
        828,
        "clutter"
    ],
    "682": [
        1040,
        "tap"
    ],
    "683": [
        166,
        "book"
    ],
    "686": [
        1017,
        "bathroom_accessory"
    ],
    "687": [
        185,
        "cardboard_box"
    ],
    "689": [
        759,
        "wine_bottle"
    ],
    "690": [
        521,
        "clutter"
    ],
    "691": [
        238,
        "container"
    ],
    "692": [
        1119,
        "plush_toy"
    ],
    "693": [
        19,
        "wood"
    ],
    "694": [
        1158,
        "door_window"
    ],
    "695": [
        131,
        "lamp"
    ],
    "697": [
        296,
        "ventilation"
    ],
    "698": [
        401,
        "heater"
    ],
    "700": [
        1098,
        "curtain"
    ],
    "701": [
        436,
        "lamp"
    ],
    "702": [
        1097,
        "door_window_frame"
    ],
    "703": [
        1121,
        "pillow"
    ],
    "704": [
        10,
        "bag"
    ],
    "706": [
        963,
        "bathroom_utensil"
    ],
    "708": [
        1275,
        "storage_bin"
    ],
    "709": [
        1304,
        "container"
    ],
    "710": [
        731,
        "flowerpot"
    ],
    "712": [
        647,
        "mat"
    ],
    "713": [
        668,
        "cabinet"
    ],
    "714": [
        1291,
        "container"
    ],
    "715": [
        80,
        "ladder"
    ],
    "717": [
        1385,
        "rug"
    ],
    "718": [
        1285,
        "picture"
    ],
    "720": [
        640,
        "picture"
    ],
    "721": [
        1024,
        "bathroom_cabinet"
    ],
    "723": [
        1145,
        "drawer_desk"
    ],
    "724": [
        262,
        "bag"
    ],
    "725": [
        575,
        "table"
    ],
    "727": [
        533,
        "device"
    ],
    "728": [
        633,
        "chair"
    ],
    "732": [
        1058,
        "toy"
    ],
    "733": [
        1349,
        "bag"
    ],
    "735": [
        467,
        "couch"
    ],
    "736": [
        398,
        "flower"
    ],
    "739": [
        359,
        "toilet_brush"
    ],
    "740": [
        1261,
        "tv"
    ],
    "741": [
        1295,
        "sofa_chair"
    ],
    "743": [
        488,
        "curtain_rod"
    ],
    "744": [
        908,
        "towel"
    ],
    "745": [
        1011,
        "bathroom_accessory"
    ],
    "747": [
        935,
        "towel"
    ],
    "748": [
        621,
        "lamp"
    ],
    "751": [
        1354,
        "rug"
    ],
    "752": [
        1153,
        "plush_toy"
    ],
    "753": [
        781,
        "mop"
    ],
    "756": [
        48,
        "appliance"
    ],
    "757": [
        402,
        "telephone"
    ],
    "758": [
        364,
        "ventilation"
    ],
    "759": [
        861,
        "glass"
    ],
    "760": [
        99,
        "food"
    ],
    "761": [
        695,
        "cup"
    ],
    "762": [
        1373,
        "clutter"
    ],
    "764": [
        1269,
        "doll"
    ],
    "765": [
        1141,
        "book"
    ],
    "768": [
        737,
        "flower"
    ],
    "769": [
        66,
        "bag"
    ],
    "770": [
        67,
        "bin"
    ],
    "771": [
        204,
        "hanger"
    ],
    "774": [
        406,
        "window"
    ],
    "775": [
        393,
        "flowerpot"
    ],
    "776": [
        145,
        "cardboard_box"
    ],
    "778": [
        957,
        "toilet"
    ],
    "779": [
        1154,
        "clutter"
    ],
    "780": [
        405,
        "flowerpot"
    ],
    "781": [
        418,
        "clutter"
    ],
    "782": [
        340,
        "picture"
    ],
    "784": [
        1357,
        "cardboard_box"
    ],
    "786": [
        227,
        "table"
    ],
    "787": [
        708,
        "kitchen_handle"
    ],
    "788": [
        1327,
        "rug"
    ],
    "789": [
        755,
        "wine_bottle"
    ],
    "791": [
        70,
        "rug"
    ],
    "792": [
        1298,
        "device"
    ],
    "796": [
        1224,
        "lamp"
    ],
    "798": [
        387,
        "picture"
    ],
    "800": [
        176,
        "cabinet"
    ],
    "801": [
        273,
        "cardboard_box"
    ],
    "803": [
        275,
        "cardboard_box"
    ],
    "804": [
        512,
        "cardboard_box"
    ],
    "806": [
        678,
        "newspaper"
    ],
    "807": [
        51,
        "basket_of_something"
    ],
    "809": [
        270,
        "broom"
    ],
    "810": [
        263,
        "appliance"
    ],
    "811": [
        168,
        "book"
    ],
    "813": [
        817,
        "jar"
    ],
    "814": [
        1232,
        "casket"
    ],
    "819": [
        714,
        "kitchen_appliance"
    ],
    "820": [
        1090,
        "bag"
    ],
    "822": [
        475,
        "flowerpot"
    ],
    "824": [
        1294,
        "pillow"
    ],
    "827": [
        198,
        "ventilation"
    ],
    "829": [
        790,
        "rack"
    ],
    "830": [
        1306,
        "bag"
    ],
    "831": [
        712,
        "kettle"
    ],
    "832": [
        720,
        "kitchen_wall"
    ],
    "833": [
        1231,
        "casket"
    ],
    "835": [
        1174,
        "pillow"
    ],
    "837": [
        676,
        "newspaper"
    ],
    "839": [
        1132,
        "desk_clutter"
    ],
    "840": [
        302,
        "toilet_paper"
    ],
    "843": [
        1171,
        "plush_toy"
    ],
    "845": [
        30,
        "cardboard_box"
    ],
    "849": [
        784,
        "basket"
    ],
    "850": [
        97,
        "cardboard_box"
    ],
    "851": [
        924,
        "toilet_paper"
    ],
    "852": [
        1299,
        "book"
    ],
    "854": [
        50,
        "shoe"
    ],
    "855": [
        1083,
        "clutter"
    ],
    "856": [
        232,
        "bench"
    ],
    "860": [
        253,
        "broom"
    ],
    "862": [
        783,
        "basket_of_something"
    ],
    "863": [
        993,
        "bathroom_accessory"
    ],
    "864": [
        1116,
        "toy"
    ],
    "867": [
        1198,
        "blanket"
    ],
    "868": [
        290,
        "mirror"
    ],
    "869": [
        734,
        "flowerpot"
    ],
    "871": [
        1067,
        "container"
    ],
    "872": [
        49,
        "appliance"
    ],
    "873": [
        544,
        "device"
    ],
    "875": [
        409,
        "door"
    ],
    "879": [
        558,
        "flowerpot"
    ],
    "880": [
        1144,
        "desk_clutter"
    ],
    "881": [
        246,
        "laundry"
    ],
    "882": [
        1311,
        "bag"
    ],
    "883": [
        632,
        "handbag"
    ],
    "885": [
        113,
        "bag"
    ],
    "886": [
        86,
        "box"
    ],
    "887": [
        807,
        "clutter"
    ],
    "888": [
        399,
        "flowerpot"
    ],
    "890": [
        1350,
        "container"
    ],
    "892": [
        430,
        "lamp"
    ],
    "893": [
        761,
        "wine_bottle"
    ],
    "894": [
        1382,
        "clutter"
    ],
    "897": [
        354,
        "towel"
    ],
    "898": [
        739,
        "flower"
    ],
    "901": [
        13,
        "mat"
    ],
    "902": [
        1136,
        "book"
    ],
    "903": [
        1239,
        "pillow"
    ],
    "904": [
        254,
        "shovel"
    ],
    "905": [
        1313,
        "bag"
    ],
    "906": [
        451,
        "plant"
    ],
    "908": [
        202,
        "bag"
    ],
    "909": [
        919,
        "mirror"
    ],
    "910": [
        281,
        "hanger"
    ],
    "911": [
        1010,
        "bathroom_accessory"
    ],
    "912": [
        415,
        "stand"
    ],
    "914": [
        1002,
        "tap"
    ],
    "916": [
        1356,
        "rug"
    ],
    "917": [
        21,
        "cardboard_box"
    ],
    "921": [
        182,
        "cardboard_box"
    ],
    "922": [
        641,
        "picture"
    ],
    "927": [
        1130,
        "desk_lamp"
    ],
    "928": [
        156,
        "box"
    ],
    "931": [
        341,
        "lamp"
    ],
    "933": [
        717,
        "coffee_machine"
    ],
    "935": [
        277,
        "cardboard_box"
    ],
    "936": [
        1270,
        "doll"
    ],
    "937": [
        1169,
        "lamp"
    ],
    "939": [
        1252,
        "curtain"
    ],
    "942": [
        1234,
        "pillow"
    ],
    "943": [
        23,
        "cardboard_box"
    ],
    "945": [
        236,
        "window"
    ],
    "947": [
        787,
        "bag"
    ],
    "948": [
        953,
        "heater"
    ],
    "949": [
        1209,
        "desk_clutter"
    ],
    "950": [
        1022,
        "bathroom_accessory"
    ],
    "951": [
        222,
        "cabinet"
    ],
    "954": [
        502,
        "decoration"
    ],
    "956": [
        1228,
        "flowerpot"
    ],
    "957": [
        258,
        "washing_stuff"
    ],
    "958": [
        1317,
        "clothes"
    ],
    "961": [
        183,
        "cardboard_box"
    ],
    "962": [
        449,
        "flower"
    ],
    "963": [
        917,
        "lamp"
    ],
    "964": [
        928,
        "liquid_soap"
    ],
    "967": [
        511,
        "decoration"
    ],
    "970": [
        578,
        "chair"
    ],
    "972": [
        1019,
        "clutter"
    ],
    "973": [
        1023,
        "bathroom_accessory"
    ],
    "974": [
        184,
        "cardboard_box"
    ],
    "975": [
        694,
        "plate"
    ],
    "976": [
        1029,
        "bathroom_utensil"
    ],
    "977": [
        33,
        "cardboard_box"
    ],
    "978": [
        452,
        "device"
    ],
    "979": [
        1018,
        "bathroom_utensil"
    ],
    "980": [
        927,
        "towel"
    ],
    "981": [
        446,
        "plant"
    ],
    "982": [
        1059,
        "pillow"
    ],
    "983": [
        1367,
        "cardboard_box"
    ],
    "984": [
        9,
        "canister"
    ],
    "986": [
        791,
        "container"
    ],
    "987": [
        231,
        "bench"
    ],
    "989": [
        260,
        "clutter"
    ],
    "990": [
        1166,
        "pad"
    ],
    "992": [
        115,
        "cardboard_box"
    ],
    "993": [
        52,
        "bag"
    ],
    "994": [
        164,
        "blinds"
    ],
    "995": [
        634,
        "chair"
    ],
    "996": [
        600,
        "device"
    ],
    "997": [
        951,
        "lamp"
    ],
    "1001": [
        583,
        "cup"
    ],
    "1002": [
        663,
        "washcloth"
    ],
    "1003": [
        756,
        "wine_bottle"
    ],
    "1005": [
        110,
        "bag"
    ],
    "1007": [
        407,
        "door"
    ],
    "1010": [
        525,
        "platform"
    ],
    "1011": [
        584,
        "cup"
    ],
    "1012": [
        174,
        "tray"
    ],
    "1013": [
        453,
        "device"
    ],
    "1014": [
        459,
        "sofa_chair"
    ],
    "1017": [
        1208,
        "desk_lamp"
    ],
    "1021": [
        1197,
        "shoe"
    ],
    "1022": [
        961,
        "liquid_soap"
    ],
    "1023": [
        721,
        "kitchen_handle"
    ],
    "1024": [
        1332,
        "bag"
    ],
    "1025": [
        394,
        "flower"
    ],
    "1028": [
        419,
        "door_window"
    ],
    "1030": [
        1253,
        "curtain"
    ],
    "1033": [
        946,
        "sink"
    ],
    "1037": [
        1307,
        "cardboard_box"
    ],
    "1039": [
        649,
        "fruit"
    ],
    "1040": [
        228,
        "clutter"
    ],
    "1041": [
        102,
        "food"
    ],
    "1043": [
        1250,
        "door_window"
    ],
    "1045": [
        1359,
        "cabinet"
    ],
    "1046": [
        484,
        "boxes_with_books"
    ],
    "1049": [
        796,
        "clutter"
    ],
    "1050": [
        213,
        "container"
    ],
    "1052": [
        71,
        "clutter"
    ],
    "1053": [
        104,
        "box"
    ],
    "1054": [
        1360,
        "bag"
    ],
    "1055": [
        366,
        "sink"
    ],
    "1056": [
        1287,
        "railing"
    ],
    "1057": [
        788,
        "cardboard_box"
    ],
    "1060": [
        414,
        "umbrella"
    ],
    "1061": [
        662,
        "oven"
    ],
    "1062": [
        311,
        "blanket"
    ],
    "1063": [
        1126,
        "cabinet"
    ],
    "1064": [
        1068,
        "desk_chair"
    ],
    "1065": [
        915,
        "bath_towel"
    ],
    "1066": [
        911,
        "heater"
    ],
    "1068": [
        1115,
        "cabinet"
    ],
    "1069": [
        1074,
        "carpet"
    ],
    "1073": [
        740,
        "window_shutter"
    ],
    "1074": [
        73,
        "recycle_bin"
    ],
    "1075": [
        592,
        "clutter"
    ],
    "1076": [
        1138,
        "book"
    ],
    "1077": [
        25,
        "cardboard_box"
    ],
    "1079": [
        921,
        "mirror"
    ],
    "1080": [
        335,
        "lamp"
    ],
    "1081": [
        167,
        "book"
    ],
    "1085": [
        40,
        "clutter"
    ],
    "1086": [
        677,
        "newspaper"
    ],
    "1088": [
        754,
        "wine_bottle"
    ],
    "1090": [
        1309,
        "desk_clutter"
    ],
    "1091": [
        1262,
        "device"
    ],
    "1092": [
        229,
        "clutter"
    ],
    "1095": [
        214,
        "container"
    ],
    "1096": [
        92,
        "cardboard_box"
    ],
    "1097": [
        1120,
        "plush_toy"
    ],
    "1098": [
        299,
        "door"
    ],
    "1099": [
        1296,
        "bin"
    ],
    "1100": [
        1164,
        "curtain"
    ],
    "1101": [
        8,
        "canister"
    ],
    "1102": [
        539,
        "clutter"
    ],
    "1104": [
        255,
        "shelf"
    ],
    "1107": [
        541,
        "cabinet"
    ],
    "1108": [
        68,
        "rug"
    ],
    "1110": [
        479,
        "table"
    ],
    "1111": [
        1215,
        "curtain"
    ],
    "1112": [
        27,
        "cardboard_box"
    ],
    "1113": [
        1345,
        "chest"
    ],
    "1114": [
        247,
        "laundry_bag"
    ],
    "1115": [
        766,
        "shelf"
    ],
    "1116": [
        1324,
        "picture"
    ],
    "1117": [
        310,
        "blanket"
    ],
    "1119": [
        1082,
        "book"
    ],
    "1121": [
        496,
        "photo"
    ],
    "1122": [
        769,
        "bag"
    ],
    "1124": [
        1353,
        "bag"
    ],
    "1125": [
        203,
        "bag"
    ],
    "1129": [
        773,
        "cardboard_box"
    ],
    "1130": [
        1041,
        "hanger"
    ],
    "1131": [
        1256,
        "door"
    ],
    "1134": [
        1172,
        "plush_toy"
    ],
    "1135": [
        559,
        "flower"
    ],
    "1136": [
        1343,
        "clutter"
    ],
    "1137": [
        645,
        "container"
    ],
    "1138": [
        181,
        "cardboard_box"
    ],
    "1140": [
        593,
        "clutter"
    ],
    "1142": [
        860,
        "lamp"
    ],
    "1143": [
        1240,
        "bed"
    ],
    "1144": [
        916,
        "ventilation"
    ],
    "1145": [
        1220,
        "door_window_frame"
    ],
    "1146": [
        758,
        "wine_bottle"
    ],
    "1148": [
        163,
        "blinds"
    ],
    "1149": [
        960,
        "liquid_soap"
    ],
    "1150": [
        1340,
        "case"
    ],
    "1151": [
        1060,
        "pillow"
    ],
    "1152": [
        1124,
        "lamp"
    ],
    "1153": [
        187,
        "cabinet"
    ],
    "1155": [
        147,
        "bottle_of_detergent"
    ],
    "1156": [
        774,
        "clutter"
    ],
    "1157": [
        284,
        "tap"
    ],
    "1159": [
        514,
        "storage_bin"
    ],
    "1163": [
        1347,
        "rug"
    ],
    "1164": [
        1147,
        "shelf"
    ],
    "1165": [
        1254,
        "curtain_rod"
    ],
    "1167": [
        710,
        "kitchen_wall"
    ],
    "1169": [
        249,
        "blanket"
    ],
    "1170": [
        257,
        "washing_powder"
    ],
    "1174": [
        294,
        "lamp"
    ],
    "1175": [
        219,
        "basket_of_something"
    ],
    "1177": [
        994,
        "bathroom_accessory"
    ],
    "1178": [
        1300,
        "device"
    ],
    "1180": [
        155,
        "cardboard_box"
    ],
    "1181": [
        116,
        "cardboard_box"
    ],
    "1182": [
        543,
        "device"
    ],
    "1184": [
        629,
        "flowerpot"
    ],
    "1189": [
        782,
        "basket_of_something"
    ],
    "1190": [
        252,
        "broom"
    ],
    "1191": [
        1089,
        "bag"
    ],
    "1192": [
        581,
        "chair"
    ],
    "1193": [
        580,
        "chair"
    ],
    "1197": [
        1305,
        "book"
    ],
    "1198": [
        486,
        "flowerpot"
    ],
    "1199": [
        16,
        "wood"
    ],
    "1200": [
        283,
        "towel"
    ],
    "1201": [
        995,
        "bathroom_accessory"
    ],
    "1204": [
        31,
        "cardboard_box"
    ],
    "1206": [
        572,
        "rug"
    ],
    "1207": [
        144,
        "cardboard_box"
    ],
    "1209": [
        968,
        "door"
    ],
    "1210": [
        1081,
        "flower"
    ],
    "1211": [
        379,
        "tap"
    ],
    "1213": [
        15,
        "axe"
    ],
    "1215": [
        372,
        "bathroom_art"
    ],
    "1216": [
        22,
        "cardboard_box"
    ],
    "1217": [
        278,
        "cardboard_box"
    ],
    "1219": [
        105,
        "box"
    ],
    "1222": [
        1050,
        "wardrobe"
    ],
    "1223": [
        358,
        "trash_can"
    ],
    "1225": [
        114,
        "cardboard_box"
    ],
    "1226": [
        1196,
        "cabinet"
    ],
    "1228": [
        535,
        "cardboard_box"
    ],
    "1229": [
        375,
        "bathroom_cabinet"
    ],
    "1231": [
        26,
        "cardboard_box"
    ],
    "1232": [
        1148,
        "clutter"
    ],
    "1233": [
        1173,
        "plush_toy"
    ],
    "1235": [
        1371,
        "cardboard_box"
    ],
    "1236": [
        288,
        "bathroom_accessory"
    ],
    "1239": [
        518,
        "storage_bin"
    ],
    "1240": [
        630,
        "flower"
    ],
    "1241": [
        1178,
        "container"
    ],
    "1242": [
        812,
        "container"
    ],
    "1243": [
        607,
        "door_window"
    ],
    "1244": [
        868,
        "clutter"
    ],
    "1245": [
        234,
        "mat"
    ],
    "1246": [
        1117,
        "heater"
    ],
    "1247": [
        818,
        "basket"
    ],
    "1248": [
        146,
        "cardboard_box"
    ],
    "1250": [
        64,
        "bag"
    ],
    "1252": [
        157,
        "clutter"
    ],
    "1255": [
        454,
        "device"
    ],
    "1256": [
        652,
        "kitchen_cabinet"
    ],
    "1257": [
        705,
        "cutting_board"
    ],
    "1259": [
        103,
        "food"
    ],
    "1260": [
        224,
        "chair"
    ],
    "1261": [
        941,
        "shower_curtain"
    ],
    "1262": [
        1263,
        "dresser"
    ],
    "1265": [
        470,
        "pouffe"
    ],
    "1266": [
        776,
        "container"
    ],
    "1268": [
        768,
        "shelf"
    ],
    "1269": [
        532,
        "stand"
    ],
    "1271": [
        1314,
        "heater"
    ],
    "1274": [
        389,
        "lamp"
    ],
    "1275": [
        1035,
        "bathroom_utensil"
    ],
    "1277": [
        118,
        "bag"
    ],
    "1278": [
        950,
        "bathroom_cabinet"
    ],
    "1279": [
        1318,
        "cardboard_box"
    ],
    "1280": [
        1025,
        "tap"
    ],
    "1282": [
        795,
        "clutter"
    ],
    "1283": [
        1334,
        "bag"
    ],
    "1285": [
        303,
        "toilet_paper"
    ],
    "1287": [
        345,
        "door"
    ],
    "1288": [
        322,
        "railing"
    ],
    "1290": [
        264,
        "vacuum_cleaner"
    ],
    "1291": [
        589,
        "cup"
    ],
    "1293": [
        1118,
        "pillow"
    ],
    "1295": [
        741,
        "window"
    ],
    "1296": [
        1113,
        "heater"
    ],
    "1297": [
        1352,
        "clothes"
    ],
    "1298": [
        780,
        "container"
    ],
    "1300": [
        798,
        "container"
    ],
    "1301": [
        287,
        "urinal"
    ],
    "1302": [
        762,
        "wine_bottle"
    ],
    "1303": [
        1331,
        "case"
    ],
    "1304": [
        943,
        "bath_mat"
    ],
    "1305": [
        1177,
        "bed"
    ],
    "1306": [
        1046,
        "wall_board"
    ],
    "1307": [
        770,
        "container"
    ],
    "1308": [
        1103,
        "lamp"
    ],
    "1309": [
        699,
        "sink"
    ],
    "1310": [
        792,
        "container"
    ],
    "1311": [
        1179,
        "plush_toy"
    ],
    "1312": [
        942,
        "shower_case"
    ],
    "1313": [
        814,
        "container"
    ],
    "1314": [
        591,
        "clutter"
    ],
    "1315": [
        121,
        "bag"
    ],
    "1316": [
        261,
        "vacuum_cleaner"
    ],
    "1317": [
        829,
        "lamp"
    ],
    "1318": [
        1207,
        "cup"
    ],
    "1319": [
        159,
        "lamp"
    ],
    "1320": [
        1137,
        "book"
    ],
    "1321": [
        1110,
        "bin"
    ],
    "1324": [
        233,
        "clutter"
    ],
    "1326": [
        391,
        "cabinet"
    ],
    "1327": [
        702,
        "kitchen_lower_cabinet"
    ],
    "1329": [
        905,
        "heater"
    ],
    "1330": [
        109,
        "bag"
    ],
    "1332": [
        150,
        "container"
    ],
    "1333": [
        1069,
        "desk"
    ],
    "1336": [
        466,
        "pillow"
    ],
    "1337": [
        865,
        "telephone"
    ],
    "1339": [
        913,
        "door"
    ],
    "1340": [
        1193,
        "tv_stand"
    ],
    "1343": [
        1105,
        "wardrobe"
    ],
    "1344": [
        386,
        "picture"
    ],
    "1345": [
        1366,
        "clutter"
    ],
    "1349": [
        1303,
        "shelf"
    ],
    "1353": [
        1344,
        "chest"
    ],
    "1354": [
        520,
        "blanket"
    ],
    "1357": [
        670,
        "clutter"
    ],
    "1359": [
        464,
        "pillow"
    ],
    "1360": [
        704,
        "kitchen_lower_cabinet"
    ],
    "1361": [
        972,
        "towel"
    ],
    "1362": [
        186,
        "bag"
    ],
    "1363": [
        117,
        "bag"
    ],
    "1364": [
        58,
        "cardboard_box"
    ],
    "1368": [
        1091,
        "hanger"
    ],
    "1369": [
        1286,
        "chest"
    ],
    "1370": [
        396,
        "decoration"
    ],
    "1371": [
        624,
        "heater"
    ],
    "1372": [
        732,
        "flowerpot"
    ],
    "1373": [
        1363,
        "bag"
    ],
    "1374": [
        438,
        "picture"
    ],
    "1375": [
        763,
        "wine_bottle"
    ],
    "1377": [
        122,
        "bag"
    ],
    "1378": [
        312,
        "laundry_bag"
    ],
    "1380": [
        88,
        "box_of_fruit"
    ],
    "1381": [
        337,
        "heater"
    ],
    "1383": [
        360,
        "toilet_paper"
    ],
    "1384": [
        112,
        "bag"
    ],
    "1385": [
        267,
        "cardboard_box"
    ],
    "1387": [
        816,
        "clutter"
    ]
}