{
    "3": [
        209,
        "towel"
    ],
    "4": [
        86,
        "binder"
    ],
    "5": [
        22,
        "blanket"
    ],
    "8": [
        51,
        "book"
    ],
    "11": [
        354,
        "box"
    ],
    "12": [
        477,
        "shoe"
    ],
    "14": [
        421,
        "box"
    ],
    "17": [
        84,
        "binder"
    ],
    "18": [
        429,
        "binder"
    ],
    "19": [
        216,
        "toilet"
    ],
    "20": [
        20,
        "stack_of_papers"
    ],
    "21": [
        523,
        "printer"
    ],
    "22": [
        29,
        "paper"
    ],
    "24": [
        235,
        "lamp"
    ],
    "25": [
        36,
        "paper"
    ],
    "27": [
        204,
        "tap"
    ],
    "28": [
        333,
        "stool"
    ],
    "29": [
        206,
        "window"
    ],
    "31": [
        431,
        "binder"
    ],
    "36": [
        280,
        "cloth"
    ],
    "37": [
        104,
        "casket"
    ],
    "38": [
        38,
        "chair"
    ],
    "40": [
        261,
        "liquid_soap"
    ],
    "41": [
        61,
        "book"
    ],
    "42": [
        81,
        "binder"
    ],
    "43": [
        483,
        "picture"
    ],
    "44": [
        225,
        "lamp"
    ],
    "45": [
        337,
        "chair"
    ],
    "49": [
        490,
        "stack_of_papers"
    ],
    "51": [
        215,
        "toilet_paper"
    ],
    "54": [
        306,
        "picture"
    ],
    "55": [
        47,
        "basket"
    ],
    "56": [
        57,
        "book"
    ],
    "57": [
        156,
        "picture"
    ],
    "63": [
        346,
        "pillow"
    ],
    "65": [
        319,
        "vase"
    ],
    "66": [
        292,
        "towel"
    ],
    "68": [
        428,
        "wardrobe"
    ],
    "69": [
        343,
        "small_table_stand"
    ],
    "70": [
        160,
        "vase"
    ],
    "73": [
        218,
        "trash_can"
    ],
    "74": [
        73,
        "book"
    ],
    "75": [
        205,
        "liquid_soap"
    ],
    "76": [
        296,
        "towel"
    ],
    "77": [
        493,
        "pillow"
    ],
    "79": [
        64,
        "book"
    ],
    "80": [
        13,
        "picture"
    ],
    "81": [
        410,
        "paper_towel"
    ],
    "82": [
        223,
        "door"
    ],
    "83": [
        263,
        "shower"
    ],
    "84": [
        237,
        "picture"
    ],
    "86": [
        217,
        "toilet_brush"
    ],
    "87": [
        90,
        "binder"
    ],
    "89": [
        304,
        "picture"
    ],
    "90": [
        189,
        "door"
    ],
    "94": [
        127,
        "window"
    ],
    "96": [
        179,
        "paper"
    ],
    "97": [
        480,
        "shoe"
    ],
    "100": [
        78,
        "book"
    ],
    "103": [
        470,
        "bag"
    ],
    "104": [
        294,
        "tap"
    ],
    "106": [
        434,
        "binder"
    ],
    "108": [
        75,
        "book"
    ],
    "109": [
        321,
        "vase"
    ],
    "110": [
        460,
        "box"
    ],
    "111": [
        76,
        "book"
    ],
    "112": [
        82,
        "binder"
    ],
    "114": [
        448,
        "binder"
    ],
    "118": [
        524,
        "picture"
    ],
    "119": [
        465,
        "bag"
    ],
    "120": [
        277,
        "liquid_soap"
    ],
    "121": [
        310,
        "window"
    ],
    "123": [
        463,
        "stack_of_papers"
    ],
    "124": [
        221,
        "sink"
    ],
    "127": [
        393,
        "table"
    ],
    "128": [
        323,
        "vase"
    ],
    "130": [
        376,
        "dresser"
    ],
    "131": [
        145,
        "bag"
    ],
    "132": [
        412,
        "coffee_machine"
    ],
    "133": [
        494,
        "pillow"
    ],
    "134": [
        497,
        "stack_of_papers"
    ],
    "135": [
        495,
        "book"
    ],
    "136": [
        505,
        "stack_of_papers"
    ],
    "139": [
        485,
        "printer"
    ],
    "140": [
        506,
        "paper"
    ],
    "141": [
        70,
        "book"
    ],
    "145": [
        491,
        "stack_of_papers"
    ],
    "146": [
        269,
        "trash_can"
    ],
    "148": [
        258,
        "liquid_soap"
    ],
    "149": [
        308,
        "window"
    ],
    "150": [
        313,
        "window"
    ],
    "152": [
        77,
        "book"
    ],
    "154": [
        249,
        "picture"
    ],
    "155": [
        389,
        "rug"
    ],
    "157": [
        262,
        "shelf"
    ],
    "158": [
        96,
        "box"
    ],
    "161": [
        322,
        "vase"
    ],
    "162": [
        435,
        "table"
    ],
    "164": [
        266,
        "tap"
    ],
    "167": [
        65,
        "book"
    ],
    "168": [
        498,
        "stack_of_papers"
    ],
    "170": [
        115,
        "door"
    ],
    "171": [
        88,
        "binder"
    ],
    "174": [
        59,
        "book"
    ],
    "175": [
        273,
        "toilet_paper"
    ],
    "177": [
        272,
        "stool"
    ],
    "178": [
        338,
        "dresser"
    ],
    "179": [
        267,
        "shower_hose"
    ],
    "180": [
        467,
        "bag"
    ],
    "181": [
        461,
        "box"
    ],
    "182": [
        392,
        "kitchen_cabinet"
    ],
    "183": [
        423,
        "cloth"
    ],
    "184": [
        60,
        "book"
    ],
    "185": [
        399,
        "kitchen_cabinet"
    ],
    "187": [
        276,
        "liquid_soap"
    ],
    "191": [
        388,
        "table"
    ],
    "194": [
        98,
        "box"
    ],
    "195": [
        390,
        "stack_of_papers"
    ],
    "196": [
        69,
        "book"
    ],
    "197": [
        66,
        "book"
    ],
    "198": [
        353,
        "small_table_stand"
    ],
    "199": [
        499,
        "stack_of_papers"
    ],
    "200": [
        492,
        "couch"
    ],
    "202": [
        324,
        "picture"
    ],
    "203": [
        433,
        "binder"
    ],
    "205": [
        281,
        "door"
    ],
    "207": [
        391,
        "stack_of_papers"
    ],
    "208": [
        396,
        "chair"
    ],
    "211": [
        260,
        "liquid_soap"
    ],
    "214": [
        468,
        "bag"
    ],
    "216": [
        510,
        "cabinet"
    ],
    "218": [
        250,
        "picture"
    ],
    "221": [
        203,
        "liquid_soap"
    ],
    "222": [
        439,
        "binder"
    ],
    "225": [
        219,
        "towel"
    ],
    "226": [
        367,
        "small_table_stand"
    ],
    "231": [
        210,
        "bathtub"
    ],
    "232": [
        14,
        "wardrobe"
    ],
    "233": [
        279,
        "towel"
    ],
    "236": [
        386,
        "chair"
    ],
    "238": [
        476,
        "shoe"
    ],
    "241": [
        176,
        "picture"
    ],
    "242": [
        349,
        "blanket"
    ],
    "243": [
        188,
        "wardrobe"
    ],
    "244": [
        432,
        "binder"
    ],
    "245": [
        208,
        "liquid_soap"
    ],
    "246": [
        18,
        "pillow"
    ],
    "247": [
        309,
        "window"
    ],
    "248": [
        259,
        "liquid_soap"
    ],
    "249": [
        264,
        "towel"
    ],
    "250": [
        93,
        "binder"
    ],
    "252": [
        155,
        "picture"
    ],
    "257": [
        11,
        "picture"
    ],
    "259": [
        257,
        "mirror"
    ],
    "260": [
        274,
        "liquid_soap"
    ],
    "263": [
        175,
        "picture"
    ],
    "265": [
        413,
        "newspaper"
    ],
    "267": [
        23,
        "nightstand"
    ],
    "269": [
        85,
        "binder"
    ],
    "270": [
        15,
        "bed"
    ],
    "271": [
        33,
        "paper"
    ],
    "273": [
        436,
        "binder"
    ],
    "274": [
        411,
        "kettle"
    ],
    "276": [
        469,
        "bag"
    ],
    "278": [
        102,
        "dresser"
    ],
    "280": [
        345,
        "couch"
    ],
    "284": [
        307,
        "clock"
    ],
    "285": [
        141,
        "shoe"
    ],
    "289": [
        268,
        "trash_can"
    ],
    "290": [
        478,
        "shoe"
    ],
    "295": [
        174,
        "lamp"
    ],
    "296": [
        473,
        "shoe"
    ],
    "297": [
        426,
        "picture"
    ],
    "298": [
        55,
        "book"
    ],
    "300": [
        387,
        "chair"
    ],
    "301": [
        401,
        "table"
    ],
    "302": [
        327,
        "electrical_controller"
    ],
    "311": [
        339,
        "sculpture"
    ],
    "312": [
        422,
        "box"
    ],
    "313": [
        344,
        "stack_of_papers"
    ],
    "319": [
        484,
        "picture"
    ],
    "320": [
        326,
        "tv"
    ],
    "321": [
        474,
        "shoe"
    ],
    "323": [
        400,
        "kitchen_cabinet"
    ],
    "324": [
        128,
        "door"
    ],
    "325": [
        507,
        "box"
    ],
    "326": [
        335,
        "telephone"
    ],
    "327": [
        35,
        "paper"
    ],
    "329": [
        207,
        "tap"
    ],
    "330": [
        30,
        "paper"
    ],
    "331": [
        139,
        "mat"
    ],
    "332": [
        48,
        "wardrobe"
    ],
    "334": [
        24,
        "picture"
    ],
    "335": [
        318,
        "dresser"
    ],
    "336": [
        517,
        "bag"
    ],
    "337": [
        341,
        "picture"
    ],
    "338": [
        441,
        "stack_of_papers"
    ],
    "340": [
        37,
        "bag"
    ],
    "342": [
        459,
        "stack_of_papers"
    ],
    "345": [
        183,
        "nightstand"
    ],
    "346": [
        438,
        "binder"
    ],
    "348": [
        522,
        "chair"
    ],
    "350": [
        87,
        "binder"
    ],
    "351": [
        487,
        "box"
    ],
    "355": [
        17,
        "pillow"
    ],
    "357": [
        62,
        "book"
    ],
    "359": [
        409,
        "bottle"
    ],
    "361": [
        185,
        "window_curtain"
    ],
    "363": [
        178,
        "nightstand"
    ],
    "364": [
        334,
        "book"
    ],
    "365": [
        270,
        "toilet"
    ],
    "366": [
        500,
        "book"
    ],
    "367": [
        420,
        "bread"
    ],
    "368": [
        403,
        "vase"
    ],
    "371": [
        430,
        "binder"
    ],
    "372": [
        442,
        "cabinet"
    ],
    "374": [
        320,
        "vase"
    ],
    "377": [
        19,
        "plush_toy"
    ],
    "378": [
        311,
        "lamp"
    ],
    "379": [
        132,
        "table"
    ],
    "380": [
        80,
        "book"
    ],
    "383": [
        236,
        "lamp"
    ],
    "385": [
        92,
        "binder"
    ],
    "386": [
        488,
        "stack_of_papers"
    ],
    "387": [
        395,
        "chair"
    ],
    "388": [
        325,
        "dresser"
    ],
    "389": [
        384,
        "chair"
    ],
    "391": [
        83,
        "binder"
    ],
    "392": [
        291,
        "sink"
    ],
    "393": [
        68,
        "book"
    ],
    "395": [
        275,
        "liquid_soap"
    ],
    "396": [
        72,
        "book"
    ],
    "397": [
        513,
        "window"
    ],
    "399": [
        32,
        "paper"
    ],
    "403": [
        247,
        "vase"
    ],
    "404": [
        238,
        "lamp"
    ],
    "406": [
        97,
        "box"
    ],
    "408": [
        331,
        "speaker"
    ],
    "409": [
        361,
        "armchair"
    ],
    "411": [
        214,
        "shower_hose"
    ],
    "412": [
        290,
        "cabinet"
    ],
    "413": [
        414,
        "tap"
    ],
    "414": [
        101,
        "bag"
    ],
    "416": [
        402,
        "chair"
    ],
    "417": [
        437,
        "binder"
    ],
    "420": [
        496,
        "book"
    ],
    "421": [
        21,
        "stack_of_papers"
    ],
    "422": [
        316,
        "cup"
    ],
    "423": [
        475,
        "shoe"
    ],
    "424": [
        9,
        "picture"
    ],
    "425": [
        472,
        "shoe"
    ],
    "427": [
        58,
        "book"
    ],
    "428": [
        91,
        "binder"
    ],
    "430": [
        222,
        "toilet_paper"
    ],
    "431": [
        489,
        "stack_of_papers"
    ],
    "433": [
        397,
        "kitchen_cabinet"
    ],
    "434": [
        41,
        "picture"
    ],
    "435": [
        481,
        "shoe"
    ],
    "436": [
        521,
        "desk"
    ],
    "438": [
        265,
        "shower_soap_shelf"
    ],
    "439": [
        12,
        "picture"
    ],
    "441": [
        482,
        "shoe"
    ],
    "442": [
        293,
        "liquid_soap"
    ],
    "447": [
        419,
        "toaster"
    ],
    "448": [
        342,
        "picture"
    ],
    "451": [
        31,
        "paper"
    ],
    "452": [
        74,
        "book"
    ],
    "456": [
        312,
        "picture"
    ],
    "458": [
        516,
        "stack_of_papers"
    ],
    "460": [
        398,
        "stove"
    ],
    "461": [
        315,
        "cabinet"
    ],
    "463": [
        71,
        "book"
    ],
    "464": [
        187,
        "curtain_rod"
    ],
    "465": [
        479,
        "shoe"
    ],
    "467": [
        503,
        "cabinet"
    ],
    "468": [
        184,
        "window"
    ],
    "470": [
        25,
        "lamp"
    ],
    "472": [
        531,
        "window"
    ],
    "475": [
        89,
        "binder"
    ],
    "477": [
        385,
        "chair"
    ],
    "478": [
        7,
        "window"
    ],
    "480": [
        456,
        "binder"
    ],
    "482": [
        63,
        "book"
    ],
    "484": [
        56,
        "book"
    ],
    "486": [
        303,
        "picture"
    ],
    "489": [
        282,
        "window"
    ],
    "490": [
        10,
        "picture"
    ],
    "495": [
        271,
        "toilet_brush"
    ],
    "496": [
        49,
        "book"
    ],
    "497": [
        137,
        "dresser"
    ],
    "499": [
        165,
        "picture"
    ],
    "500": [
        110,
        "picture"
    ],
    "501": [
        213,
        "shower_hose"
    ],
    "502": [
        186,
        "window_curtain"
    ],
    "503": [
        16,
        "pillow"
    ],
    "504": [
        182,
        "bed"
    ],
    "508": [
        79,
        "book"
    ],
    "509": [
        295,
        "towel"
    ],
    "511": [
        94,
        "binder"
    ],
    "512": [
        220,
        "cabinet"
    ],
    "514": [
        114,
        "lamp"
    ],
    "517": [
        330,
        "speaker"
    ],
    "519": [
        28,
        "paper"
    ],
    "522": [
        508,
        "door"
    ],
    "523": [
        26,
        "desk"
    ],
    "524": [
        126,
        "picture"
    ],
    "525": [
        95,
        "box"
    ],
    "529": [
        157,
        "picture"
    ],
    "531": [
        332,
        "chair"
    ]
}