{
    "1": [
        196,
        "lamp"
    ],
    "2": [
        219,
        "flower"
    ],
    "3": [
        312,
        "sink"
    ],
    "4": [
        19,
        "blanket"
    ],
    "5": [
        167,
        "ornament"
    ],
    "6": [
        221,
        "chair"
    ],
    "8": [
        238,
        "lamp"
    ],
    "9": [
        178,
        "curtain"
    ],
    "10": [
        85,
        "pillow"
    ],
    "13": [
        287,
        "door"
    ],
    "14": [
        62,
        "door"
    ],
    "15": [
        247,
        "cabinet"
    ],
    "16": [
        190,
        "lamp"
    ],
    "18": [
        152,
        "trashcan"
    ],
    "20": [
        165,
        "door"
    ],
    "22": [
        82,
        "pillow"
    ],
    "24": [
        324,
        "decoration"
    ],
    "27": [
        4,
        "door"
    ],
    "30": [
        320,
        "window"
    ],
    "31": [
        202,
        "pillow"
    ],
    "32": [
        275,
        "cabinet"
    ],
    "33": [
        257,
        "cabinet"
    ],
    "34": [
        109,
        "towel"
    ],
    "35": [
        212,
        "chair"
    ],
    "40": [
        169,
        "window"
    ],
    "41": [
        104,
        "fire_alarm"
    ],
    "43": [
        68,
        "window"
    ],
    "45": [
        96,
        "tv"
    ],
    "48": [
        78,
        "cabinet"
    ],
    "50": [
        29,
        "plush_toy"
    ],
    "52": [
        239,
        "lamp"
    ],
    "53": [
        197,
        "table"
    ],
    "56": [
        248,
        "cabinet"
    ],
    "57": [
        199,
        "l"
    ],
    "58": [
        310,
        "towel_ring"
    ],
    "61": [
        330,
        "pillow"
    ],
    "62": [
        180,
        "tv"
    ],
    "63": [
        77,
        "radio"
    ],
    "65": [
        224,
        "chair"
    ],
    "66": [
        46,
        "lamp"
    ],
    "68": [
        76,
        "lamp"
    ],
    "73": [
        195,
        "window"
    ],
    "75": [
        80,
        "pillow"
    ],
    "79": [
        115,
        "bath"
    ],
    "80": [
        155,
        "towel_ring"
    ],
    "82": [
        313,
        "tap"
    ],
    "83": [
        123,
        "cabinet"
    ],
    "85": [
        69,
        "curtain"
    ],
    "88": [
        296,
        "lamp"
    ],
    "90": [
        116,
        "curtain"
    ],
    "92": [
        156,
        "towel_ring"
    ],
    "98": [
        122,
        "trashcan"
    ],
    "100": [
        32,
        "fire_alarm"
    ],
    "101": [
        217,
        "table"
    ],
    "102": [
        184,
        "sliding_glass_door"
    ],
    "103": [
        15,
        "table"
    ],
    "104": [
        177,
        "curtain_rod"
    ],
    "105": [
        333,
        "pillow"
    ],
    "106": [
        9,
        "armchair"
    ],
    "108": [
        272,
        "cabinet"
    ],
    "109": [
        150,
        "toilet_paper"
    ],
    "111": [
        230,
        "kitchen_counter"
    ],
    "112": [
        14,
        "curtain"
    ],
    "114": [
        87,
        "blanket"
    ],
    "115": [
        233,
        "soap_dish"
    ],
    "117": [
        214,
        "chair"
    ],
    "119": [
        253,
        "cabinet"
    ],
    "120": [
        283,
        "door"
    ],
    "121": [
        279,
        "lamp"
    ],
    "122": [
        12,
        "window"
    ],
    "123": [
        255,
        "refrigerator"
    ],
    "124": [
        232,
        "tap"
    ],
    "125": [
        41,
        "picture"
    ],
    "126": [
        161,
        "lamp"
    ],
    "127": [
        251,
        "cabinet"
    ],
    "130": [
        39,
        "door"
    ],
    "131": [
        160,
        "ventilation"
    ],
    "132": [
        25,
        "book_display"
    ],
    "133": [
        323,
        "trashcan"
    ],
    "137": [
        265,
        "door"
    ],
    "138": [
        276,
        "cabinet"
    ],
    "139": [
        216,
        "ornament"
    ],
    "140": [
        10,
        "blanket"
    ],
    "142": [
        16,
        "toy"
    ],
    "143": [
        86,
        "pillow"
    ],
    "144": [
        318,
        "towel_bar"
    ],
    "146": [
        273,
        "cabinet"
    ],
    "147": [
        126,
        "door"
    ],
    "150": [
        24,
        "box"
    ],
    "151": [
        243,
        "cabinet"
    ],
    "152": [
        290,
        "door"
    ],
    "154": [
        79,
        "bed"
    ],
    "155": [
        210,
        "control_panel"
    ],
    "156": [
        317,
        "picture"
    ],
    "157": [
        23,
        "box"
    ],
    "160": [
        311,
        "cabinet"
    ],
    "165": [
        186,
        "mirror"
    ],
    "166": [
        31,
        "lamp"
    ],
    "167": [
        47,
        "fire_alarm"
    ],
    "168": [
        81,
        "pillow"
    ],
    "169": [
        200,
        "pillow"
    ],
    "170": [
        42,
        "door"
    ],
    "171": [
        99,
        "door"
    ],
    "173": [
        307,
        "lamp"
    ],
    "174": [
        103,
        "lamp"
    ],
    "175": [
        187,
        "water_dispenser"
    ],
    "176": [
        281,
        "knife_holder"
    ],
    "178": [
        262,
        "mixer"
    ],
    "179": [
        204,
        "blanket"
    ],
    "180": [
        231,
        "sink"
    ],
    "183": [
        17,
        "book"
    ],
    "184": [
        218,
        "tray"
    ],
    "185": [
        75,
        "cabinet"
    ],
    "192": [
        203,
        "pillow"
    ],
    "193": [
        305,
        "ventilation"
    ],
    "194": [
        322,
        "toilet_paper"
    ],
    "195": [
        53,
        "ornament"
    ],
    "197": [
        264,
        "kitchen_counter"
    ],
    "198": [
        222,
        "chair"
    ],
    "199": [
        331,
        "pillow"
    ],
    "200": [
        209,
        "picture"
    ],
    "201": [
        175,
        "fire_alarm"
    ],
    "202": [
        6,
        "door"
    ],
    "204": [
        183,
        "basket"
    ],
    "207": [
        84,
        "pillow"
    ],
    "209": [
        154,
        "toilet"
    ],
    "210": [
        301,
        "fire_alarm"
    ],
    "212": [
        241,
        "cabinet"
    ],
    "216": [
        245,
        "towel"
    ],
    "217": [
        179,
        "curtain"
    ],
    "220": [
        28,
        "plush_toy"
    ],
    "221": [
        242,
        "cabinet"
    ],
    "223": [
        147,
        "mirror"
    ],
    "226": [
        226,
        "rug"
    ],
    "227": [
        235,
        "coffee_machine"
    ],
    "228": [
        220,
        "box"
    ],
    "229": [
        48,
        "attic_door"
    ],
    "230": [
        34,
        "rug"
    ],
    "231": [
        234,
        "paper_towel"
    ],
    "232": [
        106,
        "towel"
    ],
    "233": [
        325,
        "toilet"
    ],
    "234": [
        110,
        "towel_bar"
    ],
    "235": [
        72,
        "lamp"
    ],
    "236": [
        254,
        "cabinet"
    ],
    "239": [
        271,
        "cabinet"
    ],
    "240": [
        83,
        "pillow"
    ],
    "241": [
        193,
        "window"
    ],
    "244": [
        246,
        "kitchen_counter"
    ],
    "245": [
        293,
        "rug"
    ],
    "246": [
        316,
        "picture"
    ],
    "249": [
        280,
        "lamp"
    ],
    "250": [
        73,
        "alarm_clock"
    ],
    "251": [
        121,
        "toilet"
    ],
    "252": [
        26,
        "bed"
    ],
    "256": [
        213,
        "chair"
    ],
    "263": [
        54,
        "ornament"
    ],
    "264": [
        182,
        "cabinet"
    ],
    "266": [
        205,
        "pillow"
    ],
    "269": [
        18,
        "baby_changing_station"
    ],
    "270": [
        13,
        "curtain"
    ],
    "271": [
        194,
        "window"
    ],
    "273": [
        256,
        "cabinet"
    ],
    "274": [
        309,
        "towel"
    ],
    "275": [
        120,
        "picture"
    ],
    "276": [
        143,
        "bath"
    ],
    "277": [
        223,
        "chair"
    ],
    "280": [
        125,
        "toilet_paper"
    ],
    "283": [
        27,
        "plush_toy"
    ],
    "286": [
        181,
        "window"
    ],
    "288": [
        198,
        "cup"
    ],
    "290": [
        201,
        "pillow"
    ],
    "292": [
        174,
        "lamp"
    ],
    "293": [
        188,
        "ornament"
    ],
    "295": [
        119,
        "mirror"
    ],
    "297": [
        244,
        "stove"
    ],
    "298": [
        107,
        "ventilation"
    ],
    "299": [
        319,
        "towel"
    ],
    "300": [
        314,
        "soap_dispenser"
    ],
    "301": [
        144,
        "curtain"
    ],
    "302": [
        124,
        "sink"
    ],
    "303": [
        250,
        "microwave"
    ],
    "304": [
        95,
        "dresser"
    ],
    "305": [
        192,
        "window"
    ],
    "306": [
        207,
        "pillow"
    ],
    "307": [
        258,
        "cabinet"
    ],
    "309": [
        240,
        "washing_machine"
    ],
    "310": [
        60,
        "lamp"
    ],
    "311": [
        291,
        "hanger"
    ],
    "316": [
        171,
        "bed"
    ],
    "317": [
        206,
        "pillow"
    ],
    "319": [
        149,
        "cabinet"
    ],
    "324": [
        22,
        "box"
    ],
    "326": [
        228,
        "kitchen_counter"
    ],
    "327": [
        74,
        "tissue_box"
    ],
    "329": [
        332,
        "pillow"
    ],
    "330": [
        274,
        "cabinet"
    ],
    "331": [
        329,
        "pillow"
    ]
}