{
    "1": [
        473,
        "picture"
    ],
    "2": [
        1120,
        "cardboard_box"
    ],
    "3": [
        920,
        "chair"
    ],
    "4": [
        1198,
        "rug"
    ],
    "5": [
        812,
        "couch"
    ],
    "7": [
        415,
        "storage_box"
    ],
    "8": [
        763,
        "pipe"
    ],
    "9": [
        1186,
        "table"
    ],
    "11": [
        332,
        "cardboard_box"
    ],
    "14": [
        638,
        "clutter"
    ],
    "15": [
        1321,
        "book"
    ],
    "17": [
        148,
        "table"
    ],
    "18": [
        634,
        "cardboard_box"
    ],
    "19": [
        652,
        "clutter"
    ],
    "20": [
        61,
        "hanger"
    ],
    "21": [
        589,
        "clutter"
    ],
    "22": [
        1364,
        "shower_dial"
    ],
    "24": [
        38,
        "bed_table"
    ],
    "27": [
        156,
        "table"
    ],
    "28": [
        929,
        "window"
    ],
    "30": [
        733,
        "pipe"
    ],
    "31": [
        388,
        "cardboard_box"
    ],
    "32": [
        155,
        "pouffe"
    ],
    "34": [
        100,
        "picture"
    ],
    "36": [
        73,
        "shower_curtain"
    ],
    "37": [
        519,
        "rack"
    ],
    "38": [
        162,
        "appliance"
    ],
    "39": [
        1331,
        "dresser"
    ],
    "40": [
        1237,
        "washing_powder"
    ],
    "41": [
        367,
        "container"
    ],
    "42": [
        1081,
        "shoe"
    ],
    "44": [
        458,
        "book"
    ],
    "48": [
        334,
        "cardboard_box"
    ],
    "49": [
        1271,
        "ceiling_fan"
    ],
    "50": [
        829,
        "picture"
    ],
    "52": [
        544,
        "cardboard_box"
    ],
    "54": [
        888,
        "kitchen_lower_cabinet"
    ],
    "55": [
        1184,
        "chair"
    ],
    "56": [
        648,
        "cardboard_box"
    ],
    "57": [
        1078,
        "container"
    ],
    "58": [
        52,
        "bathroom_towel"
    ],
    "59": [
        856,
        "kitchen_cabinet"
    ],
    "62": [
        1110,
        "cardboard_box"
    ],
    "66": [
        283,
        "toy"
    ],
    "67": [
        560,
        "book"
    ],
    "71": [
        741,
        "cardboard_box"
    ],
    "73": [
        1041,
        "lamp"
    ],
    "74": [
        1274,
        "door"
    ],
    "75": [
        51,
        "door"
    ],
    "76": [
        779,
        "lamp"
    ],
    "77": [
        700,
        "case"
    ],
    "78": [
        1025,
        "toilet_paper"
    ],
    "80": [
        743,
        "container"
    ],
    "81": [
        1066,
        "clothes"
    ],
    "82": [
        1018,
        "mirror"
    ],
    "85": [
        1304,
        "sofa_chair"
    ],
    "87": [
        780,
        "pipe"
    ],
    "88": [
        967,
        "door"
    ],
    "89": [
        1099,
        "cardboard_box"
    ],
    "94": [
        1176,
        "window"
    ],
    "95": [
        393,
        "rack"
    ],
    "96": [
        350,
        "container"
    ],
    "97": [
        354,
        "bag"
    ],
    "98": [
        647,
        "cardboard_box"
    ],
    "99": [
        389,
        "cardboard_box"
    ],
    "100": [
        384,
        "bag"
    ],
    "102": [
        1129,
        "clothes"
    ],
    "104": [
        848,
        "lamp"
    ],
    "105": [
        295,
        "cardboard_box"
    ],
    "107": [
        374,
        "cardboard_box"
    ],
    "108": [
        582,
        "cardboard_box"
    ],
    "109": [
        96,
        "appliance"
    ],
    "110": [
        598,
        "container"
    ],
    "111": [
        872,
        "chair"
    ],
    "113": [
        651,
        "cardboard_box"
    ],
    "114": [
        772,
        "hanger"
    ],
    "115": [
        1097,
        "cardboard_box"
    ],
    "117": [
        573,
        "book"
    ],
    "118": [
        821,
        "newspaper"
    ],
    "119": [
        922,
        "chair"
    ],
    "122": [
        1341,
        "picture"
    ],
    "123": [
        446,
        "door"
    ],
    "124": [
        1077,
        "storage_bin"
    ],
    "125": [
        1289,
        "window"
    ],
    "126": [
        1235,
        "washing_powder"
    ],
    "127": [
        830,
        "cabinet_table"
    ],
    "130": [
        186,
        "decoration"
    ],
    "131": [
        483,
        "book"
    ],
    "132": [
        1023,
        "picture"
    ],
    "134": [
        1384,
        "bath_cabinet"
    ],
    "137": [
        674,
        "clutter"
    ],
    "138": [
        474,
        "box"
    ],
    "139": [
        1356,
        "shower_curtain"
    ],
    "140": [
        78,
        "mirror"
    ],
    "141": [
        509,
        "container"
    ],
    "142": [
        667,
        "container"
    ],
    "145": [
        11,
        "blanket"
    ],
    "146": [
        952,
        "basket_of_something"
    ],
    "147": [
        1326,
        "pillow"
    ],
    "149": [
        1079,
        "storage_cabinet"
    ],
    "150": [
        697,
        "chair"
    ],
    "151": [
        818,
        "couch"
    ],
    "152": [
        823,
        "box"
    ],
    "156": [
        382,
        "can"
    ],
    "157": [
        151,
        "pillow"
    ],
    "158": [
        766,
        "lamp"
    ],
    "159": [
        1382,
        "tap"
    ],
    "160": [
        769,
        "hanger"
    ],
    "161": [
        948,
        "lamp"
    ],
    "162": [
        595,
        "container"
    ],
    "164": [
        588,
        "cardboard_box"
    ],
    "165": [
        941,
        "lamp"
    ],
    "166": [
        425,
        "device"
    ],
    "167": [
        1372,
        "door"
    ],
    "170": [
        227,
        "ventilation"
    ],
    "171": [
        1156,
        "plant"
    ],
    "172": [
        805,
        "lamp"
    ],
    "173": [
        461,
        "book"
    ],
    "174": [
        753,
        "bag"
    ],
    "175": [
        67,
        "showerhead"
    ],
    "176": [
        578,
        "cardboard_box"
    ],
    "177": [
        619,
        "cart"
    ],
    "179": [
        1287,
        "desk_chair"
    ],
    "180": [
        708,
        "case"
    ],
    "181": [
        89,
        "lamp"
    ],
    "182": [
        903,
        "picture"
    ],
    "183": [
        453,
        "book"
    ],
    "189": [
        586,
        "container"
    ],
    "191": [
        532,
        "container"
    ],
    "192": [
        974,
        "pillow"
    ],
    "195": [
        662,
        "container"
    ],
    "196": [
        1103,
        "cardboard_box"
    ],
    "197": [
        300,
        "bag"
    ],
    "198": [
        338,
        "container"
    ],
    "199": [
        62,
        "box_of_tissues"
    ],
    "200": [
        942,
        "lamp"
    ],
    "202": [
        986,
        "device"
    ],
    "203": [
        277,
        "clutter"
    ],
    "204": [
        1327,
        "l"
    ],
    "205": [
        255,
        "handle"
    ],
    "206": [
        665,
        "container"
    ],
    "207": [
        1024,
        "door"
    ],
    "208": [
        1218,
        "towel"
    ],
    "210": [
        360,
        "bag"
    ],
    "211": [
        1154,
        "piano"
    ],
    "212": [
        934,
        "ceiling_fan"
    ],
    "213": [
        889,
        "kitchen_lower_cabinet"
    ],
    "214": [
        860,
        "oven"
    ],
    "216": [
        429,
        "book"
    ],
    "217": [
        713,
        "case"
    ],
    "220": [
        390,
        "cardboard_box"
    ],
    "221": [
        1113,
        "cardboard_box"
    ],
    "222": [
        98,
        "picture"
    ],
    "223": [
        615,
        "cardboard_box"
    ],
    "224": [
        764,
        "pipe"
    ],
    "225": [
        734,
        "cardboard_box"
    ],
    "226": [
        748,
        "bag"
    ],
    "231": [
        371,
        "clutter"
    ],
    "233": [
        169,
        "rug"
    ],
    "234": [
        901,
        "flower"
    ],
    "235": [
        90,
        "lamp"
    ],
    "236": [
        881,
        "tray"
    ],
    "237": [
        669,
        "cardboard_box"
    ],
    "238": [
        433,
        "bookshelf"
    ],
    "239": [
        497,
        "bookshelf"
    ],
    "240": [
        10,
        "lamp"
    ],
    "241": [
        362,
        "container"
    ],
    "243": [
        470,
        "book"
    ],
    "244": [
        94,
        "lamp"
    ],
    "245": [
        773,
        "hanger"
    ],
    "246": [
        93,
        "lamp"
    ],
    "248": [
        1088,
        "container"
    ],
    "249": [
        325,
        "cardboard_box"
    ],
    "250": [
        610,
        "clutter"
    ],
    "251": [
        1047,
        "shower_dial"
    ],
    "252": [
        428,
        "book"
    ],
    "255": [
        339,
        "container"
    ],
    "258": [
        884,
        "kitchen_lower_cabinet"
    ],
    "259": [
        913,
        "mirror"
    ],
    "260": [
        1340,
        "picture"
    ],
    "261": [
        21,
        "mirror"
    ],
    "262": [
        218,
        "decoration"
    ],
    "263": [
        755,
        "basket_of_something"
    ],
    "265": [
        905,
        "flowerpot"
    ],
    "266": [
        547,
        "cardboard_box"
    ],
    "267": [
        572,
        "book"
    ],
    "268": [
        839,
        "lamp"
    ],
    "269": [
        1096,
        "cardboard_box"
    ],
    "272": [
        323,
        "cardboard_box"
    ],
    "273": [
        716,
        "rug"
    ],
    "274": [
        336,
        "cardboard_box"
    ],
    "275": [
        1219,
        "soap_dispenser"
    ],
    "277": [
        1080,
        "shoe"
    ],
    "280": [
        1319,
        "stack_of_papers"
    ],
    "283": [
        1249,
        "mirror"
    ],
    "284": [
        76,
        "toilet"
    ],
    "287": [
        408,
        "cardboard_box"
    ],
    "288": [
        876,
        "coffee_machine"
    ],
    "289": [
        152,
        "pillow"
    ],
    "290": [
        1090,
        "shelf"
    ],
    "295": [
        896,
        "kitchen_cabinet"
    ],
    "296": [
        997,
        "hanger"
    ],
    "297": [
        493,
        "book"
    ],
    "298": [
        57,
        "towel"
    ],
    "299": [
        381,
        "can"
    ],
    "300": [
        115,
        "rug"
    ],
    "303": [
        1365,
        "shower_hose_head"
    ],
    "304": [
        1251,
        "table"
    ],
    "305": [
        53,
        "shower_curtain_bar"
    ],
    "306": [
        663,
        "container"
    ],
    "307": [
        335,
        "cardboard_box"
    ],
    "308": [
        566,
        "book"
    ],
    "309": [
        596,
        "basket_of_something"
    ],
    "310": [
        478,
        "book"
    ],
    "311": [
        341,
        "container"
    ],
    "312": [
        685,
        "appliance"
    ],
    "314": [
        327,
        "cardboard_box"
    ],
    "316": [
        210,
        "picture"
    ],
    "317": [
        423,
        "cardboard_box"
    ],
    "318": [
        682,
        "appliance"
    ],
    "319": [
        166,
        "mirror"
    ],
    "323": [
        310,
        "cardboard_box"
    ],
    "324": [
        1191,
        "picture"
    ],
    "325": [
        1062,
        "chair"
    ],
    "326": [
        1245,
        "flower"
    ],
    "328": [
        223,
        "display_cabinet"
    ],
    "329": [
        127,
        "speaker"
    ],
    "331": [
        1114,
        "cardboard_box"
    ],
    "332": [
        1153,
        "piano_bench"
    ],
    "333": [
        1027,
        "lamp"
    ],
    "334": [
        526,
        "cardboard_box"
    ],
    "336": [
        477,
        "book"
    ],
    "337": [
        495,
        "book"
    ],
    "338": [
        1131,
        "clothes"
    ],
    "339": [
        1220,
        "tap"
    ],
    "340": [
        329,
        "cardboard_box"
    ],
    "341": [
        1124,
        "cardboard_box"
    ],
    "342": [
        1147,
        "lamp"
    ],
    "344": [
        583,
        "container"
    ],
    "345": [
        739,
        "bag"
    ],
    "346": [
        1306,
        "lamp"
    ],
    "347": [
        290,
        "cardboard_box"
    ],
    "348": [
        771,
        "hanger"
    ],
    "349": [
        644,
        "container"
    ],
    "350": [
        482,
        "box"
    ],
    "354": [
        12,
        "pillow"
    ],
    "355": [
        230,
        "bed"
    ],
    "356": [
        939,
        "picture"
    ],
    "357": [
        1288,
        "bed"
    ],
    "358": [
        562,
        "book"
    ],
    "359": [
        404,
        "container"
    ],
    "361": [
        1370,
        "bath_towel"
    ],
    "362": [
        563,
        "book"
    ],
    "363": [
        454,
        "book"
    ],
    "364": [
        9,
        "lamp"
    ],
    "365": [
        20,
        "picture"
    ],
    "366": [
        346,
        "container"
    ],
    "368": [
        70,
        "bathtub"
    ],
    "370": [
        692,
        "appliance"
    ],
    "371": [
        487,
        "book"
    ],
    "372": [
        686,
        "appliance"
    ],
    "374": [
        424,
        "device"
    ],
    "377": [
        1008,
        "window"
    ],
    "378": [
        987,
        "bath_towel"
    ],
    "379": [
        75,
        "bathroom_cabinet"
    ],
    "380": [
        613,
        "cardboard_box"
    ],
    "381": [
        59,
        "lamp"
    ],
    "384": [
        387,
        "cardboard_box"
    ],
    "385": [
        541,
        "cardboard_box"
    ],
    "387": [
        846,
        "lamp"
    ],
    "388": [
        1135,
        "shelf"
    ],
    "389": [
        597,
        "container"
    ],
    "391": [
        399,
        "cardboard_box"
    ],
    "393": [
        886,
        "kitchen_lower_cabinet"
    ],
    "395": [
        975,
        "pillow"
    ],
    "398": [
        379,
        "cabinet"
    ],
    "401": [
        775,
        "pipe"
    ],
    "402": [
        74,
        "bath_sink"
    ],
    "404": [
        927,
        "decoration"
    ],
    "405": [
        205,
        "picture"
    ],
    "407": [
        738,
        "bag"
    ],
    "408": [
        1278,
        "door"
    ],
    "409": [
        1117,
        "cardboard_box"
    ],
    "410": [
        587,
        "container"
    ],
    "412": [
        882,
        "bowl_of_fruit"
    ],
    "413": [
        868,
        "sink"
    ],
    "414": [
        378,
        "clutter"
    ],
    "416": [
        679,
        "box"
    ],
    "418": [
        636,
        "cardboard_box"
    ],
    "420": [
        559,
        "book"
    ],
    "421": [
        1188,
        "lamp"
    ],
    "422": [
        449,
        "rug"
    ],
    "423": [
        850,
        "lamp"
    ],
    "424": [
        1182,
        "chair"
    ],
    "428": [
        1116,
        "cardboard_box"
    ],
    "432": [
        26,
        "cabinet"
    ],
    "433": [
        683,
        "appliance"
    ],
    "434": [
        777,
        "pipe"
    ],
    "435": [
        19,
        "picture"
    ],
    "436": [
        1314,
        "stack_of_papers"
    ],
    "437": [
        472,
        "book"
    ],
    "438": [
        531,
        "container"
    ],
    "440": [
        324,
        "cardboard_box"
    ],
    "441": [
        182,
        "storage_box"
    ],
    "442": [
        249,
        "pipe"
    ],
    "445": [
        403,
        "container"
    ],
    "447": [
        293,
        "cardboard_box"
    ],
    "448": [
        1089,
        "container"
    ],
    "450": [
        575,
        "book"
    ],
    "451": [
        1137,
        "ceiling_fixture"
    ],
    "452": [
        110,
        "pouffe"
    ],
    "453": [
        298,
        "container"
    ],
    "454": [
        723,
        "furnace"
    ],
    "455": [
        608,
        "cardboard_box"
    ],
    "456": [
        570,
        "book"
    ],
    "458": [
        305,
        "cardboard_box"
    ],
    "459": [
        304,
        "cardboard_box"
    ],
    "460": [
        247,
        "lamp"
    ],
    "462": [
        1109,
        "cardboard_box"
    ],
    "463": [
        80,
        "ventilation"
    ],
    "464": [
        1334,
        "desk"
    ],
    "465": [
        673,
        "cardboard_box"
    ],
    "466": [
        612,
        "cardboard_box"
    ],
    "467": [
        702,
        "case"
    ],
    "470": [
        737,
        "rack"
    ],
    "473": [
        618,
        "door"
    ],
    "474": [
        609,
        "cardboard_box"
    ],
    "476": [
        337,
        "container"
    ],
    "478": [
        1208,
        "container"
    ],
    "479": [
        1240,
        "lamp"
    ],
    "482": [
        161,
        "picture"
    ],
    "486": [
        752,
        "bag"
    ],
    "487": [
        537,
        "container"
    ],
    "490": [
        863,
        "door"
    ],
    "491": [
        291,
        "cardboard_box"
    ],
    "492": [
        250,
        "ventilation"
    ],
    "493": [
        1067,
        "clothes"
    ],
    "494": [
        601,
        "container"
    ],
    "495": [
        1302,
        "door"
    ],
    "498": [
        58,
        "bathroom_art"
    ],
    "500": [
        391,
        "cardboard_box"
    ],
    "501": [
        4,
        "lamp"
    ],
    "502": [
        1133,
        "clothes"
    ],
    "505": [
        548,
        "cardboard_box"
    ],
    "506": [
        728,
        "pipe"
    ],
    "507": [
        160,
        "door"
    ],
    "508": [
        241,
        "bed"
    ],
    "510": [
        22,
        "chair"
    ],
    "511": [
        885,
        "kitchen_lower_cabinet"
    ],
    "512": [
        1210,
        "seat"
    ],
    "514": [
        285,
        "cardboard_box"
    ],
    "517": [
        1299,
        "door"
    ],
    "518": [
        513,
        "container"
    ],
    "520": [
        1069,
        "hanger"
    ],
    "522": [
        954,
        "flowerpot"
    ],
    "525": [
        1035,
        "toilet_paper_dispenser"
    ],
    "526": [
        435,
        "clutter"
    ],
    "527": [
        1307,
        "picture"
    ],
    "528": [
        522,
        "cardboard_box"
    ],
    "530": [
        364,
        "cardboard_box"
    ],
    "531": [
        949,
        "picture"
    ],
    "532": [
        1076,
        "storage_bin"
    ],
    "534": [
        844,
        "lamp"
    ],
    "535": [
        691,
        "table"
    ],
    "538": [
        887,
        "kitchen_lower_cabinet"
    ],
    "540": [
        16,
        "cabinet"
    ],
    "541": [
        571,
        "book"
    ],
    "543": [
        7,
        "picture"
    ],
    "544": [
        307,
        "cardboard_box"
    ],
    "545": [
        661,
        "cardboard_box"
    ],
    "546": [
        855,
        "refrigerator"
    ],
    "548": [
        1379,
        "trash_can"
    ],
    "551": [
        1345,
        "door"
    ],
    "552": [
        431,
        "book"
    ],
    "553": [
        1006,
        "shower_door"
    ],
    "555": [
        188,
        "toy"
    ],
    "556": [
        460,
        "book"
    ],
    "557": [
        92,
        "lamp"
    ],
    "558": [
        970,
        "window"
    ],
    "559": [
        640,
        "container"
    ],
    "560": [
        671,
        "cardboard_box"
    ],
    "561": [
        1232,
        "washing_powder"
    ],
    "565": [
        1,
        "ceiling_fan"
    ],
    "566": [
        822,
        "newspaper"
    ],
    "568": [
        318,
        "cardboard_box"
    ],
    "569": [
        1175,
        "display_cabinet"
    ],
    "570": [
        768,
        "pipe"
    ],
    "572": [
        419,
        "container"
    ],
    "573": [
        270,
        "cardboard_box"
    ],
    "575": [
        422,
        "cardboard_box"
    ],
    "576": [
        649,
        "cardboard_box"
    ],
    "578": [
        174,
        "folding_chair"
    ],
    "580": [
        117,
        "gym_equipment"
    ],
    "581": [
        271,
        "chair"
    ],
    "583": [
        1305,
        "lamp"
    ],
    "584": [
        292,
        "bag"
    ],
    "586": [
        206,
        "picture"
    ],
    "587": [
        991,
        "hanger"
    ],
    "588": [
        322,
        "cardboard_box"
    ],
    "591": [
        809,
        "lamp"
    ],
    "592": [
        132,
        "monitor"
    ],
    "593": [
        635,
        "cardboard_box"
    ],
    "594": [
        203,
        "picture"
    ],
    "595": [
        972,
        "window"
    ],
    "596": [
        1074,
        "storage_cabinet"
    ],
    "598": [
        1330,
        "device"
    ],
    "599": [
        125,
        "device"
    ],
    "600": [
        623,
        "board"
    ],
    "601": [
        639,
        "container"
    ],
    "602": [
        946,
        "device"
    ],
    "603": [
        373,
        "teapot"
    ],
    "604": [
        1118,
        "cardboard_box"
    ],
    "605": [
        112,
        "curtain"
    ],
    "607": [
        1183,
        "chair"
    ],
    "608": [
        363,
        "bag"
    ],
    "610": [
        359,
        "bag"
    ],
    "611": [
        656,
        "cardboard_box"
    ],
    "613": [
        1375,
        "hanger"
    ],
    "615": [
        641,
        "container"
    ],
    "617": [
        42,
        "door"
    ],
    "620": [
        1130,
        "clothes"
    ],
    "622": [
        1051,
        "lamp"
    ],
    "625": [
        717,
        "clutter"
    ],
    "629": [
        944,
        "cabinet"
    ],
    "630": [
        69,
        "shower_tap"
    ],
    "631": [
        520,
        "cardboard_box"
    ],
    "632": [
        894,
        "window"
    ],
    "633": [
        698,
        "table"
    ],
    "634": [
        696,
        "cardboard_box"
    ],
    "636": [
        141,
        "pillow"
    ],
    "637": [
        1134,
        "clothes"
    ],
    "640": [
        406,
        "cardboard_box"
    ],
    "641": [
        695,
        "cardboard_box"
    ],
    "642": [
        342,
        "container"
    ],
    "644": [
        819,
        "armchair"
    ],
    "645": [
        383,
        "bag"
    ],
    "649": [
        534,
        "cardboard_box"
    ],
    "650": [
        953,
        "flower"
    ],
    "651": [
        1045,
        "shower_hose_head"
    ],
    "653": [
        875,
        "chair"
    ],
    "654": [
        1246,
        "flowerpot"
    ],
    "656": [
        507,
        "container"
    ],
    "657": [
        1123,
        "cardboard_box"
    ],
    "658": [
        1236,
        "washing_powder"
    ],
    "659": [
        1148,
        "picture"
    ],
    "660": [
        535,
        "cardboard_box"
    ],
    "661": [
        845,
        "lamp"
    ],
    "662": [
        744,
        "container"
    ],
    "663": [
        1049,
        "ceiling_door"
    ],
    "666": [
        849,
        "lamp"
    ],
    "667": [
        960,
        "small_table_stand"
    ],
    "668": [
        370,
        "bag"
    ],
    "669": [
        213,
        "picture"
    ],
    "671": [
        919,
        "table"
    ],
    "672": [
        1320,
        "stack_of_papers"
    ],
    "674": [
        714,
        "case"
    ],
    "675": [
        1363,
        "shower_tap"
    ],
    "676": [
        180,
        "storage_box"
    ],
    "677": [
        628,
        "appliance"
    ],
    "679": [
        469,
        "book"
    ],
    "680": [
        184,
        "book"
    ],
    "681": [
        684,
        "appliance"
    ],
    "682": [
        176,
        "chair"
    ],
    "683": [
        343,
        "container"
    ],
    "684": [
        265,
        "cardboard_box"
    ],
    "685": [
        718,
        "table"
    ],
    "686": [
        407,
        "cardboard_box"
    ],
    "687": [
        465,
        "book"
    ],
    "688": [
        1122,
        "cardboard_box"
    ],
    "690": [
        330,
        "cardboard_box"
    ],
    "691": [
        1253,
        "rug"
    ],
    "695": [
        1380,
        "toilet"
    ],
    "698": [
        1115,
        "cardboard_box"
    ],
    "699": [
        883,
        "stove"
    ],
    "700": [
        553,
        "container"
    ],
    "701": [
        353,
        "bag"
    ],
    "702": [
        1105,
        "cardboard_box"
    ],
    "703": [
        627,
        "appliance"
    ],
    "705": [
        1068,
        "clothes"
    ],
    "707": [
        1298,
        "lamp"
    ],
    "708": [
        158,
        "rug"
    ],
    "709": [
        726,
        "hanger"
    ],
    "710": [
        567,
        "book"
    ],
    "711": [
        1239,
        "lamp"
    ],
    "715": [
        710,
        "case"
    ],
    "716": [
        1213,
        "lamp"
    ],
    "717": [
        951,
        "armchair"
    ],
    "718": [
        235,
        "lamp"
    ],
    "719": [
        1286,
        "desk"
    ],
    "720": [
        1071,
        "container"
    ],
    "721": [
        668,
        "container"
    ],
    "722": [
        892,
        "kitchen_wall"
    ],
    "723": [
        600,
        "container"
    ],
    "724": [
        352,
        "rug"
    ],
    "725": [
        546,
        "cardboard_box"
    ],
    "726": [
        25,
        "door"
    ],
    "727": [
        602,
        "container"
    ],
    "728": [
        865,
        "kitchen_lower_cabinet"
    ],
    "729": [
        1354,
        "bath_towel"
    ],
    "730": [
        963,
        "device"
    ],
    "731": [
        859,
        "oven"
    ],
    "733": [
        607,
        "cardboard_box"
    ],
    "735": [
        459,
        "book"
    ],
    "736": [
        820,
        "armchair"
    ],
    "737": [
        1230,
        "washing_powder"
    ],
    "738": [
        279,
        "container"
    ],
    "740": [
        1092,
        "shelf"
    ],
    "741": [
        301,
        "rack"
    ],
    "742": [
        376,
        "cardboard_box"
    ],
    "743": [
        1228,
        "washing_machine"
    ],
    "744": [
        317,
        "basket"
    ],
    "745": [
        940,
        "picture"
    ],
    "746": [
        950,
        "armchair"
    ],
    "749": [
        1026,
        "toilet_brush_holder"
    ],
    "750": [
        629,
        "clutter"
    ],
    "752": [
        925,
        "chair"
    ],
    "754": [
        357,
        "clutter"
    ],
    "755": [
        139,
        "cabinet"
    ],
    "758": [
        672,
        "cardboard_box"
    ],
    "759": [
        670,
        "cardboard_box"
    ],
    "760": [
        1296,
        "ceiling_fan"
    ],
    "761": [
        413,
        "storage_box"
    ],
    "762": [
        675,
        "cardboard_box"
    ],
    "763": [
        514,
        "box"
    ],
    "764": [
        1086,
        "container"
    ],
    "766": [
        85,
        "ceiling_fan"
    ],
    "767": [
        226,
        "ventilation"
    ],
    "768": [
        527,
        "container"
    ],
    "769": [
        870,
        "kitchen_island"
    ],
    "770": [
        144,
        "sofa_chair"
    ],
    "771": [
        620,
        "tray"
    ],
    "774": [
        1283,
        "decoration"
    ],
    "777": [
        303,
        "cardboard_box"
    ],
    "778": [
        260,
        "pipe"
    ],
    "779": [
        616,
        "cardboard_box"
    ],
    "781": [
        580,
        "container"
    ],
    "782": [
        133,
        "shelf"
    ],
    "784": [
        824,
        "table"
    ],
    "787": [
        877,
        "telephone"
    ],
    "788": [
        643,
        "container"
    ],
    "789": [
        246,
        "window"
    ],
    "791": [
        1361,
        "shower_soap_shelf"
    ],
    "792": [
        347,
        "container"
    ],
    "794": [
        1328,
        "lamp"
    ],
    "797": [
        1111,
        "cardboard_box"
    ],
    "799": [
        976,
        "bed"
    ],
    "801": [
        1336,
        "window"
    ],
    "805": [
        1180,
        "chair"
    ],
    "807": [
        564,
        "book"
    ],
    "808": [
        448,
        "rug"
    ],
    "809": [
        899,
        "window"
    ],
    "810": [
        923,
        "chair"
    ],
    "812": [
        496,
        "book"
    ],
    "813": [
        681,
        "appliance"
    ],
    "816": [
        432,
        "clutter"
    ],
    "817": [
        281,
        "container"
    ],
    "819": [
        311,
        "container"
    ],
    "820": [
        87,
        "lamp"
    ],
    "822": [
        577,
        "container"
    ],
    "823": [
        1209,
        "container"
    ],
    "826": [
        116,
        "gym_equipment"
    ],
    "827": [
        1010,
        "device"
    ],
    "828": [
        68,
        "shower_dial"
    ],
    "829": [
        556,
        "bookshelf"
    ],
    "831": [
        614,
        "cardboard_box"
    ],
    "833": [
        82,
        "cup"
    ],
    "836": [
        1352,
        "picture"
    ],
    "837": [
        802,
        "lamp"
    ],
    "838": [
        918,
        "rug"
    ],
    "839": [
        533,
        "cardboard_box"
    ],
    "841": [
        724,
        "pipe"
    ],
    "843": [
        1315,
        "stack_of_papers"
    ],
    "844": [
        150,
        "pillow"
    ],
    "845": [
        452,
        "book"
    ],
    "846": [
        990,
        "bath_towel"
    ],
    "848": [
        1001,
        "door"
    ],
    "849": [
        1324,
        "clutter"
    ],
    "850": [
        1083,
        "shoe"
    ],
    "851": [
        538,
        "container"
    ],
    "852": [
        1070,
        "container"
    ],
    "853": [
        451,
        "chair"
    ],
    "854": [
        183,
        "book"
    ],
    "855": [
        1063,
        "clothes"
    ],
    "857": [
        705,
        "cardboard_box"
    ],
    "858": [
        831,
        "cabinet"
    ],
    "860": [
        1256,
        "door"
    ],
    "861": [
        321,
        "cardboard_box"
    ],
    "862": [
        256,
        "handle"
    ],
    "863": [
        699,
        "table"
    ],
    "864": [
        88,
        "lamp"
    ],
    "865": [
        1034,
        "toilet"
    ],
    "866": [
        1353,
        "hanger"
    ],
    "867": [
        999,
        "bath_towel"
    ],
    "868": [
        1285,
        "device"
    ],
    "869": [
        539,
        "cardboard_box"
    ],
    "870": [
        411,
        "storage_cabinet"
    ],
    "872": [
        1000,
        "hanger"
    ],
    "874": [
        39,
        "lamp"
    ],
    "875": [
        288,
        "cardboard_box"
    ],
    "878": [
        97,
        "picture"
    ],
    "879": [
        471,
        "book"
    ],
    "882": [
        632,
        "cardboard_box"
    ],
    "883": [
        511,
        "container"
    ],
    "885": [
        1257,
        "lamp"
    ],
    "886": [
        1094,
        "shelf"
    ],
    "887": [
        394,
        "basket"
    ],
    "888": [
        466,
        "book"
    ],
    "891": [
        492,
        "book"
    ],
    "892": [
        806,
        "picture"
    ],
    "894": [
        457,
        "book"
    ],
    "895": [
        225,
        "rug"
    ],
    "896": [
        1273,
        "lamp"
    ],
    "897": [
        516,
        "container"
    ],
    "898": [
        8,
        "picture"
    ],
    "899": [
        286,
        "cardboard_box"
    ],
    "901": [
        842,
        "lamp"
    ],
    "902": [
        248,
        "lamp"
    ],
    "903": [
        687,
        "stand"
    ],
    "904": [
        701,
        "clothes"
    ],
    "905": [
        988,
        "hanger"
    ],
    "906": [
        502,
        "cardboard_box"
    ],
    "907": [
        400,
        "cardboard_box"
    ],
    "908": [
        917,
        "flower"
    ],
    "910": [
        557,
        "book"
    ],
    "911": [
        118,
        "workout_bike"
    ],
    "912": [
        81,
        "lamp"
    ],
    "913": [
        405,
        "cardboard_box"
    ],
    "914": [
        590,
        "cardboard_box"
    ],
    "916": [
        416,
        "clutter"
    ],
    "917": [
        1163,
        "chair"
    ],
    "919": [
        313,
        "bag"
    ],
    "920": [
        237,
        "container"
    ],
    "921": [
        584,
        "container"
    ],
    "923": [
        847,
        "lamp"
    ],
    "924": [
        646,
        "cardboard_box"
    ],
    "926": [
        838,
        "ceiling_fan"
    ],
    "927": [
        1136,
        "lamp"
    ],
    "928": [
        204,
        "picture"
    ],
    "929": [
        1126,
        "cardboard_box"
    ],
    "931": [
        1310,
        "picture"
    ],
    "933": [
        1355,
        "shower_curtain_rod"
    ],
    "935": [
        1127,
        "storage_cabinet"
    ],
    "938": [
        1369,
        "hanger"
    ],
    "939": [
        56,
        "bathroom_towel"
    ],
    "940": [
        774,
        "hanger"
    ],
    "941": [
        316,
        "rack"
    ],
    "942": [
        657,
        "cardboard_box"
    ],
    "944": [
        1211,
        "shelf___cabinet"
    ],
    "945": [
        543,
        "cardboard_box"
    ],
    "946": [
        765,
        "hanger"
    ],
    "949": [
        114,
        "gym_equipment"
    ],
    "950": [
        1064,
        "clothes"
    ],
    "952": [
        938,
        "tv"
    ],
    "953": [
        1065,
        "clothes"
    ],
    "954": [
        113,
        "curtain"
    ],
    "955": [
        555,
        "book"
    ],
    "956": [
        579,
        "rack"
    ],
    "957": [
        1309,
        "picture"
    ],
    "958": [
        947,
        "cabinet"
    ],
    "959": [
        434,
        "container"
    ],
    "960": [
        289,
        "cardboard_box"
    ],
    "961": [
        897,
        "kitchen_cabinet"
    ],
    "962": [
        964,
        "device"
    ],
    "964": [
        545,
        "cardboard_box"
    ],
    "965": [
        1095,
        "cardboard_box"
    ],
    "966": [
        344,
        "container"
    ],
    "967": [
        959,
        "dresser"
    ],
    "968": [
        1383,
        "sink"
    ],
    "969": [
        33,
        "picture"
    ],
    "970": [
        306,
        "cardboard_box"
    ],
    "971": [
        1014,
        "bathroom_cabinet"
    ],
    "973": [
        1185,
        "chair"
    ],
    "974": [
        268,
        "container"
    ],
    "976": [
        126,
        "telephone"
    ],
    "977": [
        977,
        "window"
    ],
    "978": [
        1037,
        "shower_soap_shelf"
    ],
    "979": [
        1281,
        "lamp"
    ],
    "980": [
        592,
        "cardboard_box"
    ],
    "983": [
        781,
        "pipe"
    ],
    "985": [
        146,
        "flower"
    ],
    "986": [
        1223,
        "shelf"
    ],
    "988": [
        275,
        "gym_equipment"
    ],
    "990": [
        858,
        "kitchen_lower_cabinet"
    ],
    "991": [
        993,
        "device"
    ],
    "992": [
        95,
        "appliance"
    ],
    "994": [
        893,
        "kitchen_cabinet"
    ],
    "996": [
        488,
        "book"
    ],
    "998": [
        274,
        "cardboard_box"
    ],
    "1000": [
        558,
        "book"
    ],
    "1003": [
        826,
        "tray"
    ],
    "1004": [
        924,
        "chair"
    ],
    "1005": [
        427,
        "clutter"
    ],
    "1007": [
        585,
        "cardboard_box"
    ],
    "1009": [
        1072,
        "storage_cabinet"
    ],
    "1010": [
        2,
        "lamp"
    ],
    "1011": [
        64,
        "trash_can"
    ],
    "1012": [
        142,
        "sofa_chair"
    ],
    "1013": [
        837,
        "rug"
    ],
    "1014": [
        911,
        "cabinet"
    ],
    "1015": [
        1317,
        "stack_of_papers"
    ],
    "1016": [
        709,
        "case"
    ],
    "1017": [
        1348,
        "ventilation"
    ],
    "1018": [
        385,
        "bag"
    ],
    "1021": [
        1371,
        "bath_towel"
    ],
    "1022": [
        874,
        "chair"
    ],
    "1023": [
        333,
        "cardboard_box"
    ],
    "1025": [
        1112,
        "cardboard_box"
    ],
    "1026": [
        1200,
        "door"
    ],
    "1027": [
        933,
        "door_window"
    ],
    "1028": [
        603,
        "basket_of_something"
    ],
    "1029": [
        372,
        "clutter"
    ],
    "1030": [
        1323,
        "office_chair"
    ],
    "1031": [
        1125,
        "cardboard_box"
    ],
    "1032": [
        111,
        "picture"
    ],
    "1033": [
        273,
        "case"
    ],
    "1035": [
        134,
        "desk"
    ],
    "1036": [
        525,
        "cardboard_box"
    ],
    "1037": [
        1098,
        "cardboard_box"
    ],
    "1038": [
        481,
        "box"
    ],
    "1039": [
        319,
        "cardboard_box"
    ],
    "1040": [
        898,
        "window"
    ],
    "1041": [
        222,
        "window_shutter"
    ],
    "1042": [
        962,
        "device"
    ],
    "1043": [
        1085,
        "container"
    ],
    "1047": [
        633,
        "cardboard_box"
    ],
    "1049": [
        154,
        "chair"
    ],
    "1050": [
        1280,
        "ornament"
    ],
    "1052": [
        122,
        "trashcan"
    ],
    "1053": [
        193,
        "decoration"
    ],
    "1054": [
        1308,
        "picture"
    ],
    "1055": [
        361,
        "bag"
    ],
    "1057": [
        178,
        "clutter"
    ],
    "1058": [
        269,
        "cardboard_box"
    ],
    "1060": [
        593,
        "toy"
    ],
    "1062": [
        900,
        "flowerpot"
    ],
    "1064": [
        523,
        "cardboard_box"
    ],
    "1065": [
        807,
        "tv"
    ],
    "1066": [
        998,
        "bath_towel"
    ],
    "1067": [
        624,
        "appliance"
    ],
    "1068": [
        299,
        "container"
    ],
    "1069": [
        835,
        "window"
    ],
    "1071": [
        1142,
        "clock"
    ],
    "1072": [
        1050,
        "lamp"
    ],
    "1073": [
        1132,
        "clothes"
    ],
    "1077": [
        551,
        "clutter"
    ],
    "1078": [
        915,
        "flower"
    ],
    "1079": [
        664,
        "rack"
    ],
    "1080": [
        3,
        "lamp"
    ],
    "1081": [
        530,
        "cardboard_box"
    ],
    "1085": [
        727,
        "pipe"
    ],
    "1086": [
        921,
        "chair"
    ],
    "1087": [
        735,
        "clutter"
    ],
    "1088": [
        703,
        "box"
    ],
    "1090": [
        957,
        "dresser"
    ],
    "1092": [
        591,
        "cardboard_box"
    ],
    "1093": [
        55,
        "picture"
    ],
    "1094": [
        770,
        "hanger"
    ],
    "1096": [
        1169,
        "clutter"
    ],
    "1097": [
        1015,
        "bathroom_cabinet"
    ],
    "1102": [
        6,
        "ventilation"
    ],
    "1107": [
        202,
        "picture"
    ],
    "1109": [
        660,
        "cardboard_box"
    ],
    "1110": [
        1192,
        "device"
    ],
    "1111": [
        503,
        "cardboard_box"
    ],
    "1112": [
        745,
        "container"
    ],
    "1116": [
        368,
        "container"
    ],
    "1117": [
        37,
        "vase"
    ],
    "1118": [
        594,
        "container"
    ],
    "1119": [
        642,
        "tray"
    ],
    "1121": [
        315,
        "clutter"
    ],
    "1124": [
        462,
        "book"
    ],
    "1125": [
        297,
        "container"
    ],
    "1126": [
        866,
        "tap"
    ],
    "1127": [
        430,
        "book"
    ],
    "1128": [
        287,
        "cardboard_box"
    ],
    "1129": [
        252,
        "pipe"
    ],
    "1130": [
        943,
        "trashcan"
    ],
    "1133": [
        414,
        "storage_box"
    ],
    "1134": [
        916,
        "flowerpot"
    ],
    "1136": [
        65,
        "bathroom_accessory"
    ],
    "1137": [
        409,
        "container"
    ],
    "1138": [
        1312,
        "cardboard_box"
    ],
    "1140": [
        617,
        "book"
    ],
    "1141": [
        857,
        "kitchen_cabinet"
    ],
    "1143": [
        688,
        "bag"
    ],
    "1147": [
        131,
        "lamp"
    ],
    "1148": [
        380,
        "cardboard_box"
    ],
    "1150": [
        91,
        "lamp"
    ],
    "1152": [
        707,
        "container"
    ],
    "1153": [
        149,
        "pillow"
    ],
    "1154": [
        63,
        "paper_towel"
    ],
    "1155": [
        767,
        "pipe"
    ],
    "1156": [
        1011,
        "bathroom_cabinet"
    ],
    "1157": [
        704,
        "container"
    ],
    "1158": [
        712,
        "trashcan"
    ],
    "1160": [
        143,
        "pillow"
    ],
    "1162": [
        296,
        "cardboard_box"
    ],
    "1163": [
        1344,
        "calendar"
    ],
    "1164": [
        1225,
        "washing_machine"
    ],
    "1165": [
        1141,
        "picture"
    ],
    "1166": [
        676,
        "cardboard_box"
    ],
    "1168": [
        1181,
        "chair"
    ],
    "1169": [
        801,
        "ceiling_fixture"
    ],
    "1170": [
        1229,
        "clutter"
    ],
    "1171": [
        1087,
        "container"
    ],
    "1172": [
        1048,
        "door"
    ],
    "1173": [
        666,
        "container"
    ],
    "1174": [
        1378,
        "toilet_paper"
    ],
    "1175": [
        625,
        "appliance"
    ],
    "1177": [
        421,
        "cardboard_box"
    ],
    "1178": [
        1093,
        "shelf"
    ],
    "1180": [
        706,
        "container"
    ],
    "1181": [
        13,
        "pillow"
    ],
    "1183": [
        440,
        "pipe"
    ],
    "1185": [
        711,
        "chair"
    ],
    "1187": [
        1012,
        "sink"
    ],
    "1188": [
        914,
        "flowerpot"
    ],
    "1191": [
        494,
        "book"
    ],
    "1192": [
        267,
        "clutter"
    ],
    "1193": [
        1247,
        "decoration"
    ],
    "1196": [
        1268,
        "door"
    ],
    "1200": [
        574,
        "book"
    ],
    "1201": [
        1295,
        "bed"
    ],
    "1203": [
        890,
        "kitchen_lower_cabinet"
    ],
    "1207": [
        873,
        "chair"
    ],
    "1208": [
        529,
        "container"
    ],
    "1209": [
        264,
        "cardboard_box"
    ],
    "1210": [
        677,
        "appliance"
    ],
    "1211": [
        1376,
        "toilet_brush"
    ],
    "1212": [
        512,
        "container"
    ],
    "1213": [
        510,
        "container"
    ],
    "1214": [
        1318,
        "stack_of_papers"
    ],
    "1216": [
        1322,
        "book"
    ],
    "1219": [
        1347,
        "lamp"
    ],
    "1220": [
        1101,
        "cardboard_box"
    ],
    "1222": [
        340,
        "container"
    ],
    "1223": [
        1221,
        "sink"
    ],
    "1224": [
        320,
        "cardboard_box"
    ],
    "1226": [
        891,
        "kitchen_top"
    ],
    "1227": [
        123,
        "globe"
    ],
    "1229": [
        369,
        "container"
    ],
    "1231": [
        345,
        "container"
    ],
    "1232": [
        468,
        "book"
    ],
    "1234": [
        276,
        "cardboard_box"
    ],
    "1236": [
        412,
        "storage_cabinet"
    ],
    "1238": [
        1082,
        "shoe"
    ],
    "1239": [
        396,
        "cardboard_box"
    ],
    "1240": [
        86,
        "lamp"
    ],
    "1243": [
        79,
        "hanger"
    ],
    "1244": [
        420,
        "cardboard_box"
    ],
    "1246": [
        128,
        "speaker"
    ],
    "1247": [
        621,
        "cabinet"
    ],
    "1250": [
        484,
        "book"
    ],
    "1251": [
        365,
        "container"
    ],
    "1253": [
        397,
        "cardboard_box"
    ],
    "1254": [
        626,
        "appliance"
    ],
    "1256": [
        524,
        "cardboard_box"
    ],
    "1259": [
        517,
        "container"
    ],
    "1260": [
        1157,
        "display_cabinet"
    ],
    "1261": [
        982,
        "lamp"
    ],
    "1262": [
        14,
        "bed"
    ],
    "1263": [
        386,
        "can"
    ],
    "1264": [
        505,
        "container"
    ],
    "1265": [
        678,
        "appliance"
    ],
    "1267": [
        201,
        "wall_cabinet"
    ],
    "1268": [
        1377,
        "toilet_paper_dispenser"
    ],
    "1269": [
        331,
        "cardboard_box"
    ],
    "1270": [
        418,
        "rack"
    ],
    "1271": [
        1021,
        "tap"
    ],
    "1272": [
        1313,
        "file_cabinet"
    ],
    "1274": [
        528,
        "container"
    ],
    "1276": [
        1017,
        "mirror"
    ],
    "1279": [
        508,
        "bag"
    ],
    "1280": [
        945,
        "telephone"
    ],
    "1282": [
        31,
        "wardrobe"
    ],
    "1284": [
        153,
        "couch"
    ],
    "1286": [
        476,
        "book"
    ],
    "1287": [
        157,
        "tv"
    ],
    "1288": [
        24,
        "door"
    ],
    "1289": [
        129,
        "desk_chair"
    ],
    "1290": [
        328,
        "cardboard_box"
    ],
    "1291": [
        932,
        "door_window_frame"
    ],
    "1292": [
        314,
        "bag"
    ],
    "1293": [
        358,
        "bag"
    ],
    "1294": [
        754,
        "bag"
    ],
    "1296": [
        463,
        "book"
    ],
    "1297": [
        725,
        "pipe"
    ],
    "1302": [
        351,
        "container"
    ],
    "1304": [
        552,
        "rack"
    ],
    "1305": [
        840,
        "lamp"
    ],
    "1306": [
        1197,
        "rug"
    ],
    "1310": [
        631,
        "cardboard_box"
    ],
    "1311": [
        722,
        "pipe"
    ],
    "1314": [
        804,
        "lamp"
    ],
    "1316": [
        1212,
        "door"
    ],
    "1317": [
        119,
        "gym_equipment"
    ],
    "1318": [
        721,
        "cardboard_box"
    ],
    "1319": [
        282,
        "toy"
    ],
    "1320": [
        464,
        "book"
    ],
    "1321": [
        981,
        "door"
    ],
    "1322": [
        1139,
        "lamp"
    ],
    "1324": [
        280,
        "container"
    ],
    "1325": [
        480,
        "box"
    ],
    "1326": [
        377,
        "clutter"
    ],
    "1327": [
        599,
        "container"
    ],
    "1328": [
        1368,
        "bathtub"
    ],
    "1329": [
        680,
        "rack"
    ],
    "1330": [
        284,
        "cardboard_box"
    ],
    "1331": [
        1138,
        "lamp"
    ],
    "1333": [
        181,
        "storage_box"
    ],
    "1334": [
        1204,
        "door"
    ],
    "1336": [
        776,
        "pipe"
    ],
    "1337": [
        536,
        "container"
    ],
    "1338": [
        825,
        "vase"
    ],
    "1339": [
        253,
        "pipe"
    ],
    "1340": [
        489,
        "box"
    ],
    "1343": [
        15,
        "vase"
    ],
    "1344": [
        486,
        "box"
    ],
    "1345": [
        467,
        "book"
    ],
    "1346": [
        581,
        "container"
    ],
    "1347": [
        308,
        "cardboard_box"
    ],
    "1348": [
        175,
        "chair"
    ],
    "1351": [
        1102,
        "cardboard_box"
    ],
    "1353": [
        236,
        "plush_toy"
    ],
    "1354": [
        521,
        "cardboard_box"
    ],
    "1355": [
        561,
        "book"
    ],
    "1357": [
        895,
        "kitchen_cabinet"
    ],
    "1358": [
        456,
        "book"
    ],
    "1359": [
        1039,
        "window"
    ],
    "1360": [
        827,
        "flowerpot"
    ],
    "1361": [
        1145,
        "ornament"
    ],
    "1362": [
        251,
        "pipe"
    ],
    "1363": [
        326,
        "cardboard_box"
    ],
    "1364": [
        234,
        "lamp_stand"
    ],
    "1365": [
        540,
        "cardboard_box"
    ],
    "1371": [
        355,
        "clutter"
    ],
    "1372": [
        1084,
        "shoe"
    ],
    "1374": [
        309,
        "cardboard_box"
    ],
    "1376": [
        312,
        "bag"
    ],
    "1377": [
        294,
        "cardboard_box"
    ],
    "1379": [
        645,
        "cardboard_box"
    ],
    "1380": [
        1013,
        "sink"
    ],
    "1382": [
        272,
        "clutter"
    ],
    "1383": [
        207,
        "picture"
    ],
    "1384": [
        576,
        "book"
    ],
    "1385": [
        398,
        "cardboard_box"
    ],
    "1386": [
        542,
        "cardboard_box"
    ]
}