{
    "1": [
        380,
        "bathroom_towel"
    ],
    "3": [
        381,
        "knob"
    ],
    "6": [
        239,
        "door"
    ],
    "8": [
        65,
        "ceiling_lamp"
    ],
    "9": [
        349,
        "washing_machine_and_dryer"
    ],
    "12": [
        326,
        "door"
    ],
    "16": [
        263,
        "lamp_shade"
    ],
    "19": [
        203,
        "cabinet"
    ],
    "20": [
        293,
        "decorative_plant"
    ],
    "21": [
        517,
        "bathroom_towel"
    ],
    "24": [
        221,
        "dishwasher"
    ],
    "25": [
        43,
        "dressing_table"
    ],
    "29": [
        367,
        "door"
    ],
    "30": [
        261,
        "picture"
    ],
    "31": [
        271,
        "pillow"
    ],
    "32": [
        487,
        "door"
    ],
    "34": [
        421,
        "pillow"
    ],
    "36": [
        223,
        "kitchen_lower_cabinet"
    ],
    "40": [
        384,
        "sink_cabinet"
    ],
    "42": [
        274,
        "pillow"
    ],
    "43": [
        295,
        "fruit_bowl"
    ],
    "47": [
        452,
        "window_glass"
    ],
    "50": [
        445,
        "nightstand"
    ],
    "53": [
        458,
        "pillow"
    ],
    "56": [
        515,
        "toilet"
    ],
    "57": [
        129,
        "mirror"
    ],
    "58": [
        194,
        "microwave"
    ],
    "59": [
        297,
        "fruit"
    ],
    "60": [
        307,
        "dining_table"
    ],
    "62": [
        425,
        "nightstand"
    ],
    "64": [
        70,
        "ceiling_vent"
    ],
    "66": [
        103,
        "painting"
    ],
    "68": [
        188,
        "kitchen_lower_cabinet"
    ],
    "69": [
        373,
        "door"
    ],
    "71": [
        478,
        "door"
    ],
    "74": [
        182,
        "stool"
    ],
    "76": [
        219,
        "oven_and_stove"
    ],
    "81": [
        448,
        "ceiling_lamp"
    ],
    "83": [
        353,
        "utensil"
    ],
    "87": [
        104,
        "painting"
    ],
    "88": [
        361,
        "chest"
    ],
    "90": [
        78,
        "bathtub"
    ],
    "95": [
        392,
        "ceiling_lamp"
    ],
    "96": [
        184,
        "kitchen_cabinet"
    ],
    "97": [
        73,
        "sink_cabinet"
    ],
    "98": [
        235,
        "window_glass"
    ],
    "99": [
        423,
        "pillow"
    ],
    "100": [
        417,
        "mirror"
    ],
    "106": [
        66,
        "ceiling_lamp"
    ],
    "107": [
        76,
        "toilet"
    ],
    "109": [
        229,
        "rug"
    ],
    "110": [
        164,
        "ceiling_lamp"
    ],
    "111": [
        204,
        "refrigerator"
    ],
    "113": [
        249,
        "window"
    ],
    "119": [
        23,
        "ceiling_lamp"
    ],
    "121": [
        39,
        "door"
    ],
    "122": [
        385,
        "mirror"
    ],
    "123": [
        191,
        "kitchen_cabinet"
    ],
    "127": [
        509,
        "shower_knob"
    ],
    "129": [
        116,
        "door_window"
    ],
    "130": [
        264,
        "side_table"
    ],
    "133": [
        355,
        "door"
    ],
    "134": [
        440,
        "bed"
    ],
    "136": [
        299,
        "fruit"
    ],
    "139": [
        481,
        "nightstand"
    ],
    "140": [
        527,
        "bathtub"
    ],
    "141": [
        22,
        "ceiling_lamp"
    ],
    "142": [
        560,
        "bathroom_towel"
    ],
    "143": [
        26,
        "table"
    ],
    "145": [
        121,
        "door"
    ],
    "146": [
        193,
        "kitchen_cabinet"
    ],
    "147": [
        269,
        "coffee_table"
    ],
    "151": [
        348,
        "washing_machine_and_dryer"
    ],
    "152": [
        491,
        "blanket"
    ],
    "153": [
        162,
        "ceiling_lamp"
    ],
    "154": [
        117,
        "door_window"
    ],
    "155": [
        464,
        "mirror"
    ],
    "158": [
        504,
        "window_glass"
    ],
    "159": [
        493,
        "ceiling_lamp"
    ],
    "160": [
        550,
        "door"
    ],
    "165": [
        352,
        "bucket"
    ],
    "166": [
        118,
        "door"
    ],
    "167": [
        465,
        "mirror_frame"
    ],
    "168": [
        480,
        "side_table"
    ],
    "170": [
        187,
        "kitchen_lower_cabinet"
    ],
    "177": [
        130,
        "table"
    ],
    "179": [
        265,
        "picture"
    ],
    "180": [
        498,
        "bathroom_towel"
    ],
    "181": [
        453,
        "window_glass"
    ],
    "184": [
        301,
        "dining_chair"
    ],
    "186": [
        144,
        "frame"
    ],
    "187": [
        106,
        "painting_frame"
    ],
    "188": [
        427,
        "bed"
    ],
    "189": [
        306,
        "plate"
    ],
    "192": [
        288,
        "fireplace_wall"
    ],
    "194": [
        20,
        "ceiling_lamp"
    ],
    "196": [
        383,
        "bathtub"
    ],
    "197": [
        415,
        "table_lamp"
    ],
    "199": [
        507,
        "window_glass"
    ],
    "208": [
        513,
        "shower_cabin"
    ],
    "211": [
        552,
        "bathroom_towel"
    ],
    "215": [
        11,
        "window_curtain"
    ],
    "219": [
        475,
        "bedside_lamp"
    ],
    "220": [
        192,
        "kitchen_cabinet"
    ],
    "223": [
        120,
        "door"
    ],
    "225": [
        424,
        "pillow"
    ],
    "226": [
        234,
        "window_glass"
    ],
    "227": [
        284,
        "fireplace_wall"
    ],
    "229": [
        304,
        "plate"
    ],
    "232": [
        185,
        "kitchen_cabinet"
    ],
    "233": [
        196,
        "faucet"
    ],
    "234": [
        476,
        "table_lamp"
    ],
    "237": [
        402,
        "door"
    ],
    "238": [
        332,
        "toilet_paper"
    ],
    "241": [
        336,
        "bathroom_towel"
    ],
    "244": [
        405,
        "chest_of_drawers"
    ],
    "255": [
        388,
        "door"
    ],
    "257": [
        422,
        "pillow"
    ],
    "260": [
        492,
        "armchair"
    ],
    "262": [
        298,
        "fruit"
    ],
    "263": [
        245,
        "blinds"
    ],
    "265": [
        411,
        "window"
    ],
    "267": [
        9,
        "window"
    ],
    "269": [
        429,
        "pillow"
    ],
    "272": [
        343,
        "sink_cabinet"
    ],
    "275": [
        302,
        "dining_chair"
    ],
    "276": [
        237,
        "door_window"
    ],
    "277": [
        393,
        "ceiling_lamp"
    ],
    "278": [
        419,
        "bedside_lamp"
    ],
    "279": [
        246,
        "window"
    ],
    "281": [
        183,
        "stool"
    ],
    "293": [
        362,
        "window_glass"
    ],
    "296": [
        516,
        "bathroom_towel"
    ],
    "297": [
        347,
        "washbasin"
    ],
    "298": [
        408,
        "door"
    ],
    "299": [
        77,
        "shower_curtain"
    ],
    "301": [
        305,
        "plate"
    ],
    "302": [
        308,
        "bottle"
    ],
    "305": [
        457,
        "pillow"
    ],
    "306": [
        444,
        "bedside_lamp"
    ],
    "307": [
        533,
        "mirror_frame"
    ],
    "310": [
        279,
        "decoration"
    ],
    "311": [
        482,
        "door"
    ],
    "313": [
        451,
        "window_glass"
    ],
    "314": [
        459,
        "lampshade"
    ],
    "316": [
        197,
        "knife_holder"
    ],
    "319": [
        12,
        "window"
    ],
    "320": [
        350,
        "blinds"
    ],
    "327": [
        289,
        "decorative_plant"
    ],
    "328": [
        109,
        "window"
    ],
    "329": [
        345,
        "ceiling_lamp"
    ],
    "332": [
        430,
        "window_glass"
    ],
    "334": [
        321,
        "door"
    ],
    "335": [
        277,
        "blanket"
    ],
    "336": [
        186,
        "kitchen_top"
    ],
    "337": [
        483,
        "chest_of_drawers"
    ],
    "343": [
        358,
        "shelf"
    ],
    "347": [
        166,
        "ceiling_lamp"
    ],
    "348": [
        71,
        "rug"
    ],
    "354": [
        281,
        "shelf"
    ],
    "358": [
        443,
        "bed_comforter"
    ],
    "359": [
        337,
        "bathroom_towel"
    ],
    "360": [
        303,
        "dining_chair"
    ],
    "361": [
        222,
        "kitchen_lower_cabinet"
    ],
    "362": [
        286,
        "fireplace_wall"
    ],
    "367": [
        460,
        "table_lamp"
    ],
    "370": [
        441,
        "pillow"
    ],
    "371": [
        268,
        "armchair"
    ],
    "379": [
        248,
        "window"
    ],
    "380": [
        87,
        "ceiling_lamp"
    ],
    "382": [
        500,
        "bathroom_towel"
    ],
    "383": [
        495,
        "ceiling_lamp"
    ],
    "384": [
        418,
        "chest_of_drawers"
    ],
    "385": [
        21,
        "ceiling_lamp"
    ],
    "387": [
        4,
        "ceiling_lamp"
    ],
    "388": [
        244,
        "window_glass"
    ],
    "392": [
        258,
        "wall_tv"
    ],
    "393": [
        375,
        "ceiling_vent"
    ],
    "394": [
        479,
        "dressing_table"
    ],
    "397": [
        275,
        "pillow"
    ],
    "399": [
        296,
        "fruit"
    ],
    "401": [
        165,
        "ceiling_lamp"
    ],
    "406": [
        260,
        "side_table"
    ],
    "407": [
        511,
        "faucet"
    ],
    "409": [
        499,
        "towel_bar"
    ],
    "412": [
        267,
        "blanket"
    ],
    "415": [
        501,
        "towel_bar"
    ],
    "417": [
        338,
        "towel_bar"
    ],
    "418": [
        262,
        "picture"
    ],
    "421": [
        374,
        "ceiling_lamp"
    ],
    "426": [
        461,
        "appliance"
    ],
    "429": [
        5,
        "ceiling_lamp"
    ],
    "430": [
        259,
        "lampshade"
    ],
    "435": [
        69,
        "door"
    ],
    "441": [
        51,
        "door"
    ],
    "442": [
        273,
        "pillow"
    ],
    "443": [
        189,
        "shelf"
    ],
    "446": [
        409,
        "door"
    ],
    "451": [
        300,
        "dining_chair"
    ],
    "452": [
        54,
        "shelf"
    ],
    "453": [
        167,
        "ceiling_lamp"
    ],
    "456": [
        531,
        "door"
    ],
    "457": [
        195,
        "sink"
    ],
    "459": [
        514,
        "toilet_paper"
    ],
    "462": [
        224,
        "kitchen_lower_cabinet"
    ],
    "464": [
        218,
        "kitchen_top"
    ],
    "467": [
        161,
        "ceiling_lamp"
    ],
    "471": [
        278,
        "couch"
    ],
    "472": [
        282,
        "shelf_clutter"
    ],
    "474": [
        456,
        "pillow"
    ],
    "475": [
        312,
        "ceiling_lamp"
    ],
    "478": [
        433,
        "door"
    ],
    "481": [
        416,
        "table_lamp"
    ],
    "484": [
        163,
        "ceiling_lamp"
    ],
    "489": [
        442,
        "pillow"
    ],
    "492": [
        145,
        "window"
    ],
    "495": [
        236,
        "window_glass"
    ],
    "498": [
        294,
        "cabinet"
    ],
    "500": [
        463,
        "chest_of_drawers"
    ],
    "501": [
        437,
        "door"
    ],
    "503": [
        199,
        "door"
    ],
    "504": [
        291,
        "appliance"
    ],
    "506": [
        333,
        "toilet"
    ],
    "508": [
        494,
        "ceiling_lamp"
    ],
    "511": [
        190,
        "kitchen_cabinet"
    ],
    "515": [
        220,
        "kitchen_lower_cabinet"
    ],
    "518": [
        387,
        "showerhead"
    ],
    "519": [
        270,
        "pillow"
    ],
    "521": [
        322,
        "door"
    ],
    "523": [
        152,
        "window_glass"
    ],
    "526": [
        105,
        "painting_frame"
    ],
    "527": [
        272,
        "pillow"
    ],
    "531": [
        485,
        "bed"
    ],
    "532": [
        420,
        "pillow"
    ],
    "533": [
        280,
        "fireplace"
    ],
    "535": [
        311,
        "ceiling_lamp"
    ],
    "540": [
        86,
        "ceiling_lamp"
    ],
    "541": [
        53,
        "shelf"
    ],
    "542": [
        394,
        "ceiling_lamp"
    ],
    "545": [
        313,
        "ceiling_lamp"
    ],
    "548": [
        346,
        "washing_stuff"
    ],
    "556": [
        10,
        "window_curtain"
    ],
    "559": [
        382,
        "faucet"
    ],
    "562": [
        292,
        "rack"
    ],
    "565": [
        496,
        "ceiling_lamp"
    ],
    "568": [
        115,
        "door_window"
    ],
    "570": [
        238,
        "door_window"
    ]
}