{
    "1": [
        365,
        "kitchen_decoration"
    ],
    "2": [
        397,
        "picture"
    ],
    "4": [
        528,
        "box"
    ],
    "5": [
        62,
        "vase"
    ],
    "6": [
        145,
        "decoration"
    ],
    "7": [
        442,
        "towel"
    ],
    "8": [
        527,
        "cabinet"
    ],
    "10": [
        126,
        "picture"
    ],
    "11": [
        516,
        "pillow"
    ],
    "12": [
        198,
        "decoration"
    ],
    "13": [
        173,
        "kitchen_cabinet"
    ],
    "14": [
        305,
        "decoration"
    ],
    "15": [
        119,
        "fridge"
    ],
    "16": [
        38,
        "pillow"
    ],
    "17": [
        376,
        "door"
    ],
    "18": [
        383,
        "door"
    ],
    "19": [
        18,
        "tv"
    ],
    "20": [
        394,
        "box"
    ],
    "21": [
        95,
        "hanging_clothes"
    ],
    "23": [
        280,
        "railing"
    ],
    "24": [
        12,
        "ventilation"
    ],
    "25": [
        129,
        "kitchen_cabinet"
    ],
    "26": [
        17,
        "decoration"
    ],
    "28": [
        299,
        "picture"
    ],
    "29": [
        511,
        "decorative_quilt"
    ],
    "31": [
        2,
        "picture"
    ],
    "33": [
        192,
        "book"
    ],
    "34": [
        349,
        "table"
    ],
    "35": [
        309,
        "coffee_table"
    ],
    "37": [
        540,
        "teapot"
    ],
    "38": [
        166,
        "paper_towel"
    ],
    "39": [
        11,
        "picture"
    ],
    "41": [
        354,
        "chair"
    ],
    "42": [
        364,
        "kitchen_decoration"
    ],
    "44": [
        268,
        "window"
    ],
    "45": [
        352,
        "chair"
    ],
    "46": [
        524,
        "decoration"
    ],
    "48": [
        124,
        "clock"
    ],
    "49": [
        320,
        "pillow"
    ],
    "50": [
        194,
        "picture"
    ],
    "51": [
        575,
        "lamp"
    ],
    "53": [
        616,
        "bathroom_cabinet"
    ],
    "54": [
        557,
        "alarm"
    ],
    "57": [
        185,
        "decoration"
    ],
    "58": [
        334,
        "stool"
    ],
    "59": [
        585,
        "lamp"
    ],
    "61": [
        470,
        "door"
    ],
    "64": [
        374,
        "picture"
    ],
    "65": [
        569,
        "wardrobe"
    ],
    "66": [
        553,
        "plant"
    ],
    "67": [
        461,
        "curtain"
    ],
    "68": [
        286,
        "wall_hanging_decoration"
    ],
    "69": [
        302,
        "cabinet"
    ],
    "70": [
        414,
        "window"
    ],
    "72": [
        279,
        "umbrella_stand"
    ],
    "73": [
        15,
        "closet"
    ],
    "74": [
        535,
        "book"
    ],
    "76": [
        337,
        "picture"
    ],
    "77": [
        207,
        "vase"
    ],
    "78": [
        58,
        "vase"
    ],
    "79": [
        151,
        "decoration"
    ],
    "80": [
        217,
        "chair"
    ],
    "81": [
        379,
        "box"
    ],
    "84": [
        269,
        "mirror"
    ],
    "89": [
        450,
        "door"
    ],
    "92": [
        419,
        "faucet"
    ],
    "93": [
        420,
        "bathroom_utensil"
    ],
    "94": [
        445,
        "bathroom_cabinet"
    ],
    "95": [
        209,
        "pot"
    ],
    "96": [
        163,
        "kitchen_cabinet"
    ],
    "97": [
        329,
        "door"
    ],
    "98": [
        507,
        "window"
    ],
    "99": [
        86,
        "box"
    ],
    "100": [
        215,
        "chair"
    ],
    "104": [
        218,
        "chair"
    ],
    "107": [
        150,
        "book"
    ],
    "108": [
        475,
        "decorative_quilt"
    ],
    "109": [
        231,
        "plant"
    ],
    "110": [
        13,
        "picture"
    ],
    "111": [
        140,
        "cutting_board"
    ],
    "113": [
        440,
        "bathroom_accessory"
    ],
    "114": [
        153,
        "picture"
    ],
    "115": [
        391,
        "lamp"
    ],
    "116": [
        603,
        "ventilation"
    ],
    "118": [
        570,
        "chest_of_drawers"
    ],
    "119": [
        619,
        "toilet"
    ],
    "121": [
        113,
        "plate"
    ],
    "123": [
        363,
        "kitchen_decoration"
    ],
    "124": [
        282,
        "picture"
    ],
    "125": [
        109,
        "picture"
    ],
    "126": [
        313,
        "pillow"
    ],
    "130": [
        149,
        "shelf"
    ],
    "132": [
        522,
        "box_of_tissues"
    ],
    "133": [
        531,
        "book"
    ],
    "137": [
        101,
        "towel"
    ],
    "140": [
        169,
        "kettle"
    ],
    "141": [
        407,
        "lamp"
    ],
    "142": [
        47,
        "window"
    ],
    "143": [
        325,
        "carpet"
    ],
    "144": [
        284,
        "lamp"
    ],
    "145": [
        484,
        "nightstand"
    ],
    "146": [
        421,
        "bathroom_utensil"
    ],
    "147": [
        197,
        "decoration"
    ],
    "148": [
        137,
        "jar"
    ],
    "149": [
        39,
        "pillow"
    ],
    "150": [
        534,
        "decoration"
    ],
    "152": [
        482,
        "nightstand"
    ],
    "153": [
        216,
        "chair"
    ],
    "155": [
        532,
        "book"
    ],
    "156": [
        545,
        "toy"
    ],
    "159": [
        234,
        "door"
    ],
    "162": [
        539,
        "bookshelf"
    ],
    "163": [
        111,
        "stool"
    ],
    "164": [
        371,
        "lamp"
    ],
    "165": [
        143,
        "radio"
    ],
    "166": [
        439,
        "bathroom_accessory"
    ],
    "168": [
        23,
        "cabinet"
    ],
    "171": [
        148,
        "shelf"
    ],
    "174": [
        31,
        "door"
    ],
    "175": [
        625,
        "picture"
    ],
    "177": [
        427,
        "door"
    ],
    "179": [
        437,
        "bathtub"
    ],
    "180": [
        3,
        "picture"
    ],
    "183": [
        304,
        "cabinet"
    ],
    "184": [
        408,
        "lamp"
    ],
    "185": [
        64,
        "mirror"
    ],
    "186": [
        485,
        "lamp"
    ],
    "187": [
        551,
        "box"
    ],
    "188": [
        487,
        "tv"
    ],
    "189": [
        563,
        "window"
    ],
    "190": [
        56,
        "vase"
    ],
    "191": [
        480,
        "pillow"
    ],
    "192": [
        6,
        "picture"
    ],
    "194": [
        42,
        "armchair"
    ],
    "195": [
        117,
        "door"
    ],
    "196": [
        179,
        "microwave"
    ],
    "198": [
        529,
        "book"
    ],
    "199": [
        358,
        "lamp"
    ],
    "200": [
        481,
        "pillow"
    ],
    "201": [
        493,
        "door"
    ],
    "202": [
        472,
        "chest_of_drawers"
    ],
    "203": [
        202,
        "window"
    ],
    "204": [
        491,
        "fan"
    ],
    "205": [
        378,
        "cabinet"
    ],
    "208": [
        594,
        "picture"
    ],
    "213": [
        138,
        "kitchen_utensil"
    ],
    "214": [
        355,
        "lamp"
    ],
    "215": [
        466,
        "picture"
    ],
    "216": [
        361,
        "kitchen_decoration"
    ],
    "218": [
        572,
        "screen"
    ],
    "219": [
        270,
        "plant"
    ],
    "222": [
        410,
        "mirror"
    ],
    "223": [
        61,
        "fireplace"
    ],
    "226": [
        134,
        "cooker"
    ],
    "229": [
        184,
        "decoration"
    ],
    "231": [
        538,
        "box"
    ],
    "233": [
        479,
        "pillow"
    ],
    "234": [
        503,
        "picture"
    ],
    "236": [
        552,
        "decoration"
    ],
    "237": [
        214,
        "chair"
    ],
    "239": [
        488,
        "armchair"
    ],
    "241": [
        613,
        "soap_bottle"
    ],
    "242": [
        14,
        "wall_hanging_decoration"
    ],
    "243": [
        63,
        "vase"
    ],
    "244": [
        438,
        "bathroom_accessory"
    ],
    "246": [
        395,
        "basket"
    ],
    "247": [
        33,
        "side_table"
    ],
    "248": [
        530,
        "bookshelf"
    ],
    "250": [
        600,
        "lamp"
    ],
    "251": [
        495,
        "carpet"
    ],
    "252": [
        459,
        "curtain_rod"
    ],
    "254": [
        476,
        "pillow"
    ],
    "255": [
        436,
        "bathtub_platform"
    ],
    "256": [
        578,
        "pillow"
    ],
    "257": [
        321,
        "side_table"
    ],
    "258": [
        30,
        "curtain"
    ],
    "259": [
        142,
        "desk"
    ],
    "261": [
        515,
        "pillow"
    ],
    "262": [
        79,
        "lamp"
    ],
    "266": [
        486,
        "chest_of_drawers"
    ],
    "267": [
        599,
        "lamp"
    ],
    "268": [
        318,
        "pillow"
    ],
    "269": [
        41,
        "pouffe"
    ],
    "270": [
        500,
        "picture"
    ],
    "272": [
        401,
        "side_table"
    ],
    "273": [
        4,
        "picture"
    ],
    "274": [
        579,
        "pillow"
    ],
    "275": [
        454,
        "ventilation"
    ],
    "276": [
        546,
        "toy"
    ],
    "277": [
        139,
        "box"
    ],
    "278": [
        272,
        "window"
    ],
    "280": [
        418,
        "sink"
    ],
    "281": [
        175,
        "kitchen_cabinet"
    ],
    "282": [
        322,
        "lamp"
    ],
    "283": [
        483,
        "lamp"
    ],
    "284": [
        196,
        "cabinet"
    ],
    "285": [
        498,
        "wall_hanging_decoration"
    ],
    "287": [
        165,
        "telephone"
    ],
    "289": [
        328,
        "window"
    ],
    "290": [
        370,
        "carpet"
    ],
    "291": [
        171,
        "sink"
    ],
    "292": [
        386,
        "wardrobe"
    ],
    "293": [
        82,
        "laundry_machine"
    ],
    "294": [
        88,
        "box"
    ],
    "295": [
        316,
        "couch"
    ],
    "296": [
        178,
        "kitchen_cabinet"
    ],
    "298": [
        541,
        "book"
    ],
    "300": [
        618,
        "bathroom_accessory"
    ],
    "303": [
        147,
        "candle"
    ],
    "304": [
        199,
        "decoration"
    ],
    "305": [
        392,
        "decoration"
    ],
    "306": [
        512,
        "pillow"
    ],
    "307": [
        550,
        "book"
    ],
    "308": [
        604,
        "lamp"
    ],
    "309": [
        164,
        "kitchen_cabinet"
    ],
    "311": [
        36,
        "pillow"
    ],
    "312": [
        183,
        "decoration"
    ],
    "314": [
        463,
        "window"
    ],
    "315": [
        233,
        "sink"
    ],
    "316": [
        152,
        "decoration"
    ],
    "317": [
        565,
        "wall_hanging_decoration"
    ],
    "321": [
        544,
        "picture"
    ],
    "322": [
        8,
        "clock"
    ],
    "323": [
        346,
        "carpet"
    ],
    "324": [
        520,
        "chest_of_drawers"
    ],
    "325": [
        188,
        "decoration"
    ],
    "326": [
        130,
        "kitchen_cabinet"
    ],
    "327": [
        125,
        "picture"
    ],
    "329": [
        310,
        "book"
    ],
    "330": [
        425,
        "carpet"
    ],
    "331": [
        135,
        "decoration"
    ],
    "332": [
        393,
        "decoration"
    ],
    "334": [
        283,
        "plant"
    ],
    "335": [
        533,
        "book"
    ],
    "339": [
        571,
        "plant"
    ],
    "341": [
        301,
        "candle"
    ],
    "346": [
        19,
        "pillow"
    ],
    "347": [
        308,
        "plant"
    ],
    "349": [
        368,
        "kitchen_decoration"
    ],
    "350": [
        220,
        "lamp"
    ],
    "352": [
        377,
        "wall_hanging_decoration"
    ],
    "353": [
        444,
        "mirror"
    ],
    "354": [
        602,
        "lamp"
    ],
    "355": [
        375,
        "picture"
    ],
    "357": [
        167,
        "jar"
    ],
    "359": [
        446,
        "bathroom_counter"
    ],
    "360": [
        76,
        "door"
    ],
    "361": [
        509,
        "bench"
    ],
    "362": [
        25,
        "chair"
    ],
    "363": [
        350,
        "chair"
    ],
    "365": [
        136,
        "kettle"
    ],
    "366": [
        122,
        "kitchen_cabinet"
    ],
    "370": [
        510,
        "bed"
    ],
    "372": [
        422,
        "bathroom_utensil"
    ],
    "375": [
        536,
        "book"
    ],
    "376": [
        564,
        "window"
    ],
    "377": [
        549,
        "box"
    ],
    "379": [
        174,
        "dishwasher"
    ],
    "380": [
        335,
        "stool"
    ],
    "381": [
        66,
        "carpet"
    ],
    "385": [
        146,
        "stack_of_cds"
    ],
    "386": [
        556,
        "lamp"
    ],
    "387": [
        474,
        "bed"
    ],
    "388": [
        22,
        "pouffe"
    ],
    "389": [
        609,
        "shower_soap_shelf"
    ],
    "390": [
        523,
        "candle_holder"
    ],
    "391": [
        77,
        "ironing_board"
    ],
    "392": [
        213,
        "chair"
    ],
    "394": [
        237,
        "carpet"
    ],
    "395": [
        24,
        "plant"
    ],
    "398": [
        353,
        "decoration"
    ],
    "399": [
        590,
        "wardrobe"
    ],
    "400": [
        400,
        "bookshelf"
    ],
    "403": [
        342,
        "carpet"
    ],
    "404": [
        317,
        "pillow"
    ],
    "406": [
        489,
        "blanket"
    ],
    "407": [
        586,
        "alarm"
    ],
    "408": [
        573,
        "blanket"
    ],
    "409": [
        172,
        "faucet"
    ],
    "410": [
        176,
        "kitchen_cabinet"
    ],
    "411": [
        181,
        "kitchen_utensil"
    ],
    "414": [
        312,
        "couch"
    ],
    "415": [
        110,
        "stool"
    ],
    "416": [
        348,
        "lamp"
    ],
    "419": [
        20,
        "pillow"
    ],
    "422": [
        168,
        "kitchen_utensil"
    ],
    "423": [
        48,
        "blinds"
    ],
    "424": [
        315,
        "pillow"
    ],
    "426": [
        182,
        "plant"
    ],
    "427": [
        180,
        "picture"
    ],
    "428": [
        191,
        "book"
    ],
    "429": [
        7,
        "picture"
    ],
    "431": [
        55,
        "plant"
    ],
    "432": [
        448,
        "sink"
    ],
    "433": [
        85,
        "hanger"
    ],
    "435": [
        186,
        "decoration"
    ],
    "436": [
        543,
        "decoration"
    ],
    "438": [
        525,
        "chair"
    ],
    "439": [
        390,
        "closet"
    ],
    "441": [
        300,
        "cabinet"
    ],
    "442": [
        43,
        "pillow"
    ],
    "443": [
        94,
        "basket"
    ],
    "444": [
        501,
        "pouffe"
    ],
    "445": [
        93,
        "box"
    ],
    "447": [
        154,
        "decoration"
    ],
    "448": [
        190,
        "book"
    ],
    "449": [
        473,
        "stool"
    ],
    "451": [
        558,
        "ceiling_vent"
    ],
    "454": [
        187,
        "decoration"
    ],
    "455": [
        208,
        "plant"
    ],
    "457": [
        274,
        "railing"
    ],
    "458": [
        121,
        "kitchen_cabinet"
    ],
    "460": [
        518,
        "wardrobe"
    ],
    "461": [
        621,
        "carpet"
    ],
    "463": [
        402,
        "lamp"
    ],
    "464": [
        412,
        "towel_bar"
    ],
    "466": [
        212,
        "table"
    ],
    "467": [
        521,
        "plant"
    ],
    "469": [
        21,
        "book"
    ],
    "472": [
        580,
        "plant"
    ],
    "473": [
        132,
        "kitchen_counter"
    ],
    "474": [
        227,
        "mirror"
    ],
    "475": [
        128,
        "window"
    ],
    "476": [
        162,
        "window"
    ],
    "477": [
        112,
        "kitchen_counter"
    ],
    "478": [
        89,
        "box"
    ],
    "479": [
        53,
        "side_table"
    ],
    "480": [
        341,
        "carpet"
    ],
    "481": [
        367,
        "kitchen_decoration"
    ],
    "482": [
        293,
        "window"
    ],
    "484": [
        57,
        "vase"
    ],
    "485": [
        333,
        "lamp"
    ],
    "487": [
        87,
        "box"
    ],
    "489": [
        40,
        "pillow"
    ],
    "490": [
        332,
        "plant"
    ],
    "491": [
        232,
        "toilet_paper_dispenser"
    ],
    "493": [
        314,
        "pillow"
    ],
    "494": [
        537,
        "book"
    ],
    "495": [
        417,
        "kitchen_counter"
    ],
    "497": [
        505,
        "picture"
    ],
    "499": [
        465,
        "wall_hanging_decoration"
    ],
    "500": [
        519,
        "door"
    ],
    "501": [
        542,
        "cup"
    ],
    "502": [
        455,
        "ventilation"
    ],
    "505": [
        16,
        "plant"
    ],
    "507": [
        307,
        "decoration"
    ],
    "508": [
        97,
        "towel"
    ],
    "509": [
        157,
        "box"
    ],
    "510": [
        195,
        "picture"
    ],
    "511": [
        230,
        "bathroom_cabinet"
    ],
    "512": [
        362,
        "kitchen_decoration"
    ],
    "513": [
        548,
        "box"
    ],
    "514": [
        228,
        "towel_bar"
    ],
    "515": [
        46,
        "window"
    ],
    "516": [
        106,
        "door"
    ],
    "517": [
        67,
        "carpet"
    ],
    "518": [
        52,
        "lamp"
    ],
    "520": [
        29,
        "curtain_rod"
    ],
    "522": [
        35,
        "couch"
    ],
    "526": [
        206,
        "side_table"
    ],
    "527": [
        435,
        "window"
    ],
    "528": [
        226,
        "picture"
    ],
    "529": [
        100,
        "towel"
    ],
    "531": [
        492,
        "alarm"
    ],
    "532": [
        177,
        "kitchen_cabinet"
    ],
    "533": [
        399,
        "window"
    ],
    "535": [
        170,
        "kitchen_counter"
    ],
    "536": [
        468,
        "mirror"
    ],
    "539": [
        9,
        "clock"
    ],
    "540": [
        276,
        "picture"
    ],
    "541": [
        611,
        "shower_curtain_rod"
    ],
    "542": [
        84,
        "bottle_of_detergent"
    ],
    "544": [
        460,
        "curtain"
    ],
    "545": [
        92,
        "box"
    ],
    "546": [
        133,
        "cooker"
    ],
    "547": [
        351,
        "chair"
    ],
    "548": [
        610,
        "soap_dispenser"
    ],
    "549": [
        477,
        "pillow"
    ],
    "550": [
        155,
        "basket_of_something"
    ],
    "551": [
        131,
        "kitchen_counter"
    ],
    "552": [
        389,
        "chair"
    ],
    "555": [
        156,
        "box"
    ],
    "556": [
        229,
        "toilet"
    ],
    "558": [
        513,
        "pillow"
    ],
    "559": [
        91,
        "box"
    ],
    "560": [
        331,
        "side_table"
    ],
    "562": [
        205,
        "mirror"
    ],
    "564": [
        547,
        "toy"
    ],
    "565": [
        34,
        "lamp"
    ],
    "567": [
        144,
        "book"
    ],
    "568": [
        623,
        "lamp"
    ],
    "570": [
        37,
        "pillow"
    ],
    "571": [
        204,
        "picture"
    ],
    "572": [
        574,
        "lamp"
    ],
    "573": [
        54,
        "cabinet"
    ],
    "574": [
        303,
        "lamp"
    ],
    "577": [
        114,
        "plate"
    ],
    "578": [
        10,
        "picture"
    ],
    "579": [
        457,
        "picture"
    ],
    "581": [
        311,
        "plant"
    ],
    "583": [
        576,
        "bed"
    ],
    "584": [
        295,
        "window"
    ],
    "585": [
        441,
        "radiator"
    ],
    "586": [
        577,
        "pillow"
    ],
    "587": [
        624,
        "ventilation"
    ],
    "588": [
        5,
        "picture"
    ],
    "589": [
        292,
        "mirror"
    ],
    "590": [
        514,
        "pillow"
    ],
    "592": [
        581,
        "door"
    ],
    "594": [
        26,
        "armchair"
    ],
    "595": [
        44,
        "pillow"
    ],
    "597": [
        478,
        "pillow"
    ],
    "598": [
        447,
        "sink"
    ],
    "599": [
        360,
        "kitchen_decoration"
    ],
    "600": [
        617,
        "bathroom_accessory"
    ],
    "601": [
        297,
        "window"
    ],
    "602": [
        601,
        "alarm"
    ],
    "603": [
        81,
        "laundry_machine"
    ],
    "604": [
        432,
        "picture"
    ],
    "607": [
        80,
        "laundry_basket"
    ],
    "608": [
        343,
        "door"
    ],
    "609": [
        59,
        "vase"
    ],
    "610": [
        416,
        "kitchen_cabinet"
    ],
    "613": [
        404,
        "armchair"
    ],
    "614": [
        388,
        "picture"
    ],
    "615": [
        338,
        "lamp"
    ],
    "617": [
        120,
        "kitchen_cabinet"
    ],
    "618": [
        319,
        "pillow"
    ],
    "619": [
        385,
        "lamp"
    ],
    "622": [
        49,
        "wall_hanging_decoration"
    ],
    "624": [
        526,
        "desk"
    ]
}