{
    "1": [
        57,
        "door"
    ],
    "3": [
        555,
        "shelf"
    ],
    "4": [
        220,
        "book"
    ],
    "6": [
        416,
        "cabinet"
    ],
    "7": [
        128,
        "desk"
    ],
    "8": [
        141,
        "jewelry_box"
    ],
    "9": [
        430,
        "book"
    ],
    "12": [
        344,
        "sofa"
    ],
    "13": [
        8,
        "telephone"
    ],
    "14": [
        476,
        "fruit_bowl"
    ],
    "15": [
        503,
        "coffee_machine"
    ],
    "16": [
        429,
        "book"
    ],
    "17": [
        26,
        "curtain"
    ],
    "18": [
        367,
        "photo"
    ],
    "20": [
        497,
        "box"
    ],
    "21": [
        441,
        "dining_table"
    ],
    "22": [
        75,
        "dustbin"
    ],
    "23": [
        614,
        "box"
    ],
    "25": [
        390,
        "window"
    ],
    "27": [
        29,
        "window_glass"
    ],
    "28": [
        376,
        "fireplace_tool_set"
    ],
    "29": [
        571,
        "tv"
    ],
    "30": [
        500,
        "cooker"
    ],
    "31": [
        351,
        "cushion"
    ],
    "32": [
        431,
        "book"
    ],
    "34": [
        567,
        "shelf"
    ],
    "37": [
        14,
        "jewelry_box"
    ],
    "38": [
        185,
        "picture"
    ],
    "39": [
        287,
        "radiator"
    ],
    "40": [
        155,
        "window"
    ],
    "41": [
        584,
        "picture"
    ],
    "42": [
        541,
        "container"
    ],
    "43": [
        401,
        "picture"
    ],
    "45": [
        440,
        "chair"
    ],
    "47": [
        318,
        "cosmetics"
    ],
    "52": [
        192,
        "board"
    ],
    "53": [
        283,
        "window_shade"
    ],
    "54": [
        6,
        "picture"
    ],
    "55": [
        94,
        "toilet_brush"
    ],
    "56": [
        216,
        "curtain"
    ],
    "58": [
        17,
        "pillow"
    ],
    "60": [
        387,
        "window"
    ],
    "61": [
        285,
        "mirror"
    ],
    "64": [
        284,
        "window"
    ],
    "65": [
        311,
        "toilet"
    ],
    "66": [
        480,
        "window"
    ],
    "68": [
        79,
        "window_shade"
    ],
    "69": [
        529,
        "kitchen_cabinet"
    ],
    "70": [
        585,
        "cat"
    ],
    "74": [
        153,
        "photo"
    ],
    "75": [
        314,
        "cosmetics"
    ],
    "76": [
        337,
        "carpet"
    ],
    "78": [
        459,
        "sink"
    ],
    "79": [
        559,
        "shelf"
    ],
    "81": [
        565,
        "shelf"
    ],
    "83": [
        439,
        "chair"
    ],
    "86": [
        125,
        "desk_lamp"
    ],
    "87": [
        400,
        "picture"
    ],
    "90": [
        41,
        "jewelry_box"
    ],
    "91": [
        562,
        "shelf"
    ],
    "92": [
        537,
        "container"
    ],
    "93": [
        52,
        "bathrobe"
    ],
    "95": [
        451,
        "mirror"
    ],
    "96": [
        95,
        "picture"
    ],
    "97": [
        561,
        "shelf"
    ],
    "98": [
        323,
        "vent"
    ],
    "101": [
        110,
        "picture"
    ],
    "102": [
        320,
        "shower_cabin"
    ],
    "103": [
        425,
        "lamp"
    ],
    "105": [
        533,
        "pot"
    ],
    "106": [
        255,
        "window"
    ],
    "107": [
        22,
        "pillow"
    ],
    "108": [
        547,
        "bottle"
    ],
    "109": [
        293,
        "cosmetics"
    ],
    "113": [
        349,
        "cushion"
    ],
    "114": [
        9,
        "nightstand"
    ],
    "117": [
        7,
        "book"
    ],
    "119": [
        131,
        "photo"
    ],
    "122": [
        635,
        "photo"
    ],
    "123": [
        336,
        "door"
    ],
    "125": [
        564,
        "shelf"
    ],
    "127": [
        117,
        "wardrobe"
    ],
    "129": [
        89,
        "shower_tub"
    ],
    "132": [
        582,
        "radiator"
    ],
    "134": [
        494,
        "kettle"
    ],
    "135": [
        342,
        "cushion"
    ],
    "136": [
        53,
        "armchair"
    ],
    "137": [
        355,
        "phone"
    ],
    "138": [
        475,
        "picture"
    ],
    "140": [
        193,
        "wardrobe"
    ],
    "141": [
        54,
        "door"
    ],
    "142": [
        595,
        "dresser"
    ],
    "143": [
        334,
        "mirror"
    ],
    "144": [
        176,
        "bathrobe"
    ],
    "146": [
        140,
        "gramophone"
    ],
    "148": [
        111,
        "picture"
    ],
    "149": [
        266,
        "box"
    ],
    "150": [
        599,
        "jacket"
    ],
    "151": [
        333,
        "picture"
    ],
    "152": [
        436,
        "chair"
    ],
    "153": [
        478,
        "dustbin"
    ],
    "154": [
        560,
        "shelf"
    ],
    "157": [
        76,
        "towel"
    ],
    "158": [
        627,
        "window_glass"
    ],
    "159": [
        127,
        "chair"
    ],
    "160": [
        21,
        "pillow"
    ],
    "161": [
        515,
        "kitchen_cabinet"
    ],
    "162": [
        297,
        "towel"
    ],
    "163": [
        224,
        "chair"
    ],
    "166": [
        93,
        "vent"
    ],
    "167": [
        536,
        "book"
    ],
    "168": [
        116,
        "lamp"
    ],
    "170": [
        145,
        "window_shade"
    ],
    "171": [
        324,
        "vent"
    ],
    "173": [
        201,
        "pillow"
    ],
    "174": [
        183,
        "picture"
    ],
    "178": [
        209,
        "box"
    ],
    "179": [
        423,
        "fireplace_tool_set"
    ],
    "181": [
        563,
        "shelf"
    ],
    "182": [
        332,
        "picture"
    ],
    "186": [
        275,
        "lamp"
    ],
    "189": [
        507,
        "window_glass"
    ],
    "190": [
        223,
        "desk"
    ],
    "191": [
        119,
        "pillow"
    ],
    "192": [
        23,
        "bed"
    ],
    "193": [
        620,
        "door"
    ],
    "194": [
        530,
        "kitchen_cabinet"
    ],
    "196": [
        226,
        "book"
    ],
    "197": [
        339,
        "cushion"
    ],
    "198": [
        251,
        "vent"
    ],
    "199": [
        495,
        "flower"
    ],
    "202": [
        5,
        "picture"
    ],
    "206": [
        346,
        "curtain"
    ],
    "207": [
        544,
        "box"
    ],
    "208": [
        546,
        "bottles"
    ],
    "209": [
        628,
        "vase"
    ],
    "210": [
        574,
        "railing"
    ],
    "211": [
        618,
        "shelf"
    ],
    "216": [
        228,
        "rack"
    ],
    "220": [
        317,
        "cosmetics"
    ],
    "221": [
        378,
        "fireplace"
    ],
    "222": [
        499,
        "sink"
    ],
    "223": [
        549,
        "bottle"
    ],
    "224": [
        552,
        "shelf"
    ],
    "226": [
        462,
        "toilet_paper"
    ],
    "228": [
        207,
        "box"
    ],
    "229": [
        386,
        "tv_stand"
    ],
    "231": [
        123,
        "bed"
    ],
    "233": [
        177,
        "bag"
    ],
    "234": [
        286,
        "sink"
    ],
    "237": [
        366,
        "photo"
    ],
    "239": [
        48,
        "door"
    ],
    "241": [
        632,
        "photo"
    ],
    "242": [
        258,
        "curtain"
    ],
    "243": [
        263,
        "picture"
    ],
    "244": [
        200,
        "pillow"
    ],
    "245": [
        568,
        "shelf"
    ],
    "246": [
        38,
        "perfume"
    ],
    "247": [
        120,
        "pillow"
    ],
    "250": [
        325,
        "door"
    ],
    "251": [
        12,
        "wall_lamp"
    ],
    "252": [
        157,
        "window"
    ],
    "255": [
        270,
        "picture"
    ],
    "257": [
        259,
        "curtain"
    ],
    "259": [
        225,
        "book"
    ],
    "260": [
        461,
        "toilet_paper"
    ],
    "261": [
        341,
        "cushion"
    ],
    "262": [
        356,
        "table"
    ],
    "266": [
        254,
        "radiator"
    ],
    "267": [
        187,
        "photo"
    ],
    "268": [
        569,
        "shelf"
    ],
    "269": [
        186,
        "picture"
    ],
    "271": [
        449,
        "picture"
    ],
    "274": [
        368,
        "tissue_box"
    ],
    "275": [
        481,
        "window"
    ],
    "276": [
        149,
        "picture"
    ],
    "278": [
        268,
        "bed"
    ],
    "279": [
        402,
        "picture"
    ],
    "280": [
        525,
        "kitchen_counter"
    ],
    "282": [
        292,
        "cosmetics"
    ],
    "283": [
        298,
        "radiator"
    ],
    "284": [
        566,
        "shelf"
    ],
    "288": [
        307,
        "towel"
    ],
    "289": [
        27,
        "curtain"
    ],
    "291": [
        385,
        "remote_control"
    ],
    "292": [
        3,
        "picture"
    ],
    "293": [
        493,
        "cutting_board"
    ],
    "294": [
        276,
        "tv"
    ],
    "296": [
        315,
        "cosmetics"
    ],
    "297": [
        244,
        "nightstand"
    ],
    "298": [
        550,
        "bottle"
    ],
    "300": [
        80,
        "window"
    ],
    "301": [
        345,
        "curtain"
    ],
    "302": [
        205,
        "clock"
    ],
    "303": [
        136,
        "magazine"
    ],
    "305": [
        437,
        "chair"
    ],
    "307": [
        28,
        "window_glass"
    ],
    "309": [
        557,
        "shelf"
    ],
    "313": [
        32,
        "photo"
    ],
    "314": [
        291,
        "cosmetics"
    ],
    "315": [
        433,
        "picture"
    ],
    "317": [
        583,
        "mirror"
    ],
    "318": [
        148,
        "curtain"
    ],
    "319": [
        174,
        "curtain_rod"
    ],
    "320": [
        432,
        "mirror"
    ],
    "325": [
        338,
        "ottoman"
    ],
    "327": [
        312,
        "toilet_paper"
    ],
    "329": [
        217,
        "curtain"
    ],
    "330": [
        448,
        "radiator"
    ],
    "332": [
        597,
        "lamp"
    ],
    "334": [
        548,
        "bottle"
    ],
    "339": [
        477,
        "kitchen_island"
    ],
    "340": [
        208,
        "photo"
    ],
    "344": [
        377,
        "hourglass"
    ],
    "345": [
        491,
        "armchair"
    ],
    "351": [
        13,
        "book"
    ],
    "353": [
        438,
        "chair"
    ],
    "354": [
        545,
        "box"
    ],
    "358": [
        88,
        "cosmetics"
    ],
    "359": [
        422,
        "fireplace_tool_set"
    ],
    "363": [
        40,
        "jewelry_box"
    ],
    "364": [
        450,
        "picture"
    ],
    "365": [
        34,
        "jewelry_box"
    ],
    "367": [
        37,
        "dresser"
    ],
    "368": [
        77,
        "towel"
    ],
    "369": [
        78,
        "towel"
    ],
    "370": [
        165,
        "bag"
    ],
    "371": [
        142,
        "lamp"
    ],
    "375": [
        492,
        "toaster"
    ],
    "378": [
        18,
        "pillow"
    ],
    "380": [
        203,
        "pillow"
    ],
    "381": [
        309,
        "towel"
    ],
    "382": [
        527,
        "kitchen_cabinet"
    ],
    "385": [
        613,
        "bag"
    ],
    "387": [
        365,
        "photo"
    ],
    "388": [
        434,
        "bookshelf"
    ],
    "389": [
        421,
        "fireplace"
    ],
    "390": [
        256,
        "window_shade"
    ],
    "392": [
        370,
        "dresser"
    ],
    "395": [
        19,
        "pillow"
    ],
    "397": [
        388,
        "window"
    ],
    "400": [
        340,
        "cushion"
    ],
    "405": [
        249,
        "door"
    ],
    "407": [
        146,
        "window_shade"
    ],
    "409": [
        404,
        "door"
    ],
    "410": [
        202,
        "pillow"
    ],
    "411": [
        517,
        "kitchen_cabinet"
    ],
    "412": [
        538,
        "container"
    ],
    "413": [
        514,
        "kitchen_cabinet"
    ],
    "414": [
        516,
        "kitchen_cabinet"
    ],
    "417": [
        219,
        "lamp"
    ],
    "418": [
        460,
        "towel"
    ],
    "420": [
        308,
        "towel"
    ],
    "424": [
        234,
        "window"
    ],
    "426": [
        296,
        "towel"
    ],
    "427": [
        454,
        "window"
    ],
    "428": [
        139,
        "picture"
    ],
    "429": [
        288,
        "cosmetics"
    ],
    "432": [
        508,
        "window_glass"
    ],
    "435": [
        190,
        "decoration"
    ],
    "436": [
        371,
        "box"
    ],
    "437": [
        428,
        "book"
    ],
    "438": [
        601,
        "door"
    ],
    "442": [
        137,
        "dresser"
    ],
    "443": [
        184,
        "picture"
    ],
    "446": [
        85,
        "bag"
    ],
    "447": [
        33,
        "photo"
    ],
    "448": [
        214,
        "dresser"
    ],
    "453": [
        363,
        "lamp"
    ],
    "454": [
        528,
        "kitchen_cabinet"
    ],
    "455": [
        633,
        "picture"
    ],
    "456": [
        556,
        "shelf"
    ],
    "457": [
        107,
        "vent"
    ],
    "458": [
        84,
        "bag"
    ],
    "459": [
        147,
        "window_shade"
    ],
    "462": [
        121,
        "pillow"
    ],
    "463": [
        592,
        "photo"
    ],
    "464": [
        290,
        "cosmetics"
    ],
    "466": [
        154,
        "window"
    ],
    "467": [
        626,
        "window_glass"
    ],
    "468": [
        624,
        "mirror"
    ],
    "470": [
        490,
        "clock"
    ],
    "471": [
        442,
        "flower_vase"
    ],
    "472": [
        558,
        "shelf"
    ],
    "475": [
        31,
        "dresser"
    ],
    "478": [
        553,
        "shelf"
    ],
    "480": [
        264,
        "picture"
    ],
    "484": [
        97,
        "window_shade"
    ],
    "485": [
        321,
        "shower_tub"
    ],
    "488": [
        74,
        "sink"
    ],
    "489": [
        551,
        "shelf"
    ],
    "490": [
        364,
        "lamp"
    ],
    "491": [
        310,
        "bathtub"
    ],
    "492": [
        294,
        "cosmetics"
    ],
    "493": [
        540,
        "container"
    ],
    "494": [
        20,
        "pillow"
    ],
    "495": [
        67,
        "window"
    ],
    "497": [
        164,
        "bag"
    ],
    "498": [
        306,
        "towel"
    ],
    "499": [
        15,
        "nightstand"
    ],
    "500": [
        343,
        "cushion"
    ],
    "501": [
        424,
        "fireplace_tool_set"
    ],
    "502": [
        535,
        "book"
    ],
    "503": [
        621,
        "dresser"
    ],
    "505": [
        191,
        "decoration"
    ],
    "507": [
        204,
        "bed"
    ],
    "509": [
        518,
        "kitchen_cabinet"
    ],
    "510": [
        163,
        "box"
    ],
    "511": [
        248,
        "jacket"
    ],
    "513": [
        485,
        "door"
    ],
    "514": [
        352,
        "sofa"
    ],
    "516": [
        289,
        "cosmetics"
    ],
    "517": [
        353,
        "radiator"
    ],
    "518": [
        36,
        "mirror"
    ],
    "519": [
        375,
        "fireplace"
    ],
    "521": [
        617,
        "bag"
    ],
    "523": [
        389,
        "window"
    ],
    "525": [
        539,
        "container"
    ],
    "530": [
        156,
        "window"
    ],
    "532": [
        124,
        "picture"
    ],
    "533": [
        634,
        "photo"
    ],
    "534": [
        496,
        "container"
    ],
    "536": [
        589,
        "picture"
    ],
    "537": [
        531,
        "kitchen_cabinet"
    ],
    "538": [
        118,
        "stuffed_animal"
    ],
    "546": [
        354,
        "newspaper_basket"
    ],
    "547": [
        182,
        "picture"
    ],
    "552": [
        143,
        "curtain"
    ],
    "555": [
        384,
        "tv"
    ],
    "561": [
        600,
        "jacket"
    ],
    "564": [
        347,
        "cushion"
    ],
    "566": [
        319,
        "cosmetics"
    ],
    "567": [
        274,
        "dresser"
    ],
    "568": [
        526,
        "kitchen_counter"
    ],
    "569": [
        210,
        "jewelry_box"
    ],
    "571": [
        267,
        "pillow"
    ],
    "572": [
        215,
        "lamp"
    ],
    "573": [
        313,
        "dustbin"
    ],
    "575": [
        218,
        "book"
    ],
    "576": [
        144,
        "window_shade"
    ],
    "578": [
        4,
        "picture"
    ],
    "580": [
        24,
        "wardrobe"
    ],
    "586": [
        112,
        "radiator"
    ],
    "588": [
        130,
        "extension_cord"
    ],
    "589": [
        435,
        "chair"
    ],
    "591": [
        316,
        "cosmetics"
    ],
    "593": [
        350,
        "cushion"
    ],
    "594": [
        11,
        "wall_lamp"
    ],
    "595": [
        122,
        "pillow"
    ],
    "596": [
        232,
        "mirror"
    ],
    "597": [
        25,
        "radiator"
    ],
    "601": [
        501,
        "kitchen_extractor"
    ],
    "602": [
        502,
        "towel"
    ],
    "603": [
        211,
        "stereo_set"
    ],
    "605": [
        247,
        "bag"
    ],
    "608": [
        39,
        "perfume"
    ],
    "611": [
        464,
        "toilet"
    ],
    "612": [
        348,
        "cushion"
    ],
    "614": [
        233,
        "radiator"
    ],
    "616": [
        277,
        "door"
    ],
    "618": [
        72,
        "toilet"
    ],
    "620": [
        406,
        "radiator"
    ],
    "623": [
        35,
        "lamp"
    ],
    "624": [
        129,
        "bag"
    ],
    "626": [
        295,
        "cosmetics"
    ],
    "627": [
        403,
        "picture"
    ],
    "629": [
        426,
        "stereo_set"
    ],
    "630": [
        598,
        "jacket"
    ],
    "631": [
        178,
        "door"
    ],
    "632": [
        554,
        "shelf"
    ],
    "633": [
        591,
        "photo"
    ],
    "635": [
        73,
        "toilet_paper"
    ]
}