{
    "1": [
        357,
        "stack_of_books"
    ],
    "2": [
        228,
        "handle"
    ],
    "3": [
        8,
        "bed"
    ],
    "6": [
        316,
        "cabinet"
    ],
    "9": [
        303,
        "table"
    ],
    "10": [
        419,
        "jar"
    ],
    "12": [
        440,
        "cabinet"
    ],
    "13": [
        358,
        "case"
    ],
    "14": [
        519,
        "rug"
    ],
    "15": [
        50,
        "cabinet"
    ],
    "17": [
        16,
        "pillow"
    ],
    "22": [
        139,
        "curtain"
    ],
    "23": [
        368,
        "chair"
    ],
    "25": [
        483,
        "chair"
    ],
    "26": [
        399,
        "cabinet"
    ],
    "27": [
        439,
        "cabinet"
    ],
    "28": [
        299,
        "decorative_plant"
    ],
    "29": [
        496,
        "chair"
    ],
    "32": [
        410,
        "dishwasher"
    ],
    "33": [
        445,
        "chair"
    ],
    "35": [
        215,
        "box"
    ],
    "37": [
        403,
        "countertop"
    ],
    "38": [
        187,
        "shower_base"
    ],
    "42": [
        355,
        "table"
    ],
    "43": [
        174,
        "handle"
    ],
    "46": [
        150,
        "pillow"
    ],
    "49": [
        406,
        "stove"
    ],
    "51": [
        305,
        "glass_container"
    ],
    "52": [
        331,
        "picture"
    ],
    "53": [
        239,
        "liquid_soap"
    ],
    "54": [
        241,
        "soap"
    ],
    "56": [
        17,
        "pillow"
    ],
    "58": [
        14,
        "pillow"
    ],
    "61": [
        269,
        "door"
    ],
    "62": [
        334,
        "couch"
    ],
    "63": [
        103,
        "office_chair"
    ],
    "64": [
        392,
        "cabinet"
    ],
    "65": [
        314,
        "curtain"
    ],
    "66": [
        400,
        "cabinet"
    ],
    "68": [
        353,
        "pillow"
    ],
    "70": [
        335,
        "pillow"
    ],
    "71": [
        512,
        "dresser"
    ],
    "72": [
        390,
        "microwave"
    ],
    "74": [
        84,
        "armchair"
    ],
    "75": [
        205,
        "mirror"
    ],
    "76": [
        411,
        "drawer"
    ],
    "77": [
        476,
        "lamp"
    ],
    "80": [
        153,
        "pillow"
    ],
    "81": [
        162,
        "lamp"
    ],
    "82": [
        361,
        "cup"
    ],
    "83": [
        364,
        "lamp"
    ],
    "84": [
        30,
        "lamp"
    ],
    "87": [
        77,
        "door"
    ],
    "90": [
        59,
        "towel"
    ],
    "91": [
        186,
        "toilet_brush"
    ],
    "92": [
        64,
        "door"
    ],
    "95": [
        248,
        "shower_cockpit"
    ],
    "96": [
        441,
        "cabinet"
    ],
    "97": [
        133,
        "bench"
    ],
    "98": [
        259,
        "lamp"
    ],
    "99": [
        116,
        "pillow"
    ],
    "100": [
        341,
        "armchair"
    ],
    "101": [
        371,
        "chair"
    ],
    "102": [
        395,
        "cabinet"
    ],
    "105": [
        109,
        "curtain"
    ],
    "106": [
        73,
        "wardrobe"
    ],
    "113": [
        407,
        "tray"
    ],
    "114": [
        254,
        "toilet_paper_dispenser"
    ],
    "116": [
        68,
        "lamp"
    ],
    "117": [
        363,
        "cup"
    ],
    "118": [
        10,
        "pillow"
    ],
    "120": [
        391,
        "oven"
    ],
    "122": [
        83,
        "armchair"
    ],
    "123": [
        436,
        "cabinet"
    ],
    "126": [
        414,
        "drawer"
    ],
    "128": [
        339,
        "pillow"
    ],
    "129": [
        177,
        "decorative_plant"
    ],
    "131": [
        2,
        "curtain"
    ],
    "133": [
        176,
        "sink"
    ],
    "134": [
        57,
        "toilet"
    ],
    "135": [
        229,
        "toilet"
    ],
    "136": [
        437,
        "cabinet"
    ],
    "137": [
        337,
        "pillow"
    ],
    "138": [
        279,
        "candle"
    ],
    "139": [
        510,
        "picture"
    ],
    "140": [
        9,
        "pillow"
    ],
    "141": [
        332,
        "picture"
    ],
    "142": [
        82,
        "table"
    ],
    "143": [
        245,
        "towel"
    ],
    "145": [
        446,
        "chair"
    ],
    "146": [
        99,
        "desk"
    ],
    "148": [
        45,
        "shower_cabin"
    ],
    "152": [
        118,
        "pillow"
    ],
    "153": [
        396,
        "cabinet"
    ],
    "156": [
        126,
        "lamp"
    ],
    "158": [
        166,
        "door"
    ],
    "159": [
        18,
        "cabinet"
    ],
    "161": [
        351,
        "pillow"
    ],
    "162": [
        120,
        "wardrobe"
    ],
    "164": [
        42,
        "shower_cockpit"
    ],
    "165": [
        375,
        "rug"
    ],
    "170": [
        132,
        "tv"
    ],
    "172": [
        251,
        "bidet"
    ],
    "173": [
        212,
        "safe"
    ],
    "175": [
        157,
        "cabinet"
    ],
    "176": [
        349,
        "couch"
    ],
    "178": [
        394,
        "cabinet"
    ],
    "181": [
        323,
        "window"
    ],
    "182": [
        482,
        "chair"
    ],
    "184": [
        217,
        "attic_door"
    ],
    "185": [
        249,
        "shower_knob"
    ],
    "186": [
        508,
        "picture"
    ],
    "189": [
        54,
        "tap"
    ],
    "191": [
        172,
        "mirror"
    ],
    "196": [
        487,
        "window"
    ],
    "198": [
        85,
        "pillow"
    ],
    "199": [
        416,
        "drawer"
    ],
    "200": [
        333,
        "picture"
    ],
    "201": [
        144,
        "cabinet"
    ],
    "203": [
        477,
        "lamp"
    ],
    "205": [
        346,
        "magazine"
    ],
    "206": [
        208,
        "wardrobe"
    ],
    "207": [
        151,
        "pillow"
    ],
    "208": [
        117,
        "pillow"
    ],
    "211": [
        286,
        "door"
    ],
    "213": [
        338,
        "pillow"
    ],
    "214": [
        53,
        "soap"
    ],
    "216": [
        343,
        "table"
    ],
    "217": [
        156,
        "pillow"
    ],
    "220": [
        288,
        "decorative_plant"
    ],
    "224": [
        324,
        "curtain"
    ],
    "225": [
        513,
        "decoration"
    ],
    "226": [
        168,
        "bathtub"
    ],
    "227": [
        51,
        "sink"
    ],
    "228": [
        61,
        "tap"
    ],
    "232": [
        170,
        "bathtub_knob"
    ],
    "233": [
        189,
        "shower_cockpit"
    ],
    "235": [
        102,
        "tennis_racket"
    ],
    "238": [
        498,
        "lamp"
    ],
    "240": [
        420,
        "jar"
    ],
    "243": [
        365,
        "table"
    ],
    "248": [
        129,
        "rug"
    ],
    "249": [
        88,
        "couch"
    ],
    "251": [
        359,
        "stack_of_trays"
    ],
    "254": [
        372,
        "chair"
    ],
    "256": [
        308,
        "curtain"
    ],
    "259": [
        258,
        "ventilation"
    ],
    "260": [
        97,
        "decoration"
    ],
    "261": [
        514,
        "decoration"
    ],
    "262": [
        370,
        "chair"
    ],
    "263": [
        122,
        "door"
    ],
    "266": [
        321,
        "curtain"
    ],
    "267": [
        43,
        "shower_base"
    ],
    "269": [
        481,
        "chair"
    ],
    "270": [
        13,
        "pillow"
    ],
    "272": [
        24,
        "picture"
    ],
    "273": [
        175,
        "cabinet"
    ],
    "274": [
        137,
        "curtain"
    ],
    "275": [
        325,
        "curtain"
    ],
    "276": [
        418,
        "coffee_machine"
    ],
    "277": [
        515,
        "decoration"
    ],
    "279": [
        244,
        "towel"
    ],
    "280": [
        377,
        "rug"
    ],
    "281": [
        171,
        "shower_hose_head"
    ],
    "282": [
        100,
        "laptop"
    ],
    "286": [
        11,
        "pillow"
    ],
    "287": [
        431,
        "blinds"
    ],
    "292": [
        72,
        "picture"
    ],
    "293": [
        409,
        "towel"
    ],
    "296": [
        159,
        "armchair"
    ],
    "298": [
        369,
        "chair"
    ],
    "299": [
        366,
        "chair"
    ],
    "300": [
        192,
        "lamp"
    ],
    "301": [
        327,
        "basket"
    ],
    "303": [
        15,
        "pillow"
    ],
    "305": [
        202,
        "door"
    ],
    "306": [
        360,
        "cup"
    ],
    "308": [
        304,
        "decorative_plant"
    ],
    "309": [
        240,
        "tap"
    ],
    "312": [
        147,
        "lamp"
    ],
    "313": [
        408,
        "towel"
    ],
    "314": [
        352,
        "pillow"
    ],
    "316": [
        434,
        "closet"
    ],
    "321": [
        517,
        "candle"
    ],
    "322": [
        148,
        "bed"
    ],
    "324": [
        108,
        "window_door"
    ],
    "325": [
        257,
        "lamp"
    ],
    "326": [
        350,
        "pillow"
    ],
    "327": [
        5,
        "armchair"
    ],
    "331": [
        479,
        "table"
    ],
    "332": [
        310,
        "curtain"
    ],
    "333": [
        119,
        "pillow"
    ],
    "334": [
        181,
        "bidet"
    ],
    "335": [
        522,
        "lamp"
    ],
    "337": [
        387,
        "cabinet"
    ],
    "338": [
        214,
        "box"
    ],
    "343": [
        237,
        "mirror"
    ],
    "345": [
        495,
        "chair"
    ],
    "347": [
        348,
        "stack_of_magazines"
    ],
    "353": [
        412,
        "drawer"
    ],
    "358": [
        52,
        "case"
    ],
    "360": [
        238,
        "sink"
    ],
    "361": [
        111,
        "curtain_rod"
    ],
    "363": [
        347,
        "table"
    ],
    "367": [
        90,
        "rug"
    ],
    "372": [
        33,
        "door"
    ],
    "376": [
        356,
        "candle"
    ],
    "377": [
        511,
        "lamp"
    ],
    "379": [
        447,
        "plate"
    ],
    "381": [
        81,
        "curtain"
    ],
    "382": [
        393,
        "cabinet"
    ],
    "384": [
        354,
        "pillow"
    ],
    "386": [
        128,
        "lamp"
    ],
    "388": [
        443,
        "chair"
    ],
    "393": [
        340,
        "pillow"
    ],
    "394": [
        182,
        "tap"
    ],
    "395": [
        6,
        "pillow"
    ],
    "399": [
        250,
        "shower_glass"
    ],
    "401": [
        435,
        "washing_machine"
    ],
    "403": [
        3,
        "curtain"
    ],
    "404": [
        195,
        "lamp"
    ],
    "405": [
        302,
        "basket"
    ],
    "406": [
        438,
        "refrigerator"
    ],
    "408": [
        233,
        "door"
    ],
    "409": [
        210,
        "box"
    ],
    "410": [
        500,
        "lamp"
    ],
    "411": [
        110,
        "curtain"
    ],
    "414": [
        87,
        "lamp"
    ],
    "416": [
        421,
        "jar"
    ],
    "417": [
        404,
        "sink"
    ],
    "419": [
        385,
        "cabinet"
    ],
    "421": [
        413,
        "drawer"
    ],
    "423": [
        309,
        "decoration"
    ],
    "427": [
        427,
        "sliding_glass_door"
    ],
    "428": [
        180,
        "towel"
    ],
    "433": [
        405,
        "tap"
    ],
    "434": [
        154,
        "pillow"
    ],
    "435": [
        313,
        "curtain"
    ],
    "436": [
        146,
        "cabinet"
    ],
    "437": [
        456,
        "lamp"
    ],
    "438": [
        320,
        "curtain"
    ],
    "439": [
        115,
        "couch"
    ],
    "440": [
        101,
        "football"
    ],
    "442": [
        27,
        "wardrobe"
    ],
    "443": [
        278,
        "shelf"
    ],
    "445": [
        307,
        "decorative_plant"
    ],
    "446": [
        367,
        "chair"
    ],
    "447": [
        458,
        "fire_alarm"
    ],
    "449": [
        179,
        "set_of_towels"
    ],
    "452": [
        55,
        "liquid_soap"
    ],
    "453": [
        226,
        "bench"
    ],
    "454": [
        386,
        "cabinet"
    ],
    "457": [
        211,
        "box"
    ],
    "459": [
        86,
        "book"
    ],
    "464": [
        389,
        "cabinet"
    ],
    "465": [
        60,
        "bidet"
    ],
    "466": [
        444,
        "chair"
    ],
    "467": [
        282,
        "candle"
    ],
    "469": [
        509,
        "picture"
    ],
    "470": [
        264,
        "bench"
    ],
    "472": [
        442,
        "table"
    ],
    "473": [
        213,
        "box"
    ],
    "474": [
        69,
        "lamp"
    ],
    "477": [
        252,
        "tap"
    ],
    "478": [
        49,
        "mirror"
    ],
    "482": [
        138,
        "curtain"
    ],
    "484": [
        183,
        "toilet"
    ],
    "485": [
        188,
        "shower_cabin"
    ],
    "487": [
        178,
        "set_of_towels"
    ],
    "488": [
        506,
        "door"
    ],
    "489": [
        518,
        "candle"
    ],
    "491": [
        415,
        "drawer"
    ],
    "492": [
        312,
        "curtain"
    ],
    "493": [
        397,
        "cabinet"
    ],
    "494": [
        163,
        "decoration"
    ],
    "495": [
        35,
        "rug"
    ],
    "497": [
        145,
        "lamp"
    ],
    "499": [
        499,
        "lamp"
    ],
    "501": [
        373,
        "chair"
    ],
    "503": [
        242,
        "cabinet"
    ],
    "504": [
        152,
        "pillow"
    ],
    "505": [
        326,
        "tv"
    ],
    "506": [
        149,
        "pillow"
    ],
    "508": [
        398,
        "cabinet"
    ],
    "510": [
        219,
        "lamp"
    ],
    "511": [
        344,
        "newspaper"
    ],
    "512": [
        58,
        "towel_bar"
    ],
    "513": [
        155,
        "pillow"
    ],
    "515": [
        247,
        "bathtub"
    ],
    "517": [
        161,
        "rug"
    ],
    "518": [
        306,
        "decoration"
    ],
    "519": [
        194,
        "ventilation"
    ],
    "520": [
        12,
        "pillow"
    ],
    "521": [
        329,
        "decorative_plant"
    ],
    "523": [
        342,
        "armchair"
    ],
    "524": [
        243,
        "trashcan"
    ]
}