{
    "2": [
        76,
        "computer_equipment"
    ],
    "4": [
        228,
        "window"
    ],
    "5": [
        163,
        "cabinet"
    ],
    "7": [
        64,
        "window"
    ],
    "8": [
        256,
        "telephone"
    ],
    "9": [
        216,
        "bed"
    ],
    "14": [
        259,
        "computer"
    ],
    "15": [
        203,
        "ventilation"
    ],
    "16": [
        169,
        "box"
    ],
    "20": [
        26,
        "cabinet"
    ],
    "22": [
        125,
        "ceiling_lamp"
    ],
    "23": [
        280,
        "bucket"
    ],
    "25": [
        221,
        "alarm_clock"
    ],
    "26": [
        246,
        "locker"
    ],
    "28": [
        262,
        "computer_desk"
    ],
    "29": [
        272,
        "handle"
    ],
    "30": [
        304,
        "vent"
    ],
    "31": [
        74,
        "speaker"
    ],
    "33": [
        122,
        "liquid_soap"
    ],
    "34": [
        179,
        "window_curtain"
    ],
    "35": [
        124,
        "ceiling_lamp"
    ],
    "37": [
        59,
        "dishwasher"
    ],
    "39": [
        170,
        "shelf"
    ],
    "40": [
        20,
        "chair"
    ],
    "44": [
        232,
        "cushion"
    ],
    "46": [
        224,
        "dresser"
    ],
    "47": [
        217,
        "led_tv"
    ],
    "48": [
        153,
        "door"
    ],
    "50": [
        220,
        "dresser"
    ],
    "51": [
        162,
        "cabinet"
    ],
    "52": [
        4,
        "window"
    ],
    "54": [
        132,
        "light"
    ],
    "55": [
        48,
        "coffee_machine"
    ],
    "57": [
        152,
        "dresser"
    ],
    "60": [
        277,
        "bath_cabinet"
    ],
    "63": [
        212,
        "ceiling_fan"
    ],
    "66": [
        1,
        "fireplace"
    ],
    "67": [
        223,
        "door"
    ],
    "73": [
        303,
        "vent"
    ],
    "74": [
        42,
        "worktop"
    ],
    "75": [
        39,
        "cabinet"
    ],
    "76": [
        239,
        "curtain"
    ],
    "78": [
        92,
        "toilet"
    ],
    "81": [
        29,
        "cabinet"
    ],
    "83": [
        204,
        "lamp"
    ],
    "84": [
        139,
        "door"
    ],
    "86": [
        238,
        "curtain"
    ],
    "88": [
        128,
        "showerhead"
    ],
    "90": [
        206,
        "dresser"
    ],
    "91": [
        244,
        "mirror"
    ],
    "92": [
        159,
        "bed"
    ],
    "96": [
        294,
        "tap"
    ],
    "97": [
        28,
        "cabinet"
    ],
    "99": [
        129,
        "shower_handle"
    ],
    "102": [
        202,
        "electrical_box"
    ],
    "103": [
        227,
        "alarm_clock"
    ],
    "105": [
        150,
        "painting_frame"
    ],
    "106": [
        93,
        "toilet_brush_holder"
    ],
    "107": [
        250,
        "office_chair"
    ],
    "108": [
        127,
        "showerhead"
    ],
    "110": [
        214,
        "door"
    ],
    "111": [
        219,
        "chair"
    ],
    "113": [
        77,
        "ceiling_fan"
    ],
    "122": [
        75,
        "computer_mouse"
    ],
    "123": [
        67,
        "washing_machine"
    ],
    "124": [
        65,
        "door"
    ],
    "125": [
        70,
        "desk"
    ],
    "132": [
        200,
        "electrical_box"
    ],
    "134": [
        253,
        "printer"
    ],
    "136": [
        174,
        "curtain"
    ],
    "137": [
        22,
        "chair"
    ],
    "139": [
        276,
        "mirror"
    ],
    "140": [
        279,
        "tap"
    ],
    "141": [
        292,
        "rack"
    ],
    "143": [
        34,
        "cabinet"
    ],
    "144": [
        254,
        "printer"
    ],
    "145": [
        293,
        "shower"
    ],
    "147": [
        51,
        "cabinet"
    ],
    "149": [
        247,
        "tv"
    ],
    "152": [
        27,
        "table"
    ],
    "153": [
        160,
        "bedside_lamp"
    ],
    "155": [
        243,
        "ceiling_fan"
    ],
    "156": [
        9,
        "window"
    ],
    "157": [
        100,
        "bathroom_cabinet"
    ],
    "159": [
        260,
        "speaker"
    ],
    "160": [
        151,
        "picture"
    ],
    "166": [
        79,
        "window"
    ],
    "167": [
        229,
        "mirror"
    ],
    "168": [
        61,
        "window_curtain"
    ],
    "169": [
        271,
        "toilet_paper"
    ],
    "170": [
        69,
        "office_chair"
    ],
    "171": [
        273,
        "handle"
    ],
    "172": [
        295,
        "tap"
    ],
    "175": [
        161,
        "bedside_lamp"
    ],
    "176": [
        31,
        "cabinet"
    ],
    "181": [
        207,
        "dresser"
    ],
    "183": [
        225,
        "bedside_lamp"
    ],
    "186": [
        252,
        "laptop"
    ],
    "188": [
        249,
        "printer"
    ],
    "189": [
        248,
        "refrigerator"
    ],
    "190": [
        173,
        "curtain"
    ],
    "191": [
        154,
        "mirror"
    ],
    "193": [
        52,
        "cabinet"
    ],
    "194": [
        230,
        "window"
    ],
    "195": [
        108,
        "ceiling_vent"
    ],
    "196": [
        286,
        "door"
    ],
    "197": [
        18,
        "ceiling_lamp"
    ],
    "199": [
        226,
        "dresser"
    ],
    "200": [
        130,
        "shower_handle"
    ],
    "202": [
        167,
        "ceiling_fan"
    ],
    "206": [
        176,
        "curtain_rod"
    ],
    "210": [
        30,
        "cabinet"
    ],
    "211": [
        33,
        "cabinet"
    ],
    "214": [
        287,
        "door"
    ],
    "215": [
        265,
        "door"
    ],
    "216": [
        269,
        "window"
    ],
    "218": [
        251,
        "keyboard"
    ],
    "219": [
        123,
        "mirror"
    ],
    "220": [
        164,
        "trashcan"
    ],
    "224": [
        257,
        "printer"
    ],
    "225": [
        94,
        "toilet_paper_dispenser"
    ],
    "229": [
        274,
        "handle"
    ],
    "230": [
        78,
        "window"
    ],
    "231": [
        155,
        "mirror_frame"
    ],
    "232": [
        261,
        "speaker"
    ],
    "233": [
        166,
        "chair"
    ],
    "235": [
        60,
        "window_curtain"
    ],
    "236": [
        71,
        "wall_board"
    ],
    "242": [
        175,
        "window"
    ],
    "243": [
        131,
        "shower_handle"
    ],
    "245": [
        282,
        "lamp"
    ],
    "246": [
        17,
        "light_switch"
    ],
    "247": [
        66,
        "washing_machine"
    ],
    "250": [
        255,
        "appliance"
    ],
    "251": [
        10,
        "door"
    ],
    "253": [
        72,
        "monitor"
    ],
    "254": [
        80,
        "window_curtain"
    ],
    "255": [
        38,
        "cabinet"
    ],
    "258": [
        264,
        "computer_desk"
    ],
    "260": [
        44,
        "microwave"
    ],
    "264": [
        181,
        "window"
    ],
    "265": [
        121,
        "tap"
    ],
    "267": [
        201,
        "speaker"
    ],
    "268": [
        37,
        "cabinet"
    ],
    "270": [
        205,
        "ceiling_door"
    ],
    "276": [
        222,
        "bedside_lamp"
    ],
    "277": [
        263,
        "telephone"
    ],
    "279": [
        165,
        "piano"
    ],
    "280": [
        56,
        "ceiling_fan"
    ],
    "281": [
        218,
        "speaker"
    ],
    "282": [
        231,
        "cushion"
    ],
    "283": [
        258,
        "monitor"
    ],
    "285": [
        24,
        "chair"
    ],
    "287": [
        47,
        "refrigerator"
    ],
    "288": [
        240,
        "window"
    ],
    "289": [
        32,
        "cabinet"
    ],
    "292": [
        270,
        "toilet"
    ],
    "294": [
        25,
        "cabinet"
    ],
    "295": [
        142,
        "electric_box"
    ],
    "296": [
        41,
        "worktop"
    ],
    "297": [
        119,
        "window"
    ],
    "298": [
        43,
        "sink"
    ],
    "299": [
        40,
        "oven_and_stove"
    ],
    "300": [
        180,
        "window_curtain"
    ],
    "301": [
        23,
        "chair"
    ],
    "305": [
        73,
        "keyboard"
    ]
}