{
    "1": [
        269,
        "box"
    ],
    "3": [
        411,
        "shelf"
    ],
    "6": [
        377,
        "tv"
    ],
    "9": [
        524,
        "chair"
    ],
    "13": [
        273,
        "box"
    ],
    "17": [
        333,
        "table"
    ],
    "20": [
        334,
        "armchair"
    ],
    "21": [
        310,
        "toilet"
    ],
    "22": [
        568,
        "chair"
    ],
    "23": [
        143,
        "cabinet"
    ],
    "34": [
        390,
        "cabinet"
    ],
    "37": [
        149,
        "chair"
    ],
    "38": [
        78,
        "wardrobe"
    ],
    "41": [
        419,
        "lamp"
    ],
    "42": [
        651,
        "lamp"
    ],
    "45": [
        394,
        "armchair"
    ],
    "55": [
        412,
        "shelf"
    ],
    "56": [
        446,
        "lamp"
    ],
    "57": [
        744,
        "monitor"
    ],
    "59": [
        190,
        "door"
    ],
    "62": [
        726,
        "book"
    ],
    "63": [
        211,
        "chair"
    ],
    "68": [
        682,
        "table"
    ],
    "73": [
        704,
        "monitor"
    ],
    "74": [
        330,
        "table"
    ],
    "77": [
        117,
        "window"
    ],
    "81": [
        463,
        "chair"
    ],
    "86": [
        260,
        "cabinet"
    ],
    "93": [
        44,
        "toilet"
    ],
    "101": [
        45,
        "trash_can"
    ],
    "102": [
        128,
        "cabinet"
    ],
    "103": [
        760,
        "monitor"
    ],
    "106": [
        527,
        "bin"
    ],
    "107": [
        595,
        "desk"
    ],
    "108": [
        737,
        "couch"
    ],
    "110": [
        719,
        "desk"
    ],
    "111": [
        638,
        "chair"
    ],
    "113": [
        519,
        "cabinet"
    ],
    "114": [
        641,
        "bin"
    ],
    "116": [
        692,
        "window"
    ],
    "118": [
        405,
        "chair"
    ],
    "119": [
        631,
        "shelf"
    ],
    "122": [
        83,
        "chair"
    ],
    "124": [
        228,
        "door"
    ],
    "125": [
        303,
        "box"
    ],
    "130": [
        684,
        "chair"
    ],
    "131": [
        747,
        "desk"
    ],
    "132": [
        553,
        "lamp"
    ],
    "134": [
        37,
        "trash_can"
    ],
    "135": [
        255,
        "box"
    ],
    "140": [
        520,
        "lamp"
    ],
    "141": [
        169,
        "printer"
    ],
    "145": [
        759,
        "desk"
    ],
    "148": [
        174,
        "cabinet"
    ],
    "150": [
        272,
        "box"
    ],
    "151": [
        756,
        "desk"
    ],
    "153": [
        133,
        "chair"
    ],
    "154": [
        147,
        "chair"
    ],
    "157": [
        525,
        "chair"
    ],
    "158": [
        264,
        "sink"
    ],
    "161": [
        162,
        "chair"
    ],
    "168": [
        560,
        "desk"
    ],
    "171": [
        153,
        "lamp"
    ],
    "172": [
        627,
        "couch"
    ],
    "173": [
        672,
        "lamp"
    ],
    "174": [
        413,
        "shelf"
    ],
    "176": [
        73,
        "toilet"
    ],
    "178": [
        741,
        "desk"
    ],
    "179": [
        668,
        "door"
    ],
    "180": [
        408,
        "chair"
    ],
    "187": [
        736,
        "couch"
    ],
    "188": [
        125,
        "desk"
    ],
    "192": [
        197,
        "window"
    ],
    "193": [
        25,
        "trash_can"
    ],
    "194": [
        94,
        "wardrobe"
    ],
    "203": [
        163,
        "chair"
    ],
    "204": [
        686,
        "bin"
    ],
    "206": [
        209,
        "window"
    ],
    "213": [
        739,
        "couch"
    ],
    "217": [
        132,
        "chair"
    ],
    "220": [
        403,
        "chair"
    ],
    "222": [
        378,
        "shelf"
    ],
    "224": [
        198,
        "chair"
    ],
    "226": [
        749,
        "desk"
    ],
    "227": [
        552,
        "door"
    ],
    "228": [
        457,
        "door"
    ],
    "231": [
        335,
        "cabinet"
    ],
    "233": [
        236,
        "door"
    ],
    "234": [
        496,
        "lamp"
    ],
    "235": [
        136,
        "lamp"
    ],
    "242": [
        742,
        "desk"
    ],
    "243": [
        563,
        "cabinet"
    ],
    "248": [
        84,
        "chair"
    ],
    "249": [
        166,
        "cabinet"
    ],
    "251": [
        97,
        "chair"
    ],
    "252": [
        751,
        "monitor"
    ],
    "256": [
        752,
        "monitor"
    ],
    "257": [
        141,
        "cabinet"
    ],
    "258": [
        201,
        "door"
    ],
    "259": [
        225,
        "chair"
    ],
    "260": [
        286,
        "lamp"
    ],
    "265": [
        122,
        "lamp"
    ],
    "266": [
        98,
        "chair"
    ],
    "267": [
        301,
        "cabinet"
    ],
    "270": [
        466,
        "lamp"
    ],
    "271": [
        396,
        "armchair"
    ],
    "275": [
        556,
        "window"
    ],
    "277": [
        402,
        "chair"
    ],
    "279": [
        384,
        "shelf"
    ],
    "280": [
        134,
        "chair"
    ],
    "285": [
        733,
        "chair"
    ],
    "287": [
        22,
        "shelf"
    ],
    "288": [
        391,
        "cabinet"
    ],
    "289": [
        632,
        "shelf"
    ],
    "292": [
        762,
        "monitor"
    ],
    "293": [
        92,
        "blinds"
    ],
    "294": [
        703,
        "monitor"
    ],
    "296": [
        223,
        "chair"
    ],
    "301": [
        275,
        "microwave"
    ],
    "303": [
        765,
        "cabinet"
    ],
    "304": [
        55,
        "door"
    ],
    "308": [
        409,
        "chair"
    ],
    "311": [
        488,
        "door"
    ],
    "313": [
        164,
        "cabinet"
    ],
    "317": [
        720,
        "cabinet"
    ],
    "320": [
        633,
        "shelf"
    ],
    "323": [
        569,
        "chair"
    ],
    "327": [
        410,
        "shelf"
    ],
    "329": [
        208,
        "door"
    ],
    "332": [
        685,
        "chair"
    ],
    "336": [
        85,
        "chair"
    ],
    "337": [
        199,
        "desk"
    ],
    "343": [
        722,
        "monitor"
    ],
    "345": [
        721,
        "monitor"
    ],
    "348": [
        724,
        "mouse"
    ],
    "351": [
        337,
        "chair"
    ],
    "352": [
        256,
        "refrigerator"
    ],
    "354": [
        705,
        "door"
    ],
    "355": [
        127,
        "cabinet"
    ],
    "356": [
        118,
        "couch"
    ],
    "363": [
        706,
        "lamp"
    ],
    "365": [
        732,
        "chair"
    ],
    "368": [
        224,
        "desk"
    ],
    "370": [
        371,
        "door"
    ],
    "371": [
        129,
        "cabinet"
    ],
    "374": [
        18,
        "mirror"
    ],
    "375": [
        130,
        "cabinet"
    ],
    "377": [
        159,
        "chair"
    ],
    "378": [
        449,
        "lamp"
    ],
    "383": [
        702,
        "printer"
    ],
    "385": [
        258,
        "bag"
    ],
    "387": [
        157,
        "desk"
    ],
    "388": [
        389,
        "door"
    ],
    "393": [
        404,
        "chair"
    ],
    "397": [
        758,
        "desk"
    ],
    "400": [
        131,
        "chair"
    ],
    "401": [
        324,
        "door"
    ],
    "412": [
        637,
        "table"
    ],
    "416": [
        257,
        "bin"
    ],
    "418": [
        626,
        "cabinet"
    ],
    "420": [
        634,
        "door"
    ],
    "423": [
        262,
        "table"
    ],
    "424": [
        735,
        "door"
    ],
    "425": [
        508,
        "sink"
    ],
    "427": [
        336,
        "telephone"
    ],
    "429": [
        659,
        "window"
    ],
    "430": [
        200,
        "chair"
    ],
    "436": [
        458,
        "tv"
    ],
    "438": [
        267,
        "toaster"
    ],
    "439": [
        526,
        "chair"
    ],
    "442": [
        124,
        "cabinet"
    ],
    "445": [
        168,
        "bin"
    ],
    "448": [
        566,
        "chair"
    ],
    "454": [
        628,
        "cabinet"
    ],
    "458": [
        126,
        "bin"
    ],
    "460": [
        154,
        "lamp"
    ],
    "462": [
        302,
        "sink"
    ],
    "463": [
        161,
        "chair"
    ],
    "464": [
        387,
        "picture"
    ],
    "465": [
        506,
        "mirror"
    ],
    "472": [
        181,
        "lamp"
    ],
    "478": [
        567,
        "chair"
    ],
    "479": [
        709,
        "lamp"
    ],
    "481": [
        650,
        "lamp"
    ],
    "486": [
        82,
        "desk"
    ],
    "487": [
        90,
        "window"
    ],
    "488": [
        597,
        "lamp"
    ],
    "489": [
        635,
        "desk"
    ],
    "491": [
        445,
        "lamp"
    ],
    "492": [
        622,
        "window"
    ],
    "494": [
        144,
        "cabinet"
    ],
    "495": [
        400,
        "chair"
    ],
    "496": [
        123,
        "lamp"
    ],
    "497": [
        155,
        "cabinet"
    ],
    "498": [
        740,
        "desk"
    ],
    "506": [
        114,
        "chair"
    ],
    "507": [
        738,
        "couch"
    ],
    "509": [
        210,
        "desk"
    ],
    "510": [
        379,
        "shelf"
    ],
    "511": [
        177,
        "cabinet"
    ],
    "512": [
        555,
        "lamp"
    ],
    "514": [
        718,
        "lamp"
    ],
    "519": [
        426,
        "lamp"
    ],
    "520": [
        461,
        "table"
    ],
    "521": [
        460,
        "bin"
    ],
    "522": [
        27,
        "door"
    ],
    "523": [
        521,
        "desk"
    ],
    "531": [
        23,
        "sink"
    ],
    "533": [
        734,
        "table"
    ],
    "537": [
        19,
        "cabinet"
    ],
    "539": [
        261,
        "cabinet"
    ],
    "549": [
        253,
        "cabinet"
    ],
    "550": [
        392,
        "cabinet"
    ],
    "552": [
        81,
        "lamp"
    ],
    "553": [
        259,
        "cabinet"
    ],
    "556": [
        35,
        "door"
    ],
    "558": [
        119,
        "lamp"
    ],
    "561": [
        757,
        "desk"
    ],
    "567": [
        138,
        "cabinet"
    ],
    "573": [
        683,
        "chair"
    ],
    "575": [
        158,
        "chair"
    ],
    "578": [
        140,
        "cabinet"
    ],
    "580": [
        329,
        "couch"
    ],
    "583": [
        554,
        "lamp"
    ],
    "584": [
        459,
        "cabinet"
    ],
    "587": [
        745,
        "monitor"
    ],
    "588": [
        743,
        "desk"
    ],
    "590": [
        750,
        "bin"
    ],
    "593": [
        497,
        "lamp"
    ],
    "594": [
        395,
        "armchair"
    ],
    "595": [
        270,
        "box"
    ],
    "596": [
        263,
        "door"
    ],
    "598": [
        268,
        "kettle"
    ],
    "600": [
        110,
        "window"
    ],
    "603": [
        120,
        "lamp"
    ],
    "605": [
        385,
        "shelf"
    ],
    "606": [
        407,
        "chair"
    ],
    "608": [
        565,
        "bin"
    ],
    "611": [
        148,
        "chair"
    ],
    "616": [
        748,
        "desk"
    ],
    "617": [
        561,
        "cabinet"
    ],
    "619": [
        265,
        "tap"
    ],
    "620": [
        146,
        "chair"
    ],
    "624": [
        142,
        "cabinet"
    ],
    "625": [
        510,
        "toilet"
    ],
    "629": [
        399,
        "table"
    ],
    "630": [
        24,
        "sink"
    ],
    "633": [
        137,
        "lamp"
    ],
    "638": [
        701,
        "cabinet"
    ],
    "646": [
        562,
        "cabinet"
    ],
    "648": [
        99,
        "bin"
    ],
    "649": [
        152,
        "lamp"
    ],
    "650": [
        156,
        "bin"
    ],
    "651": [
        693,
        "cabinet"
    ],
    "652": [
        271,
        "box"
    ],
    "653": [
        328,
        "picture"
    ],
    "656": [
        522,
        "cabinet"
    ],
    "659": [
        214,
        "lamp"
    ],
    "660": [
        145,
        "chair"
    ],
    "668": [
        100,
        "lamp"
    ],
    "669": [
        507,
        "cabinet"
    ],
    "670": [
        564,
        "cabinet"
    ],
    "671": [
        528,
        "door"
    ],
    "673": [
        139,
        "desk"
    ],
    "674": [
        764,
        "telephone"
    ],
    "675": [
        680,
        "lamp"
    ],
    "678": [
        386,
        "picture"
    ],
    "680": [
        465,
        "chair"
    ],
    "685": [
        406,
        "chair"
    ],
    "686": [
        222,
        "window"
    ],
    "687": [
        36,
        "toilet"
    ],
    "692": [
        761,
        "monitor"
    ],
    "697": [
        254,
        "cabinet"
    ],
    "698": [
        464,
        "chair"
    ],
    "699": [
        298,
        "door"
    ],
    "703": [
        512,
        "door"
    ],
    "704": [
        239,
        "wardrobe"
    ],
    "708": [
        727,
        "bag"
    ],
    "710": [
        7,
        "door"
    ],
    "711": [
        48,
        "door"
    ],
    "713": [
        300,
        "mirror"
    ],
    "714": [
        636,
        "monitor"
    ],
    "719": [
        755,
        "desk"
    ],
    "720": [
        427,
        "lamp"
    ],
    "721": [
        639,
        "chair"
    ],
    "723": [
        623,
        "window"
    ],
    "726": [
        160,
        "chair"
    ],
    "727": [
        374,
        "window"
    ],
    "728": [
        401,
        "chair"
    ],
    "729": [
        462,
        "chair"
    ],
    "730": [
        113,
        "chair"
    ],
    "731": [
        320,
        "wall_hanging_decoration"
    ],
    "737": [
        723,
        "keyboard"
    ],
    "740": [
        331,
        "armchair"
    ],
    "744": [
        96,
        "chair"
    ],
    "745": [
        640,
        "chair"
    ],
    "746": [
        116,
        "cabinet"
    ],
    "752": [
        121,
        "lamp"
    ],
    "754": [
        115,
        "lamp"
    ],
    "755": [
        135,
        "lamp"
    ],
    "756": [
        150,
        "chair"
    ],
    "757": [
        165,
        "cabinet"
    ],
    "758": [
        327,
        "door"
    ],
    "760": [
        393,
        "cabinet"
    ],
    "762": [
        332,
        "armchair"
    ],
    "764": [
        669,
        "lamp"
    ]
}