{
    "1": [
        365,
        "wardrobe"
    ],
    "2": [
        489,
        "bucket"
    ],
    "4": [
        33,
        "pillow"
    ],
    "5": [
        161,
        "mirror"
    ],
    "6": [
        95,
        "bathroom_shelf"
    ],
    "9": [
        407,
        "toilet_paper"
    ],
    "10": [
        252,
        "window"
    ],
    "11": [
        367,
        "picture"
    ],
    "14": [
        49,
        "cloth"
    ],
    "16": [
        122,
        "picture"
    ],
    "17": [
        125,
        "lamp"
    ],
    "18": [
        70,
        "basket"
    ],
    "19": [
        226,
        "rack"
    ],
    "20": [
        462,
        "electric_box"
    ],
    "21": [
        438,
        "rug"
    ],
    "22": [
        179,
        "lamp"
    ],
    "23": [
        458,
        "tool"
    ],
    "24": [
        460,
        "tool"
    ],
    "27": [
        408,
        "toilet_paper"
    ],
    "28": [
        382,
        "wall_hanging_decoration"
    ],
    "31": [
        479,
        "box"
    ],
    "32": [
        291,
        "table"
    ],
    "33": [
        435,
        "picture"
    ],
    "34": [
        260,
        "couch"
    ],
    "36": [
        52,
        "cloth"
    ],
    "40": [
        169,
        "vent"
    ],
    "41": [
        287,
        "blanket"
    ],
    "43": [
        427,
        "bucket"
    ],
    "46": [
        94,
        "bathroom_shelf"
    ],
    "48": [
        138,
        "mirror"
    ],
    "49": [
        406,
        "stand"
    ],
    "50": [
        184,
        "pillow"
    ],
    "51": [
        222,
        "clothes"
    ],
    "53": [
        429,
        "box"
    ],
    "57": [
        113,
        "towel"
    ],
    "58": [
        53,
        "cloth"
    ],
    "59": [
        178,
        "nightstand"
    ],
    "60": [
        208,
        "clothes"
    ],
    "61": [
        345,
        "book"
    ],
    "64": [
        26,
        "lamp"
    ],
    "66": [
        23,
        "table"
    ],
    "67": [
        450,
        "electric_box"
    ],
    "70": [
        424,
        "machine"
    ],
    "72": [
        331,
        "kitchen_cabinet"
    ],
    "76": [
        50,
        "cloth"
    ],
    "78": [
        88,
        "lamp"
    ],
    "79": [
        428,
        "shovel"
    ],
    "80": [
        359,
        "rug"
    ],
    "84": [
        258,
        "pillow"
    ],
    "86": [
        240,
        "clothes"
    ],
    "88": [
        346,
        "picture"
    ],
    "89": [
        214,
        "clothes"
    ],
    "90": [
        72,
        "cloth"
    ],
    "91": [
        185,
        "pillow"
    ],
    "94": [
        492,
        "car"
    ],
    "95": [
        383,
        "wall_hanging_decoration"
    ],
    "96": [
        461,
        "tool"
    ],
    "97": [
        60,
        "cloth"
    ],
    "98": [
        212,
        "clothes"
    ],
    "99": [
        380,
        "lamp"
    ],
    "102": [
        110,
        "picture"
    ],
    "103": [
        398,
        "picture"
    ],
    "105": [
        299,
        "cabinet"
    ],
    "106": [
        481,
        "box"
    ],
    "108": [
        333,
        "microwave"
    ],
    "109": [
        295,
        "rug"
    ],
    "110": [
        218,
        "clothes"
    ],
    "111": [
        221,
        "clothes"
    ],
    "112": [
        141,
        "towel"
    ],
    "114": [
        220,
        "clothes"
    ],
    "115": [
        399,
        "towel"
    ],
    "117": [
        326,
        "refrigerator"
    ],
    "118": [
        387,
        "door"
    ],
    "119": [
        448,
        "bag"
    ],
    "120": [
        103,
        "table"
    ],
    "121": [
        105,
        "sink"
    ],
    "122": [
        173,
        "chair"
    ],
    "123": [
        273,
        "flowerpot"
    ],
    "124": [
        74,
        "cloth"
    ],
    "127": [
        393,
        "mirror"
    ],
    "128": [
        65,
        "box"
    ],
    "129": [
        97,
        "towel"
    ],
    "130": [
        170,
        "tv"
    ],
    "138": [
        430,
        "box"
    ],
    "139": [
        426,
        "bucket"
    ],
    "140": [
        153,
        "vent"
    ],
    "141": [
        54,
        "cloth"
    ],
    "143": [
        316,
        "rug"
    ],
    "145": [
        219,
        "clothes"
    ],
    "146": [
        274,
        "tv"
    ],
    "147": [
        364,
        "wardrobe"
    ],
    "149": [
        100,
        "toilet"
    ],
    "152": [
        63,
        "box"
    ],
    "153": [
        24,
        "picture"
    ],
    "154": [
        187,
        "pillow"
    ],
    "158": [
        440,
        "picture"
    ],
    "159": [
        329,
        "kitchen_cabinet"
    ],
    "160": [
        171,
        "wardrobe"
    ],
    "161": [
        436,
        "picture"
    ],
    "162": [
        376,
        "door"
    ],
    "165": [
        175,
        "door"
    ],
    "167": [
        441,
        "table"
    ],
    "168": [
        354,
        "vent"
    ],
    "169": [
        478,
        "bag"
    ],
    "170": [
        27,
        "curtain"
    ],
    "171": [
        101,
        "basket"
    ],
    "172": [
        104,
        "sink"
    ],
    "173": [
        474,
        "refrigerator"
    ],
    "174": [
        148,
        "towel"
    ],
    "175": [
        437,
        "box"
    ],
    "178": [
        96,
        "towel"
    ],
    "179": [
        31,
        "pillow"
    ],
    "180": [
        75,
        "cloth"
    ],
    "181": [
        121,
        "cabinet"
    ],
    "184": [
        28,
        "curtain"
    ],
    "188": [
        79,
        "handbag"
    ],
    "189": [
        140,
        "towel"
    ],
    "190": [
        270,
        "curtain_rod"
    ],
    "192": [
        276,
        "basket"
    ],
    "196": [
        237,
        "clothes"
    ],
    "197": [
        29,
        "window"
    ],
    "198": [
        93,
        "bathroom_shelf"
    ],
    "199": [
        188,
        "pillow"
    ],
    "200": [
        360,
        "rug"
    ],
    "204": [
        292,
        "tray"
    ],
    "205": [
        445,
        "box"
    ],
    "206": [
        404,
        "lamp"
    ],
    "207": [
        242,
        "clothes"
    ],
    "208": [
        265,
        "rug"
    ],
    "209": [
        477,
        "rack"
    ],
    "210": [
        411,
        "toilet"
    ],
    "212": [
        288,
        "cabinet"
    ],
    "214": [
        77,
        "cloth"
    ],
    "216": [
        59,
        "cloth"
    ],
    "217": [
        213,
        "clothes"
    ],
    "218": [
        243,
        "clothes"
    ],
    "219": [
        189,
        "pillow"
    ],
    "220": [
        310,
        "chair"
    ],
    "221": [
        327,
        "kitchen_cabinet"
    ],
    "223": [
        465,
        "pipe"
    ],
    "224": [
        36,
        "pillow"
    ],
    "226": [
        157,
        "window"
    ],
    "228": [
        205,
        "box"
    ],
    "229": [
        308,
        "chair"
    ],
    "230": [
        339,
        "stool"
    ],
    "231": [
        432,
        "box"
    ],
    "232": [
        318,
        "kitchen_cabinet"
    ],
    "233": [
        124,
        "lamp"
    ],
    "234": [
        348,
        "washing_machine"
    ],
    "236": [
        283,
        "couch"
    ],
    "238": [
        317,
        "kitchen_cabinet"
    ],
    "240": [
        456,
        "tool"
    ],
    "241": [
        13,
        "lamp"
    ],
    "242": [
        253,
        "lamp"
    ],
    "243": [
        186,
        "pillow"
    ],
    "244": [
        202,
        "lamp"
    ],
    "245": [
        431,
        "box"
    ],
    "247": [
        223,
        "clothes"
    ],
    "250": [
        320,
        "kitchen_cabinet"
    ],
    "251": [
        238,
        "clothes"
    ],
    "252": [
        107,
        "tap"
    ],
    "257": [
        87,
        "lamp"
    ],
    "258": [
        64,
        "box"
    ],
    "260": [
        76,
        "cloth"
    ],
    "261": [
        143,
        "bath_cabinet"
    ],
    "262": [
        457,
        "tool"
    ],
    "263": [
        239,
        "clothes"
    ],
    "265": [
        323,
        "kitchen_cabinet"
    ],
    "266": [
        111,
        "towel"
    ],
    "269": [
        62,
        "box"
    ],
    "270": [
        69,
        "basket"
    ],
    "273": [
        228,
        "rack"
    ],
    "275": [
        476,
        "bag"
    ],
    "278": [
        275,
        "dresser"
    ],
    "279": [
        146,
        "towel"
    ],
    "280": [
        338,
        "sink"
    ],
    "281": [
        452,
        "tool"
    ],
    "284": [
        468,
        "hearth"
    ],
    "287": [
        309,
        "chair"
    ],
    "289": [
        484,
        "box"
    ],
    "290": [
        366,
        "picture"
    ],
    "291": [
        324,
        "kitchen_cabinet"
    ],
    "292": [
        469,
        "bowl"
    ],
    "294": [
        325,
        "kitchen_cabinet"
    ],
    "295": [
        472,
        "ladder"
    ],
    "297": [
        480,
        "box"
    ],
    "298": [
        56,
        "cloth"
    ],
    "299": [
        397,
        "picture"
    ],
    "301": [
        55,
        "cloth"
    ],
    "308": [
        467,
        "pipe"
    ],
    "309": [
        25,
        "nightstand"
    ],
    "310": [
        17,
        "door"
    ],
    "311": [
        210,
        "clothes"
    ],
    "312": [
        446,
        "cabinet"
    ],
    "313": [
        47,
        "fan"
    ],
    "314": [
        255,
        "pouffe"
    ],
    "317": [
        89,
        "lamp"
    ],
    "318": [
        396,
        "vent"
    ],
    "319": [
        215,
        "clothes"
    ],
    "320": [
        16,
        "wardrobe"
    ],
    "322": [
        32,
        "pillow"
    ],
    "324": [
        286,
        "pillow"
    ],
    "327": [
        447,
        "bowl"
    ],
    "328": [
        314,
        "bowl"
    ],
    "329": [
        422,
        "stack_of_papers"
    ],
    "330": [
        136,
        "bath_cabinet"
    ],
    "332": [
        454,
        "tool"
    ],
    "333": [
        109,
        "picture"
    ],
    "334": [
        168,
        "lamp"
    ],
    "336": [
        216,
        "clothes"
    ],
    "337": [
        285,
        "pillow"
    ],
    "338": [
        241,
        "clothes"
    ],
    "339": [
        151,
        "rug"
    ],
    "342": [
        203,
        "dresser"
    ],
    "343": [
        486,
        "box"
    ],
    "345": [
        451,
        "hanger"
    ],
    "346": [
        443,
        "box"
    ],
    "347": [
        490,
        "box"
    ],
    "350": [
        336,
        "container"
    ],
    "352": [
        144,
        "bath_cabinet"
    ],
    "353": [
        147,
        "tap"
    ],
    "355": [
        180,
        "nightstand"
    ],
    "356": [
        44,
        "container"
    ],
    "358": [
        483,
        "box"
    ],
    "359": [
        224,
        "clothes"
    ],
    "361": [
        312,
        "table"
    ],
    "362": [
        58,
        "cloth"
    ],
    "365": [
        491,
        "lamp"
    ],
    "366": [
        71,
        "cloth"
    ],
    "368": [
        225,
        "clothes"
    ],
    "369": [
        21,
        "door"
    ],
    "370": [
        34,
        "pillow"
    ],
    "373": [
        35,
        "pillow"
    ],
    "374": [
        152,
        "lamp"
    ],
    "375": [
        78,
        "cloth"
    ],
    "376": [
        57,
        "cloth"
    ],
    "379": [
        73,
        "cloth"
    ],
    "380": [
        297,
        "pillow"
    ],
    "381": [
        487,
        "box"
    ],
    "383": [
        358,
        "coffee_machine"
    ],
    "385": [
        284,
        "pillow"
    ],
    "387": [
        455,
        "tool"
    ],
    "388": [
        466,
        "pipe"
    ],
    "389": [
        257,
        "pillow"
    ],
    "390": [
        40,
        "mirror"
    ],
    "391": [
        420,
        "garage_door"
    ],
    "392": [
        400,
        "bath_cabinet"
    ],
    "394": [
        330,
        "kitchen_cabinet"
    ],
    "395": [
        204,
        "storage_bin"
    ],
    "396": [
        66,
        "box"
    ],
    "398": [
        485,
        "box"
    ],
    "399": [
        15,
        "picture"
    ],
    "400": [
        22,
        "table"
    ],
    "401": [
        402,
        "tap"
    ],
    "402": [
        343,
        "paper_towel"
    ],
    "403": [
        244,
        "clothes"
    ],
    "405": [
        137,
        "mirror"
    ],
    "406": [
        227,
        "rack"
    ],
    "407": [
        51,
        "cloth"
    ],
    "409": [
        98,
        "rug"
    ],
    "410": [
        401,
        "sink"
    ],
    "412": [
        374,
        "door"
    ],
    "413": [
        315,
        "bowl"
    ],
    "414": [
        464,
        "cloth"
    ],
    "415": [
        356,
        "lamp"
    ],
    "416": [
        449,
        "toilet_paper"
    ],
    "417": [
        282,
        "box"
    ],
    "419": [
        384,
        "wall_hanging_decoration"
    ],
    "424": [
        301,
        "candle"
    ],
    "426": [
        211,
        "clothes"
    ],
    "429": [
        230,
        "clothes"
    ],
    "431": [
        263,
        "pillow"
    ],
    "432": [
        142,
        "toilet"
    ],
    "434": [
        378,
        "door"
    ],
    "435": [
        102,
        "bath_cabinet"
    ],
    "436": [
        201,
        "mirror"
    ],
    "437": [
        172,
        "desk"
    ],
    "438": [
        190,
        "dresser"
    ],
    "441": [
        14,
        "vent"
    ],
    "442": [
        92,
        "bathroom_shelf"
    ],
    "443": [
        434,
        "box"
    ],
    "444": [
        319,
        "kitchen_cabinet"
    ],
    "446": [
        277,
        "cuddly_toy"
    ],
    "447": [
        300,
        "lamp"
    ],
    "448": [
        296,
        "couch"
    ],
    "449": [
        439,
        "bag"
    ],
    "452": [
        433,
        "box"
    ],
    "455": [
        182,
        "lamp"
    ],
    "458": [
        209,
        "clothes"
    ],
    "459": [
        298,
        "pillow"
    ],
    "461": [
        412,
        "rug"
    ],
    "462": [
        311,
        "chair"
    ],
    "464": [
        289,
        "lamp"
    ],
    "465": [
        344,
        "book"
    ],
    "466": [
        217,
        "rack"
    ],
    "470": [
        332,
        "kitchen_cabinet"
    ],
    "471": [
        126,
        "sensor"
    ],
    "472": [
        261,
        "pillow"
    ],
    "473": [
        91,
        "mirror"
    ],
    "474": [
        281,
        "window"
    ],
    "476": [
        106,
        "tap"
    ],
    "478": [
        405,
        "trash_can"
    ],
    "481": [
        453,
        "tool"
    ],
    "482": [
        67,
        "box"
    ],
    "483": [
        99,
        "rug"
    ],
    "485": [
        48,
        "cloth"
    ],
    "486": [
        482,
        "box"
    ],
    "489": [
        85,
        "shower_curtain"
    ],
    "491": [
        183,
        "bed"
    ],
    "492": [
        30,
        "bed"
    ]
}