{
    "1": [
        86,
        "door"
    ],
    "4": [
        358,
        "flowerpot"
    ],
    "5": [
        370,
        "dining_chair"
    ],
    "8": [
        74,
        "cosmetics"
    ],
    "9": [
        310,
        "ceiling_lamp"
    ],
    "10": [
        14,
        "window"
    ],
    "11": [
        335,
        "door"
    ],
    "12": [
        318,
        "ceiling_lamp"
    ],
    "13": [
        346,
        "picture"
    ],
    "14": [
        38,
        "bathroom_shelf"
    ],
    "15": [
        76,
        "bathroom_shelf"
    ],
    "16": [
        374,
        "stool"
    ],
    "17": [
        41,
        "bucket"
    ],
    "18": [
        89,
        "clothes"
    ],
    "20": [
        15,
        "window"
    ],
    "21": [
        121,
        "window"
    ],
    "23": [
        225,
        "chair"
    ],
    "24": [
        34,
        "pillow"
    ],
    "25": [
        137,
        "wall_lamp"
    ],
    "28": [
        67,
        "window"
    ],
    "29": [
        392,
        "kitchen_shelf"
    ],
    "31": [
        166,
        "ceiling_lamp"
    ],
    "32": [
        55,
        "recessed_cubby"
    ],
    "34": [
        243,
        "ceiling_lamp"
    ],
    "35": [
        355,
        "led_tv"
    ],
    "37": [
        7,
        "nightstand"
    ],
    "39": [
        367,
        "dining_chair"
    ],
    "40": [
        8,
        "mirror"
    ],
    "44": [
        116,
        "wine"
    ],
    "46": [
        286,
        "bar_soap"
    ],
    "49": [
        389,
        "cutting_board"
    ],
    "51": [
        314,
        "ceiling_lamp"
    ],
    "52": [
        64,
        "bathroom_towel"
    ],
    "53": [
        359,
        "flowerpot"
    ],
    "54": [
        252,
        "window"
    ],
    "55": [
        414,
        "window"
    ],
    "56": [
        127,
        "picture"
    ],
    "57": [
        68,
        "bathroom_cabinet"
    ],
    "58": [
        249,
        "door"
    ],
    "59": [
        353,
        "basket_of_something"
    ],
    "61": [
        146,
        "monitor"
    ],
    "62": [
        193,
        "window"
    ],
    "66": [
        282,
        "door"
    ],
    "67": [
        223,
        "ceiling_lamp"
    ],
    "68": [
        245,
        "door"
    ],
    "69": [
        152,
        "flowerpot"
    ],
    "70": [
        302,
        "ceiling_lamp"
    ],
    "71": [
        409,
        "sliding_glass_door"
    ],
    "72": [
        312,
        "ceiling_lamp"
    ],
    "73": [
        83,
        "ceiling_lamp"
    ],
    "74": [
        308,
        "ceiling_lamp"
    ],
    "75": [
        107,
        "ceiling_lamp"
    ],
    "76": [
        294,
        "bathtub"
    ],
    "78": [
        32,
        "pillow"
    ],
    "79": [
        95,
        "clothes"
    ],
    "81": [
        27,
        "door"
    ],
    "82": [
        30,
        "pillow"
    ],
    "84": [
        247,
        "bed"
    ],
    "85": [
        36,
        "window"
    ],
    "86": [
        147,
        "laptop"
    ],
    "87": [
        408,
        "window"
    ],
    "89": [
        417,
        "window"
    ],
    "90": [
        125,
        "picture"
    ],
    "91": [
        59,
        "bathroom_towel"
    ],
    "92": [
        366,
        "dining_chair"
    ],
    "93": [
        351,
        "flowerpot"
    ],
    "97": [
        278,
        "picture"
    ],
    "98": [
        368,
        "dining_chair"
    ],
    "101": [
        162,
        "picture"
    ],
    "103": [
        300,
        "ceiling_lamp"
    ],
    "104": [
        405,
        "sliding_glass_door"
    ],
    "105": [
        259,
        "pillow"
    ],
    "109": [
        72,
        "bath_sink"
    ],
    "112": [
        96,
        "clothes"
    ],
    "113": [
        380,
        "oven_and_stove"
    ],
    "115": [
        28,
        "sensor"
    ],
    "116": [
        330,
        "fire_extinguisher"
    ],
    "117": [
        40,
        "toilet"
    ],
    "118": [
        347,
        "picture"
    ],
    "121": [
        130,
        "picture"
    ],
    "123": [
        250,
        "flowerpot"
    ],
    "124": [
        394,
        "kitchen_cabinet"
    ],
    "127": [
        290,
        "mirror"
    ],
    "128": [
        150,
        "chair"
    ],
    "130": [
        384,
        "kitchen_appliance"
    ],
    "136": [
        52,
        "bathroom_towel"
    ],
    "139": [
        357,
        "flowerpot"
    ],
    "140": [
        157,
        "picture"
    ],
    "141": [
        251,
        "flowerpot"
    ],
    "142": [
        261,
        "pillow"
    ],
    "144": [
        372,
        "dining_table"
    ],
    "145": [
        275,
        "shower_curtain"
    ],
    "146": [
        31,
        "pillow"
    ],
    "147": [
        6,
        "nightstand"
    ],
    "148": [
        406,
        "window"
    ],
    "150": [
        345,
        "table"
    ],
    "153": [
        280,
        "decoration"
    ],
    "154": [
        436,
        "window"
    ],
    "155": [
        226,
        "table"
    ],
    "157": [
        113,
        "sink"
    ],
    "158": [
        317,
        "ceiling_lamp"
    ],
    "159": [
        391,
        "refrigerator"
    ],
    "160": [
        309,
        "ceiling_lamp"
    ],
    "164": [
        161,
        "rug"
    ],
    "167": [
        126,
        "picture"
    ],
    "168": [
        381,
        "kitchen_cabinet"
    ],
    "169": [
        340,
        "table"
    ],
    "170": [
        16,
        "window"
    ],
    "171": [
        4,
        "seat"
    ],
    "172": [
        402,
        "decoration"
    ],
    "175": [
        376,
        "stool"
    ],
    "176": [
        248,
        "cabinet"
    ],
    "177": [
        307,
        "ceiling_lamp"
    ],
    "178": [
        110,
        "ceiling_lamp"
    ],
    "179": [
        168,
        "ceiling_lamp"
    ],
    "182": [
        313,
        "ceiling_lamp"
    ],
    "183": [
        293,
        "toilet_brush"
    ],
    "184": [
        288,
        "bath_sink"
    ],
    "186": [
        369,
        "dining_chair"
    ],
    "187": [
        165,
        "picture"
    ],
    "189": [
        135,
        "picture"
    ],
    "192": [
        285,
        "bathroom_cabinet"
    ],
    "196": [
        393,
        "kitchen_cabinet"
    ],
    "197": [
        399,
        "door"
    ],
    "198": [
        94,
        "clothes"
    ],
    "200": [
        234,
        "plant"
    ],
    "201": [
        277,
        "door"
    ],
    "202": [
        235,
        "door"
    ],
    "204": [
        407,
        "window"
    ],
    "210": [
        91,
        "clothes"
    ],
    "211": [
        292,
        "bucket"
    ],
    "213": [
        378,
        "stool"
    ],
    "216": [
        404,
        "window"
    ],
    "221": [
        377,
        "stool"
    ],
    "223": [
        92,
        "clothes"
    ],
    "225": [
        289,
        "bath_sink"
    ],
    "226": [
        253,
        "window"
    ],
    "227": [
        167,
        "ceiling_lamp"
    ],
    "228": [
        47,
        "door"
    ],
    "230": [
        305,
        "ceiling_lamp"
    ],
    "231": [
        151,
        "desk"
    ],
    "232": [
        3,
        "dresser"
    ],
    "233": [
        349,
        "window"
    ],
    "241": [
        413,
        "window"
    ],
    "244": [
        143,
        "window"
    ],
    "246": [
        260,
        "pillow"
    ],
    "249": [
        194,
        "window"
    ],
    "255": [
        229,
        "box"
    ],
    "258": [
        149,
        "window"
    ],
    "259": [
        71,
        "bathroom_shelf"
    ],
    "261": [
        283,
        "bathroom_towel"
    ],
    "263": [
        12,
        "ceiling_lamp"
    ],
    "266": [
        124,
        "picture"
    ],
    "269": [
        179,
        "ceiling_lamp"
    ],
    "271": [
        362,
        "speaker"
    ],
    "272": [
        2,
        "speaker"
    ],
    "273": [
        197,
        "cabinet"
    ],
    "274": [
        228,
        "cabinet"
    ],
    "276": [
        315,
        "ceiling_lamp"
    ],
    "277": [
        153,
        "plant"
    ],
    "280": [
        109,
        "ceiling_lamp"
    ],
    "281": [
        361,
        "bottle"
    ],
    "282": [
        224,
        "rug"
    ],
    "283": [
        416,
        "window"
    ],
    "285": [
        364,
        "book"
    ],
    "287": [
        386,
        "vessel"
    ],
    "288": [
        90,
        "clothes"
    ],
    "290": [
        112,
        "cabinet"
    ],
    "294": [
        303,
        "ceiling_lamp"
    ],
    "297": [
        339,
        "couch"
    ],
    "299": [
        5,
        "laundry_basket"
    ],
    "300": [
        1,
        "tv"
    ],
    "302": [
        327,
        "picture"
    ],
    "305": [
        233,
        "crib"
    ],
    "307": [
        246,
        "picture"
    ],
    "308": [
        379,
        "kitchen_cabinet"
    ],
    "309": [
        419,
        "pillow"
    ],
    "310": [
        222,
        "ceiling_lamp"
    ],
    "313": [
        133,
        "picture"
    ],
    "317": [
        390,
        "microwave"
    ],
    "318": [
        33,
        "pillow"
    ],
    "319": [
        217,
        "door"
    ],
    "323": [
        128,
        "picture"
    ],
    "327": [
        11,
        "bed"
    ],
    "328": [
        304,
        "ceiling_lamp"
    ],
    "330": [
        132,
        "picture"
    ],
    "331": [
        97,
        "clothes"
    ],
    "333": [
        134,
        "picture"
    ],
    "336": [
        129,
        "picture"
    ],
    "337": [
        154,
        "plant"
    ],
    "340": [
        423,
        "wall_lamp"
    ],
    "341": [
        254,
        "window"
    ],
    "344": [
        131,
        "picture"
    ],
    "346": [
        306,
        "ceiling_lamp"
    ],
    "351": [
        88,
        "clothes"
    ],
    "352": [
        350,
        "window"
    ],
    "354": [
        115,
        "plant"
    ],
    "357": [
        190,
        "window"
    ],
    "358": [
        207,
        "picture"
    ],
    "361": [
        118,
        "glass"
    ],
    "362": [
        311,
        "ceiling_lamp"
    ],
    "365": [
        44,
        "toilet_brush"
    ],
    "366": [
        172,
        "plant"
    ],
    "367": [
        170,
        "socket"
    ],
    "368": [
        78,
        "plant"
    ],
    "369": [
        75,
        "cosmetics"
    ],
    "372": [
        401,
        "decoration"
    ],
    "374": [
        230,
        "box"
    ],
    "376": [
        29,
        "switch"
    ],
    "377": [
        13,
        "window"
    ],
    "379": [
        160,
        "ceiling_lamp"
    ],
    "380": [
        69,
        "bottle"
    ],
    "387": [
        206,
        "picture"
    ],
    "389": [
        198,
        "plant"
    ],
    "390": [
        403,
        "window"
    ],
    "392": [
        105,
        "door"
    ],
    "396": [
        9,
        "jar"
    ],
    "397": [
        220,
        "picture"
    ],
    "398": [
        287,
        "bathroom_towel"
    ],
    "399": [
        208,
        "picture"
    ],
    "400": [
        373,
        "kitchen_island"
    ],
    "401": [
        93,
        "clothes"
    ],
    "402": [
        356,
        "tv_stand"
    ],
    "404": [
        279,
        "picture"
    ],
    "408": [
        145,
        "picture"
    ],
    "410": [
        328,
        "door"
    ],
    "411": [
        37,
        "toilet_paper"
    ],
    "414": [
        73,
        "bath_sink"
    ],
    "416": [
        297,
        "ceiling_vent"
    ],
    "420": [
        192,
        "window"
    ],
    "421": [
        291,
        "toilet"
    ],
    "422": [
        316,
        "ceiling_lamp"
    ],
    "423": [
        301,
        "ceiling_lamp"
    ],
    "424": [
        341,
        "platform"
    ],
    "425": [
        49,
        "toilet_paper"
    ],
    "426": [
        65,
        "door"
    ],
    "427": [
        426,
        "door"
    ],
    "428": [
        375,
        "stool"
    ],
    "431": [
        284,
        "bottle_of_soap"
    ],
    "433": [
        108,
        "ceiling_lamp"
    ],
    "434": [
        63,
        "bathroom_towel"
    ],
    "435": [
        371,
        "dining_chair"
    ],
    "436": [
        281,
        "wall_lamp"
    ],
    "440": [
        418,
        "pillow"
    ],
    "442": [
        114,
        "shelf"
    ]
}