{
    "1": [
        201,
        "vase"
    ],
    "4": [
        857,
        "lamp"
    ],
    "5": [
        368,
        "icebox"
    ],
    "6": [
        522,
        "paper_towel"
    ],
    "7": [
        785,
        "mortar"
    ],
    "9": [
        111,
        "paper"
    ],
    "12": [
        704,
        "pillow"
    ],
    "16": [
        855,
        "mirror"
    ],
    "17": [
        610,
        "soap_dish"
    ],
    "18": [
        577,
        "picture"
    ],
    "19": [
        51,
        "window"
    ],
    "20": [
        18,
        "picture"
    ],
    "22": [
        202,
        "decoration"
    ],
    "24": [
        27,
        "shower_caddy"
    ],
    "25": [
        764,
        "pouffe"
    ],
    "26": [
        105,
        "curtain"
    ],
    "30": [
        602,
        "trashcan"
    ],
    "32": [
        361,
        "storage_box"
    ],
    "33": [
        555,
        "picture"
    ],
    "37": [
        783,
        "vase"
    ],
    "40": [
        763,
        "book"
    ],
    "44": [
        507,
        "case"
    ],
    "45": [
        226,
        "case"
    ],
    "46": [
        271,
        "bottle_of_detergent"
    ],
    "48": [
        778,
        "fireplace"
    ],
    "50": [
        343,
        "can_of_paint"
    ],
    "51": [
        691,
        "blanket"
    ],
    "52": [
        89,
        "picture"
    ],
    "54": [
        353,
        "box"
    ],
    "58": [
        805,
        "window"
    ],
    "61": [
        388,
        "tank"
    ],
    "64": [
        498,
        "lamp"
    ],
    "65": [
        3,
        "picture"
    ],
    "66": [
        120,
        "laptop"
    ],
    "67": [
        621,
        "cabinet"
    ],
    "69": [
        659,
        "lamp"
    ],
    "70": [
        575,
        "door"
    ],
    "71": [
        530,
        "light_switch"
    ],
    "72": [
        569,
        "picture"
    ],
    "73": [
        197,
        "dresser"
    ],
    "74": [
        439,
        "ladder"
    ],
    "78": [
        793,
        "speaker"
    ],
    "79": [
        256,
        "flowerpot"
    ],
    "80": [
        242,
        "lamp"
    ],
    "81": [
        519,
        "box"
    ],
    "82": [
        102,
        "door"
    ],
    "84": [
        719,
        "picture"
    ],
    "87": [
        635,
        "lamp"
    ],
    "88": [
        693,
        "amplifier"
    ],
    "89": [
        262,
        "hutch"
    ],
    "90": [
        633,
        "refrigerator"
    ],
    "92": [
        626,
        "table"
    ],
    "95": [
        238,
        "flowerpot"
    ],
    "96": [
        250,
        "blinds"
    ],
    "97": [
        288,
        "shoe"
    ],
    "98": [
        294,
        "shoe"
    ],
    "100": [
        751,
        "basket"
    ],
    "102": [
        773,
        "coffee_table"
    ],
    "103": [
        768,
        "lamp"
    ],
    "105": [
        212,
        "bed"
    ],
    "106": [
        630,
        "cabinet"
    ],
    "107": [
        175,
        "shower_bench"
    ],
    "108": [
        541,
        "electric_outlet"
    ],
    "109": [
        639,
        "chair"
    ],
    "111": [
        260,
        "picture"
    ],
    "112": [
        679,
        "stand"
    ],
    "113": [
        593,
        "cabinet"
    ],
    "115": [
        333,
        "box"
    ],
    "118": [
        153,
        "sink"
    ],
    "120": [
        453,
        "rug"
    ],
    "122": [
        684,
        "basket"
    ],
    "123": [
        588,
        "picture"
    ],
    "124": [
        7,
        "flower"
    ],
    "125": [
        741,
        "window"
    ],
    "127": [
        761,
        "basket"
    ],
    "129": [
        15,
        "cosmetic"
    ],
    "130": [
        207,
        "dressing_table"
    ],
    "131": [
        320,
        "pot"
    ],
    "135": [
        324,
        "shoe"
    ],
    "141": [
        367,
        "box"
    ],
    "142": [
        493,
        "window"
    ],
    "143": [
        408,
        "tool_box"
    ],
    "144": [
        395,
        "bottle"
    ],
    "145": [
        240,
        "picture"
    ],
    "147": [
        766,
        "basket"
    ],
    "149": [
        382,
        "box"
    ],
    "150": [
        284,
        "laundry_basket"
    ],
    "152": [
        236,
        "book"
    ],
    "153": [
        840,
        "decoration"
    ],
    "155": [
        440,
        "shoe"
    ],
    "156": [
        614,
        "stove"
    ],
    "157": [
        613,
        "table"
    ],
    "160": [
        191,
        "lamp"
    ],
    "161": [
        841,
        "picture"
    ],
    "163": [
        794,
        "speaker"
    ],
    "167": [
        360,
        "storage_box"
    ],
    "168": [
        272,
        "bottle"
    ],
    "169": [
        548,
        "toilet_brush"
    ],
    "171": [
        259,
        "picture"
    ],
    "172": [
        173,
        "shower_cabin"
    ],
    "173": [
        675,
        "window"
    ],
    "177": [
        224,
        "table"
    ],
    "178": [
        253,
        "casket"
    ],
    "179": [
        647,
        "flowerpot"
    ],
    "181": [
        754,
        "speaker"
    ],
    "182": [
        217,
        "pillow"
    ],
    "183": [
        290,
        "shoe"
    ],
    "184": [
        304,
        "appliance"
    ],
    "185": [
        86,
        "control_panel"
    ],
    "187": [
        433,
        "cloth"
    ],
    "189": [
        48,
        "lamp"
    ],
    "190": [
        180,
        "decorative_plant"
    ],
    "191": [
        429,
        "rug"
    ],
    "192": [
        402,
        "bottle"
    ],
    "193": [
        534,
        "picture"
    ],
    "194": [
        144,
        "mirror"
    ],
    "196": [
        174,
        "shower_knob"
    ],
    "198": [
        576,
        "door"
    ],
    "200": [
        35,
        "mirror"
    ],
    "201": [
        463,
        "lamp"
    ],
    "202": [
        662,
        "lamp"
    ],
    "203": [
        612,
        "coffee_machine"
    ],
    "204": [
        317,
        "box"
    ],
    "205": [
        372,
        "shelf"
    ],
    "206": [
        366,
        "box"
    ],
    "207": [
        328,
        "table"
    ],
    "209": [
        310,
        "basket_of_something"
    ],
    "211": [
        63,
        "hat"
    ],
    "212": [
        221,
        "pillow"
    ],
    "213": [
        43,
        "toilet"
    ],
    "216": [
        758,
        "pillow"
    ],
    "218": [
        524,
        "bottle"
    ],
    "219": [
        137,
        "exercise_ball"
    ],
    "221": [
        192,
        "book"
    ],
    "222": [
        23,
        "tissue_box"
    ],
    "224": [
        122,
        "monitor"
    ],
    "226": [
        605,
        "can"
    ],
    "227": [
        784,
        "vase"
    ],
    "228": [
        90,
        "picture"
    ],
    "229": [
        419,
        "bucket"
    ],
    "232": [
        448,
        "shovel"
    ],
    "233": [
        436,
        "bag"
    ],
    "234": [
        206,
        "fire_alarm"
    ],
    "236": [
        579,
        "cabinet"
    ],
    "237": [
        689,
        "basket"
    ],
    "238": [
        868,
        "chair"
    ],
    "239": [
        332,
        "box"
    ],
    "240": [
        54,
        "window"
    ],
    "243": [
        198,
        "casket"
    ],
    "244": [
        842,
        "holy_cross"
    ],
    "245": [
        421,
        "shirt"
    ],
    "246": [
        297,
        "picture"
    ],
    "248": [
        24,
        "shower_cabin"
    ],
    "249": [
        792,
        "pillow"
    ],
    "250": [
        631,
        "cabinet"
    ],
    "251": [
        338,
        "box"
    ],
    "253": [
        58,
        "window"
    ],
    "255": [
        293,
        "shoe"
    ],
    "257": [
        181,
        "toilet"
    ],
    "258": [
        277,
        "laundry_basket"
    ],
    "259": [
        219,
        "pillow"
    ],
    "260": [
        604,
        "table"
    ],
    "261": [
        654,
        "lamp"
    ],
    "262": [
        377,
        "shelf"
    ],
    "263": [
        387,
        "tank"
    ],
    "264": [
        135,
        "case"
    ],
    "266": [
        460,
        "projector"
    ],
    "267": [
        283,
        "box"
    ],
    "268": [
        116,
        "stack_of_papers"
    ],
    "269": [
        279,
        "stack_of_papers"
    ],
    "273": [
        19,
        "window"
    ],
    "275": [
        363,
        "box"
    ],
    "277": [
        258,
        "picture"
    ],
    "278": [
        406,
        "box"
    ],
    "279": [
        454,
        "doormat"
    ],
    "281": [
        355,
        "case"
    ],
    "282": [
        774,
        "decorative_plant"
    ],
    "283": [
        853,
        "mixer"
    ],
    "284": [
        648,
        "flowerpot"
    ],
    "285": [
        649,
        "flowerpot"
    ],
    "287": [
        874,
        "roof"
    ],
    "289": [
        615,
        "towel"
    ],
    "292": [
        683,
        "case"
    ],
    "293": [
        251,
        "window"
    ],
    "294": [
        300,
        "pipe"
    ],
    "295": [
        375,
        "shelf"
    ],
    "296": [
        521,
        "box"
    ],
    "297": [
        20,
        "cabinet"
    ],
    "298": [
        235,
        "book"
    ],
    "299": [
        865,
        "chair"
    ],
    "300": [
        369,
        "box"
    ],
    "301": [
        31,
        "door"
    ],
    "302": [
        772,
        "pillow"
    ],
    "307": [
        136,
        "box"
    ],
    "308": [
        399,
        "bottle"
    ],
    "311": [
        608,
        "tap"
    ],
    "312": [
        850,
        "cabinet"
    ],
    "313": [
        692,
        "trashcan"
    ],
    "317": [
        425,
        "picture"
    ],
    "318": [
        504,
        "door"
    ],
    "319": [
        125,
        "chair"
    ],
    "325": [
        299,
        "boiler"
    ],
    "326": [
        585,
        "window"
    ],
    "327": [
        790,
        "basket"
    ],
    "328": [
        396,
        "bottle"
    ],
    "329": [
        374,
        "box"
    ],
    "330": [
        213,
        "pillow"
    ],
    "331": [
        637,
        "table_cloth"
    ],
    "332": [
        133,
        "bag"
    ],
    "333": [
        385,
        "tank"
    ],
    "336": [
        109,
        "stack_of_papers"
    ],
    "338": [
        127,
        "wardrobe"
    ],
    "339": [
        430,
        "rug"
    ],
    "340": [
        862,
        "table"
    ],
    "341": [
        5,
        "picture"
    ],
    "342": [
        616,
        "cabinet"
    ],
    "343": [
        482,
        "bottle"
    ],
    "344": [
        351,
        "box"
    ],
    "346": [
        172,
        "window"
    ],
    "348": [
        289,
        "shoe"
    ],
    "349": [
        702,
        "pillow"
    ],
    "352": [
        797,
        "amplifier"
    ],
    "353": [
        405,
        "box"
    ],
    "355": [
        568,
        "picture"
    ],
    "356": [
        145,
        "mirror"
    ],
    "357": [
        186,
        "rug"
    ],
    "360": [
        270,
        "washing_machine"
    ],
    "361": [
        113,
        "keyboard"
    ],
    "364": [
        37,
        "sink"
    ],
    "367": [
        121,
        "monitor"
    ],
    "369": [
        500,
        "pipe"
    ],
    "370": [
        537,
        "frame"
    ],
    "372": [
        165,
        "door"
    ],
    "374": [
        323,
        "shoe"
    ],
    "376": [
        147,
        "cabinet"
    ],
    "378": [
        42,
        "rug"
    ],
    "380": [
        509,
        "iron_board"
    ],
    "381": [
        413,
        "tank"
    ],
    "383": [
        403,
        "tank"
    ],
    "387": [
        737,
        "blinds"
    ],
    "388": [
        442,
        "shoe"
    ],
    "390": [
        510,
        "vacuum_cleaner"
    ],
    "391": [
        677,
        "desk"
    ],
    "392": [
        512,
        "cabinet"
    ],
    "394": [
        798,
        "speaker"
    ],
    "396": [
        687,
        "chair"
    ],
    "398": [
        162,
        "towel"
    ],
    "399": [
        378,
        "shelf"
    ],
    "400": [
        349,
        "box"
    ],
    "402": [
        359,
        "storage_box"
    ],
    "403": [
        62,
        "hat"
    ],
    "404": [
        237,
        "book"
    ],
    "406": [
        134,
        "basket"
    ],
    "407": [
        119,
        "tablet"
    ],
    "408": [
        770,
        "couch"
    ],
    "409": [
        280,
        "machine"
    ],
    "410": [
        154,
        "box_of_tissue"
    ],
    "412": [
        661,
        "lamp"
    ],
    "413": [
        708,
        "pillow"
    ],
    "414": [
        155,
        "tap"
    ],
    "417": [
        598,
        "cabinet"
    ],
    "419": [
        795,
        "tv"
    ],
    "420": [
        347,
        "box"
    ],
    "421": [
        72,
        "picture"
    ],
    "422": [
        223,
        "picture"
    ],
    "423": [
        655,
        "lamp"
    ],
    "424": [
        735,
        "window"
    ],
    "425": [
        47,
        "lamp"
    ],
    "427": [
        214,
        "pillow"
    ],
    "429": [
        685,
        "book"
    ],
    "431": [
        752,
        "cabinet"
    ],
    "433": [
        871,
        "rug"
    ],
    "435": [
        344,
        "cabinet"
    ],
    "436": [
        306,
        "lamp"
    ],
    "437": [
        674,
        "blinds"
    ],
    "439": [
        381,
        "storage_box"
    ],
    "441": [
        69,
        "lamp"
    ],
    "443": [
        528,
        "vase"
    ],
    "444": [
        356,
        "bag"
    ],
    "446": [
        858,
        "chair"
    ],
    "448": [
        777,
        "book"
    ],
    "450": [
        646,
        "window"
    ],
    "451": [
        342,
        "can_of_paint"
    ],
    "452": [
        316,
        "box"
    ],
    "453": [
        435,
        "tank"
    ],
    "454": [
        445,
        "hanger"
    ],
    "456": [
        350,
        "box"
    ],
    "457": [
        499,
        "hutch"
    ],
    "461": [
        551,
        "picture"
    ],
    "462": [
        305,
        "picture"
    ],
    "463": [
        412,
        "tool_box"
    ],
    "464": [
        839,
        "door"
    ],
    "465": [
        247,
        "blinds"
    ],
    "467": [
        547,
        "lamp"
    ],
    "468": [
        107,
        "sliding_glass_door"
    ],
    "469": [
        451,
        "cover"
    ],
    "470": [
        431,
        "rug"
    ],
    "472": [
        546,
        "ventilation"
    ],
    "474": [
        852,
        "decoration"
    ],
    "476": [
        526,
        "bottle"
    ],
    "477": [
        358,
        "storage_box"
    ],
    "478": [
        99,
        "dressing_table"
    ],
    "479": [
        108,
        "desk"
    ],
    "482": [
        657,
        "lamp"
    ],
    "483": [
        373,
        "pot"
    ],
    "485": [
        389,
        "bottle"
    ],
    "486": [
        566,
        "picture"
    ],
    "487": [
        156,
        "cosmetic"
    ],
    "488": [
        321,
        "shoe"
    ],
    "489": [
        592,
        "door"
    ],
    "490": [
        298,
        "fire_extinguisher"
    ],
    "491": [
        625,
        "cabinet"
    ],
    "492": [
        335,
        "box"
    ],
    "493": [
        520,
        "rug"
    ],
    "494": [
        791,
        "rocking_chair"
    ],
    "496": [
        161,
        "towel"
    ],
    "497": [
        248,
        "window"
    ],
    "498": [
        398,
        "bottle"
    ],
    "500": [
        312,
        "box"
    ],
    "501": [
        807,
        "picture"
    ],
    "504": [
        93,
        "fire_alarm"
    ],
    "506": [
        199,
        "vase"
    ],
    "508": [
        416,
        "garage_door"
    ],
    "509": [
        61,
        "hat"
    ],
    "510": [
        518,
        "bottle"
    ],
    "511": [
        869,
        "chair"
    ],
    "512": [
        591,
        "telephone"
    ],
    "515": [
        497,
        "plant"
    ],
    "519": [
        60,
        "hanger"
    ],
    "520": [
        720,
        "flower_vase"
    ],
    "521": [
        218,
        "pillow"
    ],
    "525": [
        345,
        "cabinet"
    ],
    "526": [
        676,
        "control_panel"
    ],
    "527": [
        750,
        "plant"
    ],
    "529": [
        550,
        "picture"
    ],
    "531": [
        701,
        "bed"
    ],
    "532": [
        617,
        "cabinet"
    ],
    "534": [
        756,
        "armchair"
    ],
    "536": [
        844,
        "cabinet"
    ],
    "537": [
        682,
        "printer"
    ],
    "538": [
        667,
        "door"
    ],
    "539": [
        596,
        "decoration"
    ],
    "541": [
        209,
        "tissue_box"
    ],
    "542": [
        444,
        "bag"
    ],
    "543": [
        542,
        "electric_outlet"
    ],
    "544": [
        437,
        "case"
    ],
    "546": [
        620,
        "cabinet"
    ],
    "548": [
        771,
        "pillow"
    ],
    "549": [
        796,
        "tv_stand"
    ],
    "550": [
        164,
        "tap"
    ],
    "551": [
        337,
        "bicycle"
    ],
    "552": [
        599,
        "cabinet"
    ],
    "553": [
        557,
        "picture"
    ],
    "555": [
        36,
        "towel"
    ],
    "557": [
        680,
        "speaker"
    ],
    "559": [
        362,
        "box"
    ],
    "561": [
        420,
        "garage_door_motor"
    ],
    "563": [
        606,
        "cutting_board"
    ],
    "564": [
        821,
        "picture"
    ],
    "566": [
        428,
        "table"
    ],
    "567": [
        698,
        "book"
    ],
    "568": [
        611,
        "paper_towel"
    ],
    "572": [
        70,
        "lamp"
    ],
    "574": [
        755,
        "stack_of_papers"
    ],
    "575": [
        765,
        "table"
    ],
    "576": [
        759,
        "pillow"
    ],
    "577": [
        861,
        "lamp"
    ],
    "578": [
        753,
        "lamp"
    ],
    "579": [
        607,
        "sink"
    ],
    "581": [
        273,
        "basket_of_something"
    ],
    "585": [
        9,
        "tap"
    ],
    "586": [
        427,
        "pipe"
    ],
    "588": [
        150,
        "cabinet"
    ],
    "589": [
        295,
        "shoe"
    ],
    "592": [
        104,
        "curtain"
    ],
    "594": [
        513,
        "picture"
    ],
    "596": [
        160,
        "towel"
    ],
    "597": [
        695,
        "lamp"
    ],
    "599": [
        383,
        "box"
    ],
    "600": [
        311,
        "box"
    ],
    "601": [
        334,
        "box"
    ],
    "602": [
        540,
        "pipe"
    ],
    "604": [
        757,
        "pillow"
    ],
    "605": [
        867,
        "chair"
    ],
    "607": [
        653,
        "lamp"
    ],
    "608": [
        536,
        "pipe"
    ],
    "609": [
        308,
        "refrigerator"
    ],
    "610": [
        278,
        "cabinet"
    ],
    "612": [
        711,
        "wardrobe"
    ],
    "613": [
        718,
        "dresser"
    ],
    "616": [
        68,
        "door"
    ],
    "618": [
        411,
        "machine"
    ],
    "619": [
        511,
        "toilet"
    ],
    "620": [
        397,
        "tank"
    ],
    "622": [
        563,
        "picture"
    ],
    "623": [
        788,
        "picture"
    ],
    "625": [
        100,
        "radio"
    ],
    "627": [
        286,
        "hanger"
    ],
    "628": [
        319,
        "rack"
    ],
    "629": [
        326,
        "shoe"
    ],
    "630": [
        462,
        "lamp"
    ],
    "631": [
        12,
        "showerhead"
    ],
    "632": [
        98,
        "fire_alarm"
    ],
    "634": [
        340,
        "box"
    ],
    "635": [
        269,
        "picture"
    ],
    "636": [
        705,
        "pillow"
    ],
    "639": [
        41,
        "rug"
    ],
    "640": [
        53,
        "picture"
    ],
    "642": [
        656,
        "lamp"
    ],
    "643": [
        285,
        "trashcan"
    ],
    "644": [
        688,
        "case"
    ],
    "646": [
        282,
        "box"
    ],
    "647": [
        371,
        "shelf"
    ],
    "648": [
        678,
        "monitor"
    ],
    "649": [
        118,
        "stack_of_papers"
    ],
    "650": [
        690,
        "case"
    ],
    "651": [
        686,
        "pc_tower"
    ],
    "652": [
        438,
        "grill"
    ],
    "653": [
        449,
        "chair"
    ],
    "656": [
        97,
        "lamp"
    ],
    "657": [
        152,
        "sink"
    ],
    "658": [
        163,
        "towel"
    ],
    "660": [
        38,
        "tap"
    ],
    "661": [
        860,
        "picture"
    ],
    "663": [
        851,
        "decorative_plate"
    ],
    "664": [
        703,
        "pillow"
    ],
    "666": [
        365,
        "storage_box"
    ],
    "669": [
        483,
        "bottle"
    ],
    "670": [
        494,
        "flowerpot"
    ],
    "672": [
        426,
        "picture"
    ],
    "675": [
        322,
        "shoe"
    ],
    "676": [
        572,
        "decoration"
    ],
    "677": [
        723,
        "ceiling_fan"
    ],
    "678": [
        151,
        "table"
    ],
    "679": [
        450,
        "lamp"
    ],
    "680": [
        523,
        "frame"
    ],
    "681": [
        318,
        "box"
    ],
    "682": [
        287,
        "shoe"
    ],
    "683": [
        117,
        "book"
    ],
    "684": [
        309,
        "basket_of_something"
    ],
    "685": [
        44,
        "trashcan"
    ],
    "689": [
        709,
        "picture"
    ],
    "690": [
        681,
        "speaker"
    ],
    "692": [
        25,
        "showerhead"
    ],
    "693": [
        532,
        "frame"
    ],
    "694": [
        623,
        "wine_cabinet"
    ],
    "695": [
        856,
        "picture"
    ],
    "696": [
        636,
        "table"
    ],
    "697": [
        195,
        "picture"
    ],
    "698": [
        193,
        "decoration"
    ],
    "699": [
        222,
        "pillow"
    ],
    "700": [
        21,
        "tray"
    ],
    "701": [
        254,
        "book"
    ],
    "703": [
        696,
        "cabinet"
    ],
    "704": [
        346,
        "box"
    ],
    "705": [
        215,
        "pillow"
    ],
    "706": [
        721,
        "picture"
    ],
    "707": [
        866,
        "chair"
    ],
    "708": [
        629,
        "tray"
    ],
    "709": [
        559,
        "holy_cross"
    ],
    "710": [
        87,
        "control_panel"
    ],
    "712": [
        400,
        "bottle"
    ],
    "713": [
        232,
        "chest"
    ],
    "718": [
        496,
        "plant"
    ],
    "719": [
        601,
        "door"
    ],
    "722": [
        762,
        "book"
    ],
    "723": [
        176,
        "shower_handle"
    ],
    "725": [
        146,
        "cabinet"
    ],
    "726": [
        760,
        "basket"
    ],
    "727": [
        595,
        "picture"
    ],
    "728": [
        6,
        "vase"
    ],
    "730": [
        713,
        "decoration"
    ],
    "731": [
        80,
        "box"
    ],
    "733": [
        707,
        "pillow"
    ],
    "735": [
        370,
        "doormat"
    ],
    "737": [
        182,
        "basket"
    ],
    "739": [
        190,
        "lamp"
    ],
    "740": [
        665,
        "doormat"
    ],
    "741": [
        776,
        "basket"
    ],
    "742": [
        177,
        "cabinet"
    ],
    "743": [
        331,
        "box"
    ],
    "746": [
        640,
        "chair"
    ],
    "747": [
        81,
        "basket"
    ],
    "748": [
        196,
        "lamp"
    ],
    "749": [
        185,
        "ventilation"
    ],
    "751": [
        16,
        "bath"
    ],
    "753": [
        407,
        "bucket"
    ],
    "754": [
        291,
        "shoe"
    ],
    "756": [
        302,
        "picture"
    ],
    "757": [
        725,
        "picture"
    ],
    "758": [
        140,
        "picture"
    ],
    "761": [
        864,
        "chair"
    ],
    "762": [
        697,
        "book"
    ],
    "766": [
        33,
        "hanger"
    ],
    "767": [
        220,
        "pillow"
    ],
    "768": [
        244,
        "window"
    ],
    "769": [
        348,
        "bag"
    ],
    "771": [
        329,
        "box"
    ],
    "772": [
        558,
        "picture"
    ],
    "774": [
        747,
        "window"
    ],
    "775": [
        354,
        "storage_box"
    ],
    "776": [
        418,
        "garage_door_opener_bar"
    ],
    "777": [
        441,
        "shoe"
    ],
    "779": [
        376,
        "shelf"
    ],
    "780": [
        390,
        "tank"
    ],
    "781": [
        276,
        "clothes_dryer"
    ],
    "783": [
        336,
        "bicycle"
    ],
    "784": [
        525,
        "bottle"
    ],
    "785": [
        139,
        "lamp"
    ],
    "786": [
        364,
        "storage_box"
    ],
    "789": [
        292,
        "shoe"
    ],
    "791": [
        775,
        "basket"
    ],
    "792": [
        261,
        "wardrobe"
    ],
    "793": [
        594,
        "picture"
    ],
    "795": [
        423,
        "ladder"
    ],
    "797": [
        624,
        "cabinet"
    ],
    "798": [
        216,
        "pillow"
    ],
    "799": [
        233,
        "tray"
    ],
    "800": [
        432,
        "box"
    ],
    "802": [
        539,
        "pipe"
    ],
    "803": [
        179,
        "cosmetic"
    ],
    "804": [
        424,
        "picture"
    ],
    "805": [
        204,
        "door"
    ],
    "808": [
        622,
        "cabinet"
    ],
    "812": [
        652,
        "lamp"
    ],
    "814": [
        341,
        "box"
    ],
    "815": [
        200,
        "vase"
    ],
    "816": [
        225,
        "box"
    ],
    "817": [
        564,
        "picture"
    ],
    "818": [
        660,
        "lamp"
    ],
    "820": [
        553,
        "picture"
    ],
    "821": [
        2,
        "lamp"
    ],
    "822": [
        339,
        "box"
    ],
    "824": [
        17,
        "toilet_paper_dispenser"
    ],
    "826": [
        804,
        "blinds"
    ],
    "827": [
        211,
        "lamp"
    ],
    "829": [
        245,
        "blinds"
    ],
    "830": [
        330,
        "box"
    ],
    "831": [
        255,
        "picture"
    ],
    "835": [
        208,
        "cosmetics"
    ],
    "836": [
        481,
        "stick"
    ],
    "841": [
        531,
        "electric_wire_casing"
    ],
    "842": [
        447,
        "broom"
    ],
    "846": [
        495,
        "flag"
    ],
    "847": [
        669,
        "fire_alarm"
    ],
    "848": [
        581,
        "blinds"
    ],
    "850": [
        59,
        "hanger"
    ],
    "851": [
        149,
        "cabinet"
    ],
    "855": [
        515,
        "tank"
    ],
    "857": [
        706,
        "pillow"
    ],
    "858": [
        157,
        "mirror"
    ],
    "859": [
        313,
        "box"
    ],
    "861": [
        638,
        "decoration"
    ],
    "862": [
        517,
        "box"
    ],
    "863": [
        386,
        "tank"
    ],
    "864": [
        34,
        "hanger"
    ],
    "866": [
        456,
        "blanket"
    ],
    "867": [
        307,
        "door"
    ],
    "869": [
        789,
        "decorative_plant"
    ],
    "870": [
        167,
        "toilet_paper"
    ],
    "871": [
        352,
        "blanket"
    ],
    "874": [
        114,
        "computer_mouse"
    ],
    "875": [
        325,
        "shoe"
    ],
    "876": [
        628,
        "microwave"
    ],
    "877": [
        82,
        "box"
    ],
    "878": [
        379,
        "box"
    ],
    "880": [
        443,
        "shoe"
    ],
    "882": [
        597,
        "cabinet"
    ]
}