{
    "3": [
        302,
        "door"
    ],
    "5": [
        11,
        "gym_equipment"
    ],
    "9": [
        37,
        "gym_equipment"
    ],
    "11": [
        298,
        "fire_extinguisher"
    ],
    "12": [
        249,
        "mirror"
    ],
    "13": [
        339,
        "payment_terminal"
    ],
    "20": [
        371,
        "door"
    ],
    "21": [
        294,
        "stool"
    ],
    "23": [
        60,
        "punchbag"
    ],
    "26": [
        276,
        "blinds"
    ],
    "27": [
        260,
        "dumbbell"
    ],
    "28": [
        300,
        "gate"
    ],
    "30": [
        272,
        "exercise_equipment"
    ],
    "31": [
        74,
        "gym_equipment"
    ],
    "32": [
        289,
        "lamp"
    ],
    "33": [
        186,
        "storage_cabinet"
    ],
    "34": [
        93,
        "pipe"
    ],
    "36": [
        135,
        "lamp"
    ],
    "37": [
        252,
        "exercise_equipment"
    ],
    "42": [
        257,
        "dumbbell"
    ],
    "54": [
        245,
        "exercise_equipment"
    ],
    "55": [
        380,
        "toilet"
    ],
    "56": [
        82,
        "gym_equipment"
    ],
    "57": [
        200,
        "pile_of_magazines"
    ],
    "60": [
        198,
        "paper"
    ],
    "61": [
        34,
        "smoke_detector"
    ],
    "63": [
        97,
        "lamp"
    ],
    "65": [
        316,
        "fridge"
    ],
    "70": [
        9,
        "bench"
    ],
    "74": [
        381,
        "toilet_brush"
    ],
    "76": [
        212,
        "gym_stepper"
    ],
    "77": [
        55,
        "bench"
    ],
    "78": [
        360,
        "door"
    ],
    "80": [
        445,
        "door"
    ],
    "82": [
        150,
        "door"
    ],
    "83": [
        240,
        "pillow"
    ],
    "88": [
        24,
        "gym_equipment"
    ],
    "92": [
        267,
        "exercise_equipment"
    ],
    "96": [
        433,
        "toilet_paper"
    ],
    "97": [
        438,
        "door"
    ],
    "98": [
        254,
        "exercise_ball"
    ],
    "99": [
        13,
        "gym_equipment"
    ],
    "100": [
        38,
        "gym_mat"
    ],
    "101": [
        215,
        "exercise_mat_roll"
    ],
    "105": [
        269,
        "exercise_equipment"
    ],
    "107": [
        366,
        "box"
    ],
    "110": [
        20,
        "dumbbell"
    ],
    "111": [
        295,
        "chair"
    ],
    "115": [
        23,
        "gym_stepper"
    ],
    "117": [
        206,
        "lamp"
    ],
    "118": [
        53,
        "painting"
    ],
    "119": [
        184,
        "water_dispenser"
    ],
    "121": [
        265,
        "cloth"
    ],
    "126": [
        39,
        "gym_mat"
    ],
    "131": [
        80,
        "gym_equipment"
    ],
    "132": [
        26,
        "gym_equipment"
    ],
    "133": [
        273,
        "exercise_equipment"
    ],
    "134": [
        362,
        "pouffe"
    ],
    "135": [
        32,
        "weight_bench"
    ],
    "137": [
        365,
        "locker"
    ],
    "141": [
        202,
        "pile_of_magazines"
    ],
    "142": [
        352,
        "power_strip"
    ],
    "149": [
        46,
        "gym_equipment"
    ],
    "150": [
        52,
        "meshwork"
    ],
    "152": [
        25,
        "gym_equipment"
    ],
    "153": [
        410,
        "box"
    ],
    "154": [
        406,
        "basket"
    ],
    "158": [
        327,
        "window_glass"
    ],
    "161": [
        244,
        "exercise_ball"
    ],
    "162": [
        189,
        "gym_equipment"
    ],
    "164": [
        441,
        "cabinet_door"
    ],
    "165": [
        275,
        "exercise_equipment"
    ],
    "166": [
        318,
        "trophy"
    ],
    "169": [
        90,
        "air_duct"
    ],
    "179": [
        213,
        "mirror"
    ],
    "181": [
        196,
        "door"
    ],
    "184": [
        359,
        "lamp"
    ],
    "186": [
        414,
        "cloth_hanger"
    ],
    "188": [
        328,
        "window_glass"
    ],
    "189": [
        8,
        "lamp"
    ],
    "190": [
        16,
        "gym_equipment"
    ],
    "192": [
        239,
        "pillow"
    ],
    "195": [
        259,
        "dumbbell"
    ],
    "196": [
        187,
        "decorative_plant"
    ],
    "201": [
        94,
        "pipe"
    ],
    "202": [
        434,
        "toilet_brush"
    ],
    "204": [
        319,
        "trophy"
    ],
    "206": [
        271,
        "exercise_equipment"
    ],
    "207": [
        288,
        "lamp"
    ],
    "208": [
        270,
        "exercise_equipment"
    ],
    "210": [
        274,
        "exercise_equipment"
    ],
    "211": [
        426,
        "shower_cabin"
    ],
    "218": [
        320,
        "chair"
    ],
    "219": [
        322,
        "desk"
    ],
    "220": [
        285,
        "lamp"
    ],
    "222": [
        120,
        "lamp"
    ],
    "226": [
        61,
        "punchbag"
    ],
    "227": [
        181,
        "table"
    ],
    "229": [
        393,
        "faucet"
    ],
    "232": [
        236,
        "radiator"
    ],
    "233": [
        68,
        "air_vent"
    ],
    "235": [
        385,
        "wash_cabinet"
    ],
    "236": [
        253,
        "exercise_equipment"
    ],
    "238": [
        412,
        "box"
    ],
    "239": [
        277,
        "blinds"
    ],
    "244": [
        442,
        "cabinet_door"
    ],
    "246": [
        81,
        "gym_equipment"
    ],
    "247": [
        27,
        "exercise_ball"
    ],
    "248": [
        280,
        "remote_control"
    ],
    "251": [
        40,
        "smoke_detector"
    ],
    "258": [
        87,
        "lamp"
    ],
    "261": [
        47,
        "bar"
    ],
    "262": [
        35,
        "gym_equipment"
    ],
    "265": [
        351,
        "power_strip"
    ],
    "267": [
        57,
        "speaker"
    ],
    "269": [
        92,
        "pipe"
    ],
    "271": [
        182,
        "sofa"
    ],
    "272": [
        268,
        "exercise_equipment"
    ],
    "276": [
        211,
        "gym_stepper"
    ],
    "278": [
        374,
        "shower_cabin"
    ],
    "279": [
        332,
        "shelf"
    ],
    "280": [
        201,
        "pile_of_magazines"
    ],
    "282": [
        417,
        "cloth"
    ],
    "283": [
        329,
        "window_glass"
    ],
    "284": [
        17,
        "gym_equipment"
    ],
    "285": [
        75,
        "gym_equipment"
    ],
    "287": [
        335,
        "electric_box"
    ],
    "288": [
        85,
        "gym_equipment"
    ],
    "289": [
        95,
        "pipe"
    ],
    "291": [
        248,
        "exercise_mat"
    ],
    "293": [
        333,
        "shelf"
    ],
    "294": [
        210,
        "gym_equipment"
    ],
    "299": [
        174,
        "lamp"
    ],
    "300": [
        205,
        "lamp"
    ],
    "303": [
        73,
        "gym_equipment"
    ],
    "308": [
        77,
        "gym_equipment"
    ],
    "312": [
        30,
        "lamp"
    ],
    "315": [
        419,
        "floor_mat"
    ],
    "316": [
        116,
        "door"
    ],
    "318": [
        350,
        "picture"
    ],
    "319": [
        363,
        "bowl"
    ],
    "323": [
        7,
        "gym_rope"
    ],
    "325": [
        153,
        "door"
    ],
    "327": [
        383,
        "trashcan"
    ],
    "328": [
        114,
        "clock"
    ],
    "332": [
        287,
        "lamp"
    ],
    "333": [
        387,
        "cabinet_door"
    ],
    "335": [
        432,
        "toilet"
    ],
    "336": [
        413,
        "locker"
    ],
    "338": [
        33,
        "mirror"
    ],
    "339": [
        91,
        "pipe"
    ],
    "342": [
        134,
        "lamp"
    ],
    "343": [
        255,
        "window_glass"
    ],
    "345": [
        408,
        "bench"
    ],
    "346": [
        237,
        "gym_equipment"
    ],
    "348": [
        388,
        "door"
    ],
    "349": [
        214,
        "exercise_mat"
    ],
    "350": [
        207,
        "air_conditioner"
    ],
    "351": [
        192,
        "glass"
    ],
    "358": [
        79,
        "gym_equipment"
    ],
    "360": [
        21,
        "dumbbell"
    ],
    "361": [
        43,
        "gym_equipment"
    ],
    "365": [
        418,
        "cloth"
    ],
    "367": [
        42,
        "gym_mat"
    ],
    "368": [
        246,
        "exercise_equipment"
    ],
    "369": [
        296,
        "chair"
    ],
    "370": [
        238,
        "storage_shelving"
    ],
    "373": [
        266,
        "towel"
    ],
    "374": [
        199,
        "book"
    ],
    "375": [
        299,
        "gate"
    ],
    "377": [
        437,
        "wash_cabinet"
    ],
    "383": [
        188,
        "decorative_plant"
    ],
    "387": [
        258,
        "dumbbell"
    ],
    "389": [
        209,
        "gym_equipment"
    ],
    "391": [
        337,
        "paper_storage"
    ],
    "393": [
        89,
        "boxing_ring"
    ],
    "397": [
        14,
        "gym_equipment"
    ],
    "398": [
        247,
        "exercise_equipment"
    ],
    "400": [
        59,
        "punchbag"
    ],
    "404": [
        183,
        "radiator"
    ],
    "405": [
        297,
        "trashcan"
    ],
    "406": [
        278,
        "blinds"
    ],
    "407": [
        286,
        "lamp"
    ],
    "408": [
        382,
        "toilet_paper"
    ],
    "410": [
        86,
        "pipe"
    ],
    "416": [
        84,
        "gym_equipment"
    ],
    "417": [
        368,
        "floor_mat"
    ],
    "421": [
        416,
        "cloth"
    ],
    "422": [
        367,
        "box"
    ],
    "423": [
        58,
        "gym_equipment"
    ],
    "425": [
        435,
        "trashcan"
    ],
    "426": [
        407,
        "radiator"
    ],
    "429": [
        132,
        "door"
    ],
    "431": [
        447,
        "door"
    ],
    "432": [
        36,
        "barbell"
    ],
    "433": [
        243,
        "box"
    ],
    "435": [
        185,
        "water_tank"
    ],
    "436": [
        78,
        "gym_equipment"
    ],
    "437": [
        361,
        "cloth_hanger"
    ],
    "438": [
        228,
        "gym_equipment"
    ],
    "440": [
        44,
        "gym_equipment"
    ],
    "441": [
        63,
        "trashcan"
    ],
    "444": [
        411,
        "box"
    ],
    "446": [
        415,
        "cloth"
    ],
    "447": [
        64,
        "chest"
    ],
    "449": [
        62,
        "chest"
    ],
    "450": [
        208,
        "gym_equipment"
    ],
    "457": [
        22,
        "dumbbell"
    ],
    "462": [
        119,
        "pipe"
    ]
}