{
    "2": [
        101,
        "curtain"
    ],
    "6": [
        200,
        "tv"
    ],
    "10": [
        165,
        "mirror"
    ],
    "12": [
        245,
        "robe"
    ],
    "13": [
        46,
        "elevator"
    ],
    "15": [
        99,
        "mirror"
    ],
    "16": [
        87,
        "wall_lamp"
    ],
    "18": [
        171,
        "bidet"
    ],
    "20": [
        225,
        "picture"
    ],
    "21": [
        110,
        "table"
    ],
    "22": [
        141,
        "door"
    ],
    "25": [
        125,
        "flowerpot"
    ],
    "26": [
        201,
        "table"
    ],
    "29": [
        155,
        "ceiling_lamp"
    ],
    "30": [
        13,
        "wall_lamp"
    ],
    "31": [
        173,
        "bathroom_accessory"
    ],
    "32": [
        126,
        "flowerpot"
    ],
    "33": [
        109,
        "table"
    ],
    "39": [
        28,
        "chair"
    ],
    "40": [
        191,
        "curtain"
    ],
    "42": [
        222,
        "flowerpot"
    ],
    "43": [
        98,
        "painting"
    ],
    "44": [
        78,
        "tap"
    ],
    "46": [
        29,
        "table"
    ],
    "49": [
        105,
        "pillow"
    ],
    "50": [
        179,
        "curtain"
    ],
    "51": [
        11,
        "ceiling_lamp"
    ],
    "52": [
        210,
        "pillow"
    ],
    "55": [
        166,
        "curtain"
    ],
    "57": [
        111,
        "telephone"
    ],
    "58": [
        14,
        "wall_lamp"
    ],
    "59": [
        23,
        "table"
    ],
    "60": [
        81,
        "appliance"
    ],
    "63": [
        195,
        "curtain"
    ],
    "64": [
        244,
        "robe"
    ],
    "65": [
        202,
        "table"
    ],
    "67": [
        182,
        "cabinet"
    ],
    "70": [
        71,
        "towel"
    ],
    "72": [
        123,
        "table"
    ],
    "73": [
        43,
        "ceiling_lamp"
    ],
    "74": [
        130,
        "curtain"
    ],
    "76": [
        68,
        "toilet"
    ],
    "77": [
        45,
        "picture"
    ],
    "78": [
        52,
        "door"
    ],
    "79": [
        167,
        "bathtub"
    ],
    "80": [
        42,
        "door"
    ],
    "81": [
        114,
        "desk_chair"
    ],
    "84": [
        69,
        "toilet_paper"
    ],
    "85": [
        73,
        "towel"
    ],
    "86": [
        102,
        "curtain_bar"
    ],
    "88": [
        27,
        "chair"
    ],
    "89": [
        175,
        "shower_hose_head"
    ],
    "90": [
        113,
        "desk"
    ],
    "92": [
        79,
        "bathroom_accessory"
    ],
    "93": [
        97,
        "door"
    ],
    "94": [
        120,
        "candle"
    ],
    "96": [
        119,
        "candle"
    ],
    "98": [
        15,
        "wall_lamp"
    ],
    "100": [
        163,
        "sink"
    ],
    "103": [
        209,
        "wall_lamp"
    ],
    "104": [
        70,
        "sink"
    ],
    "105": [
        214,
        "table"
    ],
    "107": [
        238,
        "curtain"
    ],
    "108": [
        243,
        "robe"
    ],
    "109": [
        159,
        "toilet_paper"
    ],
    "111": [
        194,
        "curtain"
    ],
    "112": [
        25,
        "fire_extinguisher"
    ],
    "113": [
        208,
        "wall_lamp"
    ],
    "114": [
        212,
        "pillow"
    ],
    "115": [
        192,
        "curtain"
    ],
    "116": [
        122,
        "folder"
    ],
    "120": [
        203,
        "tray"
    ],
    "121": [
        231,
        "candle"
    ],
    "122": [
        211,
        "pillow"
    ],
    "123": [
        180,
        "curtain_bar"
    ],
    "124": [
        106,
        "pillow"
    ],
    "125": [
        100,
        "stool"
    ],
    "126": [
        127,
        "couch"
    ],
    "127": [
        41,
        "door"
    ],
    "129": [
        95,
        "ceiling_lamp"
    ],
    "130": [
        117,
        "lamp"
    ],
    "131": [
        47,
        "mirror"
    ],
    "132": [
        221,
        "bottle"
    ],
    "135": [
        128,
        "pillow"
    ],
    "141": [
        88,
        "wall_lamp"
    ],
    "143": [
        215,
        "bottle"
    ],
    "144": [
        219,
        "table"
    ],
    "149": [
        24,
        "decoration"
    ],
    "151": [
        75,
        "door"
    ],
    "153": [
        168,
        "towel"
    ],
    "154": [
        207,
        "bed"
    ],
    "156": [
        169,
        "tap"
    ],
    "158": [
        121,
        "decoration"
    ],
    "159": [
        242,
        "robe"
    ],
    "161": [
        108,
        "pillow"
    ],
    "162": [
        112,
        "picture"
    ],
    "163": [
        220,
        "telephone"
    ],
    "164": [
        16,
        "wall_lamp"
    ],
    "165": [
        59,
        "door"
    ],
    "166": [
        229,
        "desk_chair"
    ],
    "167": [
        216,
        "flowerpot"
    ],
    "168": [
        213,
        "pillow"
    ],
    "170": [
        234,
        "folder"
    ],
    "171": [
        196,
        "curtain"
    ],
    "173": [
        124,
        "tray"
    ],
    "174": [
        172,
        "toilet_paper"
    ],
    "175": [
        176,
        "shower_cabin"
    ],
    "178": [
        83,
        "ceiling_lamp"
    ],
    "179": [
        227,
        "curtain"
    ],
    "180": [
        22,
        "chair"
    ],
    "182": [
        232,
        "candle"
    ],
    "183": [
        17,
        "wall_lamp"
    ],
    "184": [
        31,
        "sofa"
    ],
    "186": [
        74,
        "towel_bar"
    ],
    "190": [
        107,
        "pillow"
    ],
    "192": [
        206,
        "pillow"
    ],
    "193": [
        233,
        "decoration"
    ],
    "194": [
        84,
        "shower_hose_head"
    ],
    "195": [
        239,
        "curtain"
    ],
    "196": [
        77,
        "towel"
    ],
    "201": [
        199,
        "lamp"
    ],
    "202": [
        217,
        "pouffe"
    ],
    "203": [
        21,
        "chair"
    ],
    "205": [
        115,
        "tv"
    ],
    "206": [
        230,
        "coffee_machine"
    ],
    "208": [
        205,
        "couch"
    ],
    "211": [
        226,
        "picture"
    ],
    "213": [
        103,
        "cabinet"
    ],
    "214": [
        158,
        "toilet"
    ],
    "215": [
        118,
        "coffee_machine"
    ],
    "216": [
        174,
        "bathroom_accessory"
    ],
    "218": [
        12,
        "wall_lamp"
    ],
    "219": [
        161,
        "towel"
    ],
    "223": [
        26,
        "painting"
    ],
    "224": [
        235,
        "lamp"
    ],
    "226": [
        193,
        "curtain"
    ],
    "227": [
        204,
        "appliance"
    ],
    "228": [
        223,
        "cabinet"
    ],
    "229": [
        228,
        "desk"
    ],
    "230": [
        129,
        "curtain"
    ],
    "231": [
        164,
        "towel"
    ],
    "233": [
        44,
        "ceiling_lamp"
    ],
    "234": [
        72,
        "mirror"
    ],
    "236": [
        61,
        "ceiling_lamp"
    ],
    "237": [
        76,
        "bathtub"
    ],
    "240": [
        160,
        "heater"
    ],
    "242": [
        104,
        "bed"
    ],
    "243": [
        170,
        "appliance"
    ],
    "244": [
        162,
        "door"
    ],
    "245": [
        116,
        "lamp"
    ]
}