{
    "2": [
        1274,
        "sunbed"
    ],
    "3": [
        770,
        "door"
    ],
    "4": [
        15,
        "chair"
    ],
    "5": [
        1131,
        "sunbed"
    ],
    "6": [
        88,
        "chair"
    ],
    "7": [
        1039,
        "plant"
    ],
    "10": [
        126,
        "toy"
    ],
    "14": [
        740,
        "chair"
    ],
    "18": [
        963,
        "door"
    ],
    "19": [
        934,
        "wall_tv"
    ],
    "21": [
        200,
        "window_curtain"
    ],
    "22": [
        441,
        "painting"
    ],
    "25": [
        658,
        "door"
    ],
    "26": [
        425,
        "roof"
    ],
    "27": [
        736,
        "chair"
    ],
    "32": [
        30,
        "painting"
    ],
    "36": [
        649,
        "plant"
    ],
    "37": [
        683,
        "curb"
    ],
    "38": [
        12,
        "shelf"
    ],
    "39": [
        851,
        "desk"
    ],
    "40": [
        589,
        "chair"
    ],
    "42": [
        1024,
        "yoga_mat"
    ],
    "43": [
        292,
        "radiator"
    ],
    "44": [
        96,
        "table"
    ],
    "45": [
        1031,
        "floor_lamp"
    ],
    "47": [
        14,
        "table"
    ],
    "49": [
        883,
        "fire_extinguisher"
    ],
    "51": [
        711,
        "chair"
    ],
    "53": [
        565,
        "seat"
    ],
    "54": [
        1102,
        "recessed_cubby"
    ],
    "55": [
        727,
        "table"
    ],
    "57": [
        204,
        "painting"
    ],
    "59": [
        488,
        "seat"
    ],
    "61": [
        693,
        "sunbed"
    ],
    "62": [
        375,
        "pile_of_magazines"
    ],
    "63": [
        31,
        "painting"
    ],
    "67": [
        531,
        "table"
    ],
    "68": [
        738,
        "sunbed"
    ],
    "69": [
        60,
        "window"
    ],
    "73": [
        93,
        "chair"
    ],
    "74": [
        513,
        "chair"
    ],
    "75": [
        526,
        "chair"
    ],
    "76": [
        775,
        "fire_extinguisher"
    ],
    "77": [
        611,
        "cabinet"
    ],
    "78": [
        300,
        "wall_tv"
    ],
    "79": [
        255,
        "chair"
    ],
    "81": [
        637,
        "plant"
    ],
    "82": [
        493,
        "chair"
    ],
    "83": [
        95,
        "chair"
    ],
    "84": [
        103,
        "chair"
    ],
    "85": [
        1022,
        "curtain"
    ],
    "86": [
        20,
        "table"
    ],
    "88": [
        1063,
        "door"
    ],
    "89": [
        217,
        "wall_lamp"
    ],
    "90": [
        542,
        "chair"
    ],
    "91": [
        525,
        "chair"
    ],
    "92": [
        53,
        "painting"
    ],
    "93": [
        713,
        "table"
    ],
    "94": [
        731,
        "chair"
    ],
    "97": [
        1061,
        "wall_sign"
    ],
    "98": [
        232,
        "chair"
    ],
    "99": [
        966,
        "massage_bed"
    ],
    "100": [
        1106,
        "sunbed"
    ],
    "101": [
        1215,
        "seat"
    ],
    "103": [
        314,
        "trashcan"
    ],
    "104": [
        285,
        "armchair"
    ],
    "106": [
        656,
        "glass"
    ],
    "107": [
        224,
        "chair"
    ],
    "109": [
        1187,
        "shelf"
    ],
    "112": [
        1030,
        "floor_lamp"
    ],
    "113": [
        388,
        "ceiling_lamp"
    ],
    "115": [
        509,
        "chair"
    ],
    "116": [
        231,
        "chair"
    ],
    "118": [
        577,
        "seat"
    ],
    "122": [
        267,
        "table"
    ],
    "125": [
        1108,
        "sunbed"
    ],
    "126": [
        160,
        "toy"
    ],
    "127": [
        661,
        "roof"
    ],
    "132": [
        78,
        "shelf"
    ],
    "133": [
        659,
        "roof"
    ],
    "135": [
        214,
        "wall_lamp"
    ],
    "140": [
        1219,
        "backrest"
    ],
    "142": [
        1023,
        "cabinet"
    ],
    "143": [
        273,
        "chair"
    ],
    "145": [
        1278,
        "plant"
    ],
    "148": [
        596,
        "chair"
    ],
    "149": [
        701,
        "table"
    ],
    "150": [
        272,
        "table"
    ],
    "152": [
        65,
        "separator"
    ],
    "154": [
        1126,
        "stones"
    ],
    "157": [
        981,
        "candle"
    ],
    "159": [
        846,
        "wall_lamp"
    ],
    "160": [
        841,
        "door"
    ],
    "161": [
        1265,
        "clothing_stand"
    ],
    "162": [
        1226,
        "sauna_bowl"
    ],
    "164": [
        34,
        "painting"
    ],
    "165": [
        490,
        "table"
    ],
    "168": [
        463,
        "window"
    ],
    "169": [
        27,
        "fire_extinguisher"
    ],
    "171": [
        194,
        "window"
    ],
    "172": [
        1034,
        "sink"
    ],
    "174": [
        579,
        "seat"
    ],
    "177": [
        366,
        "desk"
    ],
    "181": [
        240,
        "chair"
    ],
    "183": [
        139,
        "table"
    ],
    "184": [
        878,
        "plant"
    ],
    "185": [
        641,
        "plant"
    ],
    "186": [
        1020,
        "window"
    ],
    "187": [
        594,
        "chair"
    ],
    "188": [
        684,
        "curb"
    ],
    "189": [
        885,
        "candle"
    ],
    "190": [
        561,
        "chair"
    ],
    "191": [
        494,
        "chair"
    ],
    "192": [
        363,
        "shelving"
    ],
    "195": [
        468,
        "window"
    ],
    "197": [
        1175,
        "wall_lamp"
    ],
    "198": [
        207,
        "bar"
    ],
    "201": [
        135,
        "wall_lamp"
    ],
    "205": [
        550,
        "table"
    ],
    "207": [
        1101,
        "recessed_cubby"
    ],
    "209": [
        505,
        "table"
    ],
    "212": [
        515,
        "table"
    ],
    "213": [
        288,
        "armchair"
    ],
    "214": [
        401,
        "plant"
    ],
    "215": [
        750,
        "plant"
    ],
    "217": [
        690,
        "umbrella"
    ],
    "222": [
        102,
        "chair"
    ],
    "223": [
        519,
        "table"
    ],
    "224": [
        621,
        "cabinet_door"
    ],
    "227": [
        221,
        "table"
    ],
    "228": [
        487,
        "chair"
    ],
    "231": [
        534,
        "chair"
    ],
    "233": [
        601,
        "kitchen_counter"
    ],
    "234": [
        64,
        "ceiling_lamp"
    ],
    "236": [
        598,
        "chair"
    ],
    "239": [
        663,
        "roof"
    ],
    "240": [
        939,
        "painting"
    ],
    "241": [
        140,
        "chair"
    ],
    "242": [
        1094,
        "window"
    ],
    "244": [
        389,
        "painting"
    ],
    "246": [
        79,
        "shelf"
    ],
    "247": [
        278,
        "coffee_table"
    ],
    "248": [
        1242,
        "backrest"
    ],
    "249": [
        615,
        "screen"
    ],
    "250": [
        254,
        "table"
    ],
    "251": [
        1025,
        "shelf"
    ],
    "252": [
        392,
        "decoration"
    ],
    "255": [
        219,
        "wall_lamp"
    ],
    "257": [
        223,
        "chair"
    ],
    "258": [
        222,
        "chair"
    ],
    "261": [
        485,
        "table"
    ],
    "263": [
        108,
        "wall_lamp"
    ],
    "265": [
        504,
        "seat"
    ],
    "266": [
        134,
        "window"
    ],
    "267": [
        881,
        "plant"
    ],
    "269": [
        213,
        "wall_lamp"
    ],
    "270": [
        619,
        "cabinet_door"
    ],
    "271": [
        261,
        "seat"
    ],
    "272": [
        497,
        "seat"
    ],
    "275": [
        936,
        "painting"
    ],
    "276": [
        238,
        "chair"
    ],
    "277": [
        967,
        "wall_hanging_decoration"
    ],
    "278": [
        279,
        "armchair"
    ],
    "280": [
        756,
        "railing"
    ],
    "283": [
        244,
        "table"
    ],
    "285": [
        85,
        "flower_vase"
    ],
    "286": [
        511,
        "chair"
    ],
    "287": [
        517,
        "table"
    ],
    "288": [
        681,
        "grass"
    ],
    "291": [
        1268,
        "plant"
    ],
    "292": [
        1260,
        "window_curtain"
    ],
    "293": [
        979,
        "candle"
    ],
    "296": [
        850,
        "plant"
    ],
    "300": [
        585,
        "table"
    ],
    "301": [
        799,
        "door"
    ],
    "302": [
        322,
        "shelf"
    ],
    "303": [
        572,
        "chair"
    ],
    "306": [
        1273,
        "sunbed"
    ],
    "307": [
        413,
        "ceiling_lamp"
    ],
    "308": [
        252,
        "chair"
    ],
    "309": [
        262,
        "seat"
    ],
    "310": [
        270,
        "chair"
    ],
    "311": [
        753,
        "plant"
    ],
    "312": [
        440,
        "painting"
    ],
    "313": [
        1016,
        "door"
    ],
    "314": [
        1282,
        "separator"
    ],
    "318": [
        657,
        "door"
    ],
    "319": [
        516,
        "chair"
    ],
    "320": [
        653,
        "glass"
    ],
    "321": [
        370,
        "shelf"
    ],
    "323": [
        18,
        "ceiling_lamp"
    ],
    "325": [
        677,
        "railing"
    ],
    "326": [
        196,
        "window"
    ],
    "328": [
        122,
        "window_curtain"
    ],
    "330": [
        400,
        "decoration"
    ],
    "331": [
        462,
        "window_curtain"
    ],
    "334": [
        602,
        "kitchen_cabinet"
    ],
    "335": [
        876,
        "sofa"
    ],
    "338": [
        379,
        "gate"
    ],
    "340": [
        882,
        "plant"
    ],
    "341": [
        798,
        "wall_lamp"
    ],
    "342": [
        650,
        "plant"
    ],
    "344": [
        566,
        "seat"
    ],
    "347": [
        721,
        "sconce"
    ],
    "348": [
        1042,
        "decoration"
    ],
    "350": [
        335,
        "coffee_maker"
    ],
    "351": [
        1105,
        "sunbed"
    ],
    "353": [
        1033,
        "mirror"
    ],
    "355": [
        302,
        "decoration"
    ],
    "356": [
        694,
        "sunbed"
    ],
    "357": [
        829,
        "wall_sign"
    ],
    "358": [
        372,
        "pile_of_magazines"
    ],
    "359": [
        724,
        "plant"
    ],
    "360": [
        592,
        "chair"
    ],
    "361": [
        730,
        "chair"
    ],
    "362": [
        510,
        "table"
    ],
    "363": [
        1084,
        "mirror"
    ],
    "364": [
        197,
        "window"
    ],
    "365": [
        827,
        "wall_sign"
    ],
    "370": [
        251,
        "chair"
    ],
    "371": [
        129,
        "toy"
    ],
    "374": [
        37,
        "window_curtain"
    ],
    "375": [
        877,
        "seat"
    ],
    "378": [
        265,
        "seat"
    ],
    "379": [
        120,
        "door"
    ],
    "381": [
        268,
        "chair"
    ],
    "382": [
        309,
        "cabinet"
    ],
    "383": [
        973,
        "pot"
    ],
    "385": [
        974,
        "bathroom_cabinet"
    ],
    "386": [
        575,
        "chair"
    ],
    "387": [
        1026,
        "shelf"
    ],
    "388": [
        643,
        "doormat"
    ],
    "389": [
        573,
        "chair"
    ],
    "390": [
        449,
        "separator"
    ],
    "391": [
        613,
        "plant"
    ],
    "392": [
        414,
        "ceiling_lamp"
    ],
    "394": [
        121,
        "window"
    ],
    "398": [
        294,
        "bookshelf"
    ],
    "399": [
        1130,
        "sunbed"
    ],
    "400": [
        718,
        "umbrella"
    ],
    "401": [
        940,
        "mirror"
    ],
    "402": [
        84,
        "flower_vase"
    ],
    "406": [
        581,
        "chair"
    ],
    "407": [
        924,
        "exercise_machine"
    ],
    "411": [
        535,
        "seat"
    ],
    "412": [
        1103,
        "sunbed"
    ],
    "413": [
        297,
        "decoration"
    ],
    "416": [
        927,
        "exercise_machine"
    ],
    "417": [
        81,
        "flower_vase"
    ],
    "421": [
        737,
        "umbrella"
    ],
    "422": [
        697,
        "sunbed"
    ],
    "424": [
        338,
        "screen"
    ],
    "425": [
        89,
        "chair"
    ],
    "427": [
        1263,
        "wall_lamp"
    ],
    "429": [
        777,
        "painting"
    ],
    "431": [
        1085,
        "mirror"
    ],
    "432": [
        839,
        "door"
    ],
    "433": [
        393,
        "stack"
    ],
    "434": [
        1171,
        "trashcan"
    ],
    "435": [
        67,
        "lounge_chair"
    ],
    "437": [
        496,
        "separator"
    ],
    "439": [
        748,
        "plant"
    ],
    "440": [
        587,
        "chair"
    ],
    "441": [
        280,
        "armchair"
    ],
    "445": [
        247,
        "chair"
    ],
    "446": [
        849,
        "door"
    ],
    "448": [
        185,
        "stage"
    ],
    "450": [
        1221,
        "backrest"
    ],
    "451": [
        83,
        "flower_vase"
    ],
    "452": [
        107,
        "radiator"
    ],
    "453": [
        564,
        "seat"
    ],
    "454": [
        332,
        "plant"
    ],
    "456": [
        143,
        "bridge"
    ],
    "457": [
        976,
        "mirror"
    ],
    "460": [
        1018,
        "armchair"
    ],
    "463": [
        499,
        "table"
    ],
    "464": [
        368,
        "bulletin_board"
    ],
    "465": [
        502,
        "seat"
    ],
    "466": [
        551,
        "chair"
    ],
    "469": [
        1272,
        "sunbed"
    ],
    "470": [
        1037,
        "plant"
    ],
    "472": [
        698,
        "sunbed"
    ],
    "473": [
        1177,
        "sink"
    ],
    "474": [
        930,
        "dumbbell"
    ],
    "476": [
        156,
        "window_curtain"
    ],
    "478": [
        482,
        "chair"
    ],
    "479": [
        739,
        "sunbed"
    ],
    "480": [
        645,
        "window"
    ],
    "481": [
        460,
        "window_curtain"
    ],
    "482": [
        521,
        "chair"
    ],
    "483": [
        159,
        "wall_lamp"
    ],
    "485": [
        828,
        "wall_sign"
    ],
    "486": [
        617,
        "cabinet_door"
    ],
    "487": [
        638,
        "plant"
    ],
    "488": [
        1259,
        "stage"
    ],
    "489": [
        874,
        "door"
    ],
    "490": [
        935,
        "clock"
    ],
    "493": [
        55,
        "painting"
    ],
    "494": [
        130,
        "shelf"
    ],
    "495": [
        763,
        "ceiling_lamp"
    ],
    "496": [
        983,
        "decoration"
    ],
    "498": [
        1047,
        "vase"
    ],
    "499": [
        1243,
        "backrest"
    ],
    "501": [
        19,
        "pool_table"
    ],
    "503": [
        323,
        "shelf"
    ],
    "506": [
        607,
        "cabinet"
    ],
    "508": [
        1257,
        "window"
    ],
    "509": [
        457,
        "window"
    ],
    "510": [
        746,
        "plant"
    ],
    "511": [
        330,
        "plant"
    ],
    "512": [
        391,
        "decoration"
    ],
    "513": [
        982,
        "shelf"
    ],
    "514": [
        695,
        "sunbed"
    ],
    "521": [
        473,
        "seat"
    ],
    "522": [
        1269,
        "sunbed"
    ],
    "523": [
        834,
        "wall_sign"
    ],
    "524": [
        250,
        "chair"
    ],
    "526": [
        274,
        "chair"
    ],
    "528": [
        843,
        "wall_sign"
    ],
    "530": [
        674,
        "window"
    ],
    "531": [
        51,
        "painting"
    ],
    "532": [
        557,
        "chair"
    ],
    "535": [
        269,
        "table"
    ],
    "536": [
        907,
        "chair"
    ],
    "538": [
        559,
        "chair"
    ],
    "539": [
        32,
        "painting"
    ],
    "540": [
        1036,
        "plant"
    ],
    "541": [
        845,
        "fire_extinguisher"
    ],
    "542": [
        24,
        "chair"
    ],
    "543": [
        61,
        "window_curtain"
    ],
    "544": [
        990,
        "window"
    ],
    "545": [
        131,
        "lamp_table"
    ],
    "547": [
        277,
        "coffee_table"
    ],
    "548": [
        498,
        "seat"
    ],
    "549": [
        682,
        "curb"
    ],
    "550": [
        909,
        "hanger"
    ],
    "551": [
        635,
        "plant"
    ],
    "552": [
        142,
        "mat"
    ],
    "553": [
        364,
        "door"
    ],
    "554": [
        597,
        "table"
    ],
    "557": [
        328,
        "countertop"
    ],
    "558": [
        840,
        "door"
    ],
    "559": [
        451,
        "separator"
    ],
    "560": [
        1097,
        "wall_lamp"
    ],
    "562": [
        887,
        "figure"
    ],
    "564": [
        651,
        "plant"
    ],
    "565": [
        1231,
        "ceiling_lamp"
    ],
    "568": [
        942,
        "table"
    ],
    "569": [
        820,
        "door"
    ],
    "570": [
        675,
        "window"
    ],
    "571": [
        195,
        "window"
    ],
    "572": [
        571,
        "table"
    ],
    "573": [
        1218,
        "backrest"
    ],
    "574": [
        73,
        "pc_tower"
    ],
    "575": [
        1216,
        "seat"
    ],
    "576": [
        700,
        "sunbed"
    ],
    "577": [
        1035,
        "plant"
    ],
    "578": [
        127,
        "toy"
    ],
    "579": [
        276,
        "coffee_table"
    ],
    "581": [
        87,
        "chair"
    ],
    "582": [
        728,
        "chair"
    ],
    "584": [
        100,
        "chair"
    ],
    "585": [
        500,
        "seat"
    ],
    "586": [
        847,
        "wall_lamp"
    ],
    "587": [
        319,
        "coffee_table"
    ],
    "589": [
        234,
        "table"
    ],
    "591": [
        928,
        "exercise_machine"
    ],
    "594": [
        263,
        "seat"
    ],
    "596": [
        714,
        "chair"
    ],
    "598": [
        1021,
        "door"
    ],
    "599": [
        69,
        "piano_bench"
    ],
    "600": [
        1095,
        "window"
    ],
    "602": [
        312,
        "lamp_table"
    ],
    "603": [
        466,
        "window"
    ],
    "604": [
        1045,
        "decoration"
    ],
    "606": [
        1214,
        "seat"
    ],
    "607": [
        402,
        "plant"
    ],
    "608": [
        303,
        "fireplace_tool_set"
    ],
    "611": [
        282,
        "armchair"
    ],
    "614": [
        618,
        "cabinet_door"
    ],
    "615": [
        438,
        "painting"
    ],
    "617": [
        184,
        "separator"
    ],
    "618": [
        367,
        "trashcan"
    ],
    "619": [
        458,
        "window_curtain"
    ],
    "621": [
        726,
        "plant"
    ],
    "622": [
        243,
        "chair"
    ],
    "625": [
        758,
        "plant"
    ],
    "628": [
        1223,
        "backrest"
    ],
    "630": [
        943,
        "plant"
    ],
    "633": [
        225,
        "chair"
    ],
    "635": [
        1275,
        "sunbed"
    ],
    "639": [
        264,
        "seat"
    ],
    "641": [
        1048,
        "vase"
    ],
    "642": [
        1227,
        "wall_lamp"
    ],
    "643": [
        155,
        "window"
    ],
    "644": [
        852,
        "ceiling_lamp"
    ],
    "645": [
        237,
        "chair"
    ],
    "646": [
        908,
        "shower_cabin"
    ],
    "647": [
        886,
        "vase"
    ],
    "648": [
        884,
        "candle"
    ],
    "650": [
        123,
        "radiator"
    ],
    "651": [
        1064,
        "door"
    ],
    "655": [
        62,
        "wall_lamp"
    ],
    "656": [
        1056,
        "window"
    ],
    "657": [
        1170,
        "wall_sign"
    ],
    "660": [
        522,
        "table"
    ],
    "661": [
        971,
        "lamp_table"
    ],
    "663": [
        1029,
        "plant"
    ],
    "665": [
        230,
        "chair"
    ],
    "666": [
        137,
        "chair"
    ],
    "667": [
        1197,
        "seat"
    ],
    "668": [
        871,
        "door"
    ],
    "670": [
        1173,
        "door"
    ],
    "672": [
        339,
        "glass"
    ],
    "674": [
        980,
        "candle"
    ],
    "675": [
        235,
        "chair"
    ],
    "678": [
        475,
        "seat"
    ],
    "679": [
        631,
        "plant"
    ],
    "680": [
        761,
        "plant"
    ],
    "681": [
        239,
        "table"
    ],
    "682": [
        1271,
        "sunbed"
    ],
    "683": [
        361,
        "coffee_table"
    ],
    "684": [
        320,
        "shelf"
    ],
    "685": [
        508,
        "chair"
    ],
    "686": [
        742,
        "sunbed"
    ],
    "687": [
        220,
        "wall_lamp"
    ],
    "688": [
        710,
        "chair"
    ],
    "691": [
        469,
        "window_curtain"
    ],
    "692": [
        205,
        "painting"
    ],
    "693": [
        689,
        "chair"
    ],
    "696": [
        86,
        "table"
    ],
    "697": [
        308,
        "cabinet"
    ],
    "699": [
        448,
        "separator"
    ],
    "700": [
        660,
        "roof"
    ],
    "701": [
        707,
        "table"
    ],
    "702": [
        562,
        "chair"
    ],
    "704": [
        124,
        "painting"
    ],
    "705": [
        242,
        "chair"
    ],
    "706": [
        74,
        "computer_desk"
    ],
    "707": [
        755,
        "railing"
    ],
    "708": [
        584,
        "chair"
    ],
    "709": [
        835,
        "wall_sign"
    ],
    "710": [
        1196,
        "seat"
    ],
    "711": [
        202,
        "painting"
    ],
    "713": [
        461,
        "window"
    ],
    "715": [
        1241,
        "seat"
    ],
    "717": [
        972,
        "basket_of_something"
    ],
    "718": [
        1107,
        "sunbed"
    ],
    "719": [
        360,
        "sofa"
    ],
    "720": [
        291,
        "speaker"
    ],
    "721": [
        75,
        "table_lamp"
    ],
    "722": [
        72,
        "office_chair"
    ],
    "723": [
        281,
        "armchair"
    ],
    "725": [
        527,
        "chair"
    ],
    "726": [
        311,
        "decoration"
    ],
    "728": [
        506,
        "chair"
    ],
    "730": [
        931,
        "dumbbell"
    ],
    "731": [
        680,
        "railing"
    ],
    "732": [
        556,
        "chair"
    ],
    "736": [
        283,
        "armchair"
    ],
    "737": [
        576,
        "chair"
    ],
    "738": [
        819,
        "elevator"
    ],
    "739": [
        546,
        "chair"
    ],
    "740": [
        507,
        "chair"
    ],
    "741": [
        1044,
        "decoration"
    ],
    "742": [
        1264,
        "wall_lamp"
    ],
    "744": [
        233,
        "table"
    ],
    "746": [
        486,
        "chair"
    ],
    "748": [
        941,
        "mirror"
    ],
    "749": [
        293,
        "floor_lamp"
    ],
    "752": [
        676,
        "window"
    ],
    "754": [
        326,
        "plant"
    ],
    "756": [
        1028,
        "plant"
    ],
    "757": [
        1014,
        "mirror"
    ],
    "758": [
        1127,
        "sunbed"
    ],
    "759": [
        1038,
        "painting"
    ],
    "760": [
        1062,
        "cabinet"
    ],
    "764": [
        708,
        "chair"
    ],
    "766": [
        978,
        "candle"
    ],
    "767": [
        257,
        "chair"
    ],
    "769": [
        567,
        "seat"
    ],
    "771": [
        590,
        "chair"
    ],
    "772": [
        378,
        "wall_lamp"
    ],
    "774": [
        692,
        "sunbed"
    ],
    "775": [
        518,
        "chair"
    ],
    "776": [
        336,
        "cup"
    ],
    "778": [
        733,
        "table"
    ],
    "782": [
        324,
        "clock"
    ],
    "783": [
        712,
        "umbrella"
    ],
    "784": [
        709,
        "chair"
    ],
    "785": [
        483,
        "table"
    ],
    "786": [
        331,
        "plant"
    ],
    "787": [
        741,
        "sunbed"
    ],
    "789": [
        537,
        "seat"
    ],
    "791": [
        478,
        "table"
    ],
    "795": [
        1104,
        "sunbed"
    ],
    "797": [
        1270,
        "sunbed"
    ],
    "799": [
        545,
        "table"
    ],
    "800": [
        725,
        "plant"
    ],
    "801": [
        1240,
        "seat"
    ],
    "803": [
        757,
        "swing"
    ],
    "804": [
        1046,
        "decoration"
    ],
    "806": [
        226,
        "table"
    ],
    "808": [
        774,
        "door"
    ],
    "809": [
        495,
        "chair"
    ],
    "811": [
        1199,
        "rock"
    ],
    "812": [
        256,
        "chair"
    ],
    "813": [
        106,
        "radiator"
    ],
    "814": [
        1186,
        "bucket"
    ],
    "816": [
        465,
        "window"
    ],
    "817": [
        823,
        "trashcan"
    ],
    "819": [
        136,
        "chair"
    ],
    "820": [
        481,
        "chair"
    ],
    "821": [
        1129,
        "sunbed"
    ],
    "822": [
        747,
        "plant"
    ],
    "825": [
        703,
        "chair"
    ],
    "826": [
        455,
        "window"
    ],
    "828": [
        524,
        "chair"
    ],
    "829": [
        453,
        "separator"
    ],
    "830": [
        1172,
        "sculpture"
    ],
    "832": [
        830,
        "wall_sign"
    ],
    "833": [
        734,
        "chair"
    ],
    "835": [
        132,
        "flower_vase"
    ],
    "837": [
        1083,
        "mirror"
    ],
    "839": [
        752,
        "trashcan"
    ],
    "840": [
        16,
        "chair"
    ],
    "841": [
        287,
        "armchair"
    ],
    "843": [
        249,
        "table"
    ],
    "844": [
        1132,
        "sunbed"
    ],
    "845": [
        1043,
        "decoration"
    ],
    "846": [
        696,
        "sunbed"
    ],
    "847": [
        949,
        "door"
    ],
    "848": [
        754,
        "doormat"
    ],
    "851": [
        842,
        "door"
    ],
    "852": [
        99,
        "chair"
    ],
    "858": [
        558,
        "chair"
    ],
    "859": [
        246,
        "chair"
    ],
    "862": [
        875,
        "door"
    ],
    "863": [
        948,
        "window"
    ],
    "864": [
        632,
        "plant"
    ],
    "865": [
        216,
        "wall_lamp"
    ],
    "866": [
        1180,
        "shower_bar"
    ],
    "867": [
        771,
        "door"
    ],
    "868": [
        454,
        "separator"
    ],
    "873": [
        553,
        "table"
    ],
    "876": [
        1128,
        "sunbed"
    ],
    "878": [
        679,
        "railing"
    ],
    "880": [
        922,
        "exercise_machine"
    ],
    "881": [
        729,
        "chair"
    ],
    "882": [
        614,
        "plant"
    ],
    "883": [
        1239,
        "sauna_heat_rocks"
    ],
    "884": [
        639,
        "plant"
    ],
    "885": [
        691,
        "bench"
    ],
    "887": [
        583,
        "chair"
    ],
    "888": [
        1032,
        "bathroom_cabinet"
    ],
    "889": [
        415,
        "ceiling_lamp"
    ],
    "890": [
        634,
        "plant"
    ],
    "891": [
        91,
        "table"
    ],
    "892": [
        1267,
        "table"
    ],
    "893": [
        604,
        "door"
    ],
    "894": [
        333,
        "shelf"
    ],
    "900": [
        33,
        "painting"
    ],
    "903": [
        514,
        "chair"
    ],
    "904": [
        826,
        "wall_sign"
    ],
    "906": [
        1174,
        "clock"
    ],
    "908": [
        284,
        "armchair"
    ],
    "909": [
        532,
        "chair"
    ],
    "910": [
        568,
        "seat"
    ],
    "911": [
        640,
        "trashcan"
    ],
    "912": [
        605,
        "cabinet"
    ],
    "914": [
        329,
        "plant"
    ],
    "917": [
        745,
        "plant"
    ],
    "919": [
        397,
        "decoration"
    ],
    "927": [
        512,
        "table"
    ],
    "928": [
        476,
        "seat"
    ],
    "932": [
        408,
        "shelf"
    ],
    "934": [
        1027,
        "wall_cabinet"
    ],
    "940": [
        66,
        "wall_tv"
    ],
    "942": [
        394,
        "post"
    ],
    "945": [
        489,
        "table"
    ],
    "946": [
        1096,
        "wall_lamp"
    ],
    "951": [
        125,
        "toy"
    ],
    "952": [
        77,
        "keyboard"
    ],
    "955": [
        92,
        "chair"
    ],
    "956": [
        759,
        "plant"
    ],
    "957": [
        154,
        "window"
    ],
    "959": [
        1168,
        "wall_sign"
    ],
    "960": [
        492,
        "chair"
    ],
    "963": [
        595,
        "chair"
    ],
    "964": [
        1188,
        "plant"
    ],
    "966": [
        833,
        "wall_sign"
    ],
    "967": [
        582,
        "chair"
    ],
    "968": [
        926,
        "exercise_machine"
    ],
    "971": [
        101,
        "table"
    ],
    "972": [
        29,
        "painting"
    ],
    "976": [
        350,
        "radiator"
    ],
    "978": [
        248,
        "chair"
    ],
    "980": [
        743,
        "sunbed"
    ],
    "982": [
        933,
        "exercise_ball"
    ],
    "986": [
        520,
        "chair"
    ],
    "987": [
        706,
        "umbrella"
    ],
    "988": [
        258,
        "chair"
    ],
    "989": [
        503,
        "seat"
    ],
    "991": [
        325,
        "painting"
    ],
    "992": [
        1266,
        "coffee_table"
    ],
    "994": [
        480,
        "table"
    ],
    "995": [
        1224,
        "backrest"
    ],
    "999": [
        271,
        "table"
    ],
    "1001": [
        203,
        "painting"
    ],
    "1004": [
        212,
        "fireplace"
    ],
    "1005": [
        1179,
        "decoration"
    ],
    "1006": [
        536,
        "seat"
    ],
    "1007": [
        399,
        "plant"
    ],
    "1008": [
        929,
        "exercise_machine"
    ],
    "1009": [
        720,
        "sconce"
    ],
    "1011": [
        259,
        "chair"
    ],
    "1014": [
        22,
        "table"
    ],
    "1015": [
        965,
        "stage"
    ],
    "1016": [
        1040,
        "plant"
    ],
    "1017": [
        459,
        "window"
    ],
    "1018": [
        464,
        "window_curtain"
    ],
    "1019": [
        362,
        "cabinet"
    ],
    "1020": [
        547,
        "chair"
    ],
    "1021": [
        105,
        "chair"
    ],
    "1024": [
        104,
        "chair"
    ],
    "1025": [
        528,
        "chair"
    ],
    "1026": [
        591,
        "chair"
    ],
    "1028": [
        82,
        "flower_vase"
    ],
    "1034": [
        208,
        "bar_chair"
    ],
    "1035": [
        932,
        "exercise_ladder"
    ],
    "1037": [
        1228,
        "wall_lamp"
    ],
    "1038": [
        94,
        "chair"
    ],
    "1039": [
        28,
        "painting"
    ],
    "1041": [
        313,
        "monitor"
    ],
    "1042": [
        299,
        "wall_tv"
    ],
    "1045": [
        699,
        "sunbed"
    ],
    "1046": [
        744,
        "sunbed"
    ],
    "1047": [
        321,
        "shelf"
    ],
    "1050": [
        749,
        "plant"
    ],
    "1051": [
        25,
        "radiator"
    ],
    "1052": [
        1222,
        "backrest"
    ],
    "1058": [
        630,
        "plant"
    ],
    "1059": [
        722,
        "sconce"
    ],
    "1062": [
        586,
        "chair"
    ],
    "1063": [
        717,
        "chair"
    ],
    "1065": [
        766,
        "radiator"
    ],
    "1066": [
        301,
        "decoration"
    ],
    "1067": [
        373,
        "pile_of_magazines"
    ],
    "1070": [
        253,
        "chair"
    ],
    "1071": [
        784,
        "wall_lamp"
    ],
    "1072": [
        158,
        "ball_pool"
    ],
    "1073": [
        642,
        "display_cabinet"
    ],
    "1076": [
        241,
        "chair"
    ],
    "1077": [
        1258,
        "recessed_cubby"
    ],
    "1079": [
        662,
        "roof"
    ],
    "1080": [
        68,
        "piano"
    ],
    "1081": [
        879,
        "table"
    ],
    "1083": [
        13,
        "table"
    ],
    "1084": [
        1041,
        "decoration"
    ],
    "1086": [
        467,
        "window_curtain"
    ],
    "1089": [
        655,
        "glass"
    ],
    "1090": [
        612,
        "cabinet"
    ],
    "1091": [
        21,
        "chair"
    ],
    "1093": [
        574,
        "chair"
    ],
    "1094": [
        456,
        "window_curtain"
    ],
    "1096": [
        23,
        "chair"
    ],
    "1097": [
        1167,
        "window"
    ],
    "1098": [
        210,
        "bar_chair"
    ],
    "1099": [
        484,
        "chair"
    ],
    "1100": [
        501,
        "seat"
    ],
    "1101": [
        685,
        "table"
    ],
    "1102": [
        543,
        "table"
    ],
    "1103": [
        821,
        "coffee_table"
    ],
    "1104": [
        686,
        "chair"
    ],
    "1106": [
        1110,
        "plant"
    ],
    "1111": [
        381,
        "cabinet"
    ],
    "1114": [
        228,
        "chair"
    ],
    "1119": [
        442,
        "painting"
    ],
    "1120": [
        236,
        "chair"
    ],
    "1122": [
        975,
        "sink"
    ],
    "1123": [
        523,
        "chair"
    ],
    "1124": [
        133,
        "window"
    ],
    "1127": [
        552,
        "chair"
    ],
    "1128": [
        52,
        "painting"
    ],
    "1129": [
        157,
        "radiator"
    ],
    "1130": [
        1276,
        "sunbed"
    ],
    "1132": [
        678,
        "railing"
    ],
    "1135": [
        923,
        "exercise_machine"
    ],
    "1136": [
        215,
        "wall_lamp"
    ],
    "1137": [
        63,
        "wall_lamp"
    ],
    "1138": [
        548,
        "chair"
    ],
    "1139": [
        290,
        "speaker"
    ],
    "1140": [
        70,
        "vase"
    ],
    "1142": [
        36,
        "rack"
    ],
    "1143": [
        209,
        "bar_chair"
    ],
    "1144": [
        977,
        "candle"
    ],
    "1147": [
        97,
        "chair"
    ],
    "1148": [
        715,
        "chair"
    ],
    "1150": [
        1262,
        "statue"
    ],
    "1152": [
        544,
        "chair"
    ],
    "1153": [
        90,
        "chair"
    ],
    "1154": [
        211,
        "bar_chair"
    ],
    "1156": [
        719,
        "sconce"
    ],
    "1157": [
        1015,
        "mirror"
    ],
    "1158": [
        286,
        "armchair"
    ],
    "1159": [
        541,
        "chair"
    ],
    "1163": [
        298,
        "decoration"
    ],
    "1165": [
        732,
        "umbrella"
    ],
    "1166": [
        334,
        "coffee_maker"
    ],
    "1167": [
        716,
        "chair"
    ],
    "1168": [
        452,
        "separator"
    ],
    "1169": [
        578,
        "seat"
    ],
    "1170": [
        570,
        "chair"
    ],
    "1173": [
        1019,
        "window"
    ],
    "1174": [
        266,
        "seat"
    ],
    "1175": [
        723,
        "plant"
    ],
    "1179": [
        218,
        "wall_lamp"
    ],
    "1181": [
        593,
        "chair"
    ],
    "1182": [
        636,
        "plant"
    ],
    "1185": [
        664,
        "roof"
    ],
    "1186": [
        533,
        "chair"
    ],
    "1187": [
        925,
        "exercise_machine"
    ],
    "1189": [
        206,
        "window_curtain"
    ],
    "1191": [
        374,
        "pile_of_magazines"
    ],
    "1192": [
        824,
        "painting"
    ],
    "1194": [
        310,
        "plant"
    ],
    "1195": [
        474,
        "seat"
    ],
    "1196": [
        751,
        "mailbox"
    ],
    "1198": [
        471,
        "door"
    ],
    "1200": [
        289,
        "keyboard_piano"
    ],
    "1201": [
        633,
        "plant"
    ],
    "1202": [
        450,
        "separator"
    ],
    "1204": [
        98,
        "chair"
    ],
    "1205": [
        1225,
        "sauna_heater"
    ],
    "1206": [
        844,
        "fire_extinguisher"
    ],
    "1208": [
        970,
        "nightstand"
    ],
    "1210": [
        477,
        "seat"
    ],
    "1211": [
        472,
        "door"
    ],
    "1212": [
        688,
        "chair"
    ],
    "1214": [
        848,
        "wall_lamp"
    ],
    "1215": [
        76,
        "monitor"
    ],
    "1216": [
        80,
        "shelf"
    ],
    "1217": [
        340,
        "bar_cabinet"
    ],
    "1218": [
        245,
        "chair"
    ],
    "1220": [
        563,
        "seat"
    ],
    "1223": [
        227,
        "table"
    ],
    "1224": [
        906,
        "door"
    ],
    "1225": [
        853,
        "plant"
    ],
    "1227": [
        390,
        "elevator"
    ],
    "1229": [
        199,
        "window_curtain"
    ],
    "1231": [
        412,
        "ceiling_lamp"
    ],
    "1233": [
        588,
        "table"
    ],
    "1235": [
        560,
        "table"
    ],
    "1236": [
        687,
        "chair"
    ],
    "1239": [
        491,
        "chair"
    ],
    "1240": [
        479,
        "chair"
    ],
    "1242": [
        229,
        "chair"
    ],
    "1243": [
        800,
        "door"
    ],
    "1244": [
        538,
        "table"
    ],
    "1245": [
        296,
        "book"
    ],
    "1246": [
        569,
        "table"
    ],
    "1247": [
        1220,
        "window"
    ],
    "1249": [
        128,
        "toy"
    ],
    "1250": [
        1181,
        "shower_bar"
    ],
    "1251": [
        620,
        "cabinet_door"
    ],
    "1252": [
        1176,
        "sink_cabinet"
    ],
    "1254": [
        1261,
        "statue"
    ],
    "1256": [
        260,
        "chair"
    ],
    "1257": [
        26,
        "radiator"
    ],
    "1258": [
        141,
        "chair"
    ],
    "1259": [
        880,
        "table"
    ],
    "1262": [
        138,
        "box"
    ],
    "1264": [
        539,
        "chair"
    ],
    "1265": [
        369,
        "bookshelf"
    ],
    "1268": [
        555,
        "table"
    ],
    "1270": [
        822,
        "sofa"
    ],
    "1271": [
        772,
        "exit_sign"
    ],
    "1272": [
        1178,
        "appliance"
    ],
    "1273": [
        554,
        "chair"
    ],
    "1274": [
        198,
        "window"
    ],
    "1276": [
        530,
        "seat"
    ],
    "1278": [
        549,
        "chair"
    ],
    "1279": [
        540,
        "table"
    ],
    "1282": [
        580,
        "table"
    ],
    "1283": [
        969,
        "cabinet"
    ],
    "1285": [
        609,
        "electrical_controller"
    ]
}