{
    "1": [
        426,
        "cutting_board"
    ],
    "2": [
        222,
        "picture"
    ],
    "4": [
        761,
        "book"
    ],
    "6": [
        467,
        "pillow"
    ],
    "7": [
        385,
        "box"
    ],
    "13": [
        440,
        "cabinet"
    ],
    "14": [
        99,
        "sensor"
    ],
    "16": [
        588,
        "tap"
    ],
    "17": [
        219,
        "pillow"
    ],
    "25": [
        336,
        "picture"
    ],
    "27": [
        453,
        "decoration"
    ],
    "28": [
        604,
        "clothes"
    ],
    "29": [
        597,
        "cabinet"
    ],
    "31": [
        288,
        "scarf"
    ],
    "32": [
        492,
        "oven"
    ],
    "33": [
        37,
        "lamp"
    ],
    "35": [
        278,
        "cabinet"
    ],
    "36": [
        225,
        "lamp"
    ],
    "37": [
        501,
        "cabinet"
    ],
    "39": [
        177,
        "picture"
    ],
    "40": [
        259,
        "tap"
    ],
    "41": [
        587,
        "liquid_soap"
    ],
    "42": [
        760,
        "coffee_table"
    ],
    "43": [
        285,
        "sliding_door"
    ],
    "46": [
        530,
        "chair"
    ],
    "48": [
        206,
        "tv"
    ],
    "50": [
        583,
        "tap"
    ],
    "51": [
        367,
        "kitchenware"
    ],
    "52": [
        41,
        "wardrobe"
    ],
    "54": [
        777,
        "lamp"
    ],
    "55": [
        241,
        "lamp"
    ],
    "57": [
        134,
        "toilet_paper_dispenser"
    ],
    "58": [
        471,
        "rug"
    ],
    "59": [
        525,
        "chair"
    ],
    "61": [
        483,
        "case"
    ],
    "62": [
        776,
        "lamp"
    ],
    "63": [
        757,
        "couch"
    ],
    "64": [
        221,
        "picture"
    ],
    "67": [
        672,
        "blinds"
    ],
    "68": [
        738,
        "cabinet"
    ],
    "69": [
        607,
        "knob"
    ],
    "70": [
        688,
        "pillow"
    ],
    "71": [
        298,
        "trophy"
    ],
    "73": [
        466,
        "pillow"
    ],
    "75": [
        370,
        "electrical_controller"
    ],
    "76": [
        214,
        "armchair"
    ],
    "80": [
        446,
        "picture"
    ],
    "83": [
        756,
        "pillow"
    ],
    "86": [
        579,
        "toothbrush"
    ],
    "87": [
        341,
        "laptop"
    ],
    "88": [
        758,
        "pillow"
    ],
    "89": [
        533,
        "drum"
    ],
    "90": [
        3,
        "door"
    ],
    "91": [
        100,
        "door"
    ],
    "92": [
        473,
        "lamp"
    ],
    "93": [
        543,
        "lamp"
    ],
    "96": [
        337,
        "picture"
    ],
    "99": [
        606,
        "tap"
    ],
    "100": [
        307,
        "stack_of_books"
    ],
    "103": [
        354,
        "lamp"
    ],
    "104": [
        353,
        "lamp"
    ],
    "106": [
        633,
        "wardrobe"
    ],
    "107": [
        240,
        "lamp"
    ],
    "108": [
        518,
        "plate"
    ],
    "110": [
        679,
        "bedside_cabinet"
    ],
    "112": [
        207,
        "blinds"
    ],
    "113": [
        428,
        "sliding_door"
    ],
    "114": [
        643,
        "hanger"
    ],
    "115": [
        630,
        "wardrobe"
    ],
    "117": [
        460,
        "picture"
    ],
    "118": [
        531,
        "dehumidifier"
    ],
    "119": [
        614,
        "scale"
    ],
    "121": [
        275,
        "set_of_hangers"
    ],
    "122": [
        52,
        "lamp"
    ],
    "123": [
        248,
        "wardrobe"
    ],
    "125": [
        489,
        "decorative_plant"
    ],
    "126": [
        188,
        "cabinet"
    ],
    "128": [
        351,
        "fan"
    ],
    "129": [
        374,
        "box"
    ],
    "130": [
        610,
        "laundry_basket"
    ],
    "131": [
        574,
        "mirror"
    ],
    "133": [
        581,
        "sink"
    ],
    "137": [
        205,
        "picture"
    ],
    "142": [
        590,
        "hair_brush"
    ],
    "143": [
        204,
        "picture"
    ],
    "144": [
        171,
        "bed"
    ],
    "145": [
        712,
        "picture"
    ],
    "148": [
        487,
        "cabinet"
    ],
    "149": [
        765,
        "candle"
    ],
    "150": [
        358,
        "bag"
    ],
    "151": [
        419,
        "cabinet"
    ],
    "153": [
        714,
        "sliding_glass_door"
    ],
    "154": [
        112,
        "lamp"
    ],
    "155": [
        445,
        "trophy"
    ],
    "156": [
        749,
        "vase"
    ],
    "158": [
        86,
        "cosmetic"
    ],
    "160": [
        442,
        "decoration"
    ],
    "161": [
        508,
        "decorative_plate"
    ],
    "163": [
        378,
        "kitchen_utensil"
    ],
    "167": [
        321,
        "desk"
    ],
    "169": [
        44,
        "window"
    ],
    "170": [
        303,
        "stack_of_books"
    ],
    "171": [
        480,
        "picture"
    ],
    "172": [
        7,
        "door"
    ],
    "173": [
        226,
        "lamp"
    ],
    "174": [
        783,
        "doormat"
    ],
    "176": [
        665,
        "door"
    ],
    "177": [
        94,
        "lamp"
    ],
    "180": [
        260,
        "laundry_basket"
    ],
    "181": [
        562,
        "toilet_brush"
    ],
    "182": [
        698,
        "sandals"
    ],
    "186": [
        463,
        "lamp"
    ],
    "187": [
        591,
        "hair_brush"
    ],
    "189": [
        166,
        "lamp"
    ],
    "190": [
        575,
        "countertop"
    ],
    "192": [
        687,
        "lamp"
    ],
    "194": [
        167,
        "lamp"
    ],
    "195": [
        42,
        "wardrobe"
    ],
    "197": [
        165,
        "lamp"
    ],
    "198": [
        593,
        "toiletry_bag"
    ],
    "199": [
        292,
        "picture"
    ],
    "200": [
        35,
        "lamp"
    ],
    "202": [
        46,
        "door_window"
    ],
    "203": [
        412,
        "kitchen_utensil"
    ],
    "204": [
        326,
        "document"
    ],
    "205": [
        764,
        "candle"
    ],
    "208": [
        526,
        "chair"
    ],
    "210": [
        178,
        "picture"
    ],
    "211": [
        322,
        "laptop"
    ],
    "213": [
        379,
        "kitchen_utensil"
    ],
    "214": [
        634,
        "clothes"
    ],
    "215": [
        637,
        "hanger"
    ],
    "217": [
        737,
        "decoration"
    ],
    "218": [
        1,
        "glass_door"
    ],
    "219": [
        61,
        "package"
    ],
    "221": [
        751,
        "vase"
    ],
    "222": [
        76,
        "cabinet"
    ],
    "224": [
        302,
        "stack_of_books"
    ],
    "225": [
        364,
        "alcohol_bottles"
    ],
    "228": [
        291,
        "picture"
    ],
    "229": [
        454,
        "picture"
    ],
    "231": [
        667,
        "sliding_glass_door"
    ],
    "233": [
        524,
        "chair"
    ],
    "236": [
        305,
        "desk"
    ],
    "237": [
        90,
        "toilet_paper_dispenser"
    ],
    "239": [
        369,
        "kitchenware"
    ],
    "241": [
        216,
        "pillow"
    ],
    "243": [
        517,
        "table"
    ],
    "244": [
        647,
        "shoe"
    ],
    "245": [
        651,
        "lamp"
    ],
    "246": [
        390,
        "lamp"
    ],
    "248": [
        711,
        "picture"
    ],
    "249": [
        362,
        "groceries"
    ],
    "251": [
        306,
        "decorative_plant"
    ],
    "252": [
        743,
        "vase"
    ],
    "253": [
        192,
        "cabinet"
    ],
    "254": [
        754,
        "couch"
    ],
    "256": [
        318,
        "desk"
    ],
    "257": [
        431,
        "stack_of_books"
    ],
    "258": [
        490,
        "cabinet"
    ],
    "259": [
        172,
        "picture"
    ],
    "260": [
        625,
        "lamp"
    ],
    "265": [
        567,
        "towel"
    ],
    "267": [
        360,
        "groceries"
    ],
    "273": [
        521,
        "chair"
    ],
    "275": [
        595,
        "cabinet"
    ],
    "277": [
        155,
        "mirror"
    ],
    "282": [
        707,
        "mobile"
    ],
    "283": [
        212,
        "cabinet"
    ],
    "287": [
        439,
        "tv"
    ],
    "290": [
        164,
        "sensor"
    ],
    "291": [
        126,
        "sink"
    ],
    "292": [
        58,
        "door"
    ],
    "296": [
        363,
        "groceries"
    ],
    "297": [
        217,
        "pillow"
    ],
    "298": [
        449,
        "picture"
    ],
    "299": [
        556,
        "toilet_paper"
    ],
    "300": [
        270,
        "shoe"
    ],
    "302": [
        560,
        "shower_cockpit"
    ],
    "303": [
        45,
        "door_window"
    ],
    "304": [
        735,
        "vase"
    ],
    "306": [
        320,
        "stack_of_files"
    ],
    "307": [
        500,
        "cabinet"
    ],
    "308": [
        352,
        "lamp"
    ],
    "309": [
        441,
        "decoration"
    ],
    "310": [
        750,
        "decoration"
    ],
    "311": [
        529,
        "chair"
    ],
    "312": [
        482,
        "case"
    ],
    "315": [
        151,
        "frame"
    ],
    "317": [
        10,
        "lamp"
    ],
    "319": [
        301,
        "stack_of_binders"
    ],
    "323": [
        410,
        "cutting_board"
    ],
    "324": [
        699,
        "sandals"
    ],
    "325": [
        332,
        "document"
    ],
    "326": [
        566,
        "towel_bar"
    ],
    "328": [
        220,
        "decoration"
    ],
    "329": [
        474,
        "lamp"
    ],
    "331": [
        438,
        "picture"
    ],
    "332": [
        669,
        "window"
    ],
    "333": [
        586,
        "liquid_soap"
    ],
    "334": [
        124,
        "towel"
    ],
    "335": [
        461,
        "l"
    ],
    "336": [
        312,
        "printer"
    ],
    "337": [
        69,
        "countertop"
    ],
    "338": [
        691,
        "clothes"
    ],
    "339": [
        663,
        "picture"
    ],
    "341": [
        494,
        "cabinet"
    ],
    "342": [
        505,
        "coffee_machine"
    ],
    "344": [
        271,
        "shoe"
    ],
    "346": [
        585,
        "cosmetic"
    ],
    "347": [
        300,
        "picture"
    ],
    "348": [
        294,
        "picture"
    ],
    "353": [
        414,
        "cabinet"
    ],
    "355": [
        365,
        "stack_of_magazines"
    ],
    "358": [
        342,
        "computer_mouse"
    ],
    "360": [
        629,
        "wardrobe"
    ],
    "361": [
        404,
        "sink"
    ],
    "362": [
        317,
        "planner"
    ],
    "363": [
        314,
        "picture"
    ],
    "364": [
        541,
        "lamp"
    ],
    "365": [
        330,
        "calculator"
    ],
    "367": [
        618,
        "ceiling_door"
    ],
    "369": [
        503,
        "cabinet"
    ],
    "371": [
        734,
        "fan"
    ],
    "372": [
        127,
        "tap"
    ],
    "374": [
        264,
        "clothes_dryer"
    ],
    "375": [
        334,
        "picture"
    ],
    "376": [
        686,
        "alarm_clock"
    ],
    "378": [
        136,
        "stack_of_magazines"
    ],
    "379": [
        173,
        "picture"
    ],
    "382": [
        464,
        "armchair"
    ],
    "385": [
        299,
        "trophy"
    ],
    "386": [
        277,
        "cabinet"
    ],
    "388": [
        582,
        "sink"
    ],
    "389": [
        87,
        "cosmetic"
    ],
    "392": [
        116,
        "trashcan"
    ],
    "396": [
        133,
        "toilet"
    ],
    "397": [
        512,
        "cabinet"
    ],
    "399": [
        407,
        "toaster"
    ],
    "402": [
        273,
        "shoe"
    ],
    "403": [
        175,
        "picture"
    ],
    "404": [
        746,
        "vase"
    ],
    "406": [
        195,
        "bed"
    ],
    "407": [
        262,
        "iron"
    ],
    "408": [
        532,
        "dehumidifier"
    ],
    "409": [
        43,
        "window"
    ],
    "410": [
        535,
        "vase"
    ],
    "412": [
        89,
        "toilet"
    ],
    "414": [
        403,
        "countertop"
    ],
    "415": [
        683,
        "bed"
    ],
    "416": [
        111,
        "lamp"
    ],
    "418": [
        748,
        "candle"
    ],
    "423": [
        223,
        "door"
    ],
    "425": [
        158,
        "dehumidifier"
    ],
    "426": [
        475,
        "lamp"
    ],
    "427": [
        640,
        "towel"
    ],
    "428": [
        70,
        "trashcan"
    ],
    "431": [
        684,
        "lamp"
    ],
    "432": [
        272,
        "shoe"
    ],
    "433": [
        689,
        "pillow"
    ],
    "434": [
        265,
        "washing_machine"
    ],
    "436": [
        443,
        "decorative_plant"
    ],
    "438": [
        635,
        "wardrobe"
    ],
    "440": [
        228,
        "lamp"
    ],
    "442": [
        415,
        "dishwasher"
    ],
    "444": [
        447,
        "picture"
    ],
    "445": [
        513,
        "oven"
    ],
    "448": [
        28,
        "doormat"
    ],
    "450": [
        729,
        "window"
    ],
    "451": [
        423,
        "lamp"
    ],
    "453": [
        493,
        "oven"
    ],
    "454": [
        73,
        "towel"
    ],
    "456": [
        324,
        "document"
    ],
    "457": [
        375,
        "pot"
    ],
    "458": [
        51,
        "lamp"
    ],
    "459": [
        395,
        "sliding_door"
    ],
    "460": [
        254,
        "towel"
    ],
    "461": [
        538,
        "lamp"
    ],
    "463": [
        313,
        "picture"
    ],
    "464": [
        752,
        "armchair"
    ],
    "465": [
        208,
        "window"
    ],
    "468": [
        416,
        "cabinet"
    ],
    "471": [
        135,
        "door"
    ],
    "472": [
        286,
        "sliding_door"
    ],
    "473": [
        716,
        "window"
    ],
    "474": [
        72,
        "tap"
    ],
    "475": [
        96,
        "lamp"
    ],
    "479": [
        653,
        "lamp"
    ],
    "480": [
        252,
        "countertop"
    ],
    "482": [
        701,
        "sensor"
    ],
    "483": [
        118,
        "handle"
    ],
    "484": [
        771,
        "fire_alarm"
    ],
    "485": [
        128,
        "soap_dispenser"
    ],
    "487": [
        238,
        "lamp"
    ],
    "489": [
        772,
        "lamp"
    ],
    "490": [
        356,
        "rack"
    ],
    "491": [
        268,
        "laundry"
    ],
    "492": [
        310,
        "drawers"
    ],
    "493": [
        696,
        "shoe"
    ],
    "494": [
        717,
        "window"
    ],
    "495": [
        601,
        "bathtub"
    ],
    "497": [
        267,
        "cabinet"
    ],
    "499": [
        63,
        "towel_bar"
    ],
    "500": [
        694,
        "clothes"
    ],
    "502": [
        327,
        "document"
    ],
    "503": [
        194,
        "radio"
    ],
    "506": [
        605,
        "clothes"
    ],
    "507": [
        247,
        "wardrobe"
    ],
    "509": [
        434,
        "display_of_pictures"
    ],
    "510": [
        266,
        "cabinet"
    ],
    "512": [
        36,
        "lamp"
    ],
    "513": [
        202,
        "window"
    ],
    "516": [
        120,
        "mirror"
    ],
    "517": [
        681,
        "pillow"
    ],
    "518": [
        682,
        "pillow"
    ],
    "519": [
        422,
        "lamp"
    ],
    "521": [
        308,
        "stack_of_books"
    ],
    "523": [
        470,
        "rug"
    ],
    "524": [
        189,
        "bag"
    ],
    "525": [
        723,
        "sensor"
    ],
    "526": [
        417,
        "cabinet"
    ],
    "527": [
        668,
        "sliding_glass_door"
    ],
    "528": [
        523,
        "bag"
    ],
    "529": [
        511,
        "stove"
    ],
    "530": [
        132,
        "cabinet"
    ],
    "531": [
        368,
        "kitchenware"
    ],
    "532": [
        75,
        "cabinet"
    ],
    "533": [
        664,
        "tv"
    ],
    "534": [
        141,
        "lamp"
    ],
    "536": [
        388,
        "bag_with_something"
    ],
    "538": [
        229,
        "lamp"
    ],
    "541": [
        745,
        "cd_player"
    ],
    "545": [
        768,
        "rug"
    ],
    "549": [
        578,
        "tissue_box"
    ],
    "550": [
        685,
        "tissue_box"
    ],
    "551": [
        759,
        "pillow"
    ],
    "554": [
        636,
        "hanger"
    ],
    "556": [
        357,
        "rack"
    ],
    "558": [
        279,
        "sink"
    ],
    "559": [
        559,
        "shower_wall_cubby"
    ],
    "560": [
        176,
        "picture"
    ],
    "563": [
        452,
        "picture"
    ],
    "564": [
        747,
        "decoration"
    ],
    "565": [
        340,
        "calculator"
    ],
    "566": [
        740,
        "picture"
    ],
    "568": [
        477,
        "fan"
    ],
    "570": [
        413,
        "cabinet"
    ],
    "571": [
        430,
        "rack"
    ],
    "574": [
        502,
        "cabinet"
    ],
    "575": [
        506,
        "bottle"
    ],
    "579": [
        227,
        "lamp"
    ],
    "584": [
        741,
        "picture"
    ],
    "587": [
        456,
        "decoration"
    ],
    "588": [
        393,
        "paper_towel_dispenser"
    ],
    "589": [
        309,
        "magazine"
    ],
    "592": [
        592,
        "toothpaste"
    ],
    "595": [
        589,
        "toothpaste"
    ],
    "596": [
        596,
        "cabinet"
    ],
    "597": [
        787,
        "vase"
    ],
    "598": [
        678,
        "picture"
    ],
    "599": [
        666,
        "window"
    ],
    "603": [
        561,
        "toilet"
    ],
    "604": [
        110,
        "fire_alarm"
    ],
    "605": [
        631,
        "clothes"
    ],
    "611": [
        642,
        "towel"
    ],
    "612": [
        359,
        "groceries"
    ],
    "613": [
        405,
        "tap"
    ],
    "614": [
        639,
        "clothes"
    ],
    "616": [
        632,
        "wardrobe"
    ],
    "617": [
        281,
        "lamp"
    ],
    "618": [
        515,
        "cabinet"
    ],
    "619": [
        85,
        "cosmetic"
    ],
    "620": [
        753,
        "armchair"
    ],
    "621": [
        409,
        "set_of_knives"
    ],
    "622": [
        509,
        "decorative_plate"
    ],
    "623": [
        193,
        "lamp"
    ],
    "624": [
        728,
        "window"
    ],
    "625": [
        338,
        "monitor"
    ],
    "626": [
        4,
        "emergency_sign"
    ],
    "627": [
        481,
        "decoration"
    ],
    "629": [
        296,
        "picture"
    ],
    "631": [
        213,
        "cabinet"
    ],
    "633": [
        488,
        "basket"
    ],
    "635": [
        355,
        "wardrobe"
    ],
    "638": [
        713,
        "window"
    ],
    "639": [
        650,
        "ceiling_door"
    ],
    "640": [
        71,
        "sink"
    ],
    "641": [
        507,
        "teapot"
    ],
    "643": [
        484,
        "kitchen_island"
    ],
    "644": [
        451,
        "candle"
    ],
    "646": [
        603,
        "clothes"
    ],
    "647": [
        6,
        "door"
    ],
    "648": [
        690,
        "armchair"
    ],
    "649": [
        125,
        "countertop"
    ],
    "651": [
        131,
        "cabinet"
    ],
    "652": [
        615,
        "sandals"
    ],
    "653": [
        680,
        "bedside_cabinet"
    ],
    "657": [
        60,
        "dehumidifier"
    ],
    "658": [
        715,
        "window"
    ],
    "659": [
        323,
        "document"
    ],
    "661": [
        448,
        "trophy"
    ],
    "663": [
        617,
        "lamp"
    ],
    "664": [
        170,
        "wardrobe"
    ],
    "666": [
        465,
        "pillow"
    ],
    "668": [
        609,
        "bathrobe"
    ],
    "669": [
        97,
        "ceiling_door"
    ],
    "670": [
        174,
        "picture"
    ],
    "673": [
        162,
        "lamp"
    ],
    "674": [
        377,
        "case"
    ],
    "678": [
        34,
        "fire_alarm"
    ],
    "679": [
        527,
        "chair"
    ],
    "680": [
        432,
        "display_of_pictures"
    ],
    "681": [
        82,
        "handle"
    ],
    "682": [
        191,
        "lamp"
    ],
    "683": [
        339,
        "phone"
    ],
    "687": [
        420,
        "cabinet"
    ],
    "691": [
        20,
        "elevator"
    ],
    "692": [
        577,
        "countertop"
    ],
    "693": [
        346,
        "bag"
    ],
    "694": [
        56,
        "bed_base"
    ],
    "699": [
        319,
        "box_of_paper"
    ],
    "701": [
        335,
        "picture"
    ],
    "703": [
        479,
        "wardrobe"
    ],
    "704": [
        468,
        "coffee_table"
    ],
    "705": [
        142,
        "towel_bar"
    ],
    "706": [
        48,
        "fan"
    ],
    "707": [
        333,
        "office_chair"
    ],
    "708": [
        514,
        "cabinet"
    ],
    "709": [
        706,
        "fan"
    ],
    "711": [
        641,
        "towel"
    ],
    "712": [
        293,
        "rack"
    ],
    "714": [
        638,
        "hanger"
    ],
    "715": [
        287,
        "picture"
    ],
    "716": [
        250,
        "door"
    ],
    "719": [
        671,
        "blinds"
    ],
    "720": [
        522,
        "bag"
    ],
    "723": [
        433,
        "display_of_pictures"
    ],
    "724": [
        106,
        "wardrobe"
    ],
    "725": [
        304,
        "stack_of_books"
    ],
    "727": [
        444,
        "trophy"
    ],
    "728": [
        739,
        "picture"
    ],
    "729": [
        455,
        "tv_remote"
    ],
    "730": [
        218,
        "pillow"
    ],
    "732": [
        295,
        "picture"
    ],
    "733": [
        74,
        "cabinet"
    ],
    "734": [
        156,
        "dehumidifier"
    ],
    "737": [
        68,
        "soap_dispenser"
    ],
    "738": [
        215,
        "pillow"
    ],
    "740": [
        343,
        "utensil"
    ],
    "741": [
        290,
        "picture"
    ],
    "744": [
        187,
        "picture"
    ],
    "746": [
        376,
        "dish"
    ],
    "749": [
        366,
        "cookies"
    ],
    "750": [
        504,
        "countertop"
    ],
    "752": [
        462,
        "table"
    ],
    "754": [
        611,
        "trashcan"
    ],
    "755": [
        528,
        "chair"
    ],
    "758": [
        373,
        "box"
    ],
    "759": [
        516,
        "dishwasher"
    ],
    "761": [
        576,
        "countertop"
    ],
    "764": [
        361,
        "groceries"
    ],
    "765": [
        179,
        "picture"
    ],
    "766": [
        545,
        "lamp"
    ],
    "767": [
        329,
        "globe"
    ],
    "769": [
        95,
        "lamp"
    ],
    "770": [
        519,
        "kitchen_utensil"
    ],
    "775": [
        599,
        "mirror"
    ],
    "776": [
        450,
        "decoration"
    ],
    "778": [
        398,
        "door"
    ],
    "780": [
        64,
        "door"
    ],
    "782": [
        237,
        "lamp"
    ],
    "783": [
        276,
        "cabinet"
    ],
    "785": [
        196,
        "pillow"
    ],
    "787": [
        520,
        "backpack"
    ],
    "788": [
        83,
        "shower_cockpit"
    ],
    "789": [
        695,
        "case"
    ],
    "790": [
        788,
        "door"
    ]
}