{
    "1": [
        128,
        "sheet"
    ],
    "2": [
        370,
        "stool"
    ],
    "4": [
        377,
        "table"
    ],
    "5": [
        259,
        "bench"
    ],
    "6": [
        183,
        "photo"
    ],
    "7": [
        252,
        "table"
    ],
    "8": [
        203,
        "photo"
    ],
    "10": [
        233,
        "chair"
    ],
    "11": [
        416,
        "keg"
    ],
    "12": [
        483,
        "cash_register"
    ],
    "14": [
        95,
        "leaflets"
    ],
    "15": [
        67,
        "camera"
    ],
    "16": [
        303,
        "lamp"
    ],
    "19": [
        257,
        "bench"
    ],
    "20": [
        459,
        "refrigerator"
    ],
    "21": [
        310,
        "lamp"
    ],
    "22": [
        260,
        "bench"
    ],
    "23": [
        338,
        "bottles"
    ],
    "28": [
        150,
        "menu_board"
    ],
    "29": [
        308,
        "lamp"
    ],
    "30": [
        354,
        "chair"
    ],
    "32": [
        172,
        "lamp"
    ],
    "33": [
        509,
        "shelving"
    ],
    "35": [
        413,
        "shisha"
    ],
    "36": [
        302,
        "lamp"
    ],
    "37": [
        481,
        "spices"
    ],
    "38": [
        238,
        "table"
    ],
    "39": [
        379,
        "bench"
    ],
    "40": [
        140,
        "containers"
    ],
    "41": [
        441,
        "coffee_machine"
    ],
    "42": [
        40,
        "armchair"
    ],
    "44": [
        276,
        "pot"
    ],
    "45": [
        465,
        "shelving"
    ],
    "47": [
        301,
        "lamp"
    ],
    "48": [
        424,
        "bottles"
    ],
    "50": [
        184,
        "photo"
    ],
    "51": [
        489,
        "menu"
    ],
    "52": [
        341,
        "bench"
    ],
    "58": [
        190,
        "photo"
    ],
    "59": [
        365,
        "stool"
    ],
    "60": [
        76,
        "photo"
    ],
    "61": [
        452,
        "bottles"
    ],
    "62": [
        285,
        "pot"
    ],
    "63": [
        339,
        "bottles"
    ],
    "64": [
        497,
        "boxes"
    ],
    "65": [
        278,
        "plant"
    ],
    "67": [
        43,
        "cabinet"
    ],
    "68": [
        505,
        "shelving"
    ],
    "69": [
        274,
        "plant"
    ],
    "71": [
        352,
        "chair"
    ],
    "72": [
        487,
        "spray_can"
    ],
    "73": [
        280,
        "plant"
    ],
    "74": [
        188,
        "photo"
    ],
    "76": [
        17,
        "door"
    ],
    "78": [
        111,
        "shelving"
    ],
    "80": [
        241,
        "table"
    ],
    "81": [
        174,
        "air_conditioner"
    ],
    "83": [
        492,
        "bowls"
    ],
    "84": [
        31,
        "bottles"
    ],
    "85": [
        142,
        "containers"
    ],
    "86": [
        315,
        "lamp"
    ],
    "87": [
        189,
        "photo"
    ],
    "88": [
        86,
        "plant"
    ],
    "90": [
        380,
        "bench"
    ],
    "91": [
        39,
        "plant"
    ],
    "92": [
        79,
        "photo"
    ],
    "93": [
        290,
        "pillar"
    ],
    "95": [
        369,
        "stool"
    ],
    "96": [
        211,
        "photo"
    ],
    "97": [
        443,
        "dishes"
    ],
    "99": [
        147,
        "containers"
    ],
    "103": [
        422,
        "bottles"
    ],
    "104": [
        42,
        "armchair"
    ],
    "105": [
        153,
        "shelving"
    ],
    "106": [
        155,
        "window"
    ],
    "107": [
        292,
        "window"
    ],
    "108": [
        37,
        "mirror"
    ],
    "109": [
        401,
        "bottles"
    ],
    "110": [
        254,
        "plant"
    ],
    "111": [
        182,
        "photo"
    ],
    "112": [
        375,
        "bench"
    ],
    "113": [
        368,
        "stool"
    ],
    "114": [
        59,
        "door"
    ],
    "115": [
        83,
        "plant"
    ],
    "116": [
        382,
        "bench"
    ],
    "117": [
        235,
        "table"
    ],
    "118": [
        197,
        "photo"
    ],
    "119": [
        230,
        "chair"
    ],
    "120": [
        436,
        "sink"
    ],
    "121": [
        409,
        "shisha"
    ],
    "122": [
        245,
        "table"
    ],
    "123": [
        414,
        "shisha"
    ],
    "125": [
        327,
        "armchair"
    ],
    "126": [
        415,
        "keg"
    ],
    "127": [
        237,
        "table"
    ],
    "128": [
        133,
        "countertop"
    ],
    "129": [
        244,
        "table"
    ],
    "130": [
        143,
        "containers"
    ],
    "134": [
        8,
        "document"
    ],
    "135": [
        135,
        "cabinet"
    ],
    "136": [
        239,
        "table"
    ],
    "137": [
        347,
        "chair"
    ],
    "138": [
        493,
        "glasses"
    ],
    "139": [
        284,
        "plant"
    ],
    "140": [
        16,
        "door"
    ],
    "141": [
        207,
        "photo"
    ],
    "142": [
        217,
        "chair"
    ],
    "143": [
        378,
        "table"
    ],
    "144": [
        374,
        "bench"
    ],
    "145": [
        41,
        "table"
    ],
    "149": [
        418,
        "oven"
    ],
    "150": [
        268,
        "sombrero"
    ],
    "151": [
        248,
        "table"
    ],
    "152": [
        246,
        "table"
    ],
    "154": [
        478,
        "container"
    ],
    "155": [
        220,
        "chair"
    ],
    "156": [
        191,
        "photo"
    ],
    "157": [
        84,
        "highchair"
    ],
    "158": [
        166,
        "door"
    ],
    "159": [
        250,
        "table"
    ],
    "160": [
        187,
        "photo"
    ],
    "161": [
        195,
        "photo"
    ],
    "163": [
        384,
        "shelf"
    ],
    "164": [
        7,
        "document"
    ],
    "165": [
        208,
        "photo"
    ],
    "166": [
        349,
        "chair"
    ],
    "167": [
        376,
        "table"
    ],
    "168": [
        265,
        "bench"
    ],
    "169": [
        4,
        "smoke_detector"
    ],
    "170": [
        389,
        "shelf"
    ],
    "171": [
        204,
        "photo"
    ],
    "173": [
        336,
        "bottles"
    ],
    "174": [
        149,
        "bottle"
    ],
    "175": [
        180,
        "photo"
    ],
    "176": [
        115,
        "stool"
    ],
    "177": [
        185,
        "photo"
    ],
    "178": [
        123,
        "device"
    ],
    "179": [
        328,
        "armchair"
    ],
    "180": [
        192,
        "photo"
    ],
    "181": [
        470,
        "shelving"
    ],
    "184": [
        263,
        "bench"
    ],
    "187": [
        299,
        "lamp"
    ],
    "188": [
        129,
        "sheet"
    ],
    "189": [
        210,
        "photo"
    ],
    "190": [
        450,
        "refrigerator"
    ],
    "191": [
        126,
        "cables"
    ],
    "193": [
        264,
        "bench"
    ],
    "194": [
        496,
        "boxes"
    ],
    "195": [
        214,
        "chair"
    ],
    "196": [
        75,
        "photo"
    ],
    "197": [
        330,
        "pillow"
    ],
    "198": [
        96,
        "leaflets"
    ],
    "199": [
        502,
        "menu"
    ],
    "200": [
        499,
        "plates"
    ],
    "201": [
        322,
        "table"
    ],
    "202": [
        430,
        "saturator"
    ],
    "203": [
        391,
        "pillar"
    ],
    "204": [
        77,
        "photo"
    ],
    "209": [
        157,
        "door"
    ],
    "210": [
        74,
        "photo"
    ],
    "211": [
        1,
        "picture"
    ],
    "212": [
        69,
        "plant"
    ],
    "214": [
        277,
        "plant"
    ],
    "215": [
        198,
        "photo"
    ],
    "216": [
        426,
        "bottles"
    ],
    "217": [
        364,
        "stool"
    ],
    "218": [
        477,
        "gas_container"
    ],
    "219": [
        109,
        "menu"
    ],
    "220": [
        471,
        "shelving"
    ],
    "221": [
        388,
        "shelf"
    ],
    "222": [
        337,
        "bottles"
    ],
    "223": [
        311,
        "lamp"
    ],
    "224": [
        169,
        "ventilation"
    ],
    "225": [
        175,
        "fan"
    ],
    "226": [
        82,
        "sign"
    ],
    "227": [
        288,
        "pillar"
    ],
    "228": [
        455,
        "bottles"
    ],
    "229": [
        127,
        "cash_register"
    ],
    "230": [
        321,
        "table"
    ],
    "231": [
        324,
        "armchair"
    ],
    "232": [
        433,
        "knife"
    ],
    "233": [
        236,
        "table"
    ],
    "235": [
        490,
        "box"
    ],
    "236": [
        312,
        "lamp"
    ],
    "237": [
        402,
        "bottles"
    ],
    "238": [
        9,
        "document"
    ],
    "239": [
        482,
        "receipt_spike"
    ],
    "241": [
        66,
        "fan"
    ],
    "244": [
        392,
        "pillar"
    ],
    "245": [
        320,
        "table"
    ],
    "247": [
        498,
        "boxes"
    ],
    "248": [
        423,
        "bottles"
    ],
    "249": [
        447,
        "jars"
    ],
    "250": [
        475,
        "keg"
    ],
    "251": [
        55,
        "carpet"
    ],
    "252": [
        171,
        "lamp"
    ],
    "253": [
        262,
        "bench"
    ],
    "254": [
        501,
        "tray"
    ],
    "256": [
        213,
        "chair"
    ],
    "257": [
        486,
        "bottles"
    ],
    "259": [
        318,
        "table"
    ],
    "260": [
        181,
        "photo"
    ],
    "261": [
        313,
        "lamp"
    ],
    "262": [
        304,
        "lamp"
    ],
    "263": [
        186,
        "photo"
    ],
    "264": [
        456,
        "bottles"
    ],
    "265": [
        29,
        "bottles"
    ],
    "266": [
        216,
        "chair"
    ],
    "267": [
        332,
        "sofa"
    ],
    "268": [
        319,
        "table"
    ],
    "269": [
        386,
        "shelf"
    ],
    "270": [
        397,
        "lamp"
    ],
    "273": [
        346,
        "plant"
    ],
    "276": [
        398,
        "lamp"
    ],
    "277": [
        453,
        "bottles"
    ],
    "278": [
        114,
        "stool"
    ],
    "279": [
        273,
        "plant"
    ],
    "280": [
        15,
        "door"
    ],
    "282": [
        170,
        "lamp"
    ],
    "283": [
        255,
        "cabinet"
    ],
    "284": [
        350,
        "chair"
    ],
    "285": [
        205,
        "photo"
    ],
    "286": [
        70,
        "plant"
    ],
    "287": [
        121,
        "phone"
    ],
    "288": [
        61,
        "window"
    ],
    "289": [
        343,
        "bench"
    ],
    "290": [
        504,
        "countertop"
    ],
    "291": [
        32,
        "bottles"
    ],
    "292": [
        179,
        "photo"
    ],
    "295": [
        113,
        "menu_board"
    ],
    "296": [
        138,
        "containers"
    ],
    "297": [
        47,
        "shelf"
    ],
    "298": [
        176,
        "fan"
    ],
    "299": [
        151,
        "bottles"
    ],
    "300": [
        218,
        "chair"
    ],
    "301": [
        116,
        "stool"
    ],
    "302": [
        232,
        "chair"
    ],
    "303": [
        425,
        "bottles"
    ],
    "305": [
        215,
        "chair"
    ],
    "306": [
        387,
        "shelf"
    ],
    "307": [
        491,
        "boxes"
    ],
    "309": [
        193,
        "photo"
    ],
    "310": [
        101,
        "figurine"
    ],
    "311": [
        100,
        "vase"
    ],
    "312": [
        120,
        "payment_terminal"
    ],
    "314": [
        334,
        "bottles"
    ],
    "315": [
        345,
        "sofa"
    ],
    "316": [
        45,
        "shelf"
    ],
    "317": [
        132,
        "sink"
    ],
    "318": [
        403,
        "bottles"
    ],
    "321": [
        26,
        "smoke_detector"
    ],
    "324": [
        225,
        "chair"
    ],
    "325": [
        494,
        "bottle_opener"
    ],
    "326": [
        266,
        "bench"
    ],
    "328": [
        316,
        "smoke_detector"
    ],
    "329": [
        148,
        "bottles"
    ],
    "330": [
        282,
        "plant"
    ],
    "331": [
        226,
        "chair"
    ],
    "332": [
        326,
        "armchair"
    ],
    "334": [
        484,
        "receipt_printer"
    ],
    "335": [
        71,
        "poster"
    ],
    "336": [
        431,
        "saturator"
    ],
    "337": [
        247,
        "table"
    ],
    "339": [
        363,
        "stool"
    ],
    "341": [
        417,
        "bottles"
    ],
    "343": [
        137,
        "containers"
    ],
    "344": [
        457,
        "bottles"
    ],
    "345": [
        360,
        "chair"
    ],
    "346": [
        122,
        "tablet"
    ],
    "347": [
        117,
        "stool"
    ],
    "348": [
        394,
        "window"
    ],
    "350": [
        134,
        "cabinet"
    ],
    "351": [
        38,
        "board"
    ],
    "352": [
        511,
        "lamp"
    ],
    "354": [
        427,
        "glasses"
    ],
    "355": [
        381,
        "bench"
    ],
    "356": [
        136,
        "containers"
    ],
    "357": [
        432,
        "kettle"
    ],
    "358": [
        458,
        "bottles"
    ],
    "359": [
        267,
        "bench"
    ],
    "360": [
        448,
        "shelving"
    ],
    "361": [
        279,
        "plant"
    ],
    "362": [
        412,
        "shisha"
    ],
    "363": [
        44,
        "shelf"
    ],
    "365": [
        281,
        "plant"
    ],
    "367": [
        6,
        "cabinet"
    ],
    "368": [
        333,
        "bottles"
    ],
    "370": [
        131,
        "countertop"
    ],
    "371": [
        102,
        "toy"
    ],
    "372": [
        399,
        "lamp"
    ],
    "373": [
        367,
        "stool"
    ],
    "374": [
        355,
        "chair"
    ],
    "375": [
        256,
        "bench"
    ],
    "376": [
        242,
        "table"
    ],
    "377": [
        306,
        "lamp"
    ],
    "380": [
        373,
        "pot"
    ],
    "381": [
        178,
        "smoke_detector"
    ],
    "383": [
        261,
        "bench"
    ],
    "384": [
        449,
        "countertop"
    ],
    "385": [
        503,
        "menu"
    ],
    "386": [
        372,
        "chair"
    ],
    "387": [
        240,
        "table"
    ],
    "388": [
        219,
        "chair"
    ],
    "390": [
        173,
        "air_conditioner"
    ],
    "391": [
        139,
        "containers"
    ],
    "392": [
        512,
        "lamp"
    ],
    "393": [
        46,
        "lamp"
    ],
    "394": [
        28,
        "antlers"
    ],
    "395": [
        209,
        "photo"
    ],
    "396": [
        243,
        "table"
    ],
    "397": [
        294,
        "window"
    ],
    "399": [
        81,
        "photo"
    ],
    "400": [
        435,
        "cutting_board"
    ],
    "402": [
        289,
        "pillar"
    ],
    "403": [
        444,
        "pot"
    ],
    "404": [
        65,
        "smoke_detector"
    ],
    "405": [
        485,
        "pot"
    ],
    "407": [
        118,
        "cleaner_bottle"
    ],
    "408": [
        362,
        "stool"
    ],
    "409": [
        34,
        "vase"
    ],
    "410": [
        196,
        "photo"
    ],
    "411": [
        361,
        "table"
    ],
    "412": [
        344,
        "bench"
    ],
    "413": [
        385,
        "shelf"
    ],
    "415": [
        462,
        "refrigerator"
    ],
    "416": [
        103,
        "jars"
    ],
    "417": [
        323,
        "table"
    ],
    "418": [
        130,
        "monitor"
    ],
    "419": [
        446,
        "can"
    ],
    "421": [
        201,
        "photo"
    ],
    "422": [
        461,
        "refrigerator"
    ],
    "423": [
        251,
        "table"
    ],
    "424": [
        99,
        "plant"
    ],
    "426": [
        495,
        "boxes"
    ],
    "427": [
        329,
        "armchair"
    ],
    "428": [
        357,
        "chair"
    ],
    "429": [
        451,
        "bottles"
    ],
    "431": [
        314,
        "lamp"
    ],
    "432": [
        199,
        "photo"
    ],
    "433": [
        36,
        "vase"
    ],
    "434": [
        411,
        "shisha"
    ],
    "435": [
        419,
        "plates"
    ],
    "436": [
        438,
        "cutting_board"
    ],
    "437": [
        460,
        "refrigerator"
    ],
    "439": [
        125,
        "document"
    ],
    "440": [
        437,
        "tap"
    ],
    "441": [
        442,
        "box"
    ],
    "442": [
        307,
        "lamp"
    ],
    "443": [
        463,
        "dishwasher"
    ],
    "444": [
        325,
        "armchair"
    ],
    "445": [
        445,
        "pot"
    ],
    "446": [
        480,
        "spices"
    ],
    "448": [
        85,
        "menu_board"
    ],
    "449": [
        309,
        "lamp"
    ],
    "450": [
        5,
        "attic_hatch"
    ],
    "451": [
        356,
        "table"
    ],
    "454": [
        164,
        "cabinet"
    ],
    "455": [
        371,
        "table"
    ],
    "456": [
        98,
        "bench"
    ],
    "457": [
        396,
        "window"
    ],
    "458": [
        57,
        "window"
    ],
    "460": [
        224,
        "chair"
    ],
    "462": [
        145,
        "containers"
    ],
    "463": [
        202,
        "photo"
    ],
    "466": [
        249,
        "table"
    ],
    "468": [
        488,
        "trashcan"
    ],
    "469": [
        297,
        "window"
    ],
    "470": [
        358,
        "chair"
    ],
    "471": [
        146,
        "containers"
    ],
    "473": [
        454,
        "bottles"
    ],
    "474": [
        335,
        "bottles"
    ],
    "475": [
        513,
        "lamp"
    ],
    "476": [
        300,
        "lamp"
    ],
    "477": [
        94,
        "leaflets"
    ],
    "478": [
        472,
        "shelving"
    ],
    "479": [
        161,
        "door"
    ],
    "480": [
        464,
        "countertop"
    ],
    "482": [
        23,
        "ventilation"
    ],
    "483": [
        112,
        "menu_board"
    ],
    "484": [
        359,
        "chair"
    ],
    "485": [
        258,
        "bench"
    ],
    "486": [
        473,
        "countertop"
    ],
    "487": [
        342,
        "bench"
    ],
    "490": [
        434,
        "cloth"
    ],
    "494": [
        348,
        "chair"
    ],
    "495": [
        366,
        "stool"
    ],
    "496": [
        206,
        "photo"
    ],
    "497": [
        152,
        "bottle"
    ],
    "498": [
        410,
        "shisha"
    ],
    "499": [
        119,
        "receipt_printer"
    ],
    "502": [
        229,
        "chair"
    ],
    "503": [
        331,
        "pillow"
    ],
    "505": [
        194,
        "photo"
    ],
    "506": [
        272,
        "plant"
    ],
    "508": [
        351,
        "table"
    ],
    "510": [
        97,
        "cabinet"
    ],
    "511": [
        144,
        "containers"
    ],
    "513": [
        404,
        "flower"
    ]
}