{
    "1": [
        645,
        "stack_of_plates"
    ],
    "3": [
        793,
        "kitchen_utensil"
    ],
    "5": [
        436,
        "book"
    ],
    "7": [
        527,
        "window"
    ],
    "8": [
        635,
        "decoration"
    ],
    "9": [
        10,
        "picture"
    ],
    "10": [
        221,
        "nightstand"
    ],
    "11": [
        630,
        "brochure"
    ],
    "12": [
        82,
        "closet"
    ],
    "13": [
        190,
        "door"
    ],
    "15": [
        432,
        "book"
    ],
    "16": [
        738,
        "picture"
    ],
    "18": [
        354,
        "blanket"
    ],
    "19": [
        620,
        "chair"
    ],
    "20": [
        38,
        "pillow"
    ],
    "22": [
        606,
        "wall_hanging_decoration"
    ],
    "23": [
        196,
        "door"
    ],
    "24": [
        70,
        "plant"
    ],
    "25": [
        274,
        "hanger"
    ],
    "26": [
        65,
        "towel"
    ],
    "29": [
        326,
        "stool"
    ],
    "30": [
        753,
        "pot"
    ],
    "31": [
        884,
        "wall_hanging_decoration"
    ],
    "32": [
        284,
        "towel"
    ],
    "33": [
        523,
        "armchair"
    ],
    "34": [
        181,
        "pillow"
    ],
    "35": [
        323,
        "trashcan"
    ],
    "36": [
        574,
        "railing"
    ],
    "37": [
        383,
        "bookshelf"
    ],
    "38": [
        774,
        "kitchen_utensil"
    ],
    "39": [
        913,
        "door"
    ],
    "40": [
        490,
        "lamp"
    ],
    "41": [
        508,
        "pillow"
    ],
    "43": [
        796,
        "jar"
    ],
    "44": [
        602,
        "wall_hanging_decoration"
    ],
    "45": [
        651,
        "plant"
    ],
    "46": [
        613,
        "chair"
    ],
    "47": [
        760,
        "teapot"
    ],
    "48": [
        11,
        "picture"
    ],
    "51": [
        71,
        "curtain"
    ],
    "54": [
        625,
        "plant"
    ],
    "56": [
        387,
        "pillow"
    ],
    "57": [
        818,
        "wall_hanging_decoration"
    ],
    "59": [
        265,
        "nightstand"
    ],
    "60": [
        125,
        "towel"
    ],
    "61": [
        513,
        "pillow"
    ],
    "63": [
        277,
        "picture"
    ],
    "65": [
        839,
        "jar"
    ],
    "66": [
        240,
        "curtain"
    ],
    "68": [
        765,
        "cup"
    ],
    "73": [
        536,
        "pot"
    ],
    "74": [
        31,
        "pot"
    ],
    "75": [
        89,
        "pillow"
    ],
    "76": [
        346,
        "hanger"
    ],
    "77": [
        413,
        "lamp"
    ],
    "79": [
        317,
        "paper_towel"
    ],
    "80": [
        430,
        "book"
    ],
    "81": [
        759,
        "teapot"
    ],
    "82": [
        113,
        "plant"
    ],
    "83": [
        368,
        "hanger"
    ],
    "84": [
        154,
        "bathroom_counter"
    ],
    "85": [
        641,
        "picture"
    ],
    "86": [
        747,
        "wall_hanging_decoration"
    ],
    "87": [
        44,
        "nightstand"
    ],
    "90": [
        133,
        "pillow"
    ],
    "91": [
        342,
        "decoration"
    ],
    "92": [
        644,
        "stack_of_plates"
    ],
    "94": [
        748,
        "wall_hanging_decoration"
    ],
    "95": [
        590,
        "railing"
    ],
    "96": [
        213,
        "shelving"
    ],
    "97": [
        877,
        "picture"
    ],
    "98": [
        69,
        "decoration"
    ],
    "100": [
        780,
        "sink"
    ],
    "101": [
        499,
        "decoration"
    ],
    "103": [
        103,
        "picture"
    ],
    "104": [
        887,
        "wall_hanging_decoration"
    ],
    "105": [
        362,
        "window"
    ],
    "106": [
        212,
        "hanger"
    ],
    "108": [
        461,
        "decoration"
    ],
    "109": [
        720,
        "cup"
    ],
    "110": [
        335,
        "picture"
    ],
    "111": [
        538,
        "picture"
    ],
    "112": [
        433,
        "book"
    ],
    "115": [
        88,
        "pillow"
    ],
    "120": [
        808,
        "picture"
    ],
    "121": [
        614,
        "lamp"
    ],
    "123": [
        474,
        "wood"
    ],
    "124": [
        659,
        "decoration"
    ],
    "125": [
        593,
        "picture"
    ],
    "127": [
        315,
        "window"
    ],
    "129": [
        646,
        "stack_of_plates"
    ],
    "130": [
        18,
        "shelf"
    ],
    "131": [
        393,
        "mirror"
    ],
    "132": [
        475,
        "wood"
    ],
    "134": [
        886,
        "wall_hanging_decoration"
    ],
    "135": [
        404,
        "door"
    ],
    "136": [
        151,
        "lamp"
    ],
    "138": [
        83,
        "closet"
    ],
    "139": [
        343,
        "basket"
    ],
    "142": [
        182,
        "switch"
    ],
    "143": [
        503,
        "plant"
    ],
    "144": [
        840,
        "bowl"
    ],
    "145": [
        716,
        "kitchen_cabinet"
    ],
    "146": [
        705,
        "cutting_board"
    ],
    "147": [
        78,
        "desk"
    ],
    "148": [
        830,
        "range_hood"
    ],
    "150": [
        632,
        "decoration"
    ],
    "152": [
        222,
        "decoration"
    ],
    "153": [
        648,
        "stack_of_plates"
    ],
    "154": [
        528,
        "curtain"
    ],
    "155": [
        813,
        "chair"
    ],
    "156": [
        248,
        "lamp"
    ],
    "157": [
        132,
        "pillow"
    ],
    "158": [
        261,
        "window"
    ],
    "159": [
        63,
        "pillow"
    ],
    "160": [
        420,
        "fire_extinguisher"
    ],
    "161": [
        466,
        "decoration"
    ],
    "162": [
        520,
        "basket"
    ],
    "163": [
        324,
        "door"
    ],
    "164": [
        485,
        "pillow"
    ],
    "167": [
        46,
        "chair"
    ],
    "168": [
        101,
        "picture"
    ],
    "169": [
        97,
        "lamp"
    ],
    "170": [
        209,
        "box"
    ],
    "171": [
        751,
        "bag"
    ],
    "173": [
        775,
        "coffee_machine"
    ],
    "177": [
        822,
        "door"
    ],
    "178": [
        100,
        "picture"
    ],
    "179": [
        352,
        "pillow"
    ],
    "180": [
        399,
        "chair"
    ],
    "181": [
        522,
        "door_window"
    ],
    "186": [
        281,
        "bench"
    ],
    "187": [
        848,
        "box"
    ],
    "188": [
        437,
        "book"
    ],
    "190": [
        40,
        "pillow"
    ],
    "191": [
        891,
        "picture"
    ],
    "192": [
        348,
        "armchair"
    ],
    "193": [
        278,
        "decoration"
    ],
    "194": [
        473,
        "lamp"
    ],
    "195": [
        654,
        "cabinet"
    ],
    "197": [
        763,
        "cup"
    ],
    "198": [
        898,
        "lamp"
    ],
    "200": [
        426,
        "decoration"
    ],
    "201": [
        757,
        "teapot"
    ],
    "203": [
        832,
        "shelving"
    ],
    "204": [
        807,
        "picture"
    ],
    "205": [
        288,
        "pillow"
    ],
    "206": [
        665,
        "decoration"
    ],
    "207": [
        291,
        "lamp"
    ],
    "209": [
        279,
        "wall_hanging_decoration"
    ],
    "210": [
        36,
        "towel"
    ],
    "211": [
        455,
        "box"
    ],
    "212": [
        276,
        "hanger"
    ],
    "214": [
        216,
        "bed"
    ],
    "215": [
        218,
        "pillow"
    ],
    "216": [
        655,
        "decorative_plate"
    ],
    "217": [
        17,
        "shelf"
    ],
    "218": [
        770,
        "teapot"
    ],
    "219": [
        135,
        "curtain"
    ],
    "220": [
        628,
        "table_cloth"
    ],
    "222": [
        768,
        "decoration"
    ],
    "224": [
        460,
        "decoration"
    ],
    "225": [
        237,
        "curtain"
    ],
    "226": [
        321,
        "shower_curtain"
    ],
    "227": [
        529,
        "curtain"
    ],
    "229": [
        282,
        "towel"
    ],
    "230": [
        735,
        "picture"
    ],
    "231": [
        454,
        "picture"
    ],
    "234": [
        664,
        "decoration"
    ],
    "236": [
        440,
        "book"
    ],
    "237": [
        531,
        "curtain"
    ],
    "238": [
        5,
        "curtain"
    ],
    "240": [
        366,
        "lamp"
    ],
    "241": [
        883,
        "wall_hanging_decoration"
    ],
    "242": [
        268,
        "picture"
    ],
    "243": [
        928,
        "soap_dispenser"
    ],
    "244": [
        752,
        "side_table"
    ],
    "247": [
        370,
        "hanger"
    ],
    "249": [
        929,
        "faucet"
    ],
    "252": [
        57,
        "pillow"
    ],
    "253": [
        395,
        "chest_of_drawers"
    ],
    "254": [
        134,
        "curtain"
    ],
    "255": [
        707,
        "kitchen_counter"
    ],
    "256": [
        233,
        "pillow"
    ],
    "257": [
        21,
        "closet"
    ],
    "258": [
        714,
        "kitchen_cabinet"
    ],
    "259": [
        712,
        "kitchen_cabinet"
    ],
    "260": [
        704,
        "microwave"
    ],
    "261": [
        785,
        "kitchen_utensil"
    ],
    "264": [
        679,
        "carpet"
    ],
    "266": [
        711,
        "kitchen_cabinet"
    ],
    "269": [
        660,
        "decoration"
    ],
    "271": [
        56,
        "bed"
    ],
    "272": [
        789,
        "teapot"
    ],
    "274": [
        615,
        "side_table"
    ],
    "275": [
        256,
        "hanger"
    ],
    "276": [
        403,
        "picture"
    ],
    "277": [
        158,
        "decoration"
    ],
    "279": [
        465,
        "decoration"
    ],
    "280": [
        806,
        "picture"
    ],
    "282": [
        66,
        "nightstand"
    ],
    "283": [
        709,
        "kitchen_cabinet"
    ],
    "284": [
        62,
        "pillow"
    ],
    "285": [
        534,
        "plant"
    ],
    "286": [
        77,
        "mirror"
    ],
    "287": [
        183,
        "mirror"
    ],
    "289": [
        54,
        "door"
    ],
    "290": [
        319,
        "bidet"
    ],
    "291": [
        448,
        "book"
    ],
    "292": [
        713,
        "oven"
    ],
    "293": [
        438,
        "book"
    ],
    "294": [
        242,
        "lamp"
    ],
    "295": [
        814,
        "wall_hanging_decoration"
    ],
    "297": [
        800,
        "picture"
    ],
    "299": [
        13,
        "picture"
    ],
    "300": [
        916,
        "mirror"
    ],
    "301": [
        157,
        "faucet"
    ],
    "302": [
        6,
        "curtain"
    ],
    "305": [
        120,
        "shelf"
    ],
    "307": [
        356,
        "door"
    ],
    "308": [
        143,
        "glass"
    ],
    "309": [
        423,
        "book"
    ],
    "310": [
        260,
        "curtain"
    ],
    "313": [
        724,
        "picture"
    ],
    "315": [
        810,
        "picture"
    ],
    "316": [
        868,
        "wall_hanging_decoration"
    ],
    "317": [
        826,
        "picture"
    ],
    "319": [
        838,
        "kitchen_decoration"
    ],
    "321": [
        621,
        "chair"
    ],
    "324": [
        761,
        "cup"
    ],
    "326": [
        254,
        "hanger"
    ],
    "327": [
        745,
        "knob"
    ],
    "328": [
        64,
        "towel"
    ],
    "329": [
        700,
        "faucet"
    ],
    "333": [
        12,
        "picture"
    ],
    "334": [
        608,
        "wall_hanging_decoration"
    ],
    "336": [
        894,
        "side_table"
    ],
    "340": [
        766,
        "cup"
    ],
    "341": [
        84,
        "shelf"
    ],
    "344": [
        123,
        "wall_hanging_decoration"
    ],
    "346": [
        788,
        "kitchen_decoration"
    ],
    "347": [
        178,
        "toilet"
    ],
    "350": [
        338,
        "hanger"
    ],
    "351": [
        117,
        "closet"
    ],
    "356": [
        285,
        "towel"
    ],
    "357": [
        756,
        "teapot"
    ],
    "359": [
        468,
        "hanging_clothes"
    ],
    "361": [
        8,
        "picture"
    ],
    "362": [
        843,
        "jar"
    ],
    "363": [
        176,
        "lamp"
    ],
    "364": [
        703,
        "sponge"
    ],
    "366": [
        459,
        "decoration"
    ],
    "367": [
        699,
        "decorative_plate"
    ],
    "368": [
        337,
        "switch"
    ],
    "369": [
        450,
        "cup"
    ],
    "372": [
        20,
        "closet"
    ],
    "374": [
        172,
        "ventilation"
    ],
    "375": [
        333,
        "wall_hanging_decoration"
    ],
    "377": [
        373,
        "bag"
    ],
    "378": [
        351,
        "towel"
    ],
    "379": [
        188,
        "lamp"
    ],
    "380": [
        773,
        "jar"
    ],
    "381": [
        510,
        "pillow"
    ],
    "382": [
        725,
        "picture"
    ],
    "383": [
        637,
        "radio"
    ],
    "384": [
        456,
        "book"
    ],
    "385": [
        718,
        "pot"
    ],
    "386": [
        907,
        "door"
    ],
    "387": [
        302,
        "picture"
    ],
    "388": [
        696,
        "picture"
    ],
    "389": [
        779,
        "clock"
    ],
    "390": [
        28,
        "side_table"
    ],
    "391": [
        308,
        "bathroom_counter"
    ],
    "392": [
        148,
        "bin"
    ],
    "393": [
        656,
        "decoration"
    ],
    "394": [
        911,
        "door"
    ],
    "395": [
        631,
        "plate_of_food"
    ],
    "396": [
        115,
        "closet"
    ],
    "397": [
        79,
        "chair"
    ],
    "398": [
        90,
        "lamp"
    ],
    "399": [
        481,
        "lamp"
    ],
    "400": [
        269,
        "closet"
    ],
    "401": [
        658,
        "bottles_of_wine"
    ],
    "402": [
        112,
        "nightstand"
    ],
    "403": [
        231,
        "towel"
    ],
    "404": [
        601,
        "wall_hanging_decoration"
    ],
    "405": [
        226,
        "speaker"
    ],
    "406": [
        428,
        "book"
    ],
    "407": [
        347,
        "closet_rod"
    ],
    "408": [
        244,
        "door"
    ],
    "409": [
        592,
        "picture"
    ],
    "410": [
        746,
        "knob"
    ],
    "411": [
        518,
        "pillow"
    ],
    "412": [
        119,
        "pillow"
    ],
    "413": [
        116,
        "bench"
    ],
    "414": [
        180,
        "table"
    ],
    "415": [
        341,
        "picture"
    ],
    "416": [
        934,
        "curtain"
    ],
    "420": [
        452,
        "picture"
    ],
    "422": [
        537,
        "side_table"
    ],
    "423": [
        573,
        "railing"
    ],
    "424": [
        834,
        "book"
    ],
    "425": [
        258,
        "hanger"
    ],
    "427": [
        128,
        "pillow"
    ],
    "428": [
        535,
        "pot"
    ],
    "431": [
        417,
        "wall_hanging_decoration"
    ],
    "432": [
        532,
        "curtain"
    ],
    "433": [
        264,
        "lamp"
    ],
    "435": [
        721,
        "cup"
    ],
    "436": [
        831,
        "spice_rack"
    ],
    "437": [
        676,
        "decoration"
    ],
    "438": [
        81,
        "decoration"
    ],
    "439": [
        926,
        "box"
    ],
    "441": [
        246,
        "trashcan"
    ],
    "442": [
        126,
        "towel"
    ],
    "443": [
        824,
        "picture"
    ],
    "444": [
        867,
        "picture"
    ],
    "446": [
        37,
        "towel"
    ],
    "447": [
        846,
        "jar"
    ],
    "448": [
        378,
        "picture"
    ],
    "449": [
        80,
        "picture"
    ],
    "450": [
        118,
        "pillow"
    ],
    "451": [
        786,
        "kitchen_utensil"
    ],
    "452": [
        9,
        "picture"
    ],
    "453": [
        169,
        "shower_cabin"
    ],
    "454": [
        938,
        "showerhead"
    ],
    "455": [
        925,
        "sink"
    ],
    "457": [
        657,
        "decoration"
    ],
    "458": [
        517,
        "pillow"
    ],
    "459": [
        297,
        "closet_door"
    ],
    "462": [
        141,
        "picture"
    ],
    "463": [
        740,
        "picture"
    ],
    "464": [
        799,
        "picture"
    ],
    "465": [
        924,
        "bottle_of_detergent"
    ],
    "466": [
        462,
        "decoration"
    ],
    "467": [
        7,
        "curtain_rod"
    ],
    "470": [
        689,
        "picture"
    ],
    "471": [
        298,
        "lamp"
    ],
    "472": [
        147,
        "machine"
    ],
    "473": [
        935,
        "door"
    ],
    "474": [
        681,
        "lamp"
    ],
    "475": [
        776,
        "bottle_of_detergent"
    ],
    "476": [
        688,
        "window"
    ],
    "477": [
        340,
        "side_table"
    ],
    "478": [
        435,
        "book"
    ],
    "479": [
        616,
        "chair"
    ],
    "480": [
        798,
        "picture"
    ],
    "481": [
        542,
        "lamp"
    ],
    "482": [
        309,
        "cosmetics"
    ],
    "484": [
        105,
        "picture"
    ],
    "485": [
        634,
        "picture"
    ],
    "486": [
        698,
        "plant"
    ],
    "487": [
        873,
        "decoration"
    ],
    "488": [
        453,
        "book"
    ],
    "489": [
        540,
        "carpet"
    ],
    "491": [
        229,
        "towel"
    ],
    "494": [
        478,
        "picture"
    ],
    "495": [
        872,
        "decoration"
    ],
    "496": [
        283,
        "towel"
    ],
    "498": [
        636,
        "sculpture"
    ],
    "499": [
        802,
        "picture"
    ],
    "503": [
        219,
        "towel"
    ],
    "504": [
        203,
        "lamp"
    ],
    "505": [
        431,
        "book"
    ],
    "506": [
        784,
        "basket"
    ],
    "508": [
        55,
        "couch"
    ],
    "513": [
        476,
        "picture"
    ],
    "514": [
        58,
        "pillow"
    ],
    "515": [
        869,
        "wall_hanging_decoration"
    ],
    "516": [
        449,
        "decoration"
    ],
    "517": [
        618,
        "chair"
    ],
    "518": [
        692,
        "picture"
    ],
    "519": [
        45,
        "lamp"
    ],
    "520": [
        827,
        "picture"
    ],
    "523": [
        39,
        "pillow"
    ],
    "524": [
        406,
        "curtain"
    ],
    "528": [
        888,
        "wall_hanging_decoration"
    ],
    "529": [
        723,
        "fridge"
    ],
    "530": [
        124,
        "bed"
    ],
    "531": [
        289,
        "pillow"
    ],
    "532": [
        142,
        "glass"
    ],
    "533": [
        754,
        "plant"
    ],
    "534": [
        820,
        "wall_hanging_decoration"
    ],
    "537": [
        236,
        "couch"
    ],
    "539": [
        881,
        "wall_hanging_decoration"
    ],
    "541": [
        41,
        "pillow"
    ],
    "542": [
        841,
        "box"
    ],
    "543": [
        865,
        "carpet"
    ],
    "547": [
        19,
        "hanger"
    ],
    "549": [
        130,
        "towel"
    ],
    "552": [
        917,
        "mirror"
    ],
    "553": [
        467,
        "decoration"
    ],
    "554": [
        320,
        "toilet"
    ],
    "557": [
        210,
        "decoration"
    ],
    "559": [
        647,
        "stack_of_plates"
    ],
    "560": [
        661,
        "bottles_of_wine"
    ],
    "561": [
        702,
        "brush"
    ],
    "562": [
        691,
        "picture"
    ],
    "563": [
        836,
        "pot"
    ],
    "566": [
        744,
        "utensil"
    ],
    "567": [
        429,
        "book"
    ],
    "568": [
        408,
        "window"
    ],
    "569": [
        179,
        "trashcan"
    ],
    "570": [
        649,
        "stack_of_plates"
    ],
    "571": [
        715,
        "kitchen_cabinet"
    ],
    "573": [
        16,
        "closet"
    ],
    "575": [
        509,
        "pillow"
    ],
    "576": [
        920,
        "hanger"
    ],
    "578": [
        155,
        "sink"
    ],
    "579": [
        457,
        "decoration"
    ],
    "580": [
        837,
        "kitchen_decoration"
    ],
    "581": [
        173,
        "lamp"
    ],
    "582": [
        722,
        "kitchen_utensil"
    ],
    "583": [
        890,
        "picture"
    ],
    "585": [
        353,
        "pillow"
    ],
    "586": [
        653,
        "wall_hanging_decoration"
    ],
    "590": [
        633,
        "sculpture"
    ],
    "591": [
        108,
        "wall_hanging_decoration"
    ],
    "594": [
        500,
        "decoration"
    ],
    "595": [
        719,
        "cup"
    ],
    "598": [
        61,
        "bed"
    ],
    "600": [
        880,
        "wall_hanging_decoration"
    ],
    "601": [
        845,
        "jar"
    ],
    "603": [
        144,
        "mirror"
    ],
    "604": [
        114,
        "stand"
    ],
    "605": [
        483,
        "box"
    ],
    "606": [
        524,
        "bench"
    ],
    "608": [
        734,
        "picture"
    ],
    "609": [
        804,
        "picture"
    ],
    "611": [
        42,
        "lamp"
    ],
    "614": [
        272,
        "bottle"
    ],
    "615": [
        594,
        "picture"
    ],
    "617": [
        743,
        "wall_hanging_decoration"
    ],
    "619": [
        521,
        "blanket"
    ],
    "620": [
        156,
        "soap"
    ],
    "621": [
        441,
        "decoration"
    ],
    "622": [
        92,
        "plant"
    ],
    "623": [
        396,
        "decoration"
    ],
    "625": [
        439,
        "picture"
    ],
    "626": [
        484,
        "pillow"
    ],
    "627": [
        640,
        "picture"
    ],
    "629": [
        350,
        "bunk_bed"
    ],
    "630": [
        364,
        "carpet"
    ],
    "631": [
        138,
        "window"
    ],
    "632": [
        446,
        "book"
    ],
    "634": [
        379,
        "picture"
    ],
    "635": [
        677,
        "lamp"
    ],
    "637": [
        227,
        "bed"
    ],
    "638": [
        211,
        "box"
    ],
    "639": [
        109,
        "lamp"
    ],
    "640": [
        514,
        "pillow"
    ],
    "641": [
        794,
        "kitchen_utensil"
    ],
    "643": [
        710,
        "kitchen_cabinet"
    ],
    "644": [
        781,
        "side_table"
    ],
    "646": [
        847,
        "jar"
    ],
    "647": [
        595,
        "side_table"
    ],
    "648": [
        32,
        "bed"
    ],
    "650": [
        622,
        "chair"
    ],
    "651": [
        380,
        "lamp"
    ],
    "652": [
        67,
        "nightstand"
    ],
    "655": [
        239,
        "window"
    ],
    "658": [
        663,
        "decoration"
    ],
    "661": [
        310,
        "cosmetics"
    ],
    "664": [
        931,
        "trashcan"
    ],
    "665": [
        650,
        "stack_of_plates"
    ],
    "668": [
        488,
        "picture"
    ],
    "669": [
        280,
        "bed"
    ],
    "670": [
        300,
        "towel"
    ],
    "671": [
        223,
        "lamp"
    ],
    "672": [
        617,
        "table"
    ],
    "673": [
        312,
        "cosmetics"
    ],
    "674": [
        159,
        "hair_dryer"
    ],
    "675": [
        303,
        "toilet_paper_dispenser"
    ],
    "676": [
        311,
        "sink"
    ],
    "677": [
        472,
        "picture"
    ],
    "678": [
        717,
        "kitchen_cabinet"
    ],
    "679": [
        755,
        "side_table"
    ],
    "680": [
        127,
        "pillow"
    ],
    "681": [
        266,
        "lamp"
    ],
    "682": [
        701,
        "soap_dispenser"
    ],
    "683": [
        444,
        "can"
    ],
    "684": [
        263,
        "nightstand"
    ],
    "686": [
        607,
        "wall_hanging_decoration"
    ],
    "688": [
        139,
        "stool"
    ],
    "689": [
        791,
        "kettle"
    ],
    "692": [
        86,
        "bench"
    ],
    "693": [
        623,
        "chair"
    ],
    "694": [
        918,
        "switch"
    ],
    "696": [
        215,
        "chair"
    ],
    "697": [
        690,
        "picture"
    ],
    "698": [
        385,
        "bed"
    ],
    "700": [
        927,
        "sink"
    ],
    "701": [
        479,
        "picture"
    ],
    "702": [
        168,
        "shower_curtain"
    ],
    "703": [
        424,
        "chess"
    ],
    "704": [
        273,
        "side_table"
    ],
    "705": [
        382,
        "frame"
    ],
    "706": [
        224,
        "lamp"
    ],
    "707": [
        586,
        "carpet"
    ],
    "708": [
        24,
        "mirror"
    ],
    "709": [
        666,
        "decoration"
    ],
    "710": [
        758,
        "teapot"
    ],
    "711": [
        643,
        "vase"
    ],
    "712": [
        60,
        "towel"
    ],
    "714": [
        589,
        "picture"
    ],
    "715": [
        697,
        "plant"
    ],
    "716": [
        805,
        "window"
    ],
    "717": [
        706,
        "kitchen_utensil"
    ],
    "719": [
        819,
        "wall_hanging_decoration"
    ],
    "720": [
        864,
        "carpet"
    ],
    "721": [
        425,
        "decoration"
    ],
    "724": [
        795,
        "kitchen_utensil"
    ],
    "725": [
        874,
        "decoration"
    ],
    "726": [
        102,
        "picture"
    ],
    "727": [
        345,
        "closet"
    ],
    "729": [
        816,
        "wall_hanging_decoration"
    ],
    "730": [
        328,
        "lamp"
    ],
    "731": [
        790,
        "kitchen_utensil"
    ],
    "732": [
        47,
        "bench"
    ],
    "734": [
        434,
        "book"
    ],
    "735": [
        136,
        "curtain_rod"
    ],
    "736": [
        809,
        "picture"
    ],
    "737": [
        322,
        "bathtub"
    ],
    "738": [
        693,
        "picture"
    ],
    "739": [
        525,
        "bench"
    ],
    "743": [
        228,
        "towel"
    ],
    "744": [
        422,
        "book"
    ],
    "745": [
        145,
        "door"
    ],
    "746": [
        243,
        "door"
    ],
    "748": [
        349,
        "lamp"
    ],
    "749": [
        604,
        "wall_hanging_decoration"
    ],
    "750": [
        662,
        "decoration"
    ],
    "751": [
        612,
        "vase"
    ],
    "752": [
        286,
        "pillow"
    ],
    "754": [
        801,
        "picture"
    ],
    "755": [
        516,
        "pillow"
    ],
    "756": [
        652,
        "lamp"
    ],
    "758": [
        381,
        "nightstand"
    ],
    "761": [
        295,
        "frame"
    ],
    "762": [
        160,
        "decoration"
    ],
    "763": [
        232,
        "pillow"
    ],
    "764": [
        287,
        "pillow"
    ],
    "765": [
        442,
        "book"
    ],
    "766": [
        626,
        "plant"
    ],
    "770": [
        369,
        "hanger"
    ],
    "771": [
        792,
        "toaster"
    ],
    "776": [
        495,
        "door"
    ],
    "777": [
        783,
        "basket"
    ],
    "778": [
        34,
        "towel"
    ],
    "779": [
        390,
        "plant"
    ],
    "780": [
        330,
        "wall_hanging_decoration"
    ],
    "781": [
        75,
        "curtain_rod"
    ],
    "782": [
        668,
        "window"
    ],
    "783": [
        782,
        "kitchen_utensil"
    ],
    "784": [
        505,
        "newspaper"
    ],
    "785": [
        386,
        "pillow"
    ],
    "786": [
        904,
        "alarm"
    ],
    "787": [
        208,
        "shelving"
    ],
    "788": [
        771,
        "kitchen_utensil"
    ],
    "789": [
        336,
        "clock"
    ],
    "790": [
        464,
        "decoration"
    ],
    "791": [
        611,
        "wall_hanging_decoration"
    ],
    "792": [
        507,
        "pillow"
    ],
    "794": [
        815,
        "wall_hanging_decoration"
    ],
    "795": [
        33,
        "towel"
    ],
    "797": [
        59,
        "towel"
    ],
    "799": [
        165,
        "door"
    ],
    "800": [
        407,
        "curtain"
    ],
    "801": [
        588,
        "picture"
    ],
    "805": [
        506,
        "pillow"
    ],
    "806": [
        234,
        "pillow"
    ],
    "807": [
        140,
        "desk"
    ],
    "808": [
        600,
        "wall_hanging_decoration"
    ],
    "809": [
        871,
        "side_table"
    ],
    "810": [
        316,
        "trashcan"
    ],
    "811": [
        255,
        "hanger"
    ],
    "812": [
        377,
        "picture"
    ],
    "816": [
        750,
        "trashcan"
    ],
    "817": [
        825,
        "picture"
    ],
    "818": [
        899,
        "lamp"
    ],
    "819": [
        777,
        "kitchen_utensil"
    ],
    "820": [
        275,
        "hanger"
    ],
    "821": [
        642,
        "cabinet"
    ],
    "822": [
        764,
        "cup"
    ],
    "823": [
        923,
        "box"
    ],
    "824": [
        769,
        "plate_of_food"
    ],
    "825": [
        397,
        "trashcan"
    ],
    "826": [
        394,
        "lamp"
    ],
    "829": [
        605,
        "wall_hanging_decoration"
    ],
    "830": [
        235,
        "pillow"
    ],
    "831": [
        3,
        "window"
    ],
    "832": [
        451,
        "book"
    ],
    "833": [
        421,
        "shelving"
    ],
    "834": [
        30,
        "bottle"
    ],
    "835": [
        388,
        "blanket"
    ],
    "836": [
        599,
        "wall_hanging_decoration"
    ],
    "837": [
        772,
        "kitchen_utensil"
    ],
    "838": [
        610,
        "wall_hanging_decoration"
    ],
    "840": [
        259,
        "curtain"
    ],
    "841": [
        875,
        "box"
    ],
    "842": [
        43,
        "nightstand"
    ],
    "843": [
        220,
        "towel"
    ],
    "844": [
        332,
        "wall_hanging_decoration"
    ],
    "845": [
        445,
        "can"
    ],
    "846": [
        893,
        "fire_extinguisher"
    ],
    "847": [
        93,
        "pot"
    ],
    "848": [
        498,
        "book"
    ],
    "849": [
        624,
        "chair"
    ],
    "850": [
        305,
        "mirror"
    ],
    "851": [
        411,
        "carpet"
    ],
    "852": [
        491,
        "lamp"
    ],
    "854": [
        131,
        "towel"
    ],
    "855": [
        803,
        "picture"
    ],
    "856": [
        22,
        "hanger"
    ],
    "857": [
        530,
        "window"
    ],
    "858": [
        885,
        "wall_hanging_decoration"
    ],
    "861": [
        121,
        "box"
    ],
    "862": [
        318,
        "plant"
    ],
    "863": [
        487,
        "picture"
    ],
    "864": [
        512,
        "pillow"
    ],
    "866": [
        26,
        "door"
    ],
    "867": [
        293,
        "door"
    ],
    "869": [
        73,
        "window"
    ],
    "871": [
        596,
        "door"
    ],
    "873": [
        742,
        "picture"
    ],
    "874": [
        504,
        "bed"
    ],
    "875": [
        944,
        "lamp"
    ],
    "879": [
        817,
        "wall_hanging_decoration"
    ],
    "880": [
        945,
        "trashcan"
    ],
    "881": [
        603,
        "wall_hanging_decoration"
    ],
    "882": [
        694,
        "picture"
    ],
    "883": [
        214,
        "box"
    ],
    "884": [
        515,
        "pillow"
    ],
    "886": [
        355,
        "clock"
    ],
    "887": [
        87,
        "pillow"
    ],
    "888": [
        418,
        "hat"
    ],
    "890": [
        787,
        "table_cloth"
    ],
    "891": [
        339,
        "hanger"
    ],
    "892": [
        257,
        "hanger"
    ],
    "893": [
        400,
        "closet_door"
    ],
    "895": [
        842,
        "jar"
    ],
    "897": [
        519,
        "pillow"
    ],
    "898": [
        922,
        "bathroom_counter"
    ],
    "899": [
        861,
        "door"
    ],
    "900": [
        511,
        "pillow"
    ],
    "901": [
        882,
        "wall_hanging_decoration"
    ],
    "902": [
        708,
        "dishwasher"
    ],
    "903": [
        372,
        "side_table"
    ],
    "904": [
        695,
        "picture"
    ],
    "905": [
        250,
        "carpet"
    ],
    "906": [
        389,
        "side_table"
    ],
    "907": [
        29,
        "picture"
    ],
    "908": [
        241,
        "nightstand"
    ],
    "909": [
        398,
        "closet_door"
    ],
    "910": [
        72,
        "curtain"
    ],
    "911": [
        954,
        "lamp"
    ],
    "916": [
        835,
        "bottles_of_wine"
    ],
    "918": [
        912,
        "door"
    ],
    "919": [
        225,
        "speaker"
    ],
    "920": [
        458,
        "decoration"
    ],
    "921": [
        111,
        "nightstand"
    ],
    "922": [
        270,
        "glass"
    ],
    "923": [
        629,
        "table"
    ],
    "924": [
        833,
        "box"
    ],
    "925": [
        844,
        "jar"
    ],
    "926": [
        852,
        "lamp"
    ],
    "928": [
        238,
        "curtain_rod"
    ],
    "929": [
        313,
        "sink_pipe"
    ],
    "930": [
        443,
        "decoration"
    ],
    "931": [
        767,
        "kitchen_decoration"
    ],
    "932": [
        85,
        "box"
    ],
    "933": [
        104,
        "picture"
    ],
    "937": [
        35,
        "bed"
    ],
    "939": [
        271,
        "glass"
    ],
    "940": [
        447,
        "decoration"
    ],
    "941": [
        217,
        "pillow"
    ],
    "942": [
        23,
        "decoration"
    ],
    "943": [
        849,
        "book"
    ],
    "944": [
        619,
        "chair"
    ],
    "945": [
        762,
        "cup"
    ],
    "946": [
        669,
        "window"
    ],
    "947": [
        811,
        "picture"
    ],
    "948": [
        533,
        "plant"
    ],
    "949": [
        667,
        "decoration"
    ],
    "951": [
        50,
        "lamp"
    ],
    "952": [
        359,
        "curtain"
    ],
    "953": [
        627,
        "plant"
    ],
    "954": [
        94,
        "stand"
    ],
    "955": [
        463,
        "decoration"
    ],
    "956": [
        129,
        "bed"
    ],
    "957": [
        609,
        "wall_hanging_decoration"
    ],
    "958": [
        358,
        "curtain"
    ],
    "959": [
        900,
        "ventilation"
    ],
    "960": [
        230,
        "towel"
    ],
    "962": [
        110,
        "lamp"
    ]
}