{
    "4": [
        242,
        "wall_board"
    ],
    "5": [
        186,
        "pillow"
    ],
    "6": [
        66,
        "wall_board"
    ],
    "11": [
        243,
        "wall_board"
    ],
    "13": [
        31,
        "cabinet"
    ],
    "14": [
        129,
        "armchair"
    ],
    "16": [
        69,
        "wall_board"
    ],
    "18": [
        75,
        "wall_board"
    ],
    "19": [
        174,
        "armchair"
    ],
    "20": [
        99,
        "shelf"
    ],
    "22": [
        204,
        "wall_board"
    ],
    "23": [
        314,
        "chair"
    ],
    "24": [
        283,
        "toilet_paper"
    ],
    "32": [
        175,
        "table"
    ],
    "34": [
        41,
        "pillow"
    ],
    "39": [
        148,
        "door"
    ],
    "40": [
        107,
        "curtain"
    ],
    "43": [
        214,
        "curtain"
    ],
    "44": [
        202,
        "wall_board"
    ],
    "45": [
        184,
        "bed"
    ],
    "51": [
        102,
        "door"
    ],
    "53": [
        210,
        "cabinet"
    ],
    "54": [
        126,
        "lamp"
    ],
    "56": [
        256,
        "trashcan"
    ],
    "57": [
        98,
        "shelf"
    ],
    "58": [
        29,
        "table"
    ],
    "64": [
        100,
        "shelf"
    ],
    "66": [
        276,
        "lamp"
    ],
    "70": [
        93,
        "shelf___cabinet"
    ],
    "71": [
        86,
        "wall_board"
    ],
    "74": [
        105,
        "mirror"
    ],
    "77": [
        244,
        "device"
    ],
    "78": [
        92,
        "shelf___cabinet"
    ],
    "79": [
        124,
        "curtain"
    ],
    "80": [
        212,
        "cabinet"
    ],
    "81": [
        81,
        "wall_board"
    ],
    "82": [
        208,
        "wall_board"
    ],
    "83": [
        71,
        "wall_board"
    ],
    "84": [
        291,
        "bathtub"
    ],
    "85": [
        318,
        "lamp"
    ],
    "86": [
        241,
        "wall_board"
    ],
    "88": [
        70,
        "wall_board"
    ],
    "90": [
        313,
        "chair"
    ],
    "91": [
        171,
        "painting"
    ],
    "94": [
        187,
        "pillow"
    ],
    "96": [
        133,
        "table"
    ],
    "97": [
        45,
        "table"
    ],
    "100": [
        142,
        "toilet_paper"
    ],
    "102": [
        236,
        "wall_board"
    ],
    "106": [
        97,
        "table"
    ],
    "107": [
        132,
        "armchair"
    ],
    "108": [
        215,
        "window"
    ],
    "109": [
        199,
        "wall_board"
    ],
    "111": [
        315,
        "dumbbell"
    ],
    "114": [
        79,
        "wall_board"
    ],
    "116": [
        203,
        "wall_board"
    ],
    "123": [
        231,
        "wall_board"
    ],
    "124": [
        282,
        "toilet"
    ],
    "128": [
        198,
        "lamp"
    ],
    "129": [
        221,
        "wardrobe"
    ],
    "130": [
        44,
        "lamp"
    ],
    "131": [
        185,
        "pillow"
    ],
    "133": [
        26,
        "painting"
    ],
    "137": [
        230,
        "wall_board"
    ],
    "138": [
        311,
        "door"
    ],
    "139": [
        229,
        "wall_board"
    ],
    "141": [
        302,
        "towel"
    ],
    "142": [
        228,
        "wall_board"
    ],
    "146": [
        226,
        "wall_board"
    ],
    "150": [
        235,
        "wall_board"
    ],
    "151": [
        277,
        "lamp"
    ],
    "152": [
        83,
        "wall_board"
    ],
    "155": [
        116,
        "device"
    ],
    "159": [
        309,
        "ceiling_lamp"
    ],
    "163": [
        287,
        "towel"
    ],
    "167": [
        237,
        "wall_board"
    ],
    "173": [
        76,
        "wall_board"
    ],
    "174": [
        89,
        "window"
    ],
    "175": [
        94,
        "mirror"
    ],
    "176": [
        295,
        "towel"
    ],
    "177": [
        192,
        "door"
    ],
    "178": [
        249,
        "mirror"
    ],
    "179": [
        297,
        "shower_door"
    ],
    "180": [
        141,
        "toilet"
    ],
    "181": [
        285,
        "ceiling_lamp"
    ],
    "182": [
        36,
        "couch"
    ],
    "183": [
        180,
        "table"
    ],
    "184": [
        182,
        "lamp"
    ],
    "185": [
        39,
        "pillow"
    ],
    "189": [
        56,
        "door"
    ],
    "190": [
        209,
        "wall_board"
    ],
    "191": [
        72,
        "wall_board"
    ],
    "192": [
        28,
        "armchair"
    ],
    "195": [
        65,
        "wall_board"
    ],
    "196": [
        200,
        "wall_board"
    ],
    "199": [
        35,
        "trashcan"
    ],
    "200": [
        306,
        "ceiling_lamp"
    ],
    "202": [
        274,
        "sink_cabinet"
    ],
    "203": [
        77,
        "wall_board"
    ],
    "204": [
        91,
        "shelf___cabinet"
    ],
    "205": [
        289,
        "towel_bar"
    ],
    "206": [
        307,
        "ceiling_lamp"
    ],
    "208": [
        118,
        "lamp"
    ],
    "211": [
        240,
        "wall_board"
    ],
    "213": [
        213,
        "lamp"
    ],
    "214": [
        73,
        "wall_board"
    ],
    "217": [
        222,
        "mirror"
    ],
    "218": [
        40,
        "pillow"
    ],
    "219": [
        151,
        "lamp"
    ],
    "220": [
        219,
        "door"
    ],
    "223": [
        233,
        "wall_board"
    ],
    "224": [
        303,
        "handbag"
    ],
    "226": [
        197,
        "window"
    ],
    "227": [
        308,
        "ceiling_lamp"
    ],
    "232": [
        87,
        "wall_board"
    ],
    "235": [
        298,
        "towel"
    ],
    "238": [
        78,
        "wall_board"
    ],
    "239": [
        37,
        "pillow"
    ],
    "240": [
        181,
        "alarm_clock"
    ],
    "241": [
        238,
        "wall_board"
    ],
    "242": [
        290,
        "towel"
    ],
    "244": [
        239,
        "wall_board"
    ],
    "247": [
        32,
        "cabinet"
    ],
    "253": [
        201,
        "wall_board"
    ],
    "255": [
        207,
        "wall_board"
    ],
    "258": [
        232,
        "wall_board"
    ],
    "261": [
        301,
        "towel_bar"
    ],
    "262": [
        312,
        "table"
    ],
    "266": [
        82,
        "wall_board"
    ],
    "268": [
        189,
        "table"
    ],
    "269": [
        286,
        "ventilation"
    ],
    "274": [
        292,
        "bath_faucet"
    ],
    "276": [
        191,
        "lamp"
    ],
    "279": [
        34,
        "tv"
    ],
    "280": [
        172,
        "painting"
    ],
    "281": [
        205,
        "wall_board"
    ],
    "283": [
        234,
        "wall_board"
    ],
    "286": [
        43,
        "lamp"
    ],
    "287": [
        60,
        "wall_board"
    ],
    "290": [
        211,
        "tv"
    ],
    "291": [
        317,
        "showerhead"
    ],
    "292": [
        245,
        "laundry_basket"
    ],
    "293": [
        90,
        "curtain"
    ],
    "295": [
        183,
        "sofa_seat"
    ],
    "296": [
        33,
        "mirror"
    ],
    "298": [
        288,
        "towel"
    ],
    "299": [
        173,
        "painting"
    ],
    "301": [
        127,
        "armchair"
    ],
    "302": [
        128,
        "armchair"
    ],
    "303": [
        150,
        "lamp"
    ],
    "304": [
        227,
        "wall_board"
    ],
    "306": [
        38,
        "pillow"
    ],
    "307": [
        68,
        "wall_board"
    ],
    "308": [
        42,
        "table"
    ],
    "309": [
        190,
        "telephone"
    ],
    "311": [
        143,
        "sink_cabinet"
    ],
    "316": [
        188,
        "pillow"
    ],
    "317": [
        27,
        "painting"
    ],
    "318": [
        74,
        "wall_board"
    ]
}