{
    "2": [
        317,
        "photo_mount"
    ],
    "4": [
        388,
        "door"
    ],
    "5": [
        595,
        "paper"
    ],
    "8": [
        649,
        "lamp"
    ],
    "9": [
        700,
        "ventilation"
    ],
    "10": [
        813,
        "faucet"
    ],
    "12": [
        28,
        "photo_mount"
    ],
    "13": [
        38,
        "lamp"
    ],
    "20": [
        911,
        "pillow"
    ],
    "23": [
        237,
        "cabinet_door"
    ],
    "24": [
        485,
        "faucet"
    ],
    "26": [
        536,
        "chest_of_drawer"
    ],
    "28": [
        537,
        "bedside_cabinet"
    ],
    "31": [
        226,
        "ornament"
    ],
    "32": [
        501,
        "lamp"
    ],
    "33": [
        263,
        "cabinet_drawer"
    ],
    "35": [
        530,
        "ceiling_fan"
    ],
    "37": [
        863,
        "paper"
    ],
    "40": [
        13,
        "toilet"
    ],
    "41": [
        236,
        "kitchen_countertop_item"
    ],
    "44": [
        414,
        "remote_control"
    ],
    "47": [
        129,
        "plant"
    ],
    "50": [
        533,
        "chair"
    ],
    "52": [
        753,
        "wash_cabinet"
    ],
    "54": [
        253,
        "cabinet_door"
    ],
    "55": [
        288,
        "hand_cloth"
    ],
    "57": [
        720,
        "dumbbell"
    ],
    "58": [
        222,
        "window_glass"
    ],
    "62": [
        154,
        "window_glass"
    ],
    "63": [
        564,
        "drawer"
    ],
    "66": [
        204,
        "lamp"
    ],
    "69": [
        350,
        "table_cloth"
    ],
    "71": [
        654,
        "lamp"
    ],
    "75": [
        279,
        "cabinet_door"
    ],
    "77": [
        115,
        "backpack"
    ],
    "78": [
        367,
        "photo_mount"
    ],
    "79": [
        285,
        "sink"
    ],
    "80": [
        668,
        "door"
    ],
    "81": [
        177,
        "stove"
    ],
    "83": [
        531,
        "door"
    ],
    "85": [
        844,
        "door"
    ],
    "91": [
        920,
        "kitchen_appliance"
    ],
    "92": [
        606,
        "shelf___cabinet"
    ],
    "93": [
        274,
        "lamp"
    ],
    "95": [
        73,
        "chandelier"
    ],
    "96": [
        651,
        "lamp"
    ],
    "98": [
        242,
        "cabinet_door"
    ],
    "99": [
        328,
        "chimney"
    ],
    "100": [
        311,
        "side_table"
    ],
    "101": [
        401,
        "backpack"
    ],
    "102": [
        113,
        "backpack"
    ],
    "103": [
        330,
        "lamp"
    ],
    "104": [
        707,
        "paper"
    ],
    "110": [
        382,
        "painting"
    ],
    "111": [
        836,
        "desk"
    ],
    "113": [
        249,
        "cabinet_door"
    ],
    "114": [
        496,
        "towel_bar"
    ],
    "116": [
        856,
        "pillow"
    ],
    "118": [
        45,
        "side_table"
    ],
    "119": [
        56,
        "plant"
    ],
    "122": [
        788,
        "showerhead"
    ],
    "129": [
        340,
        "decoration"
    ],
    "131": [
        17,
        "towel"
    ],
    "132": [
        456,
        "wash_cabinet"
    ],
    "133": [
        343,
        "decorative_plant"
    ],
    "134": [
        344,
        "pile_of_magazines"
    ],
    "136": [
        921,
        "kitchen_appliance"
    ],
    "137": [
        406,
        "magazine"
    ],
    "138": [
        426,
        "drawer"
    ],
    "140": [
        35,
        "mirror"
    ],
    "141": [
        283,
        "drawer"
    ],
    "142": [
        316,
        "photo_mount"
    ],
    "144": [
        390,
        "photo_mount"
    ],
    "146": [
        15,
        "side_table"
    ],
    "147": [
        790,
        "ventilation"
    ],
    "150": [
        436,
        "ventilation"
    ],
    "151": [
        598,
        "papers"
    ],
    "152": [
        495,
        "bathroom_utensil"
    ],
    "154": [
        384,
        "window_shade"
    ],
    "155": [
        400,
        "chest_of_drawers"
    ],
    "158": [
        433,
        "drawer"
    ],
    "160": [
        570,
        "toy"
    ],
    "165": [
        325,
        "lamp"
    ],
    "167": [
        412,
        "drawer"
    ],
    "168": [
        563,
        "drawer"
    ],
    "170": [
        425,
        "drawer"
    ],
    "171": [
        484,
        "washbasin"
    ],
    "172": [
        342,
        "table_cloth"
    ],
    "173": [
        383,
        "window_shade"
    ],
    "175": [
        757,
        "faucet"
    ],
    "178": [
        464,
        "lamp"
    ],
    "180": [
        608,
        "desk"
    ],
    "181": [
        42,
        "door"
    ],
    "185": [
        258,
        "cabinet_door"
    ],
    "186": [
        10,
        "mirror"
    ],
    "187": [
        616,
        "book"
    ],
    "188": [
        617,
        "laptop"
    ],
    "190": [
        752,
        "lamp"
    ],
    "191": [
        386,
        "chest_of_drawers"
    ],
    "193": [
        55,
        "plant"
    ],
    "194": [
        862,
        "book"
    ],
    "195": [
        221,
        "laptop"
    ],
    "196": [
        503,
        "ventilation"
    ],
    "198": [
        251,
        "cabinet_door"
    ],
    "199": [
        664,
        "box"
    ],
    "200": [
        453,
        "door"
    ],
    "202": [
        725,
        "plush_toy"
    ],
    "205": [
        202,
        "door"
    ],
    "206": [
        859,
        "holy_cross"
    ],
    "207": [
        304,
        "pouffe"
    ],
    "211": [
        124,
        "door"
    ],
    "212": [
        385,
        "window_shade"
    ],
    "213": [
        538,
        "secretary"
    ],
    "215": [
        481,
        "bathroom_utensil"
    ],
    "216": [
        417,
        "remote_control"
    ],
    "218": [
        186,
        "chair"
    ],
    "223": [
        173,
        "kitchen_counter"
    ],
    "224": [
        607,
        "chair"
    ],
    "226": [
        851,
        "drawer"
    ],
    "227": [
        717,
        "remote_control"
    ],
    "229": [
        722,
        "pillow"
    ],
    "230": [
        164,
        "chair"
    ],
    "232": [
        241,
        "cabinet_door"
    ],
    "234": [
        334,
        "lamp"
    ],
    "236": [
        762,
        "drawer"
    ],
    "237": [
        355,
        "remote_control"
    ],
    "238": [
        913,
        "trashcan"
    ],
    "239": [
        296,
        "door"
    ],
    "240": [
        815,
        "bathroom_accessory"
    ],
    "242": [
        306,
        "support_beam"
    ],
    "243": [
        420,
        "drawer"
    ],
    "246": [
        663,
        "remote_control"
    ],
    "248": [
        724,
        "box"
    ],
    "249": [
        480,
        "bathroom_utensil"
    ],
    "250": [
        657,
        "drawer"
    ],
    "252": [
        513,
        "bathroom_utensil"
    ],
    "253": [
        741,
        "lamp"
    ],
    "254": [
        466,
        "bathroom_utensil"
    ],
    "256": [
        361,
        "photo_mount"
    ],
    "260": [
        141,
        "door"
    ],
    "263": [
        614,
        "door"
    ],
    "264": [
        475,
        "cabinet_door"
    ],
    "265": [
        326,
        "sofa"
    ],
    "266": [
        216,
        "cloth_hanger"
    ],
    "269": [
        398,
        "bed"
    ],
    "270": [
        584,
        "toy"
    ],
    "271": [
        490,
        "cabinet_door"
    ],
    "273": [
        615,
        "window_shade"
    ],
    "275": [
        849,
        "drawer"
    ],
    "277": [
        281,
        "drawer"
    ],
    "279": [
        647,
        "tv_stand"
    ],
    "280": [
        284,
        "faucet"
    ],
    "281": [
        696,
        "drawer"
    ],
    "282": [
        515,
        "soap_bottle"
    ],
    "283": [
        910,
        "pillow"
    ],
    "284": [
        655,
        "lamp"
    ],
    "287": [
        203,
        "lamp"
    ],
    "290": [
        128,
        "window_shade"
    ],
    "292": [
        697,
        "drawer"
    ],
    "299": [
        31,
        "door"
    ],
    "301": [
        333,
        "lamp"
    ],
    "304": [
        149,
        "trashcan"
    ],
    "305": [
        259,
        "cabinet_drawer"
    ],
    "306": [
        470,
        "washbasin"
    ],
    "308": [
        833,
        "bag"
    ],
    "310": [
        264,
        "cabinet_drawer"
    ],
    "312": [
        786,
        "bathroom_shelf"
    ],
    "313": [
        914,
        "pillow"
    ],
    "314": [
        246,
        "cabinet_door"
    ],
    "315": [
        228,
        "book"
    ],
    "316": [
        759,
        "towel_bar"
    ],
    "317": [
        830,
        "door"
    ],
    "321": [
        704,
        "book"
    ],
    "322": [
        754,
        "towel"
    ],
    "323": [
        766,
        "washbasin"
    ],
    "325": [
        238,
        "cabinet_door"
    ],
    "326": [
        364,
        "holy_cross"
    ],
    "327": [
        745,
        "door"
    ],
    "328": [
        250,
        "cabinet_door"
    ],
    "331": [
        336,
        "mirror"
    ],
    "332": [
        74,
        "chair"
    ],
    "333": [
        150,
        "vacuum_cleaner"
    ],
    "334": [
        171,
        "oven"
    ],
    "335": [
        293,
        "doormat"
    ],
    "336": [
        266,
        "cabinet_drawer"
    ],
    "340": [
        857,
        "pillow"
    ],
    "341": [
        320,
        "side_table"
    ],
    "342": [
        719,
        "book"
    ],
    "344": [
        452,
        "mirror"
    ],
    "345": [
        578,
        "decoration"
    ],
    "346": [
        478,
        "bathroom_utensil"
    ],
    "347": [
        721,
        "box"
    ],
    "349": [
        791,
        "toilet_brush_holder"
    ],
    "350": [
        54,
        "side_table"
    ],
    "351": [
        403,
        "ventilation"
    ],
    "352": [
        44,
        "ornament"
    ],
    "355": [
        574,
        "pillow"
    ],
    "357": [
        866,
        "lamp"
    ],
    "358": [
        694,
        "drawer"
    ],
    "360": [
        726,
        "picture"
    ],
    "361": [
        583,
        "box"
    ],
    "364": [
        804,
        "towel_bar"
    ],
    "367": [
        286,
        "washing_stuff"
    ],
    "369": [
        133,
        "stool"
    ],
    "371": [
        688,
        "chest_of_drawers"
    ],
    "372": [
        646,
        "window_shade"
    ],
    "376": [
        778,
        "curtain"
    ],
    "377": [
        802,
        "wash_cabinet"
    ],
    "378": [
        295,
        "door"
    ],
    "382": [
        534,
        "bedside_table"
    ],
    "384": [
        782,
        "toilet_brush"
    ],
    "389": [
        684,
        "door"
    ],
    "390": [
        869,
        "book"
    ],
    "396": [
        699,
        "decoration"
    ],
    "398": [
        473,
        "cabinet_drawer"
    ],
    "399": [
        429,
        "drawer"
    ],
    "401": [
        660,
        "electrical_box"
    ],
    "402": [
        619,
        "drawer"
    ],
    "403": [
        579,
        "stack_of_papers"
    ],
    "404": [
        395,
        "trashcan"
    ],
    "406": [
        276,
        "cabinet_door"
    ],
    "407": [
        341,
        "photo_mount"
    ],
    "409": [
        645,
        "piano_stool"
    ],
    "411": [
        351,
        "magazine"
    ],
    "412": [
        163,
        "chair"
    ],
    "413": [
        742,
        "lamp"
    ],
    "414": [
        196,
        "lamp"
    ],
    "415": [
        393,
        "door"
    ],
    "417": [
        116,
        "clock"
    ],
    "419": [
        585,
        "toy"
    ],
    "421": [
        812,
        "washing_stuff"
    ],
    "423": [
        457,
        "bathroom_cabinet"
    ],
    "424": [
        755,
        "washing_stuff"
    ],
    "425": [
        803,
        "towel"
    ],
    "427": [
        695,
        "drawer"
    ],
    "429": [
        167,
        "stool"
    ],
    "432": [
        703,
        "decoration"
    ],
    "434": [
        307,
        "support_beam"
    ],
    "435": [
        157,
        "plant"
    ],
    "436": [
        192,
        "photo_mount"
    ],
    "437": [
        245,
        "cabinet_door"
    ],
    "438": [
        29,
        "lamp"
    ],
    "439": [
        265,
        "cabinet_drawer"
    ],
    "440": [
        268,
        "cabinet_drawer"
    ],
    "442": [
        471,
        "faucet"
    ],
    "444": [
        227,
        "cork_board"
    ],
    "446": [
        235,
        "kitchen_countertop_item"
    ],
    "447": [
        565,
        "drawer"
    ],
    "448": [
        555,
        "book"
    ],
    "451": [
        267,
        "cabinet_drawer"
    ],
    "453": [
        76,
        "chair"
    ],
    "454": [
        712,
        "book"
    ],
    "455": [
        650,
        "lamp"
    ],
    "456": [
        693,
        "drawer"
    ],
    "458": [
        409,
        "drawer"
    ],
    "459": [
        460,
        "bathtub_platform"
    ],
    "463": [
        322,
        "tv"
    ],
    "464": [
        764,
        "cabinet_door"
    ],
    "465": [
        841,
        "ceiling_door"
    ],
    "467": [
        427,
        "drawer"
    ],
    "468": [
        723,
        "plush_toy"
    ],
    "469": [
        743,
        "lamp"
    ],
    "470": [
        760,
        "drawer"
    ],
    "472": [
        79,
        "table"
    ],
    "473": [
        438,
        "drawer"
    ],
    "475": [
        46,
        "plant"
    ],
    "476": [
        282,
        "drawer"
    ],
    "478": [
        131,
        "window_shade"
    ],
    "479": [
        278,
        "cabinet_door"
    ],
    "480": [
        12,
        "toilet_paper"
    ],
    "481": [
        152,
        "microwave"
    ],
    "482": [
        107,
        "mirror"
    ],
    "483": [
        396,
        "box"
    ],
    "484": [
        462,
        "ventilation"
    ],
    "485": [
        197,
        "lamp"
    ],
    "486": [
        95,
        "painting"
    ],
    "488": [
        689,
        "desk"
    ],
    "489": [
        232,
        "book"
    ],
    "491": [
        620,
        "drawer"
    ],
    "492": [
        11,
        "toilet_paper"
    ],
    "497": [
        576,
        "pillow"
    ],
    "502": [
        838,
        "chest_of_drawers"
    ],
    "506": [
        532,
        "window_shade"
    ],
    "509": [
        458,
        "luggage"
    ],
    "510": [
        37,
        "lamp"
    ],
    "514": [
        837,
        "stool"
    ],
    "516": [
        423,
        "drawer"
    ],
    "517": [
        190,
        "door"
    ],
    "522": [
        159,
        "plant"
    ],
    "523": [
        366,
        "photo_mount"
    ],
    "524": [
        592,
        "book"
    ],
    "526": [
        609,
        "box"
    ],
    "527": [
        57,
        "plant"
    ],
    "529": [
        247,
        "cabinet_door"
    ],
    "530": [
        687,
        "bed"
    ],
    "533": [
        345,
        "pile_of_magazines"
    ],
    "535": [
        170,
        "kitchen_island"
    ],
    "536": [
        819,
        "ceiling_fan"
    ],
    "538": [
        407,
        "bedside_lamp"
    ],
    "540": [
        832,
        "window_shade"
    ],
    "543": [
        165,
        "table"
    ],
    "544": [
        648,
        "tv"
    ],
    "546": [
        487,
        "cabinet_drawer"
    ],
    "547": [
        711,
        "paper"
    ],
    "548": [
        114,
        "backpack"
    ],
    "549": [
        780,
        "bathtub"
    ],
    "550": [
        411,
        "drawer"
    ],
    "554": [
        539,
        "chest_of_drawers"
    ],
    "555": [
        669,
        "door"
    ],
    "558": [
        542,
        "luggage"
    ],
    "560": [
        365,
        "photo_mount"
    ],
    "561": [
        161,
        "chair"
    ],
    "567": [
        665,
        "box"
    ],
    "568": [
        479,
        "bathroom_utensil"
    ],
    "569": [
        865,
        "laptop"
    ],
    "570": [
        504,
        "towel_bar"
    ],
    "571": [
        335,
        "ventilation"
    ],
    "572": [
        879,
        "wall_detail"
    ],
    "573": [
        904,
        "medal"
    ],
    "574": [
        508,
        "shower_knob"
    ],
    "575": [
        200,
        "ventilation"
    ],
    "576": [
        909,
        "pillow"
    ],
    "577": [
        84,
        "door"
    ],
    "580": [
        181,
        "coffee_machine"
    ],
    "581": [
        451,
        "towel"
    ],
    "582": [
        494,
        "bathroom_utensil"
    ],
    "583": [
        497,
        "window_shade"
    ],
    "585": [
        685,
        "bedside_cabinet"
    ],
    "586": [
        476,
        "cabinet_door"
    ],
    "587": [
        642,
        "sofa"
    ],
    "589": [
        667,
        "electrical_box"
    ],
    "590": [
        77,
        "chair"
    ],
    "593": [
        467,
        "bathroom_utensil"
    ],
    "594": [
        801,
        "lamp"
    ],
    "595": [
        519,
        "decorative_plant"
    ],
    "596": [
        315,
        "photo_mount"
    ],
    "597": [
        459,
        "bathtub"
    ],
    "601": [
        432,
        "drawer"
    ],
    "603": [
        489,
        "cabinet_door"
    ],
    "604": [
        290,
        "hand_cloth"
    ],
    "606": [
        233,
        "hand_towel"
    ],
    "609": [
        842,
        "lamp"
    ],
    "612": [
        20,
        "ventilation"
    ],
    "613": [
        854,
        "pillow"
    ],
    "614": [
        248,
        "cabinet_door"
    ],
    "616": [
        624,
        "photo"
    ],
    "617": [
        47,
        "plant"
    ],
    "618": [
        287,
        "dish_dryer"
    ],
    "619": [
        610,
        "lamp"
    ],
    "620": [
        509,
        "shower_soap_shelf"
    ],
    "622": [
        518,
        "faucet"
    ],
    "624": [
        75,
        "chair"
    ],
    "625": [
        110,
        "rack"
    ],
    "628": [
        468,
        "bathroom_utensil"
    ],
    "631": [
        142,
        "fridge"
    ],
    "633": [
        573,
        "pillow"
    ],
    "639": [
        70,
        "window_glass"
    ],
    "640": [
        556,
        "book"
    ],
    "641": [
        331,
        "lamp"
    ],
    "642": [
        394,
        "door"
    ],
    "645": [
        229,
        "stationery"
    ],
    "649": [
        323,
        "side_table"
    ],
    "650": [
        145,
        "lamp"
    ],
    "651": [
        549,
        "door"
    ],
    "652": [
        781,
        "toilet"
    ],
    "653": [
        127,
        "window_glass"
    ],
    "654": [
        486,
        "bathroom_utensil"
    ],
    "655": [
        243,
        "cabinet_door"
    ],
    "656": [
        535,
        "bed"
    ],
    "657": [
        431,
        "drawer"
    ],
    "659": [
        78,
        "chair"
    ],
    "660": [
        483,
        "bathroom_utensil"
    ],
    "661": [
        168,
        "stool"
    ],
    "662": [
        312,
        "sofa"
    ],
    "664": [
        835,
        "side_table"
    ],
    "668": [
        493,
        "bathroom_utensil"
    ],
    "671": [
        666,
        "electrical_box"
    ],
    "673": [
        260,
        "cabinet_drawer"
    ],
    "674": [
        292,
        "mat"
    ],
    "675": [
        880,
        "wall_detail"
    ],
    "676": [
        652,
        "lamp"
    ],
    "677": [
        130,
        "window_glass"
    ],
    "678": [
        402,
        "photo_mount"
    ],
    "679": [
        454,
        "wash_cabinet"
    ],
    "681": [
        618,
        "drawer"
    ],
    "684": [
        488,
        "cabinet_drawer"
    ],
    "685": [
        793,
        "bath_faucet"
    ],
    "686": [
        581,
        "stack_of_papers"
    ],
    "688": [
        474,
        "cabinet_drawer"
    ],
    "689": [
        309,
        "coffee_table"
    ],
    "690": [
        850,
        "drawer"
    ],
    "692": [
        397,
        "bedside_cabinet"
    ],
    "693": [
        410,
        "drawer"
    ],
    "695": [
        630,
        "ceiling_fan"
    ],
    "697": [
        359,
        "photo_mount"
    ],
    "698": [
        146,
        "lamp"
    ],
    "699": [
        554,
        "book"
    ],
    "700": [
        273,
        "lamp"
    ],
    "701": [
        153,
        "kitchen_cabinet"
    ],
    "702": [
        244,
        "cabinet_door"
    ],
    "703": [
        419,
        "drawer"
    ],
    "705": [
        134,
        "stool"
    ],
    "707": [
        839,
        "bed"
    ],
    "708": [
        455,
        "bathroom_cabinet"
    ],
    "709": [
        588,
        "stack_of_papers"
    ],
    "716": [
        783,
        "toilet_paper"
    ],
    "717": [
        224,
        "plant"
    ],
    "718": [
        566,
        "drawer"
    ],
    "720": [
        644,
        "keyboard_piano"
    ],
    "721": [
        590,
        "magazine"
    ],
    "722": [
        48,
        "plant"
    ],
    "723": [
        593,
        "book"
    ],
    "726": [
        172,
        "kitchen_cabinet"
    ],
    "727": [
        191,
        "photo_mount"
    ],
    "728": [
        919,
        "decoration"
    ],
    "730": [
        643,
        "sofa"
    ],
    "731": [
        806,
        "drawer"
    ],
    "732": [
        185,
        "desk"
    ],
    "734": [
        34,
        "plant"
    ],
    "737": [
        176,
        "paper_towel"
    ],
    "738": [
        424,
        "drawer"
    ],
    "739": [
        387,
        "tv"
    ],
    "740": [
        469,
        "bathroom_utensil"
    ],
    "742": [
        194,
        "ornament"
    ],
    "743": [
        162,
        "chair"
    ],
    "745": [
        492,
        "bathroom_utensil"
    ],
    "746": [
        510,
        "showerhead"
    ],
    "747": [
        915,
        "pillow"
    ],
    "752": [
        516,
        "soap_bottle"
    ],
    "753": [
        558,
        "book"
    ],
    "754": [
        418,
        "drawer"
    ],
    "757": [
        430,
        "drawer"
    ],
    "758": [
        891,
        "ventilation"
    ],
    "759": [
        277,
        "cabinet_door"
    ],
    "760": [
        327,
        "speaker"
    ],
    "762": [
        85,
        "door"
    ],
    "764": [
        421,
        "drawer"
    ],
    "765": [
        692,
        "drawer"
    ],
    "766": [
        705,
        "bag"
    ],
    "767": [
        482,
        "mirror"
    ],
    "768": [
        319,
        "lamp"
    ],
    "769": [
        777,
        "door"
    ],
    "770": [
        318,
        "armchair"
    ],
    "772": [
        339,
        "decorative_plant"
    ],
    "773": [
        591,
        "paper"
    ],
    "775": [
        611,
        "lamp"
    ],
    "776": [
        792,
        "shower_knob"
    ],
    "778": [
        831,
        "drawer"
    ],
    "779": [
        805,
        "mirror"
    ],
    "780": [
        391,
        "photo_mount"
    ],
    "783": [
        907,
        "pillow"
    ],
    "786": [
        845,
        "door"
    ],
    "787": [
        878,
        "wall_detail"
    ],
    "788": [
        575,
        "pillow"
    ],
    "789": [
        855,
        "pillow"
    ],
    "790": [
        415,
        "remote_control"
    ],
    "792": [
        541,
        "luggage"
    ],
    "793": [
        18,
        "washbasin"
    ],
    "794": [
        908,
        "pillow"
    ],
    "795": [
        362,
        "telephone"
    ],
    "796": [
        199,
        "lamp"
    ],
    "797": [
        71,
        "window_shade"
    ],
    "798": [
        289,
        "dishwasher"
    ],
    "799": [
        399,
        "bedside_cabinet"
    ],
    "801": [
        435,
        "ventilation"
    ],
    "802": [
        389,
        "chest_of_drawers"
    ],
    "803": [
        784,
        "door"
    ],
    "804": [
        175,
        "kitchen_appliance"
    ],
    "805": [
        465,
        "lamp"
    ],
    "807": [
        756,
        "washing_stuff"
    ],
    "808": [
        597,
        "can"
    ],
    "809": [
        198,
        "lamp"
    ],
    "810": [
        184,
        "coffee_machine"
    ],
    "811": [
        174,
        "toaster"
    ],
    "812": [
        868,
        "ball"
    ],
    "815": [
        543,
        "luggage"
    ],
    "818": [
        416,
        "remote_control"
    ],
    "821": [
        867,
        "toy"
    ],
    "822": [
        511,
        "soap"
    ],
    "825": [
        587,
        "toy"
    ],
    "826": [
        577,
        "pillow"
    ],
    "827": [
        718,
        "bedside_lamp"
    ],
    "831": [
        686,
        "side_table"
    ],
    "832": [
        562,
        "drawer"
    ],
    "833": [
        193,
        "painting"
    ],
    "834": [
        324,
        "painting"
    ],
    "836": [
        706,
        "bag"
    ],
    "839": [
        329,
        "lamp"
    ],
    "840": [
        148,
        "chandelier"
    ],
    "843": [
        659,
        "drawer"
    ],
    "844": [
        160,
        "chair"
    ],
    "845": [
        730,
        "door"
    ],
    "846": [
        586,
        "laptop"
    ],
    "848": [
        834,
        "bedside_cabinet"
    ],
    "852": [
        7,
        "door"
    ],
    "853": [
        701,
        "drawer"
    ],
    "854": [
        422,
        "drawer"
    ],
    "856": [
        906,
        "pillow"
    ],
    "857": [
        661,
        "remote_control"
    ],
    "858": [
        472,
        "mirror"
    ],
    "859": [
        512,
        "shower_caddy"
    ],
    "861": [
        166,
        "stool"
    ],
    "862": [
        195,
        "lamp"
    ],
    "867": [
        111,
        "rack"
    ],
    "870": [
        143,
        "kitchen_cabinet"
    ],
    "873": [
        147,
        "lamp"
    ],
    "874": [
        144,
        "trashcan"
    ],
    "876": [
        271,
        "lamp"
    ],
    "877": [
        275,
        "lamp"
    ],
    "880": [
        810,
        "door_cabinet"
    ],
    "883": [
        690,
        "chair"
    ],
    "884": [
        698,
        "laptop"
    ],
    "885": [
        550,
        "door"
    ],
    "886": [
        641,
        "air_hockey"
    ],
    "888": [
        36,
        "mirror"
    ],
    "889": [
        681,
        "ceiling_fan"
    ],
    "891": [
        917,
        "pillow"
    ],
    "893": [
        852,
        "drawer"
    ],
    "894": [
        477,
        "cabinet_door"
    ],
    "896": [
        779,
        "curtain_rod"
    ],
    "903": [
        544,
        "box"
    ],
    "906": [
        727,
        "window_shade"
    ],
    "909": [
        377,
        "ceiling_fan"
    ],
    "914": [
        183,
        "coffee_machine"
    ],
    "915": [
        40,
        "door"
    ],
    "916": [
        225,
        "whiteboard"
    ],
    "917": [
        514,
        "frame"
    ],
    "919": [
        787,
        "bathroom_accessory"
    ],
    "920": [
        814,
        "washbasin"
    ],
    "921": [
        428,
        "drawer"
    ]
}