{
    "11": [
        15,
        "table"
    ],
    "13": [
        489,
        "painting"
    ],
    "17": [
        246,
        "device"
    ],
    "18": [
        35,
        "container"
    ],
    "23": [
        319,
        "table"
    ],
    "24": [
        162,
        "cabinet"
    ],
    "26": [
        151,
        "bench"
    ],
    "30": [
        474,
        "vase"
    ],
    "31": [
        129,
        "lamp"
    ],
    "32": [
        440,
        "furnace"
    ],
    "34": [
        34,
        "container"
    ],
    "37": [
        191,
        "mirror"
    ],
    "38": [
        144,
        "chair"
    ],
    "39": [
        197,
        "chair"
    ],
    "41": [
        167,
        "decoration"
    ],
    "43": [
        465,
        "decoration"
    ],
    "48": [
        64,
        "garage_door"
    ],
    "49": [
        381,
        "device"
    ],
    "50": [
        307,
        "door"
    ],
    "54": [
        480,
        "decoration"
    ],
    "55": [
        443,
        "clock"
    ],
    "56": [
        36,
        "table"
    ],
    "57": [
        389,
        "device"
    ],
    "59": [
        303,
        "monitor"
    ],
    "61": [
        295,
        "lamp"
    ],
    "63": [
        153,
        "table"
    ],
    "64": [
        330,
        "flower_vase"
    ],
    "65": [
        223,
        "painting"
    ],
    "66": [
        527,
        "window"
    ],
    "67": [
        397,
        "box"
    ],
    "69": [
        318,
        "table"
    ],
    "70": [
        18,
        "bag"
    ],
    "71": [
        109,
        "painting"
    ],
    "73": [
        462,
        "device"
    ],
    "74": [
        550,
        "art_frame"
    ],
    "75": [
        591,
        "carpet"
    ],
    "77": [
        39,
        "can_of_paint"
    ],
    "80": [
        273,
        "toilet"
    ],
    "81": [
        124,
        "sink"
    ],
    "82": [
        323,
        "carpet"
    ],
    "83": [
        296,
        "table"
    ],
    "84": [
        395,
        "blanket"
    ],
    "85": [
        354,
        "faucet"
    ],
    "88": [
        444,
        "decoration"
    ],
    "89": [
        189,
        "shelf"
    ],
    "90": [
        351,
        "curtain"
    ],
    "91": [
        115,
        "art_frame"
    ],
    "92": [
        108,
        "cabinet"
    ],
    "93": [
        12,
        "chair"
    ],
    "94": [
        200,
        "table"
    ],
    "97": [
        182,
        "lamp"
    ],
    "98": [
        359,
        "decoration"
    ],
    "99": [
        424,
        "ceiling_lamp"
    ],
    "100": [
        207,
        "plate"
    ],
    "103": [
        563,
        "shelf"
    ],
    "104": [
        186,
        "decoration"
    ],
    "105": [
        213,
        "lamp"
    ],
    "106": [
        458,
        "ceiling_lamp"
    ],
    "107": [
        195,
        "chair"
    ],
    "109": [
        304,
        "painting"
    ],
    "112": [
        187,
        "decoration"
    ],
    "113": [
        217,
        "device"
    ],
    "115": [
        181,
        "lamp"
    ],
    "117": [
        214,
        "smoke_alarm"
    ],
    "119": [
        136,
        "paper_towel"
    ],
    "121": [
        29,
        "broom"
    ],
    "122": [
        145,
        "chair"
    ],
    "123": [
        394,
        "pillow"
    ],
    "125": [
        203,
        "plate"
    ],
    "127": [
        473,
        "shelf"
    ],
    "130": [
        293,
        "table"
    ],
    "134": [
        490,
        "doormat"
    ],
    "137": [
        121,
        "cabinet"
    ],
    "138": [
        269,
        "decoration"
    ],
    "140": [
        117,
        "decoration"
    ],
    "141": [
        357,
        "toilet"
    ],
    "143": [
        257,
        "faucet"
    ],
    "147": [
        24,
        "container"
    ],
    "151": [
        111,
        "decoration"
    ],
    "152": [
        365,
        "ventilation"
    ],
    "153": [
        396,
        "box"
    ],
    "154": [
        483,
        "pillow"
    ],
    "155": [
        308,
        "ceiling_fan"
    ],
    "156": [
        16,
        "trashcan"
    ],
    "158": [
        160,
        "table"
    ],
    "159": [
        134,
        "lamp"
    ],
    "161": [
        152,
        "fruit"
    ],
    "163": [
        342,
        "mirror"
    ],
    "167": [
        268,
        "decoration"
    ],
    "168": [
        248,
        "mat"
    ],
    "169": [
        541,
        "towel"
    ],
    "172": [
        150,
        "chair"
    ],
    "175": [
        581,
        "lamp"
    ],
    "177": [
        549,
        "toilet"
    ],
    "178": [
        188,
        "decoration"
    ],
    "179": [
        128,
        "ventilation"
    ],
    "180": [
        385,
        "lamp"
    ],
    "181": [
        166,
        "decoration"
    ],
    "182": [
        466,
        "couch"
    ],
    "183": [
        277,
        "decoration"
    ],
    "186": [
        40,
        "can_of_paint"
    ],
    "187": [
        270,
        "trashcan"
    ],
    "192": [
        456,
        "telephone"
    ],
    "193": [
        211,
        "flower_vase"
    ],
    "195": [
        255,
        "cabinet"
    ],
    "197": [
        529,
        "decoration"
    ],
    "198": [
        544,
        "curtain"
    ],
    "201": [
        140,
        "carpet"
    ],
    "202": [
        300,
        "monitor"
    ],
    "203": [
        25,
        "container"
    ],
    "204": [
        589,
        "device"
    ],
    "206": [
        192,
        "mirror"
    ],
    "207": [
        216,
        "painting"
    ],
    "213": [
        135,
        "smoke_alarm"
    ],
    "215": [
        267,
        "decoration"
    ],
    "217": [
        281,
        "decoration"
    ],
    "219": [
        388,
        "art_frame"
    ],
    "221": [
        580,
        "lamp"
    ],
    "224": [
        116,
        "art_frame"
    ],
    "225": [
        148,
        "chair"
    ],
    "227": [
        298,
        "lamp"
    ],
    "229": [
        361,
        "shelf"
    ],
    "234": [
        447,
        "decoration"
    ],
    "236": [
        514,
        "smoke_alarm"
    ],
    "237": [
        122,
        "cabinet"
    ],
    "240": [
        199,
        "chair"
    ],
    "241": [
        133,
        "smoke_alarm"
    ],
    "243": [
        215,
        "painting"
    ],
    "248": [
        398,
        "device"
    ],
    "250": [
        377,
        "art_frame"
    ],
    "251": [
        542,
        "towel"
    ],
    "255": [
        356,
        "door"
    ],
    "256": [
        113,
        "art_frame"
    ],
    "257": [
        210,
        "vase"
    ],
    "263": [
        125,
        "faucet"
    ],
    "264": [
        471,
        "pillow"
    ],
    "265": [
        528,
        "decoration"
    ],
    "269": [
        472,
        "pillow"
    ],
    "270": [
        3,
        "doormat"
    ],
    "271": [
        208,
        "plate"
    ],
    "273": [
        316,
        "decoration"
    ],
    "274": [
        206,
        "plate"
    ],
    "275": [
        352,
        "cabinet"
    ],
    "278": [
        484,
        "pillow"
    ],
    "279": [
        258,
        "mirror"
    ],
    "280": [
        380,
        "computer_mouse"
    ],
    "281": [
        574,
        "curtain"
    ],
    "282": [
        193,
        "mirror"
    ],
    "284": [
        260,
        "curtain"
    ],
    "285": [
        353,
        "sink"
    ],
    "286": [
        464,
        "table"
    ],
    "287": [
        467,
        "pillow"
    ],
    "289": [
        509,
        "lamp"
    ],
    "293": [
        146,
        "chair"
    ],
    "294": [
        123,
        "table"
    ],
    "297": [
        321,
        "lamp"
    ],
    "298": [
        201,
        "plate"
    ],
    "300": [
        105,
        "microwave"
    ],
    "303": [
        243,
        "smoke_alarm"
    ],
    "305": [
        209,
        "plate"
    ],
    "307": [
        437,
        "door"
    ],
    "309": [
        386,
        "art_frame"
    ],
    "310": [
        376,
        "art_frame"
    ],
    "311": [
        99,
        "refrigerator"
    ],
    "314": [
        426,
        "door"
    ],
    "319": [
        378,
        "art_frame"
    ],
    "322": [
        171,
        "decoration"
    ],
    "323": [
        272,
        "decoration"
    ],
    "324": [
        256,
        "sink"
    ],
    "325": [
        93,
        "lamp"
    ],
    "327": [
        279,
        "decoration"
    ],
    "329": [
        158,
        "decoration"
    ],
    "332": [
        579,
        "mirror"
    ],
    "336": [
        194,
        "chair"
    ],
    "337": [
        155,
        "shelf"
    ],
    "338": [
        585,
        "pillow"
    ],
    "339": [
        118,
        "cabinet"
    ],
    "340": [
        276,
        "shelf"
    ],
    "341": [
        61,
        "broom"
    ],
    "344": [
        582,
        "lamp"
    ],
    "345": [
        488,
        "window"
    ],
    "347": [
        460,
        "mirror"
    ],
    "348": [
        196,
        "chair"
    ],
    "353": [
        584,
        "pillow"
    ],
    "354": [
        455,
        "decoration"
    ],
    "355": [
        463,
        "vase"
    ],
    "356": [
        470,
        "pillow"
    ],
    "357": [
        512,
        "attic_door"
    ],
    "359": [
        274,
        "shelf"
    ],
    "361": [
        263,
        "window"
    ],
    "364": [
        450,
        "decoration"
    ],
    "365": [
        502,
        "pillar"
    ],
    "366": [
        198,
        "chair"
    ],
    "368": [
        362,
        "shelf"
    ],
    "373": [
        561,
        "door"
    ],
    "375": [
        555,
        "lamp"
    ],
    "378": [
        57,
        "container"
    ],
    "380": [
        331,
        "door"
    ],
    "381": [
        491,
        "decoration"
    ],
    "382": [
        259,
        "bathtub"
    ],
    "386": [
        32,
        "washing_machine"
    ],
    "387": [
        326,
        "mirror"
    ],
    "395": [
        202,
        "plate"
    ],
    "397": [
        366,
        "lamp"
    ],
    "399": [
        63,
        "garage_door"
    ],
    "400": [
        159,
        "decoration"
    ],
    "401": [
        548,
        "window"
    ],
    "402": [
        173,
        "decoration"
    ],
    "404": [
        237,
        "door"
    ],
    "406": [
        278,
        "decoration"
    ],
    "407": [
        157,
        "decoration"
    ],
    "408": [
        56,
        "container"
    ],
    "413": [
        556,
        "art_frame"
    ],
    "416": [
        184,
        "vase"
    ],
    "418": [
        264,
        "decoration"
    ],
    "420": [
        336,
        "smoke_alarm"
    ],
    "421": [
        205,
        "plate"
    ],
    "422": [
        383,
        "device"
    ],
    "423": [
        87,
        "shelf"
    ],
    "424": [
        405,
        "shelf"
    ],
    "427": [
        468,
        "pillow"
    ],
    "428": [
        38,
        "chair"
    ],
    "433": [
        573,
        "bed"
    ],
    "434": [
        220,
        "door"
    ],
    "435": [
        90,
        "pipe"
    ],
    "436": [
        165,
        "painting"
    ],
    "438": [
        30,
        "broom"
    ],
    "440": [
        55,
        "container"
    ],
    "441": [
        31,
        "broom"
    ],
    "443": [
        92,
        "lamp"
    ],
    "444": [
        446,
        "decoration"
    ],
    "445": [
        322,
        "lamp"
    ],
    "447": [
        384,
        "monitor"
    ],
    "453": [
        349,
        "shower_soap_shelf"
    ],
    "454": [
        168,
        "decoration"
    ],
    "457": [
        494,
        "pillar"
    ],
    "460": [
        441,
        "shelf"
    ],
    "464": [
        119,
        "dishwasher"
    ],
    "472": [
        328,
        "ceiling_lamp"
    ],
    "475": [
        482,
        "pillow"
    ],
    "476": [
        382,
        "device"
    ],
    "478": [
        324,
        "bed"
    ],
    "481": [
        280,
        "decoration"
    ],
    "490": [
        275,
        "shelf"
    ],
    "492": [
        104,
        "cabinet"
    ],
    "496": [
        335,
        "cabinet"
    ],
    "497": [
        422,
        "door"
    ],
    "499": [
        387,
        "art_frame"
    ],
    "500": [
        448,
        "painting"
    ],
    "501": [
        325,
        "blanket"
    ],
    "504": [
        147,
        "table"
    ],
    "505": [
        453,
        "device"
    ],
    "507": [
        161,
        "shelf"
    ],
    "508": [
        106,
        "oven_and_stove"
    ],
    "509": [
        13,
        "bucket"
    ],
    "512": [
        445,
        "decoration"
    ],
    "513": [
        402,
        "tv"
    ],
    "515": [
        515,
        "painting"
    ],
    "516": [
        399,
        "ironing_board"
    ],
    "517": [
        41,
        "chair"
    ],
    "519": [
        91,
        "lamp"
    ],
    "521": [
        449,
        "armchair"
    ],
    "526": [
        22,
        "carpet"
    ],
    "527": [
        266,
        "shower_soap_shelf"
    ],
    "530": [
        350,
        "shower_door"
    ],
    "531": [
        130,
        "lamp"
    ],
    "535": [
        314,
        "table"
    ],
    "537": [
        558,
        "bath_mat"
    ],
    "538": [
        33,
        "washing_machine"
    ],
    "539": [
        545,
        "bathtub"
    ],
    "541": [
        149,
        "chair"
    ],
    "542": [
        459,
        "ceiling_fan"
    ],
    "543": [
        485,
        "pillow"
    ],
    "546": [
        317,
        "decoration"
    ],
    "547": [
        469,
        "pillow"
    ],
    "548": [
        522,
        "door"
    ],
    "549": [
        552,
        "cabinet"
    ],
    "550": [
        588,
        "door"
    ],
    "552": [
        575,
        "fan"
    ],
    "554": [
        461,
        "chair"
    ],
    "555": [
        271,
        "decoration"
    ],
    "557": [
        14,
        "bucket"
    ],
    "558": [
        379,
        "desk"
    ],
    "560": [
        586,
        "pillow"
    ],
    "563": [
        524,
        "painting"
    ],
    "564": [
        343,
        "lamp"
    ],
    "566": [
        393,
        "couch"
    ],
    "568": [
        114,
        "art_frame"
    ],
    "569": [
        442,
        "decoration"
    ],
    "570": [
        358,
        "toilet_brush_holder"
    ],
    "576": [
        360,
        "shelf"
    ],
    "577": [
        452,
        "door"
    ],
    "580": [
        329,
        "tv"
    ],
    "583": [
        249,
        "door"
    ],
    "584": [
        302,
        "cabinet"
    ],
    "586": [
        183,
        "flower_vase"
    ],
    "587": [
        481,
        "couch"
    ],
    "588": [
        553,
        "sink"
    ],
    "589": [
        204,
        "plate"
    ],
    "590": [
        299,
        "table"
    ]
}