{
    "1": [
        137,
        "shampoo"
    ],
    "2": [
        17,
        "heater"
    ],
    "3": [
        186,
        "wall_hanging_decoration"
    ],
    "4": [
        121,
        "picture"
    ],
    "6": [
        68,
        "picture"
    ],
    "7": [
        334,
        "liquid_soap"
    ],
    "8": [
        218,
        "sculpture"
    ],
    "9": [
        140,
        "shower_tub"
    ],
    "11": [
        349,
        "chair"
    ],
    "12": [
        43,
        "lamp"
    ],
    "14": [
        147,
        "towel"
    ],
    "16": [
        155,
        "shelf"
    ],
    "19": [
        217,
        "vase"
    ],
    "20": [
        126,
        "mirror"
    ],
    "23": [
        27,
        "cushion"
    ],
    "24": [
        89,
        "radiator"
    ],
    "25": [
        69,
        "picture"
    ],
    "26": [
        103,
        "book"
    ],
    "27": [
        240,
        "chair"
    ],
    "31": [
        33,
        "watch"
    ],
    "32": [
        295,
        "cabinet"
    ],
    "33": [
        226,
        "couch"
    ],
    "34": [
        197,
        "picture"
    ],
    "36": [
        183,
        "picture"
    ],
    "37": [
        26,
        "cushion"
    ],
    "38": [
        309,
        "picture"
    ],
    "39": [
        24,
        "bed"
    ],
    "40": [
        20,
        "door"
    ],
    "42": [
        286,
        "table"
    ],
    "43": [
        347,
        "table"
    ],
    "44": [
        22,
        "nightstand"
    ],
    "45": [
        15,
        "window"
    ],
    "47": [
        189,
        "sculpture"
    ],
    "48": [
        269,
        "stack_of_papers"
    ],
    "49": [
        222,
        "cushion"
    ],
    "52": [
        194,
        "alarm_control"
    ],
    "53": [
        221,
        "couch"
    ],
    "55": [
        278,
        "tap"
    ],
    "56": [
        104,
        "book"
    ],
    "57": [
        4,
        "wardrobe"
    ],
    "58": [
        144,
        "trash_can"
    ],
    "59": [
        317,
        "dishwasher"
    ],
    "60": [
        187,
        "picture"
    ],
    "61": [
        229,
        "chair"
    ],
    "62": [
        151,
        "towel"
    ],
    "64": [
        45,
        "door"
    ],
    "66": [
        207,
        "table_lamp"
    ],
    "68": [
        109,
        "sculpture"
    ],
    "70": [
        161,
        "worktop"
    ],
    "72": [
        99,
        "chair"
    ],
    "74": [
        182,
        "picture"
    ],
    "76": [
        209,
        "chair"
    ],
    "77": [
        325,
        "toaster"
    ],
    "78": [
        110,
        "clock"
    ],
    "79": [
        98,
        "blanket"
    ],
    "80": [
        293,
        "kettle"
    ],
    "81": [
        288,
        "pot"
    ],
    "85": [
        82,
        "sculpture"
    ],
    "86": [
        345,
        "lamp"
    ],
    "87": [
        261,
        "liquid_soap"
    ],
    "89": [
        14,
        "lamp"
    ],
    "90": [
        95,
        "cushion"
    ],
    "91": [
        242,
        "chair"
    ],
    "92": [
        306,
        "picture"
    ],
    "93": [
        210,
        "basket_of_something"
    ],
    "95": [
        156,
        "lamp"
    ],
    "96": [
        152,
        "weight"
    ],
    "98": [
        36,
        "bathrobe"
    ],
    "99": [
        102,
        "book"
    ],
    "100": [
        74,
        "electrical_controller"
    ],
    "101": [
        289,
        "jar"
    ],
    "102": [
        215,
        "radiator"
    ],
    "103": [
        81,
        "sculpture"
    ],
    "104": [
        123,
        "cabinet"
    ],
    "106": [
        320,
        "cabinet"
    ],
    "115": [
        106,
        "book"
    ],
    "116": [
        141,
        "toilet"
    ],
    "118": [
        206,
        "tv"
    ],
    "120": [
        12,
        "wall_lamp"
    ],
    "121": [
        47,
        "wardrobe"
    ],
    "123": [
        63,
        "picture"
    ],
    "124": [
        282,
        "tap"
    ],
    "125": [
        16,
        "blinds"
    ],
    "126": [
        138,
        "shower_handle"
    ],
    "133": [
        344,
        "lamp"
    ],
    "135": [
        1,
        "bedroom_ceiling"
    ],
    "136": [
        44,
        "picture"
    ],
    "138": [
        312,
        "window"
    ],
    "140": [
        308,
        "picture"
    ],
    "142": [
        339,
        "oven"
    ],
    "143": [
        232,
        "table_lamp"
    ],
    "144": [
        205,
        "stand_small_table"
    ],
    "145": [
        55,
        "door"
    ],
    "146": [
        233,
        "dresser"
    ],
    "147": [
        297,
        "cabinet"
    ],
    "149": [
        91,
        "table"
    ],
    "150": [
        37,
        "vacuum_cleaner"
    ],
    "151": [
        235,
        "chair"
    ],
    "152": [
        292,
        "microwave"
    ],
    "154": [
        38,
        "jacket"
    ],
    "155": [
        25,
        "cushion"
    ],
    "156": [
        237,
        "table"
    ],
    "158": [
        157,
        "lamp"
    ],
    "160": [
        352,
        "radiator"
    ],
    "163": [
        114,
        "lamp"
    ],
    "165": [
        96,
        "cushion"
    ],
    "166": [
        154,
        "mirror"
    ],
    "169": [
        351,
        "chair"
    ],
    "173": [
        93,
        "cushion"
    ],
    "175": [
        188,
        "cabinet"
    ],
    "177": [
        316,
        "cabinet"
    ],
    "180": [
        49,
        "cabinet"
    ],
    "181": [
        31,
        "table_lamp"
    ],
    "183": [
        274,
        "case"
    ],
    "186": [
        54,
        "carpet"
    ],
    "188": [
        348,
        "chair"
    ],
    "189": [
        80,
        "cabinet"
    ],
    "191": [
        107,
        "book"
    ],
    "193": [
        315,
        "cabinet"
    ],
    "197": [
        135,
        "shower_tap"
    ],
    "199": [
        120,
        "picture"
    ],
    "200": [
        83,
        "sculpture"
    ],
    "201": [
        273,
        "box"
    ],
    "203": [
        159,
        "cabinet"
    ],
    "204": [
        338,
        "cabinet"
    ],
    "205": [
        193,
        "picture"
    ],
    "207": [
        327,
        "stove"
    ],
    "208": [
        245,
        "lamp"
    ],
    "209": [
        239,
        "dining_table"
    ],
    "210": [
        53,
        "radiator"
    ],
    "211": [
        185,
        "wall_hanging_decoration"
    ],
    "213": [
        236,
        "sensor"
    ],
    "214": [
        94,
        "cushion"
    ],
    "215": [
        244,
        "lamp"
    ],
    "216": [
        283,
        "laundry_basket"
    ],
    "217": [
        13,
        "picture"
    ],
    "218": [
        330,
        "sink"
    ],
    "219": [
        78,
        "printer"
    ],
    "220": [
        142,
        "trash_can"
    ],
    "222": [
        241,
        "chair"
    ],
    "223": [
        64,
        "picture"
    ],
    "224": [
        281,
        "washing_machine"
    ],
    "225": [
        86,
        "window"
    ],
    "226": [
        219,
        "armchair"
    ],
    "227": [
        28,
        "cushion"
    ],
    "228": [
        164,
        "towel"
    ],
    "229": [
        332,
        "coffee_machine"
    ],
    "230": [
        300,
        "door"
    ],
    "231": [
        136,
        "shampoo"
    ],
    "233": [
        67,
        "picture"
    ],
    "234": [
        321,
        "cabinet"
    ],
    "236": [
        247,
        "lamp"
    ],
    "237": [
        260,
        "liquid_soap"
    ],
    "238": [
        184,
        "picture"
    ],
    "240": [
        199,
        "shelf"
    ],
    "241": [
        111,
        "radio"
    ],
    "242": [
        101,
        "cabinet"
    ],
    "244": [
        212,
        "window"
    ],
    "245": [
        285,
        "dishwasher"
    ],
    "247": [
        29,
        "table_lamp"
    ],
    "249": [
        30,
        "watch"
    ],
    "250": [
        314,
        "cabinet"
    ],
    "253": [
        296,
        "cabinet"
    ],
    "254": [
        148,
        "towel"
    ],
    "255": [
        275,
        "box"
    ],
    "257": [
        18,
        "jacket"
    ],
    "259": [
        21,
        "stand"
    ],
    "260": [
        87,
        "shelf"
    ],
    "261": [
        7,
        "mirror"
    ],
    "262": [
        76,
        "electrical_controller"
    ],
    "263": [
        145,
        "radiator"
    ],
    "264": [
        284,
        "towel"
    ],
    "265": [
        322,
        "cabinet"
    ],
    "267": [
        336,
        "refrigerator"
    ],
    "268": [
        92,
        "couch"
    ],
    "269": [
        287,
        "pot"
    ],
    "270": [
        223,
        "cushion"
    ],
    "271": [
        113,
        "sensor"
    ],
    "274": [
        196,
        "picture"
    ],
    "275": [
        77,
        "cabinet"
    ],
    "277": [
        32,
        "watch"
    ],
    "279": [
        181,
        "picture"
    ],
    "280": [
        11,
        "wall_lamp"
    ],
    "281": [
        335,
        "chair"
    ],
    "285": [
        166,
        "sink"
    ],
    "287": [
        73,
        "tv_stand"
    ],
    "288": [
        318,
        "table"
    ],
    "289": [
        350,
        "chair"
    ],
    "293": [
        171,
        "lamp"
    ],
    "294": [
        88,
        "lamp"
    ],
    "295": [
        172,
        "door"
    ],
    "296": [
        180,
        "picture"
    ],
    "297": [
        160,
        "bathroom_cabinet"
    ],
    "299": [
        277,
        "sink"
    ],
    "300": [
        211,
        "window"
    ],
    "304": [
        70,
        "shelf"
    ],
    "305": [
        319,
        "cabinet"
    ],
    "306": [
        170,
        "shower_hose"
    ],
    "307": [
        75,
        "electrical_controller"
    ],
    "309": [
        149,
        "cabinet"
    ],
    "310": [
        66,
        "picture"
    ],
    "311": [
        79,
        "telephone"
    ],
    "318": [
        298,
        "lamp"
    ],
    "320": [
        105,
        "book"
    ],
    "322": [
        35,
        "lamp"
    ],
    "323": [
        23,
        "nightstand"
    ],
    "324": [
        238,
        "flower_vase"
    ],
    "325": [
        353,
        "lamp"
    ],
    "326": [
        313,
        "picture"
    ],
    "328": [
        224,
        "rug"
    ],
    "330": [
        97,
        "cushion"
    ],
    "331": [
        243,
        "chair"
    ],
    "334": [
        72,
        "tv"
    ],
    "335": [
        254,
        "cabinet"
    ],
    "337": [
        329,
        "candle"
    ],
    "339": [
        346,
        "lamp"
    ],
    "341": [
        190,
        "sculpture"
    ],
    "345": [
        231,
        "table"
    ],
    "347": [
        146,
        "towel"
    ],
    "349": [
        8,
        "backpack"
    ],
    "350": [
        71,
        "radio"
    ],
    "351": [
        112,
        "door"
    ],
    "352": [
        248,
        "lamp"
    ]
}