{
    "1": [
        73,
        "refrigerator"
    ],
    "2": [
        196,
        "cabinet"
    ],
    "3": [
        68,
        "chair"
    ],
    "4": [
        264,
        "pipe"
    ],
    "7": [
        308,
        "lamp"
    ],
    "9": [
        208,
        "window_shutter"
    ],
    "13": [
        398,
        "mirror"
    ],
    "15": [
        468,
        "wall_cabinet"
    ],
    "16": [
        243,
        "cabinet"
    ],
    "17": [
        122,
        "cabinet"
    ],
    "20": [
        642,
        "tap"
    ],
    "23": [
        273,
        "fire_extinguisher"
    ],
    "24": [
        263,
        "pipe"
    ],
    "26": [
        370,
        "ceiling_fan"
    ],
    "29": [
        607,
        "bed"
    ],
    "30": [
        11,
        "lamp"
    ],
    "31": [
        49,
        "pipe"
    ],
    "32": [
        470,
        "pipe"
    ],
    "33": [
        593,
        "cabinet"
    ],
    "35": [
        162,
        "cabinet"
    ],
    "36": [
        205,
        "pipe"
    ],
    "37": [
        119,
        "chair"
    ],
    "39": [
        450,
        "window_shutter"
    ],
    "40": [
        76,
        "wall_cabinet"
    ],
    "41": [
        588,
        "door"
    ],
    "44": [
        50,
        "pipe"
    ],
    "45": [
        421,
        "rack"
    ],
    "46": [
        140,
        "lamp"
    ],
    "48": [
        319,
        "bed"
    ],
    "51": [
        517,
        "pipe"
    ],
    "52": [
        560,
        "pipe"
    ],
    "54": [
        336,
        "cabinet"
    ],
    "56": [
        189,
        "bathtub"
    ],
    "57": [
        158,
        "box"
    ],
    "58": [
        294,
        "toilet"
    ],
    "59": [
        326,
        "box"
    ],
    "61": [
        553,
        "wall_cabinet"
    ],
    "66": [
        126,
        "window"
    ],
    "67": [
        78,
        "pipe"
    ],
    "68": [
        344,
        "wall_cabinet"
    ],
    "69": [
        388,
        "window"
    ],
    "70": [
        660,
        "exit_sign"
    ],
    "71": [
        568,
        "door"
    ],
    "72": [
        522,
        "window"
    ],
    "73": [
        71,
        "sink"
    ],
    "77": [
        658,
        "tap"
    ],
    "81": [
        13,
        "bar"
    ],
    "86": [
        425,
        "lamp"
    ],
    "93": [
        354,
        "window"
    ],
    "94": [
        89,
        "window"
    ],
    "96": [
        145,
        "tap"
    ],
    "98": [
        644,
        "tap"
    ],
    "101": [
        415,
        "box"
    ],
    "102": [
        631,
        "pipe"
    ],
    "103": [
        325,
        "table"
    ],
    "104": [
        52,
        "door"
    ],
    "105": [
        215,
        "window"
    ],
    "107": [
        192,
        "lamp"
    ],
    "108": [
        532,
        "chair"
    ],
    "109": [
        123,
        "bed"
    ],
    "113": [
        67,
        "chair"
    ],
    "115": [
        585,
        "pipe"
    ],
    "117": [
        39,
        "door"
    ],
    "118": [
        462,
        "cabinet"
    ],
    "119": [
        465,
        "refrigerator"
    ],
    "120": [
        171,
        "wall_cabinet"
    ],
    "121": [
        17,
        "box"
    ],
    "123": [
        75,
        "cabinet"
    ],
    "124": [
        66,
        "pillar"
    ],
    "127": [
        452,
        "window"
    ],
    "128": [
        424,
        "toilet"
    ],
    "129": [
        561,
        "lamp"
    ],
    "130": [
        160,
        "door"
    ],
    "131": [
        537,
        "electric_box"
    ],
    "134": [
        480,
        "chair"
    ],
    "136": [
        223,
        "door"
    ],
    "137": [
        87,
        "window_shutter"
    ],
    "138": [
        349,
        "window_shutter"
    ],
    "139": [
        157,
        "bed"
    ],
    "140": [
        90,
        "window"
    ],
    "142": [
        473,
        "pipe"
    ],
    "145": [
        206,
        "ceiling_fan"
    ],
    "146": [
        447,
        "window_shutter"
    ],
    "147": [
        141,
        "lamp"
    ],
    "148": [
        605,
        "bed"
    ],
    "149": [
        429,
        "window_shutter"
    ],
    "150": [
        203,
        "bed"
    ],
    "151": [
        102,
        "window_shutter"
    ],
    "152": [
        639,
        "tap"
    ],
    "153": [
        540,
        "pipe"
    ],
    "154": [
        40,
        "door"
    ],
    "155": [
        335,
        "oven_and_stove"
    ],
    "156": [
        548,
        "wall_cabinet"
    ],
    "158": [
        471,
        "pipe"
    ],
    "159": [
        209,
        "window_shutter"
    ],
    "160": [
        111,
        "bed"
    ],
    "162": [
        176,
        "pipe"
    ],
    "163": [
        182,
        "cabinet"
    ],
    "164": [
        498,
        "door"
    ],
    "175": [
        387,
        "window_shutter"
    ],
    "176": [
        479,
        "chair"
    ],
    "177": [
        132,
        "pipe"
    ],
    "179": [
        70,
        "table"
    ],
    "181": [
        403,
        "bathtub"
    ],
    "182": [
        667,
        "tap"
    ],
    "184": [
        246,
        "wall_cabinet"
    ],
    "186": [
        433,
        "pipe"
    ],
    "187": [
        270,
        "box"
    ],
    "188": [
        583,
        "lamp"
    ],
    "189": [
        666,
        "tap"
    ],
    "190": [
        101,
        "bar"
    ],
    "193": [
        271,
        "box"
    ],
    "195": [
        329,
        "door"
    ],
    "198": [
        77,
        "wall_cabinet"
    ],
    "200": [
        599,
        "bathtub"
    ],
    "202": [
        238,
        "pipe"
    ],
    "203": [
        664,
        "tap"
    ],
    "204": [
        399,
        "washbasin"
    ],
    "205": [
        541,
        "pipe"
    ],
    "206": [
        557,
        "cabinet"
    ],
    "208": [
        401,
        "cabinet"
    ],
    "211": [
        544,
        "cabinet"
    ],
    "213": [
        159,
        "bar"
    ],
    "219": [
        618,
        "pipe"
    ],
    "224": [
        8,
        "cabinet"
    ],
    "227": [
        454,
        "window"
    ],
    "233": [
        449,
        "window_shutter"
    ],
    "234": [
        554,
        "wall_cabinet"
    ],
    "235": [
        659,
        "panel"
    ],
    "236": [
        134,
        "pipe"
    ],
    "243": [
        156,
        "cabinet"
    ],
    "244": [
        64,
        "frame"
    ],
    "245": [
        451,
        "window"
    ],
    "246": [
        113,
        "bed"
    ],
    "250": [
        179,
        "bar"
    ],
    "251": [
        496,
        "pipe"
    ],
    "252": [
        350,
        "window_shutter"
    ],
    "253": [
        453,
        "window"
    ],
    "258": [
        12,
        "door"
    ],
    "260": [
        531,
        "bed"
    ],
    "262": [
        564,
        "pipe"
    ],
    "263": [
        236,
        "frame"
    ],
    "266": [
        322,
        "chair"
    ],
    "267": [
        334,
        "cabinet"
    ],
    "269": [
        445,
        "bed"
    ],
    "271": [
        168,
        "cabinet"
    ],
    "272": [
        352,
        "window"
    ],
    "274": [
        321,
        "bed"
    ],
    "276": [
        527,
        "ceiling_fan"
    ],
    "277": [
        15,
        "bar"
    ],
    "278": [
        565,
        "pipe"
    ],
    "280": [
        474,
        "door"
    ],
    "281": [
        131,
        "pipe"
    ],
    "282": [
        143,
        "basin"
    ],
    "283": [
        239,
        "pipe"
    ],
    "285": [
        427,
        "washbasin"
    ],
    "287": [
        674,
        "tap"
    ],
    "288": [
        446,
        "window_shutter"
    ],
    "289": [
        528,
        "cabinet"
    ],
    "290": [
        98,
        "ceiling_pipe"
    ],
    "291": [
        285,
        "pipe"
    ],
    "292": [
        426,
        "mirror"
    ],
    "294": [
        641,
        "lamp"
    ],
    "296": [
        581,
        "box"
    ],
    "299": [
        439,
        "door"
    ],
    "300": [
        469,
        "wall_cabinet"
    ],
    "301": [
        353,
        "window"
    ],
    "303": [
        381,
        "window_shutter"
    ],
    "304": [
        520,
        "window_shutter"
    ],
    "307": [
        420,
        "pipe"
    ],
    "309": [
        472,
        "lamp"
    ],
    "310": [
        210,
        "window"
    ],
    "311": [
        529,
        "cabinet"
    ],
    "315": [
        318,
        "cabinet"
    ],
    "316": [
        244,
        "wall_cabinet"
    ],
    "320": [
        97,
        "cabinet"
    ],
    "321": [
        6,
        "basin"
    ],
    "322": [
        558,
        "cabinet"
    ],
    "323": [
        242,
        "tap"
    ],
    "325": [
        461,
        "sink"
    ],
    "328": [
        466,
        "cabinet"
    ],
    "329": [
        348,
        "box"
    ],
    "332": [
        267,
        "door"
    ],
    "333": [
        592,
        "cabinet"
    ],
    "334": [
        133,
        "ceiling_fan"
    ],
    "338": [
        448,
        "window_shutter"
    ],
    "339": [
        224,
        "pipe"
    ],
    "340": [
        339,
        "lamp"
    ],
    "341": [
        444,
        "bed"
    ],
    "343": [
        382,
        "window_shutter"
    ],
    "345": [
        161,
        "basin"
    ],
    "346": [
        367,
        "cabinet"
    ],
    "348": [
        512,
        "toilet"
    ],
    "350": [
        96,
        "cabinet"
    ],
    "352": [
        402,
        "door"
    ],
    "353": [
        455,
        "window"
    ],
    "355": [
        266,
        "pipe"
    ],
    "356": [
        4,
        "bathtub"
    ],
    "357": [
        167,
        "oven_and_stove"
    ],
    "358": [
        609,
        "window_shutter"
    ],
    "361": [
        185,
        "table"
    ],
    "365": [
        256,
        "bar"
    ],
    "369": [
        110,
        "cabinet"
    ],
    "370": [
        86,
        "box"
    ],
    "372": [
        327,
        "washbasin"
    ],
    "373": [
        330,
        "lamp"
    ],
    "374": [
        617,
        "pipe"
    ],
    "375": [
        555,
        "sink"
    ],
    "376": [
        372,
        "cabinet"
    ],
    "378": [
        240,
        "refrigerator"
    ],
    "382": [
        245,
        "wall_cabinet"
    ],
    "383": [
        521,
        "window"
    ],
    "386": [
        328,
        "cabinet"
    ],
    "388": [
        186,
        "cabinet"
    ],
    "389": [
        594,
        "window_shutter"
    ],
    "391": [
        151,
        "pillar"
    ],
    "392": [
        305,
        "tap"
    ],
    "393": [
        559,
        "cabinet"
    ],
    "395": [
        543,
        "cabinet"
    ],
    "396": [
        351,
        "window_shutter"
    ],
    "398": [
        665,
        "tap"
    ],
    "399": [
        606,
        "cabinet"
    ],
    "404": [
        57,
        "box"
    ],
    "406": [
        533,
        "chair"
    ],
    "412": [
        463,
        "oven_and_stove"
    ],
    "413": [
        234,
        "cabinet"
    ],
    "414": [
        542,
        "oven_and_stove"
    ],
    "416": [
        14,
        "bar"
    ],
    "417": [
        477,
        "pipe"
    ],
    "418": [
        201,
        "door"
    ],
    "420": [
        36,
        "chandelier"
    ],
    "421": [
        584,
        "vent"
    ],
    "422": [
        590,
        "washbasin"
    ],
    "424": [
        442,
        "cabinet"
    ],
    "425": [
        69,
        "chair"
    ],
    "426": [
        380,
        "box"
    ],
    "427": [
        135,
        "pipe"
    ],
    "430": [
        233,
        "cabinet"
    ],
    "432": [
        514,
        "mirror"
    ],
    "433": [
        464,
        "cabinet"
    ],
    "434": [
        299,
        "bar"
    ],
    "436": [
        84,
        "pipe"
    ],
    "438": [
        284,
        "box"
    ],
    "439": [
        371,
        "bed"
    ],
    "444": [
        237,
        "pipe"
    ],
    "445": [
        400,
        "washbasin"
    ],
    "447": [
        105,
        "window_shutter"
    ],
    "449": [
        194,
        "lamp"
    ],
    "450": [
        414,
        "box"
    ],
    "452": [
        282,
        "window"
    ],
    "454": [
        640,
        "lamp"
    ],
    "456": [
        481,
        "chair"
    ],
    "457": [
        497,
        "box"
    ],
    "460": [
        478,
        "chair"
    ],
    "461": [
        536,
        "table"
    ],
    "462": [
        546,
        "wall_cabinet"
    ],
    "463": [
        394,
        "toilet"
    ],
    "464": [
        547,
        "wall_cabinet"
    ],
    "469": [
        183,
        "chair"
    ],
    "470": [
        124,
        "window_shutter"
    ],
    "471": [
        265,
        "chandelier"
    ],
    "472": [
        307,
        "lamp"
    ],
    "474": [
        100,
        "pipe"
    ],
    "475": [
        300,
        "bar"
    ],
    "476": [
        304,
        "washbasin"
    ],
    "477": [
        552,
        "wall_cabinet"
    ],
    "479": [
        121,
        "table"
    ],
    "480": [
        247,
        "lamp"
    ],
    "482": [
        103,
        "window_shutter"
    ],
    "485": [
        373,
        "bed"
    ],
    "486": [
        137,
        "bathtub"
    ],
    "487": [
        369,
        "bed"
    ],
    "493": [
        539,
        "pipe"
    ],
    "495": [
        587,
        "toilet"
    ],
    "496": [
        616,
        "ceiling_fan"
    ],
    "499": [
        656,
        "tap"
    ],
    "501": [
        632,
        "furnace"
    ],
    "502": [
        187,
        "bed"
    ],
    "506": [
        515,
        "door"
    ],
    "509": [
        503,
        "pipe"
    ],
    "510": [
        654,
        "tap"
    ],
    "511": [
        316,
        "lamp"
    ],
    "513": [
        332,
        "pipe"
    ],
    "515": [
        467,
        "wall_cabinet"
    ],
    "516": [
        166,
        "refrigerator"
    ],
    "518": [
        235,
        "cabinet"
    ],
    "519": [
        232,
        "cabinet"
    ],
    "520": [
        37,
        "exit_sign"
    ],
    "521": [
        411,
        "pipe"
    ],
    "522": [
        191,
        "mirror"
    ],
    "526": [
        74,
        "oven_and_stove"
    ],
    "527": [
        3,
        "toilet"
    ],
    "532": [
        530,
        "bed"
    ],
    "534": [
        188,
        "toilet"
    ],
    "535": [
        295,
        "bathtub"
    ],
    "536": [
        395,
        "window"
    ],
    "537": [
        72,
        "cabinet"
    ],
    "538": [
        241,
        "sink"
    ],
    "540": [
        368,
        "cabinet"
    ],
    "542": [
        150,
        "door"
    ],
    "543": [
        376,
        "window"
    ],
    "545": [
        112,
        "bed"
    ],
    "546": [
        482,
        "chair"
    ],
    "547": [
        476,
        "pipe"
    ],
    "549": [
        483,
        "table"
    ],
    "551": [
        384,
        "window"
    ],
    "553": [
        513,
        "washbasin"
    ],
    "557": [
        441,
        "pipe"
    ],
    "559": [
        608,
        "window_shutter"
    ],
    "560": [
        16,
        "bar"
    ],
    "561": [
        545,
        "refrigerator"
    ],
    "565": [
        220,
        "pipe"
    ],
    "566": [
        231,
        "oven_and_stove"
    ],
    "567": [
        337,
        "cabinet"
    ],
    "568": [
        378,
        "pipe"
    ],
    "571": [
        320,
        "bed"
    ],
    "572": [
        534,
        "chair"
    ],
    "575": [
        280,
        "door"
    ],
    "576": [
        221,
        "door"
    ],
    "578": [
        589,
        "tap"
    ],
    "579": [
        406,
        "box"
    ],
    "584": [
        169,
        "cabinet"
    ],
    "585": [
        519,
        "window_shutter"
    ],
    "586": [
        443,
        "cabinet"
    ],
    "587": [
        570,
        "window_shutter"
    ],
    "588": [
        506,
        "exit_sign"
    ],
    "589": [
        9,
        "pipe"
    ],
    "590": [
        125,
        "window_shutter"
    ],
    "595": [
        35,
        "pipe"
    ],
    "596": [
        556,
        "tap"
    ],
    "597": [
        204,
        "box"
    ],
    "599": [
        331,
        "lamp"
    ],
    "600": [
        550,
        "pipe"
    ],
    "601": [
        591,
        "washbasin"
    ],
    "603": [
        214,
        "window_shutter"
    ],
    "604": [
        647,
        "tap"
    ],
    "605": [
        610,
        "window_shutter"
    ],
    "606": [
        571,
        "window"
    ],
    "607": [
        104,
        "window_shutter"
    ],
    "608": [
        152,
        "box"
    ],
    "610": [
        622,
        "pipe"
    ],
    "612": [
        317,
        "cabinet"
    ],
    "613": [
        407,
        "box"
    ],
    "615": [
        315,
        "pipe"
    ],
    "617": [
        170,
        "wall_cabinet"
    ],
    "618": [
        127,
        "window"
    ],
    "619": [
        346,
        "frame"
    ],
    "620": [
        379,
        "pipe"
    ],
    "621": [
        88,
        "window_shutter"
    ],
    "626": [
        10,
        "pipe"
    ],
    "627": [
        518,
        "window_shutter"
    ],
    "628": [
        646,
        "washbasin"
    ],
    "630": [
        614,
        "window"
    ],
    "634": [
        343,
        "cabinet"
    ],
    "636": [
        668,
        "vent"
    ],
    "637": [
        225,
        "pipe"
    ],
    "638": [
        672,
        "tap"
    ],
    "642": [
        333,
        "refrigerator"
    ],
    "643": [
        345,
        "wall_cabinet"
    ],
    "644": [
        51,
        "lamp"
    ],
    "648": [
        523,
        "window"
    ],
    "651": [
        549,
        "frame"
    ],
    "652": [
        301,
        "door"
    ],
    "655": [
        184,
        "chair"
    ],
    "656": [
        38,
        "window_shutter"
    ],
    "657": [
        47,
        "door"
    ],
    "658": [
        490,
        "lamp"
    ],
    "660": [
        303,
        "mirror"
    ],
    "662": [
        501,
        "exit_sign"
    ],
    "663": [
        120,
        "chair"
    ],
    "664": [
        535,
        "chair"
    ],
    "668": [
        211,
        "window"
    ],
    "672": [
        136,
        "toilet"
    ],
    "674": [
        193,
        "lamp"
    ]
}