{
    "2": [
        446,
        "pad"
    ],
    "3": [
        450,
        "vase"
    ],
    "4": [
        404,
        "pillow"
    ],
    "7": [
        351,
        "sink"
    ],
    "10": [
        94,
        "tap"
    ],
    "11": [
        390,
        "pad"
    ],
    "14": [
        433,
        "bar_chair"
    ],
    "17": [
        101,
        "flower"
    ],
    "20": [
        259,
        "window"
    ],
    "21": [
        76,
        "basket"
    ],
    "24": [
        90,
        "door"
    ],
    "25": [
        438,
        "refrigerator"
    ],
    "27": [
        194,
        "bed_table"
    ],
    "28": [
        363,
        "painting"
    ],
    "32": [
        233,
        "clothes_hanger"
    ],
    "33": [
        400,
        "pillow"
    ],
    "36": [
        490,
        "towel"
    ],
    "37": [
        308,
        "lamp"
    ],
    "39": [
        212,
        "clock"
    ],
    "41": [
        7,
        "ceiling_vent"
    ],
    "43": [
        29,
        "pillow"
    ],
    "44": [
        93,
        "sink"
    ],
    "46": [
        15,
        "door"
    ],
    "48": [
        347,
        "tap"
    ],
    "49": [
        125,
        "painting"
    ],
    "52": [
        488,
        "towel"
    ],
    "53": [
        11,
        "painting"
    ],
    "54": [
        45,
        "ceiling_lamp"
    ],
    "56": [
        294,
        "painting"
    ],
    "57": [
        61,
        "sink"
    ],
    "59": [
        5,
        "ceiling_lamp"
    ],
    "61": [
        239,
        "ceiling_vent"
    ],
    "62": [
        487,
        "towel"
    ],
    "63": [
        448,
        "oven_and_stove"
    ],
    "66": [
        372,
        "ceiling_lamp"
    ],
    "68": [
        192,
        "pillow"
    ],
    "70": [
        266,
        "pillow"
    ],
    "71": [
        480,
        "decorative_plant"
    ],
    "72": [
        303,
        "pillow"
    ],
    "73": [
        309,
        "book"
    ],
    "74": [
        474,
        "chair"
    ],
    "75": [
        231,
        "closet_rod"
    ],
    "76": [
        58,
        "shower_dial"
    ],
    "79": [
        35,
        "pillow"
    ],
    "80": [
        155,
        "couch"
    ],
    "82": [
        464,
        "window"
    ],
    "83": [
        277,
        "ceiling_lamp"
    ],
    "87": [
        471,
        "decorative_plant"
    ],
    "91": [
        122,
        "door"
    ],
    "92": [
        399,
        "pillow"
    ],
    "93": [
        341,
        "mirror"
    ],
    "94": [
        386,
        "rug"
    ],
    "95": [
        230,
        "closet_rod"
    ],
    "97": [
        422,
        "book"
    ],
    "98": [
        451,
        "kitchen_utensil"
    ],
    "99": [
        69,
        "ceiling_lamp"
    ],
    "101": [
        129,
        "blinds"
    ],
    "102": [
        302,
        "pillow"
    ],
    "103": [
        445,
        "pad"
    ],
    "106": [
        331,
        "door"
    ],
    "108": [
        164,
        "ceiling_vent"
    ],
    "110": [
        393,
        "coffee_mug"
    ],
    "111": [
        425,
        "flower"
    ],
    "114": [
        80,
        "clothes"
    ],
    "115": [
        432,
        "bar_chair"
    ],
    "116": [
        356,
        "speaker"
    ],
    "119": [
        299,
        "pillow"
    ],
    "121": [
        81,
        "clothes_hanger_rod"
    ],
    "122": [
        84,
        "ceiling_lamp"
    ],
    "123": [
        261,
        "curtain_rod"
    ],
    "127": [
        485,
        "plate"
    ],
    "128": [
        141,
        "coffee_table"
    ],
    "130": [
        98,
        "door"
    ],
    "132": [
        60,
        "cabinet"
    ],
    "133": [
        364,
        "sensor"
    ],
    "134": [
        75,
        "bag"
    ],
    "139": [
        475,
        "chair"
    ],
    "141": [
        286,
        "armchair"
    ],
    "143": [
        387,
        "couch"
    ],
    "145": [
        388,
        "table"
    ],
    "146": [
        431,
        "bowl_of_fruit"
    ],
    "148": [
        128,
        "door"
    ],
    "149": [
        36,
        "pillow"
    ],
    "150": [
        453,
        "kitchen_appliance"
    ],
    "151": [
        482,
        "plate"
    ],
    "152": [
        381,
        "speaker"
    ],
    "153": [
        440,
        "kitchen_cabinet"
    ],
    "157": [
        33,
        "pillow"
    ],
    "158": [
        77,
        "basket"
    ],
    "159": [
        458,
        "painting"
    ],
    "161": [
        151,
        "painting"
    ],
    "162": [
        479,
        "vase"
    ],
    "166": [
        345,
        "bathtub"
    ],
    "167": [
        491,
        "towel"
    ],
    "168": [
        178,
        "mirror"
    ],
    "169": [
        54,
        "toilet"
    ],
    "170": [
        24,
        "window_curtain"
    ],
    "171": [
        318,
        "clothes"
    ],
    "172": [
        267,
        "throw_blanket"
    ],
    "173": [
        39,
        "bedside_lamp"
    ],
    "176": [
        284,
        "window"
    ],
    "179": [
        50,
        "door"
    ],
    "182": [
        459,
        "painting"
    ],
    "184": [
        301,
        "pillow"
    ],
    "185": [
        469,
        "stand"
    ],
    "186": [
        246,
        "door"
    ],
    "188": [
        278,
        "speaker"
    ],
    "190": [
        34,
        "pillow"
    ],
    "192": [
        157,
        "throw_blanket"
    ],
    "194": [
        441,
        "kitchen_cabinet"
    ],
    "197": [
        344,
        "blinds"
    ],
    "198": [
        217,
        "ceiling_lamp"
    ],
    "199": [
        452,
        "kitchen_cabinet"
    ],
    "200": [
        371,
        "ceiling_lamp"
    ],
    "201": [
        296,
        "throw_blanket"
    ],
    "204": [
        229,
        "clothes"
    ],
    "205": [
        407,
        "door"
    ],
    "206": [
        64,
        "soap_bottle"
    ],
    "209": [
        489,
        "towel"
    ],
    "210": [
        465,
        "window"
    ],
    "214": [
        334,
        "toilet"
    ],
    "215": [
        297,
        "pillow"
    ],
    "216": [
        442,
        "kitchen_cabinet"
    ],
    "217": [
        265,
        "pillow"
    ],
    "220": [
        466,
        "blinds"
    ],
    "221": [
        439,
        "kitchen_cabinet"
    ],
    "222": [
        21,
        "armchair"
    ],
    "224": [
        327,
        "ceiling_lamp"
    ],
    "225": [
        43,
        "flower"
    ],
    "227": [
        85,
        "ceiling_vent"
    ],
    "228": [
        483,
        "plate"
    ],
    "230": [
        119,
        "picture"
    ],
    "234": [
        427,
        "painting"
    ],
    "237": [
        38,
        "bed_table"
    ],
    "240": [
        429,
        "sink"
    ],
    "242": [
        165,
        "ceiling_lamp"
    ],
    "243": [
        203,
        "window"
    ],
    "244": [
        209,
        "picture"
    ],
    "245": [
        317,
        "box"
    ],
    "246": [
        248,
        "picture"
    ],
    "247": [
        162,
        "pillow"
    ],
    "249": [
        354,
        "sensor"
    ],
    "250": [
        467,
        "curtain_rod"
    ],
    "251": [
        285,
        "curtain_rod"
    ],
    "252": [
        92,
        "cabinet"
    ],
    "254": [
        271,
        "flower"
    ],
    "255": [
        258,
        "window"
    ],
    "258": [
        211,
        "plant"
    ],
    "259": [
        127,
        "door"
    ],
    "260": [
        270,
        "photo"
    ],
    "263": [
        358,
        "ceiling_lamp"
    ],
    "264": [
        207,
        "desk"
    ],
    "266": [
        232,
        "closet_rod"
    ],
    "267": [
        359,
        "ceiling_lamp"
    ],
    "268": [
        25,
        "stool"
    ],
    "269": [
        139,
        "vase"
    ],
    "271": [
        253,
        "wall_hanging_decoration"
    ],
    "273": [
        107,
        "camera"
    ],
    "275": [
        462,
        "window"
    ],
    "276": [
        260,
        "blinds"
    ],
    "280": [
        82,
        "clothes_hanger_rod"
    ],
    "281": [
        357,
        "sensor"
    ],
    "288": [
        166,
        "ceiling_lamp"
    ],
    "289": [
        105,
        "ceiling_lamp"
    ],
    "290": [
        421,
        "book"
    ],
    "291": [
        145,
        "coffee_maker"
    ],
    "293": [
        99,
        "basket"
    ],
    "294": [
        481,
        "plate"
    ],
    "295": [
        392,
        "coffee_mug"
    ],
    "297": [
        463,
        "window"
    ],
    "299": [
        241,
        "speaker"
    ],
    "301": [
        478,
        "table"
    ],
    "303": [
        457,
        "curtain_rod"
    ],
    "304": [
        78,
        "basket"
    ],
    "305": [
        193,
        "pillow"
    ],
    "306": [
        198,
        "bed_table"
    ],
    "308": [
        195,
        "flower"
    ],
    "309": [
        79,
        "clothes"
    ],
    "310": [
        236,
        "clothes_hanger"
    ],
    "311": [
        42,
        "bedside_lamp"
    ],
    "313": [
        183,
        "curtain_rod"
    ],
    "314": [
        63,
        "tap"
    ],
    "315": [
        182,
        "blinds"
    ],
    "319": [
        473,
        "chair"
    ],
    "323": [
        31,
        "pillow"
    ],
    "324": [
        104,
        "ceiling_lamp"
    ],
    "326": [
        377,
        "ceiling_lamp"
    ],
    "329": [
        476,
        "chair"
    ],
    "330": [
        419,
        "led_tv"
    ],
    "331": [
        23,
        "window_curtain"
    ],
    "332": [
        263,
        "pillow"
    ],
    "333": [
        449,
        "vase"
    ],
    "335": [
        202,
        "window"
    ],
    "336": [
        444,
        "bowl"
    ],
    "338": [
        169,
        "painting"
    ],
    "340": [
        472,
        "chair"
    ],
    "345": [
        2,
        "ceiling_vent"
    ],
    "346": [
        420,
        "cabinet"
    ],
    "347": [
        379,
        "ceiling_lamp"
    ],
    "348": [
        398,
        "throw_blanket"
    ],
    "349": [
        326,
        "ceiling_vent"
    ],
    "350": [
        186,
        "pillow"
    ],
    "352": [
        100,
        "throw_blanket"
    ],
    "354": [
        355,
        "attic_door"
    ],
    "355": [
        389,
        "pad"
    ],
    "356": [
        401,
        "pillow"
    ],
    "359": [
        30,
        "pillow"
    ],
    "362": [
        46,
        "ceiling_vent"
    ],
    "364": [
        290,
        "door"
    ],
    "368": [
        321,
        "closet_rod"
    ],
    "369": [
        188,
        "pillow"
    ],
    "370": [
        196,
        "book"
    ],
    "371": [
        184,
        "bed"
    ],
    "372": [
        161,
        "pillow"
    ],
    "374": [
        136,
        "cabinet"
    ],
    "375": [
        391,
        "coffee_mug"
    ],
    "376": [
        413,
        "window"
    ],
    "378": [
        380,
        "speaker"
    ],
    "380": [
        268,
        "lamp"
    ],
    "381": [
        208,
        "laptop"
    ],
    "382": [
        269,
        "bed_table"
    ],
    "384": [
        319,
        "closet_rod"
    ],
    "385": [
        307,
        "bed_table"
    ],
    "386": [
        234,
        "clothes_hanger"
    ],
    "387": [
        27,
        "bed"
    ],
    "388": [
        316,
        "box"
    ],
    "389": [
        424,
        "vase"
    ],
    "390": [
        153,
        "mirror"
    ],
    "391": [
        154,
        "window_curtain"
    ],
    "392": [
        206,
        "chair"
    ],
    "393": [
        146,
        "pad"
    ],
    "394": [
        225,
        "shelf"
    ],
    "396": [
        382,
        "ceiling_vent"
    ],
    "397": [
        106,
        "sensor"
    ],
    "399": [
        470,
        "book"
    ],
    "400": [
        197,
        "lamp"
    ],
    "402": [
        295,
        "bed"
    ],
    "403": [
        210,
        "picture"
    ],
    "404": [
        235,
        "clothes_hanger"
    ],
    "405": [
        158,
        "pillow"
    ],
    "406": [
        32,
        "pillow"
    ],
    "407": [
        346,
        "bathroom_towel"
    ],
    "410": [
        135,
        "led_tv"
    ],
    "412": [
        492,
        "plate"
    ],
    "413": [
        22,
        "flower"
    ],
    "416": [
        28,
        "pillow"
    ],
    "417": [
        275,
        "ceiling_vent"
    ],
    "418": [
        477,
        "chair"
    ],
    "419": [
        383,
        "ceiling_vent"
    ],
    "420": [
        62,
        "mirror"
    ],
    "422": [
        412,
        "window"
    ],
    "424": [
        486,
        "towel"
    ],
    "427": [
        264,
        "pillow"
    ],
    "429": [
        411,
        "curtain_rod"
    ],
    "431": [
        74,
        "shelf"
    ],
    "433": [
        200,
        "lamp"
    ],
    "435": [
        281,
        "blinds"
    ],
    "437": [
        350,
        "cabinet"
    ],
    "438": [
        443,
        "decorative_plant"
    ],
    "440": [
        143,
        "coffee_mug"
    ],
    "441": [
        402,
        "pillow"
    ],
    "442": [
        37,
        "pillow"
    ],
    "444": [
        300,
        "pillow"
    ],
    "446": [
        187,
        "pillow"
    ],
    "447": [
        484,
        "plate"
    ],
    "448": [
        41,
        "bed_table"
    ],
    "449": [
        493,
        "door"
    ],
    "450": [
        10,
        "painting"
    ],
    "452": [
        249,
        "wall_hanging_decoration"
    ],
    "453": [
        174,
        "door"
    ],
    "454": [
        240,
        "ceiling_lamp"
    ],
    "455": [
        320,
        "closet_rod"
    ],
    "456": [
        189,
        "pillow"
    ],
    "459": [
        395,
        "pad"
    ],
    "460": [
        262,
        "bed"
    ],
    "462": [
        375,
        "ceiling_lamp"
    ],
    "463": [
        384,
        "speaker"
    ],
    "464": [
        228,
        "clothes"
    ],
    "468": [
        298,
        "pillow"
    ],
    "469": [
        430,
        "dishwasher"
    ],
    "470": [
        403,
        "pillow"
    ],
    "471": [
        323,
        "clothes_hanger"
    ],
    "475": [
        304,
        "bed_table"
    ],
    "477": [
        255,
        "wall_hanging_decoration"
    ],
    "479": [
        190,
        "pillow"
    ],
    "481": [
        315,
        "shelf"
    ],
    "483": [
        428,
        "kitchen_island"
    ],
    "486": [
        185,
        "throw_blanket"
    ],
    "487": [
        150,
        "painting"
    ],
    "490": [
        160,
        "pillow"
    ],
    "491": [
        305,
        "lamp"
    ],
    "492": [
        191,
        "pillow"
    ],
    "493": [
        167,
        "speaker"
    ]
}