{
    "1": [
        400,
        "pipe"
    ],
    "2": [
        336,
        "keyboard"
    ],
    "3": [
        126,
        "pillow"
    ],
    "4": [
        224,
        "coffee_machine"
    ],
    "5": [
        239,
        "ceiling_lamp"
    ],
    "8": [
        107,
        "curtain"
    ],
    "9": [
        223,
        "dishwasher"
    ],
    "13": [
        249,
        "door"
    ],
    "17": [
        207,
        "painting"
    ],
    "18": [
        259,
        "shoe_shelf"
    ],
    "20": [
        277,
        "faucet"
    ],
    "23": [
        262,
        "decoration"
    ],
    "26": [
        19,
        "table_lamp"
    ],
    "27": [
        210,
        "chair"
    ],
    "29": [
        408,
        "heater"
    ],
    "34": [
        178,
        "table"
    ],
    "35": [
        159,
        "picture"
    ],
    "36": [
        157,
        "pillow"
    ],
    "37": [
        378,
        "washing_machine"
    ],
    "38": [
        35,
        "table"
    ],
    "40": [
        211,
        "chair"
    ],
    "43": [
        81,
        "door"
    ],
    "45": [
        391,
        "ironing_board"
    ],
    "47": [
        122,
        "mascots"
    ],
    "48": [
        127,
        "pillow"
    ],
    "49": [
        222,
        "tap"
    ],
    "52": [
        260,
        "pillow"
    ],
    "53": [
        213,
        "table"
    ],
    "54": [
        356,
        "pipe"
    ],
    "55": [
        330,
        "desk"
    ],
    "56": [
        189,
        "curtain"
    ],
    "57": [
        12,
        "bed"
    ],
    "59": [
        393,
        "electric_installation"
    ],
    "60": [
        328,
        "tv_stand"
    ],
    "63": [
        361,
        "smoke_detector"
    ],
    "64": [
        37,
        "armchair"
    ],
    "67": [
        26,
        "curtain"
    ],
    "68": [
        320,
        "guitar_stand"
    ],
    "69": [
        339,
        "wall_shelf"
    ],
    "71": [
        25,
        "curtain"
    ],
    "79": [
        406,
        "pipe"
    ],
    "80": [
        217,
        "kitchen_cabinet"
    ],
    "81": [
        15,
        "pillow"
    ],
    "82": [
        394,
        "tv"
    ],
    "83": [
        355,
        "pipe"
    ],
    "84": [
        140,
        "curtain"
    ],
    "85": [
        124,
        "ceiling_lamp"
    ],
    "88": [
        216,
        "painting"
    ],
    "89": [
        354,
        "pipe"
    ],
    "90": [
        69,
        "toilet"
    ],
    "92": [
        173,
        "armchair"
    ],
    "93": [
        203,
        "cabinet"
    ],
    "94": [
        156,
        "pillow"
    ],
    "95": [
        38,
        "curtain"
    ],
    "96": [
        338,
        "monitor"
    ],
    "97": [
        241,
        "ceiling_lamp"
    ],
    "98": [
        16,
        "pillow"
    ],
    "100": [
        341,
        "wall_shelf"
    ],
    "101": [
        194,
        "window"
    ],
    "104": [
        148,
        "window"
    ],
    "105": [
        265,
        "door_knob"
    ],
    "107": [
        14,
        "pillow"
    ],
    "111": [
        395,
        "device"
    ],
    "112": [
        398,
        "washbasin"
    ],
    "116": [
        261,
        "decorative_plant"
    ],
    "117": [
        22,
        "bedside_table"
    ],
    "120": [
        114,
        "window"
    ],
    "121": [
        21,
        "decoration"
    ],
    "122": [
        329,
        "tv"
    ],
    "124": [
        87,
        "door_knob"
    ],
    "125": [
        153,
        "decoration"
    ],
    "128": [
        51,
        "door"
    ],
    "129": [
        158,
        "stuffed_animal"
    ],
    "130": [
        343,
        "desk"
    ],
    "133": [
        60,
        "showerhead"
    ],
    "137": [
        238,
        "oven"
    ],
    "140": [
        181,
        "pillow"
    ],
    "141": [
        24,
        "decoration"
    ],
    "144": [
        396,
        "box"
    ],
    "145": [
        76,
        "wall_shelf"
    ],
    "146": [
        387,
        "washing_powder"
    ],
    "147": [
        125,
        "bed"
    ],
    "149": [
        323,
        "table"
    ],
    "150": [
        326,
        "window"
    ],
    "156": [
        246,
        "ceiling_lamp"
    ],
    "158": [
        187,
        "decorative_plant"
    ],
    "159": [
        237,
        "kitchen_cabinet_lower"
    ],
    "160": [
        131,
        "door"
    ],
    "162": [
        179,
        "sofa"
    ],
    "163": [
        347,
        "monitor"
    ],
    "165": [
        71,
        "mirror"
    ],
    "167": [
        274,
        "mirror"
    ],
    "168": [
        186,
        "table_lamp"
    ],
    "169": [
        405,
        "pipe"
    ],
    "171": [
        350,
        "pipe"
    ],
    "174": [
        407,
        "pipe"
    ],
    "175": [
        332,
        "computer"
    ],
    "176": [
        363,
        "air_vent_installation"
    ],
    "177": [
        311,
        "poster"
    ],
    "181": [
        410,
        "pipe"
    ],
    "182": [
        121,
        "mascots"
    ],
    "183": [
        65,
        "ceiling_vent"
    ],
    "184": [
        182,
        "pillow"
    ],
    "185": [
        108,
        "curtain"
    ],
    "186": [
        322,
        "pillow"
    ],
    "190": [
        56,
        "door_knob"
    ],
    "191": [
        337,
        "mouse"
    ],
    "194": [
        119,
        "stuffed_animal"
    ],
    "196": [
        352,
        "air_vent_installation"
    ],
    "197": [
        236,
        "range_hood"
    ],
    "199": [
        155,
        "mascot"
    ],
    "202": [
        221,
        "sink"
    ],
    "204": [
        313,
        "guitar"
    ],
    "205": [
        6,
        "door"
    ],
    "207": [
        359,
        "ceiling_lamp"
    ],
    "212": [
        401,
        "tank"
    ],
    "213": [
        176,
        "table"
    ],
    "218": [
        129,
        "blanket"
    ],
    "221": [
        219,
        "kitchen_cabinet_lower"
    ],
    "222": [
        243,
        "fire_detector"
    ],
    "223": [
        319,
        "guitar"
    ],
    "226": [
        212,
        "chair"
    ],
    "229": [
        235,
        "microwave"
    ],
    "231": [
        418,
        "pipe"
    ],
    "237": [
        149,
        "cabinet"
    ],
    "238": [
        342,
        "decorative_plant"
    ],
    "239": [
        27,
        "curtain_bar"
    ],
    "240": [
        258,
        "shelf"
    ],
    "241": [
        202,
        "window"
    ],
    "242": [
        358,
        "ceiling_lamp"
    ],
    "244": [
        116,
        "stuffed_animal"
    ],
    "245": [
        177,
        "carpet"
    ],
    "252": [
        412,
        "stack_of_boxes"
    ],
    "253": [
        214,
        "decorative_plant"
    ],
    "257": [
        64,
        "bath_grab_bar"
    ],
    "258": [
        180,
        "painting"
    ],
    "260": [
        172,
        "table"
    ],
    "268": [
        45,
        "window"
    ],
    "269": [
        132,
        "door_knob"
    ],
    "270": [
        315,
        "keyboard"
    ],
    "271": [
        379,
        "washing_machine"
    ],
    "273": [
        263,
        "decoration"
    ],
    "274": [
        305,
        "picture"
    ],
    "275": [
        314,
        "guitar_stand"
    ],
    "276": [
        55,
        "door"
    ],
    "277": [
        74,
        "faucet"
    ],
    "278": [
        397,
        "pipe"
    ],
    "280": [
        123,
        "mascots"
    ],
    "285": [
        185,
        "table"
    ],
    "287": [
        340,
        "decorative_plant"
    ],
    "290": [
        75,
        "liquid_soap"
    ],
    "293": [
        389,
        "vessel"
    ],
    "296": [
        53,
        "radiator"
    ],
    "297": [
        360,
        "ceiling_lamp"
    ],
    "298": [
        61,
        "shower_dial"
    ],
    "300": [
        331,
        "computer"
    ],
    "301": [
        13,
        "pillow"
    ],
    "302": [
        403,
        "basket"
    ],
    "305": [
        240,
        "ceiling_lamp"
    ],
    "307": [
        349,
        "mouse"
    ],
    "312": [
        316,
        "keyboard_stand"
    ],
    "315": [
        233,
        "kitchen_cabinet"
    ],
    "316": [
        381,
        "shelf"
    ],
    "317": [
        150,
        "decorative_plant"
    ],
    "321": [
        334,
        "monitor"
    ],
    "322": [
        345,
        "computer"
    ],
    "324": [
        399,
        "tap"
    ],
    "328": [
        409,
        "pipe"
    ],
    "329": [
        362,
        "smoke_detector"
    ],
    "330": [
        72,
        "wash_cabinet"
    ],
    "331": [
        348,
        "keyboard"
    ],
    "333": [
        385,
        "vessel"
    ],
    "337": [
        128,
        "pillow"
    ],
    "338": [
        321,
        "sofa"
    ],
    "339": [
        141,
        "curtain_bar"
    ],
    "343": [
        251,
        "door_knob"
    ],
    "344": [
        20,
        "decorative_plant"
    ],
    "345": [
        183,
        "pillow"
    ],
    "346": [
        218,
        "kitchen_cabinet"
    ],
    "348": [
        23,
        "table_lamp"
    ],
    "349": [
        52,
        "door_knob"
    ],
    "350": [
        318,
        "guitar_stand"
    ],
    "351": [
        17,
        "pillow"
    ],
    "352": [
        34,
        "mirror"
    ],
    "355": [
        317,
        "guitar"
    ],
    "358": [
        154,
        "bed"
    ],
    "359": [
        384,
        "vessel"
    ],
    "360": [
        275,
        "wash_cabinet"
    ],
    "361": [
        206,
        "painting"
    ],
    "364": [
        242,
        "ceiling_lamp"
    ],
    "367": [
        151,
        "bedside_table"
    ],
    "368": [
        209,
        "chair"
    ],
    "370": [
        101,
        "door"
    ],
    "371": [
        99,
        "fire_detector"
    ],
    "372": [
        327,
        "armchair"
    ],
    "373": [
        198,
        "curtain"
    ],
    "375": [
        47,
        "ceiling_lamp"
    ],
    "376": [
        39,
        "curtain"
    ],
    "379": [
        220,
        "decorative_plant"
    ],
    "380": [
        357,
        "ceiling_lamp"
    ],
    "384": [
        152,
        "table_lamp"
    ],
    "386": [
        273,
        "wall_lamp"
    ],
    "387": [
        109,
        "curtain_bar"
    ],
    "388": [
        98,
        "ceiling_lamp"
    ],
    "389": [
        234,
        "kitchen_cabinet"
    ],
    "390": [
        351,
        "air_vent_installation"
    ],
    "391": [
        18,
        "bedside_table"
    ],
    "393": [
        365,
        "pipe"
    ],
    "394": [
        364,
        "air_vent_installation"
    ],
    "395": [
        388,
        "washing_powder"
    ],
    "396": [
        160,
        "ceiling_lamp"
    ],
    "398": [
        346,
        "monitor"
    ],
    "400": [
        139,
        "curtain"
    ],
    "402": [
        282,
        "towel_bar"
    ],
    "404": [
        344,
        "chair"
    ],
    "406": [
        59,
        "bath"
    ],
    "407": [
        96,
        "mirror"
    ],
    "408": [
        335,
        "headphones"
    ],
    "409": [
        118,
        "cabinet"
    ],
    "411": [
        73,
        "washbasin"
    ],
    "412": [
        7,
        "door_knob"
    ],
    "414": [
        175,
        "table_lamp"
    ],
    "416": [
        97,
        "decoration"
    ],
    "418": [
        333,
        "monitor"
    ],
    "419": [
        402,
        "heater"
    ],
    "420": [
        174,
        "pillow"
    ],
    "421": [
        225,
        "fridge"
    ]
}