{
    "2": [
        166,
        "trashcan"
    ],
    "3": [
        46,
        "door"
    ],
    "5": [
        316,
        "toilet_brush"
    ],
    "6": [
        239,
        "carpet"
    ],
    "9": [
        340,
        "kitchen_cabinet"
    ],
    "12": [
        294,
        "window_glass"
    ],
    "13": [
        73,
        "wash_cabinet"
    ],
    "14": [
        258,
        "air_conditioner"
    ],
    "17": [
        146,
        "radiator"
    ],
    "18": [
        295,
        "window_glass"
    ],
    "20": [
        301,
        "window_glass"
    ],
    "21": [
        383,
        "side_table"
    ],
    "24": [
        133,
        "chest_of_drawers"
    ],
    "25": [
        115,
        "dining_chair"
    ],
    "26": [
        143,
        "lamp"
    ],
    "27": [
        265,
        "bed"
    ],
    "29": [
        325,
        "kitchen_cabinet"
    ],
    "30": [
        231,
        "curtain"
    ],
    "32": [
        42,
        "wardrobe"
    ],
    "33": [
        192,
        "lamp"
    ],
    "34": [
        335,
        "kitchen_cabinet"
    ],
    "39": [
        16,
        "window_glass"
    ],
    "41": [
        38,
        "lamp"
    ],
    "42": [
        53,
        "radiator"
    ],
    "43": [
        68,
        "toilet"
    ],
    "45": [
        272,
        "curtain"
    ],
    "47": [
        397,
        "window_glass"
    ],
    "48": [
        415,
        "window_glass"
    ],
    "49": [
        132,
        "shelf"
    ],
    "50": [
        366,
        "shelf"
    ],
    "54": [
        274,
        "curtain"
    ],
    "60": [
        261,
        "mirror"
    ],
    "61": [
        127,
        "stool"
    ],
    "66": [
        343,
        "kitchen_cabinet"
    ],
    "67": [
        206,
        "shower_tub"
    ],
    "68": [
        282,
        "mirror"
    ],
    "70": [
        122,
        "dining_chair"
    ],
    "72": [
        209,
        "toilet_paper_dispenser"
    ],
    "74": [
        387,
        "lamp"
    ],
    "76": [
        208,
        "trashcan"
    ],
    "77": [
        406,
        "window_glass"
    ],
    "80": [
        246,
        "curtain"
    ],
    "82": [
        136,
        "wall_lamp"
    ],
    "83": [
        207,
        "toilet"
    ],
    "87": [
        344,
        "kitchen_cabinet"
    ],
    "89": [
        305,
        "window_glass"
    ],
    "90": [
        326,
        "kitchen_cabinet"
    ],
    "91": [
        104,
        "mirror"
    ],
    "95": [
        211,
        "wall_lamp"
    ],
    "96": [
        44,
        "sofa"
    ],
    "97": [
        360,
        "pillow"
    ],
    "98": [
        355,
        "faucet"
    ],
    "99": [
        365,
        "shelf"
    ],
    "102": [
        126,
        "stool"
    ],
    "103": [
        389,
        "side_table"
    ],
    "104": [
        236,
        "door"
    ],
    "105": [
        348,
        "kitchen_countertop_item"
    ],
    "106": [
        391,
        "lamp"
    ],
    "107": [
        215,
        "wash_cabinet"
    ],
    "108": [
        83,
        "box"
    ],
    "111": [
        359,
        "pillow"
    ],
    "113": [
        56,
        "curtain"
    ],
    "116": [
        118,
        "dining_chair"
    ],
    "118": [
        382,
        "bedside_lamp"
    ],
    "120": [
        224,
        "bed"
    ],
    "121": [
        139,
        "shelf"
    ],
    "123": [
        189,
        "wardrobe"
    ],
    "124": [
        381,
        "side_table"
    ],
    "126": [
        298,
        "window_glass"
    ],
    "129": [
        413,
        "window_glass"
    ],
    "130": [
        339,
        "kitchen_cabinet"
    ],
    "131": [
        50,
        "chair"
    ],
    "132": [
        362,
        "faucet"
    ],
    "133": [
        171,
        "wall_lamp"
    ],
    "134": [
        117,
        "dining_chair"
    ],
    "135": [
        290,
        "lamp"
    ],
    "137": [
        164,
        "shelf"
    ],
    "139": [
        105,
        "radiator"
    ],
    "140": [
        149,
        "window"
    ],
    "141": [
        14,
        "window_glass"
    ],
    "142": [
        124,
        "armchair"
    ],
    "144": [
        293,
        "window_glass"
    ],
    "145": [
        338,
        "kitchen_cabinet_drawer"
    ],
    "146": [
        283,
        "chest_of_drawers"
    ],
    "150": [
        170,
        "mirror"
    ],
    "152": [
        281,
        "armchair"
    ],
    "153": [
        165,
        "toilet"
    ],
    "154": [
        361,
        "lamp"
    ],
    "156": [
        51,
        "table"
    ],
    "157": [
        174,
        "washbasin"
    ],
    "159": [
        288,
        "lamp"
    ],
    "160": [
        407,
        "window_glass"
    ],
    "162": [
        336,
        "kitchen_cabinet_drawer"
    ],
    "163": [
        230,
        "air_conditioner"
    ],
    "164": [
        286,
        "chair"
    ],
    "165": [
        329,
        "oven"
    ],
    "166": [
        262,
        "door"
    ],
    "168": [
        134,
        "photo_mount"
    ],
    "172": [
        349,
        "range_hood"
    ],
    "173": [
        368,
        "shelf"
    ],
    "175": [
        249,
        "curtain"
    ],
    "179": [
        15,
        "window_glass"
    ],
    "181": [
        168,
        "toilet_paper"
    ],
    "183": [
        271,
        "curtain"
    ],
    "184": [
        419,
        "window_glass"
    ],
    "186": [
        82,
        "radiator"
    ],
    "187": [
        229,
        "desk"
    ],
    "189": [
        172,
        "hair_dryer"
    ],
    "190": [
        74,
        "toilet_paper_dispenser"
    ],
    "191": [
        253,
        "bed"
    ],
    "194": [
        400,
        "window_glass"
    ],
    "195": [
        214,
        "washbasin"
    ],
    "199": [
        169,
        "toilet_paper"
    ],
    "200": [
        257,
        "photo_mount"
    ],
    "201": [
        251,
        "radiator"
    ],
    "203": [
        111,
        "plant"
    ],
    "204": [
        145,
        "plant"
    ],
    "205": [
        333,
        "kitchen_cabinet"
    ],
    "206": [
        232,
        "curtain"
    ],
    "207": [
        49,
        "chair"
    ],
    "214": [
        142,
        "lamp"
    ],
    "215": [
        55,
        "curtain"
    ],
    "217": [
        6,
        "balcony_railing"
    ],
    "219": [
        119,
        "dining_chair"
    ],
    "220": [
        276,
        "radiator"
    ],
    "221": [
        135,
        "photo_mount"
    ],
    "222": [
        245,
        "curtain"
    ],
    "223": [
        120,
        "dining_chair"
    ],
    "224": [
        48,
        "chair"
    ],
    "225": [
        385,
        "window_glass"
    ],
    "226": [
        324,
        "kitchen_cabinet"
    ],
    "227": [
        410,
        "window_glass"
    ],
    "228": [
        4,
        "lamp"
    ],
    "230": [
        280,
        "bedside_lamp"
    ],
    "232": [
        130,
        "radiator"
    ],
    "233": [
        47,
        "plant"
    ],
    "234": [
        17,
        "window_glass"
    ],
    "235": [
        411,
        "window_glass"
    ],
    "238": [
        299,
        "window_glass"
    ],
    "241": [
        175,
        "bathtub"
    ],
    "244": [
        212,
        "ventilation"
    ],
    "245": [
        303,
        "window_glass"
    ],
    "246": [
        226,
        "chest_of_drawers"
    ],
    "248": [
        327,
        "kitchen_cabinet_drawer"
    ],
    "249": [
        121,
        "dining_chair"
    ],
    "251": [
        77,
        "lamp"
    ],
    "253": [
        235,
        "carpet"
    ],
    "254": [
        402,
        "window_glass"
    ],
    "255": [
        131,
        "tv"
    ],
    "256": [
        255,
        "bedside_lamp"
    ],
    "257": [
        378,
        "showerhead"
    ],
    "258": [
        337,
        "kitchen_cabinet_drawer"
    ],
    "261": [
        36,
        "lamp"
    ],
    "262": [
        45,
        "door"
    ],
    "263": [
        317,
        "faucet"
    ],
    "266": [
        323,
        "kitchen_cabinet"
    ],
    "269": [
        54,
        "curtain"
    ],
    "272": [
        103,
        "painting"
    ],
    "274": [
        250,
        "curtain"
    ],
    "275": [
        405,
        "window_glass"
    ],
    "280": [
        346,
        "kitchen_cabinet"
    ],
    "281": [
        322,
        "kitchen_counter"
    ],
    "282": [
        125,
        "sofa"
    ],
    "283": [
        302,
        "window_glass"
    ],
    "284": [
        260,
        "desk"
    ],
    "287": [
        393,
        "side_table"
    ],
    "288": [
        386,
        "window_glass"
    ],
    "289": [
        409,
        "window_glass"
    ],
    "290": [
        191,
        "wardrobe"
    ],
    "291": [
        285,
        "door"
    ],
    "293": [
        210,
        "mirror"
    ],
    "295": [
        395,
        "side_table"
    ],
    "296": [
        148,
        "curtain"
    ],
    "297": [
        67,
        "wardrobe"
    ],
    "298": [
        332,
        "kitchen_cabinet"
    ],
    "302": [
        358,
        "pillow"
    ],
    "303": [
        345,
        "kitchen_cabinet"
    ],
    "305": [
        154,
        "radiator"
    ],
    "309": [
        392,
        "radiator"
    ],
    "311": [
        279,
        "photo_mount"
    ],
    "313": [
        163,
        "shelf"
    ],
    "315": [
        331,
        "kitchen_cabinet"
    ],
    "317": [
        247,
        "radiator"
    ],
    "318": [
        52,
        "radiator"
    ],
    "321": [
        297,
        "window_glass"
    ],
    "323": [
        304,
        "window_glass"
    ],
    "328": [
        312,
        "smoke_detector"
    ],
    "330": [
        379,
        "shower_hose"
    ],
    "331": [
        129,
        "table"
    ],
    "332": [
        202,
        "door"
    ],
    "333": [
        330,
        "microwave"
    ],
    "334": [
        367,
        "shelf"
    ],
    "340": [
        334,
        "kitchen_cabinet"
    ],
    "341": [
        307,
        "door_stopper"
    ],
    "342": [
        144,
        "lamp"
    ],
    "344": [
        287,
        "lamp"
    ],
    "346": [
        8,
        "box"
    ],
    "348": [
        225,
        "photo_mount"
    ],
    "350": [
        259,
        "chair"
    ],
    "351": [
        100,
        "lamp"
    ],
    "353": [
        20,
        "ashtray"
    ],
    "354": [
        110,
        "table"
    ],
    "357": [
        291,
        "window_glass"
    ],
    "359": [
        227,
        "mirror"
    ],
    "360": [
        264,
        "carpet"
    ],
    "365": [
        396,
        "bedside_lamp"
    ],
    "366": [
        273,
        "curtain"
    ],
    "369": [
        201,
        "radiator"
    ],
    "370": [
        254,
        "armchair"
    ],
    "372": [
        123,
        "armchair"
    ],
    "375": [
        256,
        "bedside_lamp"
    ],
    "376": [
        137,
        "shelf"
    ],
    "378": [
        140,
        "shelf"
    ],
    "380": [
        190,
        "box"
    ],
    "381": [
        347,
        "kitchen_countertop_item"
    ],
    "382": [
        147,
        "curtain"
    ],
    "383": [
        414,
        "window_glass"
    ],
    "384": [
        380,
        "shower_knob"
    ],
    "385": [
        390,
        "side_table"
    ],
    "386": [
        228,
        "chair"
    ],
    "389": [
        178,
        "ventilation"
    ],
    "390": [
        233,
        "radiator"
    ],
    "391": [
        116,
        "dining_chair"
    ],
    "392": [
        173,
        "wash_cabinet"
    ],
    "397": [
        284,
        "desk"
    ],
    "398": [
        321,
        "cabinet"
    ],
    "399": [
        141,
        "lamp"
    ],
    "400": [
        128,
        "carpet"
    ],
    "401": [
        176,
        "door"
    ],
    "403": [
        376,
        "faucet"
    ],
    "404": [
        306,
        "window_glass"
    ],
    "405": [
        72,
        "washbasin"
    ],
    "406": [
        292,
        "window_glass"
    ],
    "408": [
        296,
        "window_glass"
    ],
    "409": [
        328,
        "kitchen_cabinet_drawer"
    ],
    "410": [
        401,
        "window_glass"
    ],
    "412": [
        193,
        "smoke_detector"
    ],
    "415": [
        19,
        "doormat"
    ],
    "417": [
        289,
        "lamp"
    ],
    "418": [
        167,
        "toilet_brush"
    ]
}