{
    "1": [
        569,
        "decoration"
    ],
    "2": [
        627,
        "book_display"
    ],
    "3": [
        649,
        "display"
    ],
    "4": [
        94,
        "curtain"
    ],
    "5": [
        125,
        "lamp"
    ],
    "7": [
        286,
        "piano"
    ],
    "9": [
        204,
        "security_camera"
    ],
    "11": [
        317,
        "picture"
    ],
    "12": [
        526,
        "picture"
    ],
    "13": [
        37,
        "decoration"
    ],
    "14": [
        686,
        "display"
    ],
    "15": [
        687,
        "display"
    ],
    "16": [
        190,
        "couch"
    ],
    "17": [
        122,
        "moose_head_sculpture_hunting_trophy"
    ],
    "18": [
        178,
        "chair"
    ],
    "19": [
        612,
        "display_cabinet"
    ],
    "20": [
        69,
        "table"
    ],
    "23": [
        356,
        "decorative_plant"
    ],
    "24": [
        61,
        "picture"
    ],
    "25": [
        594,
        "picture"
    ],
    "26": [
        548,
        "chest"
    ],
    "27": [
        617,
        "display_cabinet"
    ],
    "29": [
        426,
        "electrical_box"
    ],
    "31": [
        38,
        "decoration"
    ],
    "33": [
        46,
        "vase"
    ],
    "34": [
        26,
        "picture"
    ],
    "36": [
        229,
        "cabinet"
    ],
    "37": [
        470,
        "picture"
    ],
    "40": [
        458,
        "fire_alarm"
    ],
    "42": [
        546,
        "hanger"
    ],
    "43": [
        5,
        "decorative_plant"
    ],
    "44": [
        241,
        "picture"
    ],
    "45": [
        606,
        "display_cabinet"
    ],
    "46": [
        258,
        "desk"
    ],
    "47": [
        195,
        "decorative_plant"
    ],
    "48": [
        634,
        "book_display"
    ],
    "49": [
        349,
        "cabinet"
    ],
    "50": [
        557,
        "security_camera"
    ],
    "51": [
        222,
        "picture"
    ],
    "53": [
        76,
        "picture"
    ],
    "54": [
        269,
        "cup"
    ],
    "56": [
        555,
        "drum"
    ],
    "57": [
        455,
        "sensor"
    ],
    "58": [
        139,
        "picture"
    ],
    "63": [
        676,
        "display"
    ],
    "64": [
        618,
        "book_rack"
    ],
    "67": [
        116,
        "dish"
    ],
    "68": [
        47,
        "dish"
    ],
    "69": [
        564,
        "picture"
    ],
    "70": [
        436,
        "book_display"
    ],
    "71": [
        96,
        "decoration"
    ],
    "73": [
        264,
        "statue"
    ],
    "74": [
        337,
        "picture"
    ],
    "75": [
        496,
        "decorative_plant"
    ],
    "76": [
        688,
        "display"
    ],
    "77": [
        8,
        "picture"
    ],
    "78": [
        75,
        "picture"
    ],
    "79": [
        659,
        "display"
    ],
    "80": [
        384,
        "rack"
    ],
    "81": [
        91,
        "pillar"
    ],
    "82": [
        88,
        "decoration"
    ],
    "83": [
        424,
        "picture"
    ],
    "84": [
        673,
        "display"
    ],
    "86": [
        589,
        "display"
    ],
    "87": [
        677,
        "display"
    ],
    "88": [
        620,
        "fire_alarm"
    ],
    "89": [
        615,
        "display_cabinet"
    ],
    "90": [
        118,
        "rug"
    ],
    "92": [
        101,
        "fire_alarm"
    ],
    "93": [
        383,
        "rack"
    ],
    "95": [
        49,
        "vase"
    ],
    "96": [
        412,
        "picture"
    ],
    "97": [
        14,
        "figure"
    ],
    "98": [
        142,
        "picture"
    ],
    "99": [
        85,
        "picture"
    ],
    "101": [
        597,
        "case"
    ],
    "102": [
        224,
        "picture"
    ],
    "103": [
        251,
        "curtain"
    ],
    "104": [
        259,
        "book"
    ],
    "106": [
        556,
        "fire_alarm"
    ],
    "107": [
        365,
        "table"
    ],
    "108": [
        380,
        "picture"
    ],
    "111": [
        382,
        "cabinet"
    ],
    "113": [
        379,
        "picture"
    ],
    "114": [
        350,
        "case"
    ],
    "115": [
        335,
        "chest"
    ],
    "116": [
        488,
        "sensor"
    ],
    "118": [
        610,
        "statue"
    ],
    "119": [
        16,
        "armchair"
    ],
    "120": [
        645,
        "display"
    ],
    "121": [
        56,
        "decoration"
    ],
    "122": [
        54,
        "plate"
    ],
    "123": [
        431,
        "door"
    ],
    "124": [
        586,
        "display"
    ],
    "125": [
        28,
        "picture"
    ],
    "126": [
        133,
        "decoration"
    ],
    "127": [
        568,
        "hunting_trophy"
    ],
    "129": [
        231,
        "cabinet"
    ],
    "130": [
        371,
        "sensor"
    ],
    "131": [
        114,
        "decoration"
    ],
    "132": [
        162,
        "picture"
    ],
    "134": [
        616,
        "display_cabinet"
    ],
    "135": [
        385,
        "stove"
    ],
    "137": [
        463,
        "electric_box"
    ],
    "140": [
        205,
        "fire_alarm"
    ],
    "141": [
        601,
        "chair"
    ],
    "142": [
        160,
        "picture"
    ],
    "143": [
        551,
        "book_display"
    ],
    "145": [
        631,
        "fire_extinguisher"
    ],
    "146": [
        283,
        "chair"
    ],
    "147": [
        578,
        "stove"
    ],
    "150": [
        675,
        "display"
    ],
    "151": [
        427,
        "electrical_box"
    ],
    "152": [
        107,
        "seat"
    ],
    "153": [
        603,
        "display_cabinet"
    ],
    "154": [
        609,
        "curtain"
    ],
    "155": [
        257,
        "table"
    ],
    "156": [
        579,
        "display_cabinet"
    ],
    "157": [
        340,
        "picture"
    ],
    "158": [
        307,
        "picture"
    ],
    "159": [
        553,
        "book_display"
    ],
    "161": [
        98,
        "decoration"
    ],
    "162": [
        201,
        "hunting_trophy"
    ],
    "163": [
        298,
        "fire_alarm"
    ],
    "164": [
        53,
        "plate"
    ],
    "167": [
        289,
        "chair"
    ],
    "168": [
        570,
        "decoration"
    ],
    "169": [
        595,
        "picture"
    ],
    "170": [
        664,
        "display"
    ],
    "171": [
        670,
        "display"
    ],
    "172": [
        179,
        "chair"
    ],
    "173": [
        533,
        "picture"
    ],
    "174": [
        560,
        "rug"
    ],
    "175": [
        21,
        "figure"
    ],
    "177": [
        406,
        "book_display"
    ],
    "178": [
        554,
        "stand"
    ],
    "179": [
        399,
        "book_display"
    ],
    "180": [
        440,
        "book_display"
    ],
    "182": [
        506,
        "lamp"
    ],
    "183": [
        324,
        "dish"
    ],
    "184": [
        172,
        "chest"
    ],
    "185": [
        319,
        "picture"
    ],
    "186": [
        390,
        "book_display"
    ],
    "187": [
        323,
        "candle_holder"
    ],
    "189": [
        540,
        "picture"
    ],
    "190": [
        395,
        "book_display"
    ],
    "191": [
        10,
        "lamp"
    ],
    "192": [
        547,
        "rope"
    ],
    "193": [
        51,
        "plate"
    ],
    "194": [
        558,
        "sensor"
    ],
    "195": [
        478,
        "stand"
    ],
    "198": [
        671,
        "display"
    ],
    "199": [
        377,
        "picture"
    ],
    "200": [
        90,
        "decoration"
    ],
    "201": [
        313,
        "curtain"
    ],
    "202": [
        633,
        "book_display"
    ],
    "203": [
        225,
        "picture"
    ],
    "204": [
        587,
        "display"
    ],
    "205": [
        576,
        "hunting_trophy"
    ],
    "206": [
        489,
        "closet"
    ],
    "207": [
        131,
        "book"
    ],
    "210": [
        358,
        "curtain"
    ],
    "211": [
        331,
        "stove"
    ],
    "212": [
        552,
        "display_cabinet"
    ],
    "213": [
        449,
        "curtain"
    ],
    "215": [
        647,
        "display"
    ],
    "216": [
        373,
        "speaker"
    ],
    "217": [
        185,
        "door"
    ],
    "218": [
        593,
        "desk"
    ],
    "220": [
        41,
        "decoration"
    ],
    "222": [
        65,
        "decoration"
    ],
    "223": [
        113,
        "decoration"
    ],
    "224": [
        247,
        "cabinet"
    ],
    "226": [
        388,
        "book"
    ],
    "228": [
        111,
        "decoration"
    ],
    "229": [
        452,
        "hanger"
    ],
    "230": [
        665,
        "display"
    ],
    "231": [
        29,
        "picture"
    ],
    "234": [
        684,
        "display"
    ],
    "235": [
        265,
        "picture"
    ],
    "236": [
        469,
        "picture"
    ],
    "239": [
        287,
        "picture"
    ],
    "241": [
        415,
        "picture"
    ],
    "242": [
        389,
        "book"
    ],
    "245": [
        543,
        "curtain"
    ],
    "246": [
        421,
        "wall_board"
    ],
    "247": [
        635,
        "book_display"
    ],
    "248": [
        531,
        "picture"
    ],
    "249": [
        66,
        "cloth"
    ],
    "250": [
        84,
        "picture"
    ],
    "254": [
        147,
        "armchair"
    ],
    "255": [
        355,
        "flower_stand"
    ],
    "257": [
        171,
        "rope"
    ],
    "258": [
        146,
        "art_statue"
    ],
    "259": [
        228,
        "picture"
    ],
    "260": [
        353,
        "flower_stand"
    ],
    "263": [
        280,
        "table"
    ],
    "264": [
        626,
        "book_display"
    ],
    "266": [
        445,
        "decoration"
    ],
    "267": [
        590,
        "display"
    ],
    "268": [
        448,
        "curtain_rod"
    ],
    "270": [
        663,
        "display"
    ],
    "271": [
        419,
        "book_display"
    ],
    "272": [
        432,
        "safe"
    ],
    "273": [
        338,
        "picture"
    ],
    "274": [
        333,
        "cabinet"
    ],
    "275": [
        480,
        "sculpture"
    ],
    "276": [
        102,
        "security_camera"
    ],
    "277": [
        332,
        "sculpture"
    ],
    "278": [
        300,
        "cabinet"
    ],
    "280": [
        585,
        "book_display"
    ],
    "281": [
        279,
        "decorative_plant"
    ],
    "282": [
        249,
        "picture"
    ],
    "283": [
        140,
        "picture"
    ],
    "284": [
        583,
        "picture"
    ],
    "285": [
        87,
        "picture"
    ],
    "287": [
        261,
        "cabinet"
    ],
    "292": [
        6,
        "decoration"
    ],
    "294": [
        650,
        "display"
    ],
    "297": [
        341,
        "picture"
    ],
    "298": [
        354,
        "decorative_plant"
    ],
    "299": [
        682,
        "display"
    ],
    "301": [
        320,
        "dresser"
    ],
    "302": [
        387,
        "book"
    ],
    "303": [
        256,
        "rope"
    ],
    "304": [
        472,
        "picture"
    ],
    "305": [
        628,
        "book_display"
    ],
    "306": [
        236,
        "cabinet"
    ],
    "310": [
        321,
        "statue"
    ],
    "311": [
        394,
        "book_display"
    ],
    "312": [
        92,
        "figure"
    ],
    "313": [
        237,
        "couch"
    ],
    "314": [
        82,
        "picture"
    ],
    "315": [
        669,
        "display"
    ],
    "316": [
        611,
        "display_cabinet"
    ],
    "318": [
        252,
        "curtain"
    ],
    "319": [
        501,
        "sculpture"
    ],
    "320": [
        644,
        "display"
    ],
    "321": [
        492,
        "fire_alarm"
    ],
    "322": [
        521,
        "door"
    ],
    "324": [
        474,
        "display"
    ],
    "325": [
        493,
        "security_camera"
    ],
    "326": [
        581,
        "book_display"
    ],
    "327": [
        115,
        "dish"
    ],
    "328": [
        149,
        "cabinet"
    ],
    "330": [
        32,
        "figure"
    ],
    "331": [
        191,
        "stove"
    ],
    "333": [
        223,
        "picture"
    ],
    "334": [
        640,
        "display"
    ],
    "335": [
        592,
        "case"
    ],
    "336": [
        433,
        "cabinet"
    ],
    "337": [
        152,
        "picture"
    ],
    "338": [
        674,
        "display"
    ],
    "339": [
        310,
        "picture"
    ],
    "340": [
        566,
        "hunting_trophy"
    ],
    "341": [
        18,
        "picture"
    ],
    "343": [
        288,
        "candle_holder"
    ],
    "344": [
        456,
        "security_camera"
    ],
    "345": [
        608,
        "curtain"
    ],
    "346": [
        170,
        "hanger"
    ],
    "347": [
        363,
        "curtain"
    ],
    "348": [
        407,
        "book_display"
    ],
    "349": [
        623,
        "sensor"
    ],
    "350": [
        600,
        "statue"
    ],
    "351": [
        393,
        "book_display"
    ],
    "352": [
        408,
        "picture"
    ],
    "353": [
        202,
        "rug"
    ],
    "354": [
        22,
        "figure"
    ],
    "355": [
        370,
        "fire_alarm"
    ],
    "357": [
        646,
        "display"
    ],
    "358": [
        34,
        "figure"
    ],
    "359": [
        614,
        "display_cabinet"
    ],
    "360": [
        545,
        "window"
    ],
    "363": [
        30,
        "picture"
    ],
    "364": [
        397,
        "book_display"
    ],
    "365": [
        86,
        "picture"
    ],
    "368": [
        539,
        "easel"
    ],
    "369": [
        672,
        "display"
    ],
    "370": [
        19,
        "picture"
    ],
    "373": [
        622,
        "security_camera"
    ],
    "374": [
        345,
        "picture"
    ],
    "375": [
        368,
        "chair"
    ],
    "376": [
        230,
        "cabinet"
    ],
    "377": [
        464,
        "electric_box"
    ],
    "379": [
        352,
        "lamp"
    ],
    "380": [
        314,
        "door"
    ],
    "381": [
        24,
        "picture"
    ],
    "382": [
        308,
        "picture"
    ],
    "383": [
        624,
        "rug"
    ],
    "386": [
        483,
        "picture"
    ],
    "387": [
        499,
        "doormat"
    ],
    "388": [
        450,
        "curtain"
    ],
    "389": [
        177,
        "chair"
    ],
    "390": [
        15,
        "decorative_plant"
    ],
    "391": [
        151,
        "picture"
    ],
    "392": [
        439,
        "book_display"
    ],
    "394": [
        637,
        "display"
    ],
    "395": [
        188,
        "chair"
    ],
    "396": [
        210,
        "picture"
    ],
    "397": [
        529,
        "board"
    ],
    "398": [
        400,
        "book_display"
    ],
    "399": [
        173,
        "table"
    ],
    "400": [
        301,
        "statue"
    ],
    "401": [
        156,
        "picture"
    ],
    "402": [
        364,
        "curtain"
    ],
    "403": [
        451,
        "window"
    ],
    "405": [
        276,
        "hanger"
    ],
    "407": [
        105,
        "stand"
    ],
    "408": [
        544,
        "curtain"
    ],
    "409": [
        103,
        "dress"
    ],
    "413": [
        532,
        "picture"
    ],
    "414": [
        50,
        "dish"
    ],
    "415": [
        577,
        "hunting_trophy"
    ],
    "417": [
        574,
        "hunting_trophy"
    ],
    "418": [
        169,
        "hanger"
    ],
    "419": [
        453,
        "rope"
    ],
    "420": [
        591,
        "case"
    ],
    "421": [
        357,
        "curtain"
    ],
    "422": [
        563,
        "picture"
    ],
    "423": [
        40,
        "pillar"
    ],
    "424": [
        347,
        "cabinet"
    ],
    "426": [
        643,
        "display"
    ],
    "429": [
        3,
        "picture"
    ],
    "430": [
        104,
        "hat"
    ],
    "431": [
        523,
        "picture"
    ],
    "432": [
        632,
        "book_display"
    ],
    "433": [
        48,
        "dish"
    ],
    "435": [
        602,
        "box"
    ],
    "436": [
        666,
        "display"
    ],
    "437": [
        409,
        "picture"
    ],
    "438": [
        580,
        "stuffed_animal"
    ],
    "439": [
        444,
        "decorative_plant"
    ],
    "441": [
        588,
        "display"
    ],
    "442": [
        136,
        "decoration"
    ],
    "443": [
        598,
        "typewriter"
    ],
    "444": [
        43,
        "table"
    ],
    "445": [
        274,
        "curtain"
    ],
    "446": [
        648,
        "display"
    ],
    "448": [
        145,
        "book"
    ],
    "449": [
        366,
        "chair"
    ],
    "450": [
        304,
        "security_camera"
    ],
    "451": [
        254,
        "hanger"
    ],
    "455": [
        668,
        "display"
    ],
    "457": [
        99,
        "lamp"
    ],
    "458": [
        498,
        "doormat"
    ],
    "460": [
        507,
        "roof"
    ],
    "461": [
        25,
        "picture"
    ],
    "462": [
        109,
        "box"
    ],
    "463": [
        372,
        "security_camera"
    ],
    "464": [
        538,
        "stove"
    ],
    "465": [
        479,
        "stand"
    ],
    "466": [
        434,
        "counter"
    ],
    "467": [
        658,
        "display"
    ],
    "470": [
        537,
        "lamp"
    ],
    "471": [
        275,
        "window"
    ],
    "472": [
        150,
        "holy_cross"
    ],
    "473": [
        23,
        "picture"
    ],
    "475": [
        97,
        "decoration"
    ],
    "477": [
        184,
        "door"
    ],
    "478": [
        55,
        "decoration"
    ],
    "479": [
        629,
        "book_display"
    ],
    "481": [
        31,
        "pillar"
    ],
    "483": [
        278,
        "flower_stand"
    ],
    "486": [
        77,
        "stove"
    ],
    "487": [
        652,
        "display"
    ],
    "488": [
        175,
        "chair"
    ],
    "489": [
        405,
        "book_display"
    ],
    "490": [
        132,
        "book"
    ],
    "492": [
        330,
        "curtain"
    ],
    "493": [
        227,
        "picture"
    ],
    "495": [
        446,
        "picture"
    ],
    "496": [
        607,
        "window"
    ],
    "497": [
        303,
        "rug"
    ],
    "498": [
        130,
        "book"
    ],
    "499": [
        161,
        "picture"
    ],
    "500": [
        571,
        "decoration"
    ],
    "501": [
        110,
        "decoration"
    ],
    "502": [
        268,
        "cup"
    ],
    "504": [
        187,
        "picture"
    ],
    "505": [
        465,
        "electric_box"
    ],
    "507": [
        391,
        "book_display"
    ],
    "508": [
        435,
        "display_cabinet"
    ],
    "509": [
        691,
        "display"
    ],
    "510": [
        550,
        "display_cabinet"
    ],
    "511": [
        4,
        "curtain"
    ],
    "513": [
        525,
        "picture"
    ],
    "514": [
        309,
        "picture"
    ],
    "516": [
        12,
        "figure"
    ],
    "518": [
        282,
        "decorative_plant"
    ],
    "519": [
        413,
        "picture"
    ],
    "520": [
        685,
        "display"
    ],
    "521": [
        346,
        "picture"
    ],
    "522": [
        530,
        "display_cabinet"
    ],
    "523": [
        683,
        "display"
    ],
    "524": [
        491,
        "lamp"
    ],
    "525": [
        167,
        "curtain"
    ],
    "526": [
        44,
        "vase"
    ],
    "528": [
        567,
        "hunting_trophy"
    ],
    "529": [
        112,
        "box"
    ],
    "530": [
        72,
        "picture"
    ],
    "532": [
        93,
        "curtain"
    ],
    "533": [
        404,
        "rack"
    ],
    "534": [
        573,
        "picture"
    ],
    "535": [
        416,
        "closet"
    ],
    "536": [
        680,
        "display"
    ],
    "537": [
        396,
        "book_display"
    ],
    "538": [
        502,
        "sculpture"
    ],
    "539": [
        621,
        "lamp"
    ],
    "541": [
        52,
        "dish"
    ],
    "543": [
        168,
        "window"
    ],
    "544": [
        679,
        "display"
    ],
    "545": [
        106,
        "drum"
    ],
    "546": [
        348,
        "decoration"
    ],
    "549": [
        9,
        "picture"
    ],
    "550": [
        565,
        "rug"
    ],
    "551": [
        68,
        "flag"
    ],
    "552": [
        584,
        "case"
    ],
    "554": [
        299,
        "statue"
    ],
    "555": [
        359,
        "curtain"
    ],
    "557": [
        362,
        "curtain"
    ],
    "558": [
        462,
        "fire_extinguisher"
    ],
    "560": [
        473,
        "picture"
    ],
    "561": [
        638,
        "display"
    ],
    "562": [
        442,
        "display"
    ],
    "564": [
        378,
        "door"
    ],
    "565": [
        36,
        "decoration"
    ],
    "566": [
        189,
        "chair"
    ],
    "567": [
        213,
        "decoration"
    ],
    "568": [
        443,
        "table"
    ],
    "572": [
        285,
        "lamp"
    ],
    "574": [
        128,
        "fireplace_sconce"
    ],
    "577": [
        534,
        "picture"
    ],
    "578": [
        343,
        "curtain"
    ],
    "581": [
        166,
        "curtain"
    ],
    "582": [
        296,
        "sensor"
    ],
    "583": [
        174,
        "decoration"
    ],
    "584": [
        74,
        "picture"
    ],
    "585": [
        221,
        "door"
    ],
    "586": [
        392,
        "book_display"
    ],
    "587": [
        70,
        "bin"
    ],
    "588": [
        494,
        "mirror"
    ],
    "589": [
        681,
        "display"
    ],
    "590": [
        95,
        "curtain_rod"
    ],
    "591": [
        636,
        "book_display"
    ],
    "592": [
        67,
        "picture"
    ],
    "593": [
        582,
        "display"
    ],
    "594": [
        42,
        "lamp"
    ],
    "595": [
        437,
        "book_display"
    ],
    "596": [
        471,
        "picture"
    ],
    "597": [
        662,
        "display"
    ],
    "599": [
        176,
        "chair"
    ],
    "602": [
        212,
        "decoration"
    ],
    "603": [
        466,
        "door"
    ],
    "604": [
        248,
        "cup"
    ],
    "605": [
        367,
        "chair"
    ],
    "606": [
        398,
        "book_display"
    ],
    "608": [
        503,
        "sculpture"
    ],
    "610": [
        528,
        "picture"
    ],
    "611": [
        599,
        "case"
    ],
    "613": [
        159,
        "picture"
    ],
    "614": [
        642,
        "display"
    ],
    "615": [
        651,
        "display"
    ],
    "616": [
        235,
        "picture"
    ],
    "619": [
        305,
        "picture"
    ],
    "620": [
        361,
        "curtain"
    ],
    "621": [
        243,
        "picture"
    ],
    "622": [
        504,
        "decorative_plant"
    ],
    "623": [
        121,
        "picture"
    ],
    "624": [
        418,
        "stack_of_papers"
    ],
    "625": [
        246,
        "picture"
    ],
    "626": [
        2,
        "picture"
    ],
    "627": [
        194,
        "cabinet"
    ],
    "628": [
        520,
        "door"
    ],
    "629": [
        226,
        "picture"
    ],
    "630": [
        322,
        "picture"
    ],
    "631": [
        441,
        "book_display"
    ],
    "632": [
        522,
        "picture"
    ],
    "633": [
        83,
        "picture"
    ],
    "634": [
        535,
        "picture"
    ],
    "635": [
        639,
        "display"
    ],
    "636": [
        641,
        "display"
    ],
    "637": [
        108,
        "hat"
    ],
    "639": [
        124,
        "moose_head_sculpture_hunting_trophy"
    ],
    "640": [
        200,
        "lamp"
    ],
    "641": [
        457,
        "lamp"
    ],
    "642": [
        27,
        "picture"
    ],
    "643": [
        273,
        "curtain"
    ],
    "644": [
        45,
        "vase"
    ],
    "645": [
        328,
        "picture"
    ],
    "646": [
        438,
        "book_display"
    ],
    "647": [
        339,
        "picture"
    ],
    "648": [
        141,
        "picture"
    ],
    "649": [
        253,
        "hanger"
    ],
    "650": [
        277,
        "rope"
    ],
    "651": [
        144,
        "cabinet"
    ],
    "652": [
        284,
        "chair"
    ],
    "653": [
        549,
        "bed_small"
    ],
    "654": [
        481,
        "sculpture"
    ],
    "655": [
        375,
        "rug"
    ],
    "656": [
        428,
        "electrical_box"
    ],
    "657": [
        536,
        "rack"
    ],
    "658": [
        270,
        "cup"
    ],
    "659": [
        417,
        "desk"
    ],
    "660": [
        414,
        "picture"
    ],
    "661": [
        524,
        "picture"
    ],
    "662": [
        13,
        "pillar"
    ],
    "663": [
        692,
        "paper"
    ],
    "664": [
        154,
        "picture"
    ],
    "665": [
        129,
        "book"
    ],
    "666": [
        138,
        "picture"
    ],
    "667": [
        575,
        "hunting_trophy"
    ],
    "668": [
        127,
        "picture"
    ],
    "669": [
        143,
        "armchair"
    ],
    "670": [
        351,
        "bouquet"
    ],
    "671": [
        495,
        "decorative_plant"
    ],
    "672": [
        262,
        "stuffed_animal"
    ],
    "674": [
        11,
        "pillar"
    ],
    "675": [
        527,
        "picture"
    ],
    "677": [
        678,
        "display"
    ],
    "678": [
        430,
        "door"
    ],
    "681": [
        35,
        "figure"
    ],
    "682": [
        468,
        "picture"
    ],
    "683": [
        73,
        "picture"
    ],
    "684": [
        20,
        "picture"
    ],
    "686": [
        630,
        "book_display"
    ],
    "689": [
        135,
        "decoration"
    ],
    "690": [
        334,
        "statue"
    ],
    "691": [
        123,
        "moose_head_sculpture_hunting_trophy"
    ],
    "692": [
        134,
        "antique_clock"
    ]
}