{
    "3": [
        158,
        "door"
    ],
    "6": [
        88,
        "fireplace"
    ],
    "7": [
        260,
        "lamp"
    ],
    "8": [
        279,
        "book"
    ],
    "9": [
        548,
        "toilet"
    ],
    "10": [
        708,
        "box"
    ],
    "11": [
        44,
        "window"
    ],
    "13": [
        382,
        "paper"
    ],
    "14": [
        140,
        "jug"
    ],
    "15": [
        487,
        "lamp"
    ],
    "16": [
        469,
        "shelving"
    ],
    "17": [
        65,
        "candle"
    ],
    "18": [
        54,
        "pillow"
    ],
    "20": [
        120,
        "vase"
    ],
    "21": [
        23,
        "armchair"
    ],
    "22": [
        768,
        "lamp"
    ],
    "23": [
        329,
        "box"
    ],
    "24": [
        234,
        "window"
    ],
    "27": [
        110,
        "window"
    ],
    "28": [
        418,
        "chest_of_drawers"
    ],
    "29": [
        639,
        "carpet"
    ],
    "31": [
        67,
        "decorative_lantern"
    ],
    "33": [
        757,
        "carpet"
    ],
    "34": [
        314,
        "book"
    ],
    "35": [
        195,
        "cloth"
    ],
    "36": [
        455,
        "door"
    ],
    "38": [
        150,
        "book"
    ],
    "39": [
        116,
        "window"
    ],
    "40": [
        285,
        "box"
    ],
    "43": [
        739,
        "basket"
    ],
    "44": [
        465,
        "window"
    ],
    "45": [
        709,
        "bottle"
    ],
    "46": [
        353,
        "shelving"
    ],
    "47": [
        35,
        "armchair"
    ],
    "48": [
        69,
        "tv"
    ],
    "49": [
        318,
        "book"
    ],
    "51": [
        684,
        "box"
    ],
    "52": [
        118,
        "curtain"
    ],
    "54": [
        691,
        "box"
    ],
    "55": [
        292,
        "box"
    ],
    "56": [
        629,
        "railing"
    ],
    "57": [
        27,
        "closet"
    ],
    "59": [
        385,
        "trashcan"
    ],
    "60": [
        94,
        "candle"
    ],
    "61": [
        117,
        "curtain"
    ],
    "62": [
        81,
        "decoration"
    ],
    "63": [
        29,
        "tv"
    ],
    "64": [
        360,
        "book"
    ],
    "65": [
        665,
        "fire_extinguisher"
    ],
    "66": [
        319,
        "clutter"
    ],
    "69": [
        321,
        "toy"
    ],
    "70": [
        750,
        "hanging_clothes"
    ],
    "71": [
        589,
        "lamp"
    ],
    "73": [
        419,
        "picture"
    ],
    "74": [
        685,
        "box"
    ],
    "76": [
        294,
        "stack_of_papers"
    ],
    "77": [
        703,
        "box"
    ],
    "78": [
        764,
        "pipe"
    ],
    "79": [
        442,
        "mirror"
    ],
    "80": [
        535,
        "picture"
    ],
    "82": [
        209,
        "picture"
    ],
    "85": [
        306,
        "clutter"
    ],
    "86": [
        126,
        "chair"
    ],
    "87": [
        430,
        "curtain"
    ],
    "89": [
        503,
        "window"
    ],
    "90": [
        512,
        "book"
    ],
    "91": [
        532,
        "bed"
    ],
    "92": [
        631,
        "lamp"
    ],
    "93": [
        650,
        "hanger"
    ],
    "94": [
        86,
        "footrest"
    ],
    "96": [
        263,
        "toilet_brush"
    ],
    "97": [
        406,
        "curtain"
    ],
    "100": [
        744,
        "trashcan"
    ],
    "101": [
        711,
        "bottle"
    ],
    "102": [
        500,
        "wall_hanging_decoration"
    ],
    "103": [
        407,
        "curtain"
    ],
    "104": [
        408,
        "armchair"
    ],
    "105": [
        61,
        "magazine"
    ],
    "106": [
        546,
        "trashcan"
    ],
    "107": [
        162,
        "cloth"
    ],
    "109": [
        297,
        "box"
    ],
    "110": [
        378,
        "chair"
    ],
    "112": [
        565,
        "bathroom_cabinet"
    ],
    "114": [
        98,
        "candle"
    ],
    "115": [
        508,
        "pillow"
    ],
    "116": [
        561,
        "shower_soap_shelf"
    ],
    "121": [
        733,
        "bottle_of_detergent"
    ],
    "122": [
        735,
        "box"
    ],
    "123": [
        299,
        "clutter"
    ],
    "124": [
        569,
        "mirror"
    ],
    "125": [
        578,
        "switch"
    ],
    "126": [
        53,
        "pillow"
    ],
    "127": [
        186,
        "bowl_of_fruit"
    ],
    "128": [
        68,
        "shelf"
    ],
    "129": [
        410,
        "decoder"
    ],
    "130": [
        304,
        "box"
    ],
    "131": [
        545,
        "picture"
    ],
    "132": [
        403,
        "door"
    ],
    "133": [
        384,
        "box"
    ],
    "134": [
        656,
        "fire_extinguisher"
    ],
    "135": [
        80,
        "bag"
    ],
    "139": [
        87,
        "stool"
    ],
    "140": [
        527,
        "basket"
    ],
    "141": [
        191,
        "clock"
    ],
    "142": [
        477,
        "mirror"
    ],
    "143": [
        361,
        "book"
    ],
    "145": [
        59,
        "candle"
    ],
    "146": [
        113,
        "cabinet"
    ],
    "147": [
        420,
        "picture"
    ],
    "148": [
        745,
        "ironing_board"
    ],
    "150": [
        172,
        "range_hood"
    ],
    "151": [
        453,
        "shower_curtain"
    ],
    "152": [
        146,
        "kitchen_cabinet"
    ],
    "153": [
        134,
        "cabinet"
    ],
    "154": [
        240,
        "lamp"
    ],
    "155": [
        255,
        "mirror"
    ],
    "156": [
        682,
        "shelving"
    ],
    "157": [
        440,
        "toilet_paper_dispenser"
    ],
    "158": [
        3,
        "door"
    ],
    "159": [
        751,
        "clothes"
    ],
    "160": [
        598,
        "railing"
    ],
    "162": [
        480,
        "door"
    ],
    "163": [
        171,
        "kitchen_cabinet"
    ],
    "165": [
        49,
        "picture"
    ],
    "167": [
        346,
        "decoration"
    ],
    "168": [
        181,
        "kitchen_counter"
    ],
    "169": [
        189,
        "kitchen_cabinet"
    ],
    "170": [
        272,
        "toy"
    ],
    "175": [
        424,
        "lamp"
    ],
    "176": [
        55,
        "coffee_table"
    ],
    "177": [
        366,
        "book"
    ],
    "178": [
        15,
        "pillow"
    ],
    "181": [
        560,
        "faucet"
    ],
    "184": [
        142,
        "storage_cabinet"
    ],
    "185": [
        183,
        "faucet"
    ],
    "188": [
        365,
        "book"
    ],
    "189": [
        194,
        "oven"
    ],
    "190": [
        311,
        "book"
    ],
    "191": [
        30,
        "decoration"
    ],
    "193": [
        208,
        "picture"
    ],
    "195": [
        333,
        "box"
    ],
    "196": [
        165,
        "kitchen_utensil"
    ],
    "198": [
        372,
        "bowl"
    ],
    "201": [
        712,
        "bottle"
    ],
    "203": [
        692,
        "clothes"
    ],
    "205": [
        533,
        "pillow"
    ],
    "206": [
        312,
        "box"
    ],
    "207": [
        374,
        "cabinet"
    ],
    "208": [
        510,
        "desk"
    ],
    "209": [
        721,
        "cloth"
    ],
    "210": [
        583,
        "mirror"
    ],
    "211": [
        64,
        "decoration"
    ],
    "212": [
        66,
        "decorative_lantern"
    ],
    "213": [
        323,
        "shelving"
    ],
    "215": [
        683,
        "box"
    ],
    "216": [
        316,
        "stationery"
    ],
    "217": [
        95,
        "candle"
    ],
    "218": [
        483,
        "pillow"
    ],
    "220": [
        159,
        "kitchen_cabinet"
    ],
    "221": [
        177,
        "kitchen_cabinet"
    ],
    "222": [
        184,
        "soap_dispenser"
    ],
    "223": [
        261,
        "tissue_box"
    ],
    "224": [
        729,
        "laundry_machine"
    ],
    "225": [
        19,
        "basket_of_something"
    ],
    "226": [
        642,
        "door"
    ],
    "227": [
        754,
        "box"
    ],
    "228": [
        411,
        "tv"
    ],
    "229": [
        202,
        "lamp"
    ],
    "230": [
        390,
        "carpet"
    ],
    "231": [
        752,
        "box"
    ],
    "232": [
        460,
        "shelf"
    ],
    "234": [
        368,
        "box"
    ],
    "235": [
        83,
        "decoration"
    ],
    "237": [
        167,
        "kitchen_utensil"
    ],
    "240": [
        315,
        "stationery"
    ],
    "241": [
        655,
        "fire_extinguisher"
    ],
    "242": [
        130,
        "chair"
    ],
    "243": [
        37,
        "lamp"
    ],
    "244": [
        506,
        "decoration"
    ],
    "246": [
        523,
        "door"
    ],
    "247": [
        42,
        "ceiling_window"
    ],
    "250": [
        141,
        "jug"
    ],
    "251": [
        111,
        "curtain"
    ],
    "252": [
        449,
        "sink"
    ],
    "253": [
        660,
        "broom"
    ],
    "254": [
        239,
        "lamp"
    ],
    "256": [
        471,
        "decoration"
    ],
    "258": [
        335,
        "shoe"
    ],
    "259": [
        77,
        "lamp"
    ],
    "260": [
        491,
        "hanger"
    ],
    "261": [
        341,
        "picture"
    ],
    "262": [
        547,
        "tissue_box"
    ],
    "264": [
        697,
        "box"
    ],
    "269": [
        232,
        "decoration"
    ],
    "270": [
        537,
        "lamp"
    ],
    "272": [
        265,
        "ventilation"
    ],
    "273": [
        161,
        "oven_and_stove"
    ],
    "274": [
        731,
        "faucet"
    ],
    "275": [
        696,
        "shelving"
    ],
    "277": [
        454,
        "bathtub"
    ],
    "278": [
        549,
        "toilet_paper_dispenser"
    ],
    "279": [
        373,
        "bowl"
    ],
    "282": [
        222,
        "chair"
    ],
    "284": [
        661,
        "broom"
    ],
    "285": [
        31,
        "jug"
    ],
    "286": [
        277,
        "box"
    ],
    "287": [
        284,
        "stack_of_cds"
    ],
    "289": [
        758,
        "trolley"
    ],
    "290": [
        788,
        "shower_curtain_rod"
    ],
    "292": [
        713,
        "bottle"
    ],
    "293": [
        511,
        "chair"
    ],
    "294": [
        659,
        "jar"
    ],
    "295": [
        416,
        "window"
    ],
    "296": [
        21,
        "book"
    ],
    "297": [
        309,
        "stack_of_papers"
    ],
    "298": [
        566,
        "sink"
    ],
    "299": [
        582,
        "door"
    ],
    "301": [
        339,
        "hanging_clothes"
    ],
    "302": [
        97,
        "vase"
    ],
    "303": [
        587,
        "carpet"
    ],
    "305": [
        541,
        "lamp"
    ],
    "306": [
        705,
        "box"
    ],
    "307": [
        746,
        "iron"
    ],
    "308": [
        100,
        "candle"
    ],
    "309": [
        307,
        "stack_of_papers"
    ],
    "310": [
        36,
        "lamp"
    ],
    "311": [
        108,
        "mirror"
    ],
    "313": [
        364,
        "book"
    ],
    "314": [
        50,
        "couch"
    ],
    "315": [
        137,
        "jar"
    ],
    "316": [
        596,
        "railing"
    ],
    "318": [
        558,
        "shower_curtain_bar"
    ],
    "319": [
        738,
        "bottle_of_detergent"
    ],
    "320": [
        34,
        "basket_of_towels"
    ],
    "322": [
        397,
        "lamp"
    ],
    "323": [
        786,
        "lamp"
    ],
    "324": [
        57,
        "tray"
    ],
    "328": [
        748,
        "machine"
    ],
    "330": [
        270,
        "shelving"
    ],
    "331": [
        715,
        "jar"
    ],
    "333": [
        702,
        "box"
    ],
    "335": [
        93,
        "candle"
    ],
    "336": [
        667,
        "lamp"
    ],
    "337": [
        274,
        "picture"
    ],
    "338": [
        148,
        "coffee_machine"
    ],
    "339": [
        699,
        "bottle"
    ],
    "341": [
        761,
        "vent"
    ],
    "342": [
        253,
        "toilet_paper_dispenser"
    ],
    "344": [
        187,
        "kitchen_cabinet"
    ],
    "345": [
        543,
        "window"
    ],
    "346": [
        74,
        "pillow"
    ],
    "347": [
        765,
        "pipe"
    ],
    "351": [
        198,
        "door"
    ],
    "353": [
        259,
        "toilet_paper"
    ],
    "354": [
        355,
        "book"
    ],
    "356": [
        766,
        "lamp"
    ],
    "359": [
        326,
        "box"
    ],
    "361": [
        704,
        "box"
    ],
    "362": [
        124,
        "mirror"
    ],
    "363": [
        447,
        "toilet"
    ],
    "365": [
        156,
        "candle"
    ],
    "366": [
        160,
        "kitchen_cabinet"
    ],
    "367": [
        230,
        "plant"
    ],
    "368": [
        737,
        "bottle_of_detergent"
    ],
    "369": [
        168,
        "kitchen_cabinet"
    ],
    "371": [
        225,
        "curtain"
    ],
    "373": [
        212,
        "door"
    ],
    "375": [
        149,
        "cup"
    ],
    "378": [
        63,
        "shelf"
    ],
    "379": [
        273,
        "toy"
    ],
    "380": [
        749,
        "clothes_hanger"
    ],
    "381": [
        268,
        "door"
    ],
    "382": [
        280,
        "book"
    ],
    "383": [
        155,
        "kitchen_island"
    ],
    "384": [
        99,
        "candle"
    ],
    "385": [
        462,
        "cosmetic"
    ],
    "387": [
        700,
        "box"
    ],
    "388": [
        179,
        "kitchen_cabinet"
    ],
    "389": [
        72,
        "pillow"
    ],
    "390": [
        358,
        "book"
    ],
    "391": [
        119,
        "chest_of_drawers"
    ],
    "393": [
        7,
        "door"
    ],
    "394": [
        428,
        "pillow"
    ],
    "397": [
        570,
        "cosmetic"
    ],
    "398": [
        302,
        "box"
    ],
    "399": [
        747,
        "air_conditioner"
    ],
    "400": [
        336,
        "shoe"
    ],
    "401": [
        473,
        "pillow"
    ],
    "402": [
        89,
        "firewood"
    ],
    "404": [
        345,
        "decoration"
    ],
    "406": [
        643,
        "bag"
    ],
    "407": [
        33,
        "book"
    ],
    "408": [
        211,
        "closet"
    ],
    "409": [
        426,
        "pouffe"
    ],
    "410": [
        734,
        "bottle_of_detergent"
    ],
    "413": [
        412,
        "clutter"
    ],
    "415": [
        2,
        "window"
    ],
    "416": [
        723,
        "towel"
    ],
    "419": [
        760,
        "shelving"
    ],
    "420": [
        173,
        "cloth"
    ],
    "426": [
        58,
        "candle"
    ],
    "427": [
        301,
        "box"
    ],
    "428": [
        317,
        "stationery"
    ],
    "430": [
        716,
        "box"
    ],
    "431": [
        328,
        "box"
    ],
    "435": [
        572,
        "carpet"
    ],
    "437": [
        351,
        "shutters"
    ],
    "438": [
        122,
        "vase"
    ],
    "439": [
        330,
        "box"
    ],
    "440": [
        289,
        "book"
    ],
    "442": [
        10,
        "lamp"
    ],
    "443": [
        497,
        "plant"
    ],
    "444": [
        369,
        "book"
    ],
    "445": [
        658,
        "jar"
    ],
    "446": [
        276,
        "box"
    ],
    "447": [
        687,
        "box"
    ],
    "448": [
        707,
        "box"
    ],
    "449": [
        138,
        "jar"
    ],
    "450": [
        132,
        "lamp"
    ],
    "452": [
        722,
        "basket_of_towels"
    ],
    "454": [
        17,
        "pillow"
    ],
    "455": [
        518,
        "mirror"
    ],
    "456": [
        14,
        "blanket"
    ],
    "457": [
        123,
        "vase"
    ],
    "459": [
        217,
        "door"
    ],
    "460": [
        28,
        "closet"
    ],
    "461": [
        90,
        "bucket"
    ],
    "462": [
        96,
        "candle"
    ],
    "463": [
        338,
        "shoe"
    ],
    "464": [
        344,
        "decoration"
    ],
    "465": [
        481,
        "chest_of_drawers"
    ],
    "466": [
        720,
        "box"
    ],
    "467": [
        443,
        "mirror"
    ],
    "469": [
        690,
        "bag"
    ],
    "470": [
        216,
        "picture"
    ],
    "471": [
        386,
        "box"
    ],
    "473": [
        694,
        "machine"
    ],
    "474": [
        197,
        "kitchen_cabinet"
    ],
    "475": [
        538,
        "lamp"
    ],
    "477": [
        654,
        "shelf"
    ],
    "478": [
        356,
        "book"
    ],
    "479": [
        396,
        "book"
    ],
    "481": [
        470,
        "closet"
    ],
    "482": [
        25,
        "footrest"
    ],
    "483": [
        423,
        "nightstand"
    ],
    "484": [
        9,
        "lamp"
    ],
    "485": [
        689,
        "rope"
    ],
    "486": [
        305,
        "box"
    ],
    "487": [
        32,
        "decoration"
    ],
    "488": [
        20,
        "coffee_table"
    ],
    "489": [
        1,
        "window"
    ],
    "490": [
        395,
        "clutter"
    ],
    "491": [
        567,
        "sink"
    ],
    "492": [
        192,
        "kitchen_cabinet"
    ],
    "493": [
        706,
        "box"
    ],
    "494": [
        357,
        "book"
    ],
    "495": [
        313,
        "book"
    ],
    "497": [
        504,
        "closet"
    ],
    "498": [
        131,
        "chair"
    ],
    "499": [
        347,
        "decoration"
    ],
    "501": [
        282,
        "box"
    ],
    "506": [
        539,
        "lamp"
    ],
    "507": [
        153,
        "kitchen_cabinet"
    ],
    "509": [
        472,
        "box"
    ],
    "510": [
        170,
        "kitchen_cabinet"
    ],
    "511": [
        296,
        "clutter"
    ],
    "513": [
        324,
        "box"
    ],
    "514": [
        210,
        "couch"
    ],
    "515": [
        377,
        "keys"
    ],
    "516": [
        147,
        "kitchen_cabinet"
    ],
    "517": [
        387,
        "box"
    ],
    "518": [
        75,
        "side_table"
    ],
    "519": [
        495,
        "chest_of_drawers"
    ],
    "520": [
        484,
        "pillow"
    ],
    "521": [
        233,
        "lamp"
    ],
    "523": [
        576,
        "closet"
    ],
    "524": [
        136,
        "jar"
    ],
    "525": [
        41,
        "ceiling_window"
    ],
    "526": [
        76,
        "book"
    ],
    "527": [
        249,
        "vase"
    ],
    "530": [
        388,
        "bag"
    ],
    "531": [
        421,
        "nightstand"
    ],
    "532": [
        394,
        "decoration"
    ],
    "533": [
        728,
        "laundry_machine"
    ],
    "537": [
        505,
        "chest"
    ],
    "538": [
        84,
        "decoration"
    ],
    "539": [
        591,
        "attic_door"
    ],
    "541": [
        727,
        "laundry_basket"
    ],
    "542": [
        223,
        "chair"
    ],
    "543": [
        513,
        "lamp"
    ],
    "546": [
        528,
        "book"
    ],
    "548": [
        698,
        "bottle"
    ],
    "549": [
        568,
        "towel"
    ],
    "552": [
        269,
        "shelf"
    ],
    "555": [
        350,
        "shutters"
    ],
    "557": [
        635,
        "door"
    ],
    "558": [
        452,
        "blinds"
    ],
    "559": [
        308,
        "paper"
    ],
    "560": [
        182,
        "sink"
    ],
    "562": [
        653,
        "door"
    ],
    "564": [
        5,
        "window"
    ],
    "565": [
        594,
        "window"
    ],
    "566": [
        13,
        "couch"
    ],
    "567": [
        52,
        "pillow"
    ],
    "568": [
        128,
        "chair"
    ],
    "571": [
        499,
        "window"
    ],
    "572": [
        730,
        "sink"
    ],
    "573": [
        732,
        "shelf"
    ],
    "575": [
        22,
        "candle"
    ],
    "576": [
        235,
        "basket"
    ],
    "577": [
        92,
        "candle"
    ],
    "578": [
        121,
        "vase"
    ],
    "579": [
        325,
        "box"
    ],
    "580": [
        409,
        "chest_of_drawers"
    ],
    "581": [
        433,
        "fan"
    ],
    "583": [
        530,
        "bed"
    ],
    "584": [
        231,
        "side_table"
    ],
    "585": [
        286,
        "decoration"
    ],
    "586": [
        669,
        "carpet"
    ],
    "587": [
        379,
        "desk"
    ],
    "588": [
        327,
        "box"
    ],
    "589": [
        82,
        "decoration"
    ],
    "591": [
        485,
        "lamp"
    ],
    "592": [
        242,
        "lamp"
    ],
    "593": [
        710,
        "box"
    ],
    "594": [
        310,
        "stack_of_papers"
    ],
    "595": [
        221,
        "chair"
    ],
    "597": [
        204,
        "window"
    ],
    "598": [
        278,
        "book"
    ],
    "599": [
        585,
        "door"
    ],
    "600": [
        257,
        "kitchen_counter"
    ],
    "601": [
        380,
        "laptop"
    ],
    "602": [
        762,
        "vent"
    ],
    "604": [
        688,
        "box"
    ],
    "605": [
        724,
        "clutter"
    ],
    "606": [
        448,
        "trashcan"
    ],
    "607": [
        496,
        "tv"
    ],
    "608": [
        741,
        "basket"
    ],
    "609": [
        71,
        "pillow"
    ],
    "610": [
        166,
        "kitchen_utensil"
    ],
    "611": [
        498,
        "window"
    ],
    "612": [
        657,
        "jar"
    ],
    "613": [
        51,
        "pillow"
    ],
    "614": [
        755,
        "basket"
    ],
    "617": [
        515,
        "lamp"
    ],
    "618": [
        298,
        "picture"
    ],
    "619": [
        467,
        "window"
    ],
    "620": [
        646,
        "door"
    ],
    "621": [
        56,
        "plant"
    ],
    "622": [
        579,
        "switch"
    ],
    "623": [
        300,
        "clutter"
    ],
    "624": [
        753,
        "box"
    ],
    "625": [
        169,
        "kitchen_cabinet"
    ],
    "626": [
        226,
        "curtain"
    ],
    "627": [
        529,
        "chest_of_drawers"
    ],
    "628": [
        135,
        "jar"
    ],
    "629": [
        283,
        "box"
    ],
    "632": [
        559,
        "bathtub"
    ],
    "633": [
        262,
        "toilet"
    ],
    "634": [
        224,
        "window"
    ],
    "635": [
        726,
        "trashcan"
    ],
    "636": [
        24,
        "pillow"
    ],
    "637": [
        334,
        "bag"
    ],
    "638": [
        401,
        "lamp"
    ],
    "639": [
        337,
        "shoe"
    ],
    "641": [
        645,
        "mirror"
    ],
    "642": [
        362,
        "book"
    ],
    "643": [
        70,
        "couch"
    ],
    "645": [
        237,
        "carpet"
    ],
    "646": [
        367,
        "book"
    ],
    "647": [
        18,
        "pillow"
    ],
    "649": [
        185,
        "paper_towel_dispenser"
    ],
    "650": [
        427,
        "pillow"
    ],
    "651": [
        400,
        "door"
    ],
    "652": [
        79,
        "cabinet"
    ],
    "653": [
        129,
        "chair"
    ],
    "654": [
        352,
        "window"
    ],
    "656": [
        376,
        "keys"
    ],
    "657": [
        600,
        "door"
    ],
    "659": [
        405,
        "window"
    ],
    "662": [
        332,
        "box"
    ],
    "664": [
        271,
        "toy"
    ],
    "665": [
        553,
        "shower_curtain"
    ],
    "667": [
        375,
        "keys"
    ],
    "670": [
        102,
        "carpet"
    ],
    "671": [
        295,
        "book"
    ],
    "672": [
        343,
        "decoration"
    ],
    "674": [
        176,
        "kitchen_cabinet"
    ],
    "676": [
        522,
        "closet"
    ],
    "677": [
        174,
        "kitchen_cabinet"
    ],
    "678": [
        507,
        "bed"
    ],
    "679": [
        246,
        "towel"
    ],
    "682": [
        163,
        "cloth"
    ],
    "683": [
        320,
        "clutter"
    ],
    "684": [
        526,
        "chest_of_drawers"
    ],
    "685": [
        714,
        "bottle"
    ],
    "687": [
        290,
        "box"
    ],
    "689": [
        767,
        "pipe"
    ],
    "691": [
        112,
        "curtain"
    ],
    "692": [
        178,
        "window"
    ],
    "693": [
        60,
        "candle"
    ],
    "695": [
        636,
        "ladder"
    ],
    "696": [
        479,
        "stool"
    ],
    "697": [
        127,
        "chair"
    ],
    "699": [
        152,
        "fridge"
    ],
    "700": [
        78,
        "lamp"
    ],
    "701": [
        303,
        "bag"
    ],
    "702": [
        536,
        "plant"
    ],
    "703": [
        256,
        "kitchen_cabinet"
    ],
    "704": [
        509,
        "pillow"
    ],
    "706": [
        354,
        "book"
    ],
    "707": [
        393,
        "shelving"
    ],
    "708": [
        287,
        "box"
    ],
    "711": [
        291,
        "stack_of_papers"
    ],
    "714": [
        763,
        "pipe"
    ],
    "716": [
        414,
        "lamp"
    ],
    "718": [
        686,
        "box"
    ],
    "719": [
        717,
        "box"
    ],
    "720": [
        399,
        "door"
    ],
    "721": [
        564,
        "mirror"
    ],
    "722": [
        743,
        "basket"
    ],
    "723": [
        422,
        "lamp"
    ],
    "724": [
        125,
        "table"
    ],
    "725": [
        359,
        "decoration"
    ],
    "726": [
        251,
        "trashcan"
    ],
    "727": [
        340,
        "shelving"
    ],
    "728": [
        482,
        "bed"
    ],
    "729": [
        478,
        "nightstand"
    ],
    "734": [
        719,
        "toilet_paper"
    ],
    "735": [
        363,
        "book"
    ],
    "736": [
        383,
        "printer"
    ],
    "737": [
        425,
        "bed"
    ],
    "738": [
        220,
        "chair"
    ],
    "741": [
        188,
        "dishwasher"
    ],
    "742": [
        62,
        "wood"
    ],
    "743": [
        736,
        "bottle_of_detergent"
    ],
    "744": [
        73,
        "pillow"
    ],
    "745": [
        718,
        "paper_towel"
    ],
    "746": [
        651,
        "hanging_clothes"
    ],
    "747": [
        531,
        "pillow"
    ],
    "750": [
        429,
        "curtain"
    ],
    "751": [
        701,
        "box"
    ],
    "752": [
        464,
        "lamp"
    ],
    "753": [
        16,
        "pillow"
    ],
    "754": [
        293,
        "stack_of_cds"
    ],
    "755": [
        91,
        "fireplace_utensil"
    ],
    "756": [
        381,
        "paper"
    ],
    "757": [
        85,
        "armchair"
    ],
    "758": [
        534,
        "nightstand"
    ],
    "760": [
        584,
        "alarm"
    ],
    "763": [
        39,
        "carpet"
    ],
    "764": [
        574,
        "lamp"
    ],
    "766": [
        784,
        "door"
    ],
    "767": [
        322,
        "stationery"
    ],
    "768": [
        451,
        "window"
    ],
    "769": [
        157,
        "cutting_board"
    ],
    "771": [
        331,
        "box"
    ],
    "772": [
        742,
        "basket"
    ],
    "774": [
        370,
        "door"
    ],
    "775": [
        446,
        "towel"
    ],
    "776": [
        218,
        "table"
    ],
    "777": [
        193,
        "microwave"
    ],
    "778": [
        288,
        "box"
    ],
    "779": [
        740,
        "basket"
    ],
    "780": [
        248,
        "window"
    ],
    "781": [
        281,
        "box"
    ],
    "783": [
        342,
        "decoration"
    ],
    "784": [
        275,
        "box"
    ],
    "785": [
        490,
        "picture"
    ],
    "787": [
        563,
        "mirror"
    ],
    "788": [
        190,
        "kitchen_cabinet"
    ],
    "790": [
        461,
        "soap"
    ],
    "791": [
        521,
        "window"
    ]
}