{
    "1": [
        894,
        "wall_hanging_decoration"
    ],
    "2": [
        538,
        "kitchen_decoration"
    ],
    "6": [
        172,
        "pillow"
    ],
    "9": [
        187,
        "stack_of_papers"
    ],
    "10": [
        33,
        "mirror"
    ],
    "12": [
        754,
        "speaker"
    ],
    "13": [
        811,
        "chair"
    ],
    "14": [
        175,
        "wall_hanging_decoration"
    ],
    "15": [
        742,
        "speaker"
    ],
    "16": [
        668,
        "ceiling_lamp"
    ],
    "17": [
        453,
        "picture"
    ],
    "20": [
        948,
        "towel"
    ],
    "22": [
        25,
        "curtain"
    ],
    "29": [
        611,
        "newspaper_basket"
    ],
    "30": [
        97,
        "bathroom_cabinet"
    ],
    "31": [
        256,
        "picture"
    ],
    "33": [
        682,
        "rug"
    ],
    "35": [
        789,
        "cabinet"
    ],
    "36": [
        856,
        "window"
    ],
    "37": [
        546,
        "refrigerator"
    ],
    "38": [
        857,
        "window"
    ],
    "39": [
        2,
        "chandelier"
    ],
    "42": [
        407,
        "cabinet"
    ],
    "44": [
        982,
        "towel"
    ],
    "49": [
        394,
        "picture"
    ],
    "52": [
        362,
        "sink"
    ],
    "55": [
        683,
        "floor_mat"
    ],
    "56": [
        795,
        "electric_box"
    ],
    "59": [
        694,
        "casket"
    ],
    "61": [
        817,
        "candle_holder"
    ],
    "62": [
        738,
        "armchair"
    ],
    "63": [
        449,
        "decoration"
    ],
    "67": [
        688,
        "door"
    ],
    "68": [
        345,
        "decoration"
    ],
    "72": [
        583,
        "towel"
    ],
    "73": [
        158,
        "armchair"
    ],
    "74": [
        405,
        "washing_machine"
    ],
    "75": [
        612,
        "newspaper"
    ],
    "77": [
        909,
        "basket_of_something"
    ],
    "84": [
        371,
        "door"
    ],
    "85": [
        129,
        "bathroom_accessory"
    ],
    "86": [
        760,
        "coffee_table"
    ],
    "87": [
        980,
        "towel"
    ],
    "89": [
        579,
        "kitchen_extractor"
    ],
    "91": [
        349,
        "decoration"
    ],
    "93": [
        824,
        "firewood_holder"
    ],
    "94": [
        14,
        "coat_hanger"
    ],
    "101": [
        654,
        "chair"
    ],
    "102": [
        700,
        "ventilation_hood"
    ],
    "103": [
        248,
        "ceiling_vent"
    ],
    "107": [
        566,
        "towel"
    ],
    "108": [
        863,
        "firewood"
    ],
    "109": [
        970,
        "shoe"
    ],
    "110": [
        297,
        "wall_hanging_decoration"
    ],
    "112": [
        698,
        "footrest"
    ],
    "113": [
        550,
        "kitchen_cabinet"
    ],
    "114": [
        807,
        "book"
    ],
    "117": [
        140,
        "ventilation_hood"
    ],
    "119": [
        395,
        "picture"
    ],
    "120": [
        376,
        "picture"
    ],
    "121": [
        972,
        "shoe"
    ],
    "122": [
        39,
        "pillow"
    ],
    "127": [
        958,
        "towel"
    ],
    "130": [
        72,
        "bedroom_ceiling"
    ],
    "131": [
        58,
        "ceiling_lamp"
    ],
    "132": [
        321,
        "door"
    ],
    "133": [
        667,
        "ceiling_lamp"
    ],
    "136": [
        385,
        "towel"
    ],
    "137": [
        132,
        "flower"
    ],
    "138": [
        806,
        "book"
    ],
    "139": [
        436,
        "bookshelf"
    ],
    "142": [
        299,
        "chandelier"
    ],
    "143": [
        718,
        "window"
    ],
    "148": [
        278,
        "door"
    ],
    "149": [
        438,
        "floor_lamp"
    ],
    "150": [
        554,
        "dishwasher"
    ],
    "153": [
        518,
        "towel"
    ],
    "155": [
        799,
        "book"
    ],
    "159": [
        985,
        "shelf"
    ],
    "162": [
        251,
        "sensor"
    ],
    "164": [
        53,
        "door"
    ],
    "166": [
        446,
        "picture"
    ],
    "167": [
        470,
        "speaker"
    ],
    "168": [
        275,
        "picture"
    ],
    "171": [
        448,
        "cabinet"
    ],
    "172": [
        482,
        "picture"
    ],
    "173": [
        517,
        "kitchen_island"
    ],
    "174": [
        23,
        "photo"
    ],
    "175": [
        20,
        "dresser"
    ],
    "176": [
        659,
        "telephone"
    ],
    "179": [
        195,
        "window"
    ],
    "181": [
        926,
        "picture"
    ],
    "182": [
        527,
        "desk_lamp"
    ],
    "183": [
        729,
        "decoration"
    ],
    "184": [
        173,
        "pillow"
    ],
    "187": [
        491,
        "door"
    ],
    "189": [
        523,
        "picture"
    ],
    "190": [
        773,
        "table_lamp"
    ],
    "191": [
        10,
        "shoe"
    ],
    "199": [
        303,
        "decoration"
    ],
    "202": [
        468,
        "mouse"
    ],
    "204": [
        141,
        "rug"
    ],
    "209": [
        327,
        "towel"
    ],
    "211": [
        947,
        "towel"
    ],
    "213": [
        472,
        "monitor"
    ],
    "214": [
        424,
        "ceiling_lamp"
    ],
    "215": [
        266,
        "sensor"
    ],
    "216": [
        42,
        "nightstand"
    ],
    "219": [
        330,
        "wall_hanging_decoration"
    ],
    "220": [
        800,
        "book"
    ],
    "221": [
        770,
        "picture"
    ],
    "222": [
        893,
        "picture"
    ],
    "223": [
        37,
        "wall_clock"
    ],
    "227": [
        24,
        "mirror"
    ],
    "230": [
        853,
        "jacuzzi"
    ],
    "231": [
        13,
        "mirror"
    ],
    "235": [
        944,
        "clothes"
    ],
    "237": [
        361,
        "sink_cabinet"
    ],
    "240": [
        739,
        "armchair"
    ],
    "241": [
        942,
        "clothes"
    ],
    "243": [
        671,
        "ceiling_lamp"
    ],
    "244": [
        963,
        "shoe"
    ],
    "246": [
        403,
        "ventilation_hood"
    ],
    "247": [
        252,
        "sensor"
    ],
    "248": [
        631,
        "floor_lamp"
    ],
    "249": [
        903,
        "cabinet"
    ],
    "252": [
        50,
        "armchair"
    ],
    "254": [
        236,
        "closet_floor"
    ],
    "255": [
        610,
        "cabinet"
    ],
    "256": [
        650,
        "dining_table"
    ],
    "257": [
        346,
        "decoration"
    ],
    "258": [
        440,
        "pillow"
    ],
    "260": [
        603,
        "picture"
    ],
    "261": [
        114,
        "towel"
    ],
    "262": [
        404,
        "floor_mat"
    ],
    "265": [
        167,
        "bed"
    ],
    "267": [
        896,
        "basket_of_something"
    ],
    "269": [
        693,
        "lamp_table"
    ],
    "270": [
        49,
        "folding_chair"
    ],
    "273": [
        651,
        "chair"
    ],
    "276": [
        927,
        "laundry_basket"
    ],
    "278": [
        801,
        "book"
    ],
    "279": [
        946,
        "towel"
    ],
    "280": [
        107,
        "shampoo"
    ],
    "282": [
        130,
        "basket_of_something"
    ],
    "283": [
        529,
        "towel"
    ],
    "286": [
        249,
        "sensor"
    ],
    "288": [
        905,
        "basket_of_something"
    ],
    "289": [
        956,
        "towel"
    ],
    "290": [
        471,
        "electric_box"
    ],
    "294": [
        955,
        "towel"
    ],
    "295": [
        35,
        "curtain_valence"
    ],
    "297": [
        740,
        "footrest"
    ],
    "298": [
        860,
        "trashcan"
    ],
    "303": [
        12,
        "picture"
    ],
    "304": [
        161,
        "curtain"
    ],
    "305": [
        43,
        "alarm_clock"
    ],
    "306": [
        437,
        "step_stool"
    ],
    "308": [
        170,
        "pillow"
    ],
    "309": [
        166,
        "window"
    ],
    "314": [
        840,
        "window"
    ],
    "315": [
        965,
        "shoe"
    ],
    "317": [
        422,
        "laundry_basket"
    ],
    "318": [
        487,
        "wardrobe"
    ],
    "320": [
        150,
        "picture"
    ],
    "322": [
        116,
        "wall_lamp"
    ],
    "323": [
        160,
        "pillow"
    ],
    "329": [
        95,
        "mirror"
    ],
    "331": [
        94,
        "mirror_frame"
    ],
    "332": [
        519,
        "kitchen_appliance"
    ],
    "333": [
        574,
        "kitchen_appliance"
    ],
    "335": [
        178,
        "telephone"
    ],
    "337": [
        353,
        "toilet"
    ],
    "338": [
        461,
        "trashcan"
    ],
    "340": [
        201,
        "desk_lamp"
    ],
    "343": [
        434,
        "wardrobe"
    ],
    "344": [
        732,
        "pillow"
    ],
    "346": [
        830,
        "broom"
    ],
    "347": [
        91,
        "towel"
    ],
    "349": [
        764,
        "wall_hanging_decoration"
    ],
    "351": [
        109,
        "bathroom_accessory"
    ],
    "352": [
        804,
        "wall_hanging_decoration"
    ],
    "354": [
        593,
        "sensor"
    ],
    "357": [
        298,
        "picture"
    ],
    "358": [
        412,
        "basket_of_something"
    ],
    "359": [
        477,
        "window"
    ],
    "360": [
        753,
        "picture"
    ],
    "361": [
        912,
        "box"
    ],
    "362": [
        652,
        "chair"
    ],
    "364": [
        802,
        "electric_box"
    ],
    "366": [
        570,
        "kitchen_appliance"
    ],
    "367": [
        812,
        "chair"
    ],
    "371": [
        305,
        "small_table_stand"
    ],
    "373": [
        244,
        "door"
    ],
    "380": [
        555,
        "sink_cabinet"
    ],
    "384": [
        851,
        "patio_chair"
    ],
    "385": [
        456,
        "picture"
    ],
    "386": [
        444,
        "throw_blanket"
    ],
    "391": [
        975,
        "clothes_hanger_rod"
    ],
    "394": [
        791,
        "picture"
    ],
    "399": [
        409,
        "paper_towel"
    ],
    "401": [
        978,
        "clothes_hanger_rod"
    ],
    "402": [
        246,
        "wall_lamp"
    ],
    "405": [
        733,
        "pillow"
    ],
    "407": [
        357,
        "ventilation"
    ],
    "408": [
        617,
        "book"
    ],
    "410": [
        127,
        "towel"
    ],
    "411": [
        363,
        "tap"
    ],
    "412": [
        301,
        "mirror"
    ],
    "413": [
        347,
        "decoration"
    ],
    "414": [
        381,
        "box_of_tissue"
    ],
    "415": [
        441,
        "pillow"
    ],
    "416": [
        607,
        "wall_hanging_decoration"
    ],
    "418": [
        396,
        "picture"
    ],
    "419": [
        813,
        "chair"
    ],
    "420": [
        30,
        "window"
    ],
    "422": [
        843,
        "wall_hanging_decoration"
    ],
    "424": [
        928,
        "clothes"
    ],
    "425": [
        81,
        "basket_of_something"
    ],
    "426": [
        325,
        "mirror"
    ],
    "429": [
        532,
        "dining_chair"
    ],
    "431": [
        966,
        "shoe"
    ],
    "433": [
        111,
        "floor_mat"
    ],
    "438": [
        231,
        "hat"
    ],
    "440": [
        979,
        "cabinet"
    ],
    "442": [
        916,
        "cabinet"
    ],
    "443": [
        238,
        "shoe"
    ],
    "445": [
        536,
        "floor_mat"
    ],
    "449": [
        52,
        "blanket"
    ],
    "450": [
        524,
        "telephone"
    ],
    "451": [
        343,
        "decoration"
    ],
    "452": [
        331,
        "mirror"
    ],
    "453": [
        929,
        "iron_board"
    ],
    "454": [
        233,
        "handbag"
    ],
    "455": [
        649,
        "bar_chair"
    ],
    "456": [
        177,
        "nightstand"
    ],
    "458": [
        144,
        "wardrobe"
    ],
    "462": [
        171,
        "pillow"
    ],
    "463": [
        202,
        "pad"
    ],
    "464": [
        478,
        "picture"
    ],
    "465": [
        323,
        "towel"
    ],
    "467": [
        855,
        "window"
    ],
    "468": [
        237,
        "shoe"
    ],
    "469": [
        406,
        "washing_machine"
    ],
    "471": [
        110,
        "bathroom_accessory"
    ],
    "472": [
        198,
        "wall_hanging_decoration"
    ],
    "479": [
        176,
        "wall_hanging_decoration"
    ],
    "480": [
        80,
        "basket_of_something"
    ],
    "482": [
        152,
        "table"
    ],
    "486": [
        765,
        "wall_hanging_decoration"
    ],
    "488": [
        294,
        "door"
    ],
    "492": [
        771,
        "mirror"
    ],
    "493": [
        973,
        "shoe"
    ],
    "495": [
        463,
        "computer_desk"
    ],
    "497": [
        260,
        "picture"
    ],
    "498": [
        104,
        "storage_box"
    ],
    "500": [
        490,
        "stool"
    ],
    "501": [
        743,
        "decoration"
    ],
    "503": [
        976,
        "clothes_hanger_rod"
    ],
    "508": [
        82,
        "toilet_paper"
    ],
    "510": [
        910,
        "basket_of_something"
    ],
    "511": [
        279,
        "wardrobe"
    ],
    "514": [
        355,
        "bathtub"
    ],
    "516": [
        646,
        "window"
    ],
    "517": [
        326,
        "towel"
    ],
    "520": [
        845,
        "rug"
    ],
    "525": [
        839,
        "window"
    ],
    "532": [
        113,
        "picture"
    ],
    "533": [
        240,
        "shoe"
    ],
    "534": [
        821,
        "floor_lamp"
    ],
    "535": [
        243,
        "door"
    ],
    "536": [
        620,
        "electric_box"
    ],
    "538": [
        183,
        "photo"
    ],
    "540": [
        823,
        "trashcan"
    ],
    "541": [
        121,
        "bathtub"
    ],
    "543": [
        767,
        "armchair"
    ],
    "544": [
        445,
        "picture"
    ],
    "545": [
        324,
        "towel"
    ],
    "547": [
        229,
        "hat"
    ],
    "548": [
        393,
        "wall_hanging_decoration"
    ],
    "549": [
        768,
        "armchair"
    ],
    "550": [
        917,
        "cabinet"
    ],
    "551": [
        159,
        "pillow"
    ],
    "553": [
        439,
        "couch"
    ],
    "558": [
        455,
        "picture"
    ],
    "559": [
        919,
        "box"
    ],
    "560": [
        850,
        "patio_chair"
    ],
    "561": [
        547,
        "kitchen_cabinet"
    ],
    "562": [
        735,
        "coffee_table"
    ],
    "563": [
        48,
        "table_lamp"
    ],
    "564": [
        384,
        "towel"
    ],
    "566": [
        848,
        "coffee_table"
    ],
    "567": [
        531,
        "basket_of_something"
    ],
    "570": [
        454,
        "picture"
    ],
    "572": [
        40,
        "pillow"
    ],
    "577": [
        530,
        "towel"
    ],
    "578": [
        467,
        "keyboard"
    ],
    "579": [
        337,
        "towel"
    ],
    "580": [
        674,
        "ceiling_lamp"
    ],
    "583": [
        755,
        "floor_lamp"
    ],
    "586": [
        752,
        "picture"
    ],
    "587": [
        925,
        "box"
    ],
    "588": [
        460,
        "armchair"
    ],
    "589": [
        488,
        "printer"
    ],
    "590": [
        884,
        "picture"
    ],
    "591": [
        32,
        "mirror"
    ],
    "592": [
        344,
        "decoration"
    ],
    "594": [
        582,
        "paper_towel"
    ],
    "603": [
        428,
        "sensor"
    ],
    "604": [
        613,
        "ventilation_hood"
    ],
    "605": [
        796,
        "electric_box"
    ],
    "606": [
        790,
        "shelf_cubby"
    ],
    "607": [
        949,
        "towel"
    ],
    "608": [
        304,
        "lamp_table"
    ],
    "609": [
        573,
        "kettle"
    ],
    "610": [
        22,
        "photo"
    ],
    "612": [
        670,
        "ceiling_lamp"
    ],
    "613": [
        584,
        "photo"
    ],
    "614": [
        19,
        "storage_box"
    ],
    "616": [
        485,
        "clock"
    ],
    "617": [
        271,
        "picture"
    ],
    "618": [
        575,
        "kitchen_appliance"
    ],
    "622": [
        18,
        "blanket"
    ],
    "624": [
        117,
        "picture"
    ],
    "625": [
        797,
        "electric_box"
    ],
    "626": [
        699,
        "floor_lamp"
    ],
    "628": [
        967,
        "shoe"
    ],
    "629": [
        849,
        "patio_chair"
    ],
    "630": [
        383,
        "ceiling_lamp"
    ],
    "631": [
        691,
        "armchair"
    ],
    "632": [
        143,
        "floor_lamp"
    ],
    "633": [
        38,
        "bed"
    ],
    "638": [
        429,
        "ceiling_lamp"
    ],
    "642": [
        44,
        "book"
    ],
    "645": [
        719,
        "window"
    ],
    "646": [
        759,
        "footrest"
    ],
    "648": [
        749,
        "window"
    ],
    "650": [
        858,
        "window"
    ],
    "657": [
        309,
        "flower"
    ],
    "658": [
        941,
        "clothes"
    ],
    "659": [
        302,
        "picture"
    ],
    "660": [
        359,
        "sensor"
    ],
    "662": [
        675,
        "ceiling_lamp"
    ],
    "664": [
        408,
        "wall_cabinet"
    ],
    "666": [
        657,
        "cabinet"
    ],
    "667": [
        663,
        "table_lamp"
    ],
    "668": [
        447,
        "picture"
    ],
    "669": [
        154,
        "armchair"
    ],
    "670": [
        977,
        "clothes_hanger_rod"
    ],
    "673": [
        689,
        "door"
    ],
    "674": [
        557,
        "kitchen_cabinet"
    ],
    "680": [
        464,
        "telephone"
    ],
    "683": [
        239,
        "shoe"
    ],
    "684": [
        837,
        "sensor"
    ],
    "686": [
        479,
        "picture"
    ],
    "687": [
        364,
        "decoration"
    ],
    "688": [
        968,
        "shoe"
    ],
    "689": [
        720,
        "window"
    ],
    "692": [
        951,
        "towel"
    ],
    "693": [
        865,
        "patio_chair"
    ],
    "695": [
        60,
        "ceiling_lamp"
    ],
    "696": [
        457,
        "picture"
    ],
    "698": [
        974,
        "shoe"
    ],
    "699": [
        442,
        "pillow"
    ],
    "700": [
        83,
        "toilet_seat"
    ],
    "701": [
        222,
        "picture"
    ],
    "702": [
        552,
        "kitchen_cabinet"
    ],
    "703": [
        585,
        "coffee_mug"
    ],
    "704": [
        329,
        "wall_hanging_decoration"
    ],
    "705": [
        420,
        "window"
    ],
    "706": [
        750,
        "flower"
    ],
    "710": [
        862,
        "storage_box"
    ],
    "711": [
        245,
        "wall_hanging_decoration"
    ],
    "712": [
        41,
        "pillow"
    ],
    "713": [
        648,
        "bar_chair"
    ],
    "715": [
        608,
        "wall_lamp"
    ],
    "717": [
        153,
        "floor_lamp"
    ],
    "720": [
        342,
        "wall_cabinet"
    ],
    "722": [
        619,
        "tv_stand"
    ],
    "723": [
        721,
        "antique_clock"
    ],
    "725": [
        726,
        "window"
    ],
    "726": [
        78,
        "picture"
    ],
    "732": [
        197,
        "wall_clock"
    ],
    "736": [
        596,
        "ceiling_lamp"
    ],
    "738": [
        348,
        "clock"
    ],
    "741": [
        842,
        "window"
    ],
    "742": [
        572,
        "stove"
    ],
    "743": [
        188,
        "book"
    ],
    "744": [
        99,
        "tap"
    ],
    "746": [
        452,
        "picture"
    ],
    "747": [
        328,
        "wall_hanging_decoration"
    ],
    "748": [
        537,
        "kitchen_decoration"
    ],
    "752": [
        569,
        "rug"
    ],
    "753": [
        717,
        "window"
    ],
    "754": [
        462,
        "computer_chair"
    ],
    "756": [
        131,
        "flower"
    ],
    "757": [
        483,
        "picture"
    ],
    "763": [
        971,
        "shoe"
    ],
    "765": [
        59,
        "ceiling_lamp"
    ],
    "766": [
        108,
        "soap"
    ],
    "768": [
        351,
        "decoration"
    ],
    "771": [
        155,
        "pillow"
    ],
    "772": [
        756,
        "floor_lamp"
    ],
    "773": [
        134,
        "chandelier"
    ],
    "775": [
        515,
        "window"
    ],
    "776": [
        957,
        "towel"
    ],
    "777": [
        757,
        "armchair"
    ],
    "780": [
        984,
        "shelf"
    ],
    "782": [
        940,
        "clothes"
    ],
    "784": [
        199,
        "desk"
    ],
    "786": [
        410,
        "basket_of_something"
    ],
    "787": [
        564,
        "led_tv"
    ],
    "788": [
        93,
        "picture"
    ],
    "789": [
        481,
        "picture"
    ],
    "792": [
        981,
        "towel"
    ],
    "795": [
        548,
        "oven"
    ],
    "796": [
        960,
        "cloth"
    ],
    "797": [
        697,
        "armchair"
    ],
    "798": [
        221,
        "picture"
    ],
    "799": [
        897,
        "stand_small_table"
    ],
    "800": [
        145,
        "door"
    ],
    "803": [
        180,
        "table_lamp"
    ],
    "804": [
        728,
        "speaker"
    ],
    "807": [
        182,
        "table_lamp"
    ],
    "809": [
        908,
        "basket_of_something"
    ],
    "810": [
        881,
        "ceiling_lamp"
    ],
    "811": [
        265,
        "picture"
    ],
    "812": [
        778,
        "window"
    ],
    "814": [
        354,
        "shower"
    ],
    "815": [
        17,
        "pillow"
    ],
    "818": [
        616,
        "basket_of_something"
    ],
    "819": [
        86,
        "toilet_paper_dispenser"
    ],
    "820": [
        859,
        "door"
    ],
    "821": [
        810,
        "flower_vase"
    ],
    "822": [
        769,
        "guitar"
    ],
    "824": [
        798,
        "book"
    ],
    "825": [
        600,
        "door"
    ],
    "827": [
        788,
        "window"
    ],
    "830": [
        653,
        "chair"
    ],
    "831": [
        964,
        "shoe"
    ],
    "832": [
        375,
        "decoration"
    ],
    "835": [
        959,
        "towel"
    ],
    "836": [
        123,
        "mirror"
    ],
    "838": [
        421,
        "round_chair"
    ],
    "840": [
        899,
        "bottle"
    ],
    "841": [
        913,
        "book"
    ],
    "843": [
        906,
        "basket_of_something"
    ],
    "844": [
        825,
        "fireplace"
    ],
    "845": [
        983,
        "shoe"
    ],
    "846": [
        451,
        "picture"
    ],
    "847": [
        961,
        "clothes_hanger"
    ],
    "848": [
        36,
        "picture"
    ],
    "852": [
        85,
        "toilet_paper"
    ],
    "854": [
        336,
        "ventilation_hood"
    ],
    "855": [
        149,
        "door"
    ],
    "857": [
        401,
        "picture"
    ],
    "859": [
        943,
        "clothes"
    ],
    "861": [
        122,
        "bath_faucet"
    ],
    "862": [
        156,
        "pillow"
    ],
    "863": [
        783,
        "window"
    ],
    "867": [
        341,
        "wall_hanging_decoration"
    ],
    "868": [
        443,
        "pillow"
    ],
    "874": [
        814,
        "chair"
    ],
    "876": [
        792,
        "radio"
    ],
    "877": [
        690,
        "wall_clock"
    ],
    "878": [
        157,
        "foot_stand"
    ],
    "879": [
        592,
        "ceiling_lamp"
    ],
    "880": [
        100,
        "towel"
    ],
    "881": [
        986,
        "picture"
    ],
    "882": [
        638,
        "window"
    ],
    "885": [
        758,
        "armchair"
    ],
    "886": [
        581,
        "coffee_machine"
    ],
    "887": [
        21,
        "photo"
    ],
    "891": [
        969,
        "shoe"
    ],
    "892": [
        847,
        "bowl_of_fruit"
    ],
    "893": [
        79,
        "picture"
    ],
    "896": [
        950,
        "towel"
    ],
    "897": [
        47,
        "flower"
    ],
    "898": [
        459,
        "shelf"
    ],
    "901": [
        793,
        "basket_of_something"
    ],
    "902": [
        277,
        "door"
    ],
    "903": [
        614,
        "ventilation_hood"
    ],
    "904": [
        841,
        "window"
    ],
    "905": [
        484,
        "shelf"
    ],
    "907": [
        31,
        "wall_detail"
    ],
    "908": [
        846,
        "table"
    ],
    "909": [
        458,
        "shelf"
    ],
    "911": [
        832,
        "ceiling_lamp"
    ],
    "913": [
        763,
        "partition"
    ],
    "914": [
        480,
        "picture"
    ],
    "915": [
        11,
        "ventilation_hood"
    ],
    "916": [
        413,
        "door"
    ],
    "918": [
        425,
        "ceiling_lamp"
    ],
    "919": [
        639,
        "window"
    ],
    "921": [
        16,
        "couch"
    ],
    "924": [
        666,
        "ceiling_lamp"
    ],
    "925": [
        300,
        "wardrobe"
    ],
    "927": [
        618,
        "led_tv"
    ],
    "928": [
        803,
        "media_console"
    ],
    "929": [
        168,
        "blanket"
    ],
    "930": [
        734,
        "throw_blanket"
    ],
    "933": [
        647,
        "bar_chair"
    ],
    "934": [
        609,
        "wall_lamp"
    ],
    "938": [
        835,
        "ceiling_lamp"
    ],
    "939": [
        380,
        "mirror"
    ],
    "941": [
        595,
        "ceiling_lamp"
    ],
    "942": [
        521,
        "bowl_of_fruit"
    ],
    "943": [
        885,
        "picture"
    ],
    "945": [
        98,
        "sink"
    ],
    "947": [
        125,
        "small_table_stand"
    ],
    "950": [
        730,
        "couch"
    ],
    "951": [
        836,
        "ceiling_lamp"
    ],
    "952": [
        169,
        "pillow"
    ],
    "956": [
        450,
        "stand_small_table"
    ],
    "957": [
        350,
        "decoration"
    ],
    "959": [
        115,
        "telephone"
    ],
    "962": [
        181,
        "nightstand"
    ],
    "964": [
        411,
        "basket_of_something"
    ],
    "965": [
        692,
        "table"
    ],
    "966": [
        9,
        "shoe"
    ],
    "968": [
        332,
        "wall_lamp"
    ],
    "969": [
        883,
        "picture"
    ],
    "970": [
        426,
        "ceiling_lamp"
    ],
    "973": [
        51,
        "pillow"
    ],
    "981": [
        731,
        "pillow"
    ],
    "982": [
        103,
        "flower"
    ],
    "984": [
        365,
        "flower"
    ],
    "985": [
        190,
        "curtain"
    ],
    "986": [
        553,
        "dishwasher"
    ],
    "987": [
        794,
        "basket_of_something"
    ],
    "991": [
        435,
        "wardrobe"
    ],
    "992": [
        526,
        "box_of_tissues"
    ],
    "995": [
        565,
        "teapot"
    ],
    "998": [
        904,
        "basket_of_something"
    ],
    "1002": [
        87,
        "door"
    ],
    "1006": [
        174,
        "storage_box"
    ],
    "1007": [
        549,
        "kitchen_cabinet"
    ],
    "1008": [
        907,
        "basket_of_something"
    ],
    "1009": [
        805,
        "dining_table"
    ],
    "1011": [
        556,
        "tap"
    ],
    "1012": [
        604,
        "picture"
    ],
    "1013": [
        293,
        "doormat"
    ],
    "1015": [
        241,
        "basket_of_something"
    ],
    "1016": [
        696,
        "speaker"
    ]
}