{
    "2": [
        582,
        "sign"
    ],
    "7": [
        19,
        "sofa"
    ],
    "8": [
        457,
        "ceiling_lamp"
    ],
    "10": [
        422,
        "door_knob"
    ],
    "11": [
        749,
        "ceiling_lamp"
    ],
    "12": [
        63,
        "statue"
    ],
    "13": [
        86,
        "decoration"
    ],
    "14": [
        217,
        "exhibition_window"
    ],
    "16": [
        220,
        "picture"
    ],
    "18": [
        44,
        "table"
    ],
    "22": [
        604,
        "sign"
    ],
    "26": [
        543,
        "exhibition_window"
    ],
    "27": [
        265,
        "door_knob"
    ],
    "30": [
        281,
        "picture"
    ],
    "31": [
        493,
        "picture"
    ],
    "33": [
        806,
        "wall_lamp"
    ],
    "35": [
        208,
        "picture"
    ],
    "36": [
        504,
        "door"
    ],
    "42": [
        407,
        "picture"
    ],
    "43": [
        638,
        "wall_lamp"
    ],
    "44": [
        797,
        "ceiling_lamp"
    ],
    "52": [
        548,
        "picture"
    ],
    "53": [
        230,
        "picture"
    ],
    "55": [
        794,
        "wall_lamp"
    ],
    "56": [
        43,
        "armchair"
    ],
    "61": [
        722,
        "map"
    ],
    "63": [
        212,
        "picture"
    ],
    "68": [
        744,
        "ceiling_lamp"
    ],
    "69": [
        782,
        "window"
    ],
    "75": [
        369,
        "exhibition_window"
    ],
    "81": [
        332,
        "door"
    ],
    "82": [
        372,
        "picture"
    ],
    "83": [
        250,
        "exhibition_panel"
    ],
    "84": [
        442,
        "picture"
    ],
    "85": [
        446,
        "picture"
    ],
    "87": [
        99,
        "bin"
    ],
    "91": [
        171,
        "door"
    ],
    "97": [
        152,
        "window"
    ],
    "98": [
        200,
        "exhibition_window"
    ],
    "101": [
        327,
        "ceiling_lamp"
    ],
    "102": [
        743,
        "ceiling_lamp"
    ],
    "105": [
        626,
        "door"
    ],
    "106": [
        144,
        "ceiling_lamp"
    ],
    "107": [
        166,
        "ceiling_lamp"
    ],
    "108": [
        646,
        "sofa"
    ],
    "110": [
        752,
        "ceiling_lamp"
    ],
    "111": [
        462,
        "picture"
    ],
    "114": [
        305,
        "picture"
    ],
    "119": [
        12,
        "curtain"
    ],
    "122": [
        680,
        "picture"
    ],
    "127": [
        84,
        "picture"
    ],
    "129": [
        621,
        "ceiling_lamp"
    ],
    "132": [
        784,
        "window"
    ],
    "133": [
        132,
        "armchair"
    ],
    "134": [
        210,
        "picture"
    ],
    "135": [
        506,
        "door_knob"
    ],
    "136": [
        251,
        "picture"
    ],
    "145": [
        592,
        "ceiling_lamp"
    ],
    "149": [
        735,
        "table"
    ],
    "153": [
        807,
        "wall_lamp"
    ],
    "154": [
        359,
        "picture"
    ],
    "157": [
        21,
        "armchair"
    ],
    "160": [
        828,
        "exhibition_panel"
    ],
    "162": [
        467,
        "picture"
    ],
    "164": [
        229,
        "picture"
    ],
    "165": [
        447,
        "picture"
    ],
    "170": [
        618,
        "crate"
    ],
    "172": [
        545,
        "picture"
    ],
    "175": [
        740,
        "ceiling_lamp"
    ],
    "179": [
        717,
        "air_vent"
    ],
    "180": [
        468,
        "picture"
    ],
    "185": [
        373,
        "picture"
    ],
    "188": [
        528,
        "picture"
    ],
    "191": [
        18,
        "curtain"
    ],
    "198": [
        22,
        "armchair"
    ],
    "200": [
        476,
        "elevator_door"
    ],
    "204": [
        90,
        "door"
    ],
    "205": [
        557,
        "door"
    ],
    "209": [
        711,
        "window"
    ],
    "211": [
        686,
        "picture"
    ],
    "213": [
        420,
        "door"
    ],
    "214": [
        802,
        "wall_lamp"
    ],
    "216": [
        448,
        "picture"
    ],
    "218": [
        790,
        "window"
    ],
    "225": [
        68,
        "statue"
    ],
    "232": [
        804,
        "wall_lamp"
    ],
    "234": [
        491,
        "exhibition_panel"
    ],
    "235": [
        659,
        "door"
    ],
    "237": [
        521,
        "picture"
    ],
    "238": [
        531,
        "picture"
    ],
    "239": [
        675,
        "air_vent"
    ],
    "242": [
        164,
        "ceiling_lamp"
    ],
    "245": [
        639,
        "picture"
    ],
    "247": [
        460,
        "picture"
    ],
    "248": [
        707,
        "sewing_machine"
    ],
    "250": [
        590,
        "chassis"
    ],
    "258": [
        365,
        "picture"
    ],
    "259": [
        441,
        "picture"
    ],
    "263": [
        751,
        "wall_lamp"
    ],
    "264": [
        78,
        "ceiling_lamp"
    ],
    "265": [
        463,
        "picture"
    ],
    "268": [
        801,
        "wall_lamp"
    ],
    "269": [
        256,
        "sign"
    ],
    "270": [
        688,
        "chair"
    ],
    "274": [
        536,
        "exhibition_window"
    ],
    "277": [
        203,
        "picture"
    ],
    "280": [
        538,
        "picture"
    ],
    "283": [
        334,
        "door"
    ],
    "289": [
        716,
        "armchair"
    ],
    "290": [
        287,
        "exhibition_window"
    ],
    "291": [
        227,
        "picture"
    ],
    "292": [
        311,
        "picture"
    ],
    "294": [
        317,
        "door_knob"
    ],
    "299": [
        619,
        "ceiling_lamp"
    ],
    "301": [
        307,
        "exhibition_window"
    ],
    "302": [
        574,
        "picture"
    ],
    "304": [
        736,
        "table"
    ],
    "305": [
        310,
        "picture"
    ],
    "306": [
        336,
        "window"
    ],
    "307": [
        300,
        "exhibition_window"
    ],
    "309": [
        321,
        "door_knob"
    ],
    "313": [
        661,
        "ceiling_lamp"
    ],
    "315": [
        694,
        "chair"
    ],
    "323": [
        591,
        "chassis"
    ],
    "325": [
        126,
        "ceiling_decorative_lamp"
    ],
    "327": [
        723,
        "chair"
    ],
    "330": [
        612,
        "sign"
    ],
    "331": [
        630,
        "sign"
    ],
    "332": [
        696,
        "chair"
    ],
    "333": [
        734,
        "sofa"
    ],
    "336": [
        207,
        "exhibition_window"
    ],
    "341": [
        114,
        "door"
    ],
    "343": [
        793,
        "door"
    ],
    "346": [
        280,
        "exhibition_window"
    ],
    "347": [
        609,
        "door"
    ],
    "350": [
        796,
        "ceiling_lamp"
    ],
    "355": [
        676,
        "picture"
    ],
    "361": [
        380,
        "picture"
    ],
    "371": [
        302,
        "picture"
    ],
    "375": [
        1,
        "carpet"
    ],
    "376": [
        692,
        "radiator"
    ],
    "377": [
        52,
        "decorative_plant"
    ],
    "378": [
        264,
        "door"
    ],
    "380": [
        282,
        "picture"
    ],
    "385": [
        443,
        "picture"
    ],
    "386": [
        721,
        "air_vent"
    ],
    "387": [
        569,
        "exhibition_panel"
    ],
    "393": [
        395,
        "ceiling_lamp"
    ],
    "394": [
        449,
        "picture"
    ],
    "395": [
        693,
        "exhibition_picture"
    ],
    "396": [
        65,
        "air_vent"
    ],
    "399": [
        576,
        "door"
    ],
    "400": [
        316,
        "elevator_door"
    ],
    "403": [
        708,
        "coffee_table"
    ],
    "404": [
        520,
        "exhibition_window"
    ],
    "408": [
        803,
        "wall_lamp"
    ],
    "409": [
        471,
        "picture"
    ],
    "413": [
        727,
        "map"
    ],
    "414": [
        115,
        "door_knob"
    ],
    "420": [
        459,
        "exhibition_window"
    ],
    "424": [
        97,
        "sign"
    ],
    "425": [
        479,
        "door"
    ],
    "426": [
        605,
        "ceiling_ladder"
    ],
    "427": [
        125,
        "wall_lamp"
    ],
    "428": [
        421,
        "window"
    ],
    "429": [
        640,
        "picture"
    ],
    "432": [
        695,
        "coffee_table"
    ],
    "436": [
        222,
        "picture"
    ],
    "437": [
        96,
        "door_knob"
    ],
    "440": [
        549,
        "ceiling_lamp"
    ],
    "441": [
        622,
        "fire_alarm"
    ],
    "442": [
        163,
        "bust"
    ],
    "444": [
        714,
        "air_vent"
    ],
    "448": [
        527,
        "exhibition_window"
    ],
    "450": [
        197,
        "ceiling_lamp"
    ],
    "452": [
        477,
        "door_knob"
    ],
    "454": [
        254,
        "picture"
    ],
    "456": [
        389,
        "door"
    ],
    "457": [
        617,
        "information"
    ],
    "458": [
        755,
        "ceiling_lamp"
    ],
    "460": [
        795,
        "wall_lamp"
    ],
    "463": [
        59,
        "decorative_plant"
    ],
    "469": [
        713,
        "information"
    ],
    "471": [
        808,
        "wall_lamp"
    ],
    "476": [
        255,
        "information"
    ],
    "477": [
        705,
        "door"
    ],
    "479": [
        563,
        "fire_detector"
    ],
    "481": [
        79,
        "map"
    ],
    "484": [
        364,
        "picture"
    ],
    "485": [
        67,
        "arcade"
    ],
    "486": [
        253,
        "picture"
    ],
    "488": [
        25,
        "ceiling_lamp"
    ],
    "490": [
        417,
        "sign"
    ],
    "491": [
        742,
        "ceiling_lamp"
    ],
    "492": [
        335,
        "door_knob"
    ],
    "494": [
        131,
        "armchair"
    ],
    "501": [
        377,
        "picture"
    ],
    "502": [
        237,
        "door"
    ],
    "504": [
        375,
        "exhibition_window"
    ],
    "505": [
        653,
        "door_window"
    ],
    "508": [
        10,
        "window"
    ],
    "510": [
        494,
        "picture"
    ],
    "513": [
        596,
        "wall_lamp"
    ],
    "514": [
        750,
        "ceiling_lamp"
    ],
    "515": [
        817,
        "bench"
    ],
    "520": [
        267,
        "window"
    ],
    "521": [
        681,
        "picture"
    ],
    "522": [
        403,
        "exhibition_panel"
    ],
    "524": [
        225,
        "exhibition_window"
    ],
    "525": [
        136,
        "decorative_plant"
    ],
    "530": [
        666,
        "door"
    ],
    "534": [
        46,
        "armchair"
    ],
    "536": [
        320,
        "door"
    ],
    "540": [
        165,
        "radiator"
    ],
    "542": [
        720,
        "map"
    ],
    "543": [
        438,
        "exhibition_window"
    ],
    "547": [
        461,
        "picture"
    ],
    "550": [
        741,
        "ceiling_lamp"
    ],
    "551": [
        470,
        "picture"
    ],
    "554": [
        29,
        "window"
    ],
    "557": [
        289,
        "picture"
    ],
    "559": [
        818,
        "bench"
    ],
    "560": [
        116,
        "stained_glass"
    ],
    "563": [
        529,
        "picture"
    ],
    "566": [
        593,
        "chair"
    ],
    "567": [
        204,
        "picture"
    ],
    "569": [
        614,
        "sign"
    ],
    "570": [
        780,
        "window"
    ],
    "571": [
        798,
        "device"
    ],
    "578": [
        143,
        "bust"
    ],
    "580": [
        770,
        "window"
    ],
    "583": [
        304,
        "picture"
    ],
    "584": [
        786,
        "window"
    ],
    "586": [
        292,
        "picture"
    ],
    "587": [
        573,
        "picture"
    ],
    "588": [
        291,
        "picture"
    ],
    "596": [
        709,
        "air_vent"
    ],
    "598": [
        263,
        "door"
    ],
    "600": [
        611,
        "picture"
    ],
    "601": [
        235,
        "door_knob"
    ],
    "605": [
        16,
        "window"
    ],
    "611": [
        284,
        "picture"
    ],
    "617": [
        495,
        "picture"
    ],
    "618": [
        354,
        "exhibition_window"
    ],
    "621": [
        466,
        "exhibition_window"
    ],
    "624": [
        554,
        "elevator_door"
    ],
    "626": [
        671,
        "exhibition_picture"
    ],
    "627": [
        288,
        "picture"
    ],
    "628": [
        133,
        "table_lamp"
    ],
    "629": [
        697,
        "exhibition_table"
    ],
    "630": [
        218,
        "picture"
    ],
    "632": [
        820,
        "bench"
    ],
    "633": [
        571,
        "picture"
    ],
    "635": [
        583,
        "sign"
    ],
    "639": [
        128,
        "table"
    ],
    "640": [
        223,
        "picture"
    ],
    "643": [
        419,
        "door"
    ],
    "645": [
        333,
        "door_knob"
    ],
    "646": [
        788,
        "window"
    ],
    "647": [
        283,
        "picture"
    ],
    "651": [
        558,
        "door_knob"
    ],
    "653": [
        387,
        "door_knob"
    ],
    "654": [
        754,
        "ceiling_lamp"
    ],
    "656": [
        469,
        "picture"
    ],
    "659": [
        698,
        "ship_model"
    ],
    "661": [
        371,
        "picture"
    ],
    "662": [
        753,
        "ceiling_lamp"
    ],
    "664": [
        745,
        "ceiling_lamp"
    ],
    "669": [
        503,
        "window"
    ],
    "670": [
        238,
        "door_knob"
    ],
    "671": [
        445,
        "exhibition_window"
    ],
    "673": [
        712,
        "air_vent"
    ],
    "676": [
        363,
        "picture"
    ],
    "677": [
        541,
        "picture"
    ],
    "679": [
        123,
        "wall_lamp"
    ],
    "680": [
        308,
        "picture"
    ],
    "683": [
        23,
        "ceiling_lamp"
    ],
    "693": [
        687,
        "door_knob"
    ],
    "694": [
        805,
        "wall_lamp"
    ],
    "697": [
        95,
        "door"
    ],
    "698": [
        234,
        "elevator_door"
    ],
    "699": [
        505,
        "door_knob"
    ],
    "700": [
        76,
        "ceiling_lamp"
    ],
    "701": [
        647,
        "picture"
    ],
    "702": [
        167,
        "ceiling_lamp"
    ],
    "703": [
        135,
        "table"
    ],
    "709": [
        724,
        "table"
    ],
    "717": [
        205,
        "picture"
    ],
    "719": [
        704,
        "window"
    ],
    "720": [
        487,
        "ceiling_lamp"
    ],
    "724": [
        547,
        "picture"
    ],
    "727": [
        715,
        "pipe"
    ],
    "728": [
        312,
        "picture"
    ],
    "729": [
        496,
        "picture"
    ],
    "732": [
        792,
        "door_window"
    ],
    "733": [
        439,
        "picture"
    ],
    "736": [
        219,
        "picture"
    ],
    "738": [
        689,
        "table"
    ],
    "741": [
        440,
        "picture"
    ],
    "743": [
        822,
        "flag"
    ],
    "745": [
        719,
        "air_vent"
    ],
    "749": [
        228,
        "picture"
    ],
    "750": [
        833,
        "picture"
    ],
    "754": [
        130,
        "armchair"
    ],
    "755": [
        746,
        "ceiling_lamp"
    ],
    "757": [
        546,
        "picture"
    ],
    "759": [
        209,
        "picture"
    ],
    "760": [
        378,
        "picture"
    ],
    "763": [
        85,
        "picture"
    ],
    "764": [
        45,
        "decorative_plant"
    ],
    "765": [
        747,
        "crate"
    ],
    "766": [
        261,
        "ceiling_lamp"
    ],
    "768": [
        358,
        "picture"
    ],
    "770": [
        390,
        "door_knob"
    ],
    "772": [
        555,
        "door_knob"
    ],
    "777": [
        386,
        "elevator_door"
    ],
    "778": [
        450,
        "picture"
    ],
    "779": [
        577,
        "window"
    ],
    "782": [
        673,
        "sign"
    ],
    "783": [
        725,
        "chair"
    ],
    "784": [
        832,
        "picture"
    ],
    "785": [
        578,
        "door"
    ],
    "786": [
        127,
        "armchair"
    ],
    "788": [
        423,
        "door_knob"
    ],
    "791": [
        651,
        "door"
    ],
    "795": [
        655,
        "picture"
    ],
    "797": [
        610,
        "door_knob"
    ],
    "799": [
        718,
        "air_vent"
    ],
    "802": [
        594,
        "chair"
    ],
    "806": [
        91,
        "door_knob"
    ],
    "807": [
        819,
        "bench"
    ],
    "815": [
        211,
        "picture"
    ],
    "816": [
        361,
        "exhibition_window"
    ],
    "817": [
        202,
        "picture"
    ],
    "818": [
        525,
        "picture"
    ],
    "819": [
        657,
        "wall_lamp"
    ],
    "821": [
        748,
        "ceiling_lamp"
    ],
    "822": [
        800,
        "wall_lamp"
    ],
    "823": [
        502,
        "door"
    ],
    "824": [
        266,
        "door_knob"
    ],
    "826": [
        413,
        "ceiling_lamp"
    ],
    "827": [
        726,
        "map"
    ],
    "829": [
        122,
        "wall_lamp"
    ],
    "830": [
        497,
        "sign"
    ],
    "833": [
        285,
        "picture"
    ]
}