{
    "3": [
        654,
        "kitchen_shelf"
    ],
    "5": [
        118,
        "vent"
    ],
    "7": [
        351,
        "kitchen_cabinet"
    ],
    "8": [
        542,
        "ventilation_hood"
    ],
    "9": [
        251,
        "curtain"
    ],
    "12": [
        143,
        "stack_of_papers"
    ],
    "15": [
        427,
        "door"
    ],
    "16": [
        514,
        "electrical_controller"
    ],
    "17": [
        30,
        "armchair"
    ],
    "18": [
        522,
        "nightstand"
    ],
    "20": [
        252,
        "curtain_rod"
    ],
    "22": [
        424,
        "alarm"
    ],
    "23": [
        346,
        "kitchen_countertop_item"
    ],
    "26": [
        184,
        "plant"
    ],
    "30": [
        530,
        "tissue_box"
    ],
    "31": [
        405,
        "alarm"
    ],
    "33": [
        236,
        "window_curtain"
    ],
    "34": [
        87,
        "photo"
    ],
    "35": [
        634,
        "door"
    ],
    "38": [
        169,
        "desk_lamp"
    ],
    "41": [
        575,
        "bath_sink"
    ],
    "43": [
        162,
        "pc_tower"
    ],
    "44": [
        582,
        "wall_lamp"
    ],
    "45": [
        437,
        "window"
    ],
    "49": [
        27,
        "window"
    ],
    "53": [
        98,
        "frame"
    ],
    "55": [
        161,
        "handbag"
    ],
    "57": [
        638,
        "ceiling_lamp"
    ],
    "59": [
        76,
        "curtain"
    ],
    "60": [
        192,
        "newspaper"
    ],
    "61": [
        266,
        "armchair"
    ],
    "64": [
        459,
        "pad"
    ],
    "65": [
        610,
        "shoe"
    ],
    "66": [
        526,
        "table_lamp"
    ],
    "67": [
        567,
        "tap"
    ],
    "69": [
        129,
        "toy"
    ],
    "71": [
        576,
        "bath_sink"
    ],
    "74": [
        193,
        "newspaper"
    ],
    "75": [
        604,
        "clothes"
    ],
    "76": [
        349,
        "kitchen_appliance"
    ],
    "77": [
        580,
        "wall_lamp"
    ],
    "79": [
        94,
        "frame"
    ],
    "81": [
        249,
        "curtain"
    ],
    "83": [
        174,
        "chair"
    ],
    "86": [
        191,
        "handbag"
    ],
    "91": [
        253,
        "curtain_rod"
    ],
    "94": [
        32,
        "door"
    ],
    "95": [
        620,
        "clothes"
    ],
    "96": [
        451,
        "chair"
    ],
    "97": [
        574,
        "mirror_frame"
    ],
    "98": [
        627,
        "case"
    ],
    "100": [
        235,
        "door"
    ],
    "101": [
        325,
        "curtain"
    ],
    "102": [
        550,
        "bath_mat"
    ],
    "103": [
        570,
        "bathroom_accessory"
    ],
    "107": [
        264,
        "armchair"
    ],
    "108": [
        237,
        "curtain_rod"
    ],
    "110": [
        601,
        "shoe"
    ],
    "111": [
        516,
        "bed"
    ],
    "112": [
        330,
        "coffee_machine"
    ],
    "114": [
        168,
        "telephone"
    ],
    "115": [
        455,
        "flower"
    ],
    "120": [
        119,
        "light"
    ],
    "121": [
        624,
        "shoe"
    ],
    "123": [
        61,
        "shower_curtain"
    ],
    "124": [
        599,
        "shoe"
    ],
    "126": [
        291,
        "picture"
    ],
    "129": [
        167,
        "printer"
    ],
    "130": [
        463,
        "chandelier"
    ],
    "134": [
        609,
        "shoe"
    ],
    "137": [
        478,
        "window"
    ],
    "138": [
        140,
        "book"
    ],
    "143": [
        18,
        "pillow"
    ],
    "144": [
        277,
        "book"
    ],
    "145": [
        579,
        "wall_lamp"
    ],
    "146": [
        348,
        "oven_and_stove"
    ],
    "147": [
        10,
        "tv"
    ],
    "151": [
        442,
        "picture"
    ],
    "152": [
        447,
        "chair"
    ],
    "154": [
        271,
        "floor_mat"
    ],
    "155": [
        273,
        "speaker"
    ],
    "157": [
        334,
        "coffee_machine"
    ],
    "158": [
        124,
        "box"
    ],
    "159": [
        336,
        "worktop"
    ],
    "160": [
        633,
        "boxes"
    ],
    "163": [
        509,
        "laundry_basket"
    ],
    "165": [
        460,
        "ventilation_hood"
    ],
    "166": [
        113,
        "ventilation"
    ],
    "171": [
        151,
        "stack_of_papers"
    ],
    "173": [
        122,
        "bicycle"
    ],
    "177": [
        521,
        "pillow"
    ],
    "179": [
        46,
        "hand_soap"
    ],
    "180": [
        395,
        "hand_soap"
    ],
    "181": [
        450,
        "chair"
    ],
    "183": [
        541,
        "ceiling_vent"
    ],
    "185": [
        22,
        "nightstand"
    ],
    "186": [
        504,
        "wall_hanging_decoration"
    ],
    "188": [
        95,
        "frame"
    ],
    "189": [
        96,
        "frame"
    ],
    "190": [
        613,
        "clothes"
    ],
    "192": [
        99,
        "frame"
    ],
    "193": [
        318,
        "chair"
    ],
    "194": [
        338,
        "tap"
    ],
    "195": [
        421,
        "ceiling_lamp"
    ],
    "197": [
        438,
        "window"
    ],
    "198": [
        111,
        "board"
    ],
    "200": [
        566,
        "bathroom_cabinet"
    ],
    "201": [
        384,
        "bath_sink"
    ],
    "202": [
        581,
        "wall_lamp"
    ],
    "204": [
        630,
        "briefcase"
    ],
    "206": [
        230,
        "picture"
    ],
    "207": [
        557,
        "bath"
    ],
    "209": [
        453,
        "chair"
    ],
    "210": [
        138,
        "magazine"
    ],
    "212": [
        75,
        "curtain"
    ],
    "215": [
        621,
        "clothes_hanger_rod"
    ],
    "219": [
        275,
        "couch"
    ],
    "220": [
        518,
        "pillow"
    ],
    "222": [
        477,
        "curtain_rod"
    ],
    "224": [
        19,
        "nightstand"
    ],
    "226": [
        190,
        "table"
    ],
    "228": [
        115,
        "chandelier"
    ],
    "229": [
        270,
        "flower"
    ],
    "232": [
        398,
        "towel"
    ],
    "236": [
        449,
        "chair"
    ],
    "238": [
        606,
        "pillow"
    ],
    "239": [
        471,
        "curtain"
    ],
    "241": [
        474,
        "curtain_rod"
    ],
    "244": [
        332,
        "kitchen_appliance"
    ],
    "246": [
        25,
        "plush_toy"
    ],
    "248": [
        555,
        "shower_dial"
    ],
    "249": [
        625,
        "shoe"
    ],
    "251": [
        306,
        "wall_clock"
    ],
    "252": [
        127,
        "toy"
    ],
    "260": [
        623,
        "shoe"
    ],
    "261": [
        128,
        "toy"
    ],
    "263": [
        413,
        "window"
    ],
    "264": [
        322,
        "flower"
    ],
    "265": [
        105,
        "toy"
    ],
    "266": [
        86,
        "window"
    ],
    "269": [
        47,
        "door"
    ],
    "272": [
        107,
        "door"
    ],
    "274": [
        652,
        "towel"
    ],
    "275": [
        569,
        "bathroom_accessory"
    ],
    "277": [
        639,
        "ventilation_hood"
    ],
    "278": [
        16,
        "bed"
    ],
    "279": [
        445,
        "chair"
    ],
    "280": [
        393,
        "ceiling_lamp"
    ],
    "283": [
        132,
        "couch"
    ],
    "284": [
        262,
        "flower"
    ],
    "286": [
        121,
        "light"
    ],
    "288": [
        182,
        "plant"
    ],
    "290": [
        510,
        "led_tv"
    ],
    "295": [
        404,
        "door"
    ],
    "296": [
        183,
        "plant"
    ],
    "297": [
        470,
        "curtain"
    ],
    "301": [
        62,
        "door"
    ],
    "302": [
        631,
        "briefcase"
    ],
    "303": [
        407,
        "picture"
    ],
    "304": [
        350,
        "kitchen_appliance"
    ],
    "305": [
        435,
        "curtain"
    ],
    "306": [
        120,
        "chandelier"
    ],
    "307": [
        600,
        "shoe"
    ],
    "308": [
        324,
        "kitchen_cabinet"
    ],
    "309": [
        592,
        "shoe"
    ],
    "311": [
        45,
        "tap"
    ],
    "312": [
        632,
        "backpack"
    ],
    "313": [
        255,
        "fireplace"
    ],
    "315": [
        131,
        "toy"
    ],
    "318": [
        9,
        "wardrobe"
    ],
    "319": [
        154,
        "table"
    ],
    "321": [
        114,
        "attic_door"
    ],
    "322": [
        389,
        "toilet_seat"
    ],
    "323": [
        238,
        "speaker"
    ],
    "324": [
        409,
        "doormat"
    ],
    "325": [
        593,
        "shoe"
    ],
    "326": [
        577,
        "mirror"
    ],
    "329": [
        146,
        "stack_of_papers"
    ],
    "331": [
        475,
        "window"
    ],
    "333": [
        307,
        "flag"
    ],
    "336": [
        343,
        "knife_holder"
    ],
    "337": [
        481,
        "casket"
    ],
    "339": [
        365,
        "door"
    ],
    "340": [
        345,
        "microwave"
    ],
    "341": [
        89,
        "sheet"
    ],
    "342": [
        456,
        "flower"
    ],
    "343": [
        294,
        "floor_mat"
    ],
    "344": [
        283,
        "lamp"
    ],
    "347": [
        568,
        "tap"
    ],
    "355": [
        383,
        "picture"
    ],
    "356": [
        642,
        "chair"
    ],
    "357": [
        11,
        "wardrobe"
    ],
    "358": [
        480,
        "dresser"
    ],
    "359": [
        446,
        "chair"
    ],
    "361": [
        629,
        "storage_box"
    ],
    "367": [
        612,
        "shoe"
    ],
    "369": [
        628,
        "stack_of_papers"
    ],
    "373": [
        520,
        "pillow"
    ],
    "374": [
        150,
        "folder"
    ],
    "381": [
        552,
        "bath_mat"
    ],
    "383": [
        457,
        "flower"
    ],
    "385": [
        329,
        "kitchen_appliance"
    ],
    "386": [
        618,
        "clothes"
    ],
    "387": [
        231,
        "picture"
    ],
    "390": [
        412,
        "window_curtain"
    ],
    "392": [
        391,
        "door"
    ],
    "393": [
        163,
        "trashcan"
    ],
    "394": [
        293,
        "floor_mat"
    ],
    "396": [
        14,
        "blanket"
    ],
    "397": [
        392,
        "door_handle"
    ],
    "399": [
        513,
        "electric_box"
    ],
    "400": [
        602,
        "iron_board"
    ],
    "401": [
        188,
        "bag"
    ],
    "403": [
        298,
        "ceiling_lamp"
    ],
    "404": [
        454,
        "cabinet"
    ],
    "408": [
        177,
        "toy"
    ],
    "409": [
        399,
        "bathroom_shelf"
    ],
    "410": [
        558,
        "towel"
    ],
    "415": [
        276,
        "table"
    ],
    "416": [
        267,
        "table"
    ],
    "418": [
        234,
        "picture"
    ],
    "420": [
        13,
        "cabinet"
    ],
    "423": [
        295,
        "plate"
    ],
    "425": [
        116,
        "light"
    ],
    "427": [
        42,
        "towel"
    ],
    "428": [
        53,
        "lamp"
    ],
    "429": [
        160,
        "chair"
    ],
    "432": [
        228,
        "picture"
    ],
    "433": [
        300,
        "light"
    ],
    "435": [
        51,
        "toilet"
    ],
    "436": [
        436,
        "curtain"
    ],
    "437": [
        583,
        "door"
    ],
    "438": [
        97,
        "frame"
    ],
    "443": [
        250,
        "curtain"
    ],
    "449": [
        248,
        "curtain"
    ],
    "450": [
        619,
        "blanket"
    ],
    "454": [
        573,
        "soap_bottle"
    ],
    "455": [
        607,
        "pillow"
    ],
    "456": [
        175,
        "box"
    ],
    "457": [
        519,
        "pillow"
    ],
    "459": [
        144,
        "box"
    ],
    "461": [
        152,
        "stack_of_papers"
    ],
    "462": [
        616,
        "clothes"
    ],
    "463": [
        622,
        "clothes_hanger_rod"
    ],
    "466": [
        88,
        "sheet"
    ],
    "468": [
        137,
        "wardrobe"
    ],
    "469": [
        381,
        "ventilation"
    ],
    "470": [
        388,
        "toilet_paper"
    ],
    "475": [
        571,
        "bathroom_accessory"
    ],
    "476": [
        323,
        "refrigerator"
    ],
    "478": [
        142,
        "stack_of_papers"
    ],
    "479": [
        337,
        "sink"
    ],
    "480": [
        186,
        "couch"
    ],
    "481": [
        326,
        "window"
    ],
    "482": [
        556,
        "tap"
    ],
    "485": [
        135,
        "wardrobe"
    ],
    "487": [
        423,
        "ceiling_lamp"
    ],
    "489": [
        572,
        "mirror"
    ],
    "491": [
        133,
        "basket"
    ],
    "492": [
        41,
        "mat"
    ],
    "493": [
        147,
        "stack_of_papers"
    ],
    "495": [
        136,
        "toy"
    ],
    "497": [
        469,
        "curtain"
    ],
    "499": [
        241,
        "window"
    ],
    "503": [
        284,
        "flower"
    ],
    "504": [
        4,
        "door"
    ],
    "506": [
        301,
        "light"
    ],
    "508": [
        354,
        "fruit_bowl"
    ],
    "513": [
        578,
        "mirror_frame"
    ],
    "515": [
        511,
        "wardrobe"
    ],
    "517": [
        268,
        "decorative_plate"
    ],
    "519": [
        512,
        "electric_box"
    ],
    "520": [
        81,
        "window"
    ],
    "521": [
        164,
        "computer_desk"
    ],
    "525": [
        304,
        "ceiling_vent"
    ],
    "526": [
        331,
        "kitchen_appliance"
    ],
    "530": [
        176,
        "basket"
    ],
    "538": [
        651,
        "picture"
    ],
    "540": [
        43,
        "bucket"
    ],
    "544": [
        553,
        "trashcan"
    ],
    "550": [
        141,
        "stack_of_papers"
    ],
    "552": [
        117,
        "light"
    ],
    "555": [
        335,
        "coffee_mug"
    ],
    "557": [
        508,
        "laundry_basket"
    ],
    "558": [
        178,
        "table"
    ],
    "560": [
        626,
        "shoe"
    ],
    "562": [
        452,
        "table"
    ],
    "564": [
        378,
        "towel"
    ],
    "571": [
        165,
        "plush_toy"
    ],
    "572": [
        347,
        "kitchen_appliance"
    ],
    "573": [
        448,
        "chair"
    ],
    "575": [
        93,
        "frame"
    ],
    "576": [
        153,
        "box"
    ],
    "580": [
        100,
        "frame"
    ],
    "581": [
        410,
        "door"
    ],
    "582": [
        185,
        "stack_of_papers"
    ],
    "589": [
        473,
        "alarm"
    ],
    "591": [
        420,
        "ventilation_hood"
    ],
    "593": [
        189,
        "blanket"
    ],
    "597": [
        263,
        "chandelier"
    ],
    "599": [
        52,
        "toilet_brush"
    ],
    "601": [
        396,
        "toilet_paper"
    ],
    "603": [
        8,
        "chandelier"
    ],
    "605": [
        272,
        "pillar"
    ],
    "606": [
        302,
        "light"
    ],
    "607": [
        385,
        "tap"
    ],
    "609": [
        285,
        "alarm_control"
    ],
    "610": [
        344,
        "kitchen_cabinet"
    ],
    "612": [
        361,
        "dishwasher"
    ],
    "613": [
        397,
        "towel"
    ],
    "617": [
        254,
        "led_tv"
    ],
    "618": [
        328,
        "kitchen_appliance"
    ],
    "619": [
        472,
        "curtain"
    ],
    "620": [
        551,
        "bath_mat"
    ],
    "624": [
        126,
        "box"
    ],
    "625": [
        139,
        "magazine"
    ],
    "626": [
        44,
        "cabinet"
    ],
    "628": [
        458,
        "pad"
    ],
    "629": [
        533,
        "door"
    ],
    "630": [
        608,
        "pillow"
    ],
    "631": [
        554,
        "door"
    ],
    "634": [
        527,
        "nightstand"
    ],
    "636": [
        26,
        "plush_toy"
    ],
    "638": [
        611,
        "shoe"
    ],
    "643": [
        28,
        "window"
    ],
    "644": [
        145,
        "picture"
    ],
    "650": [
        17,
        "pillow"
    ],
    "651": [
        594,
        "shoe"
    ],
    "652": [
        187,
        "shirt"
    ],
    "653": [
        531,
        "table_lamp"
    ],
    "656": [
        229,
        "picture"
    ],
    "657": [
        377,
        "picture"
    ],
    "659": [
        280,
        "table"
    ],
    "660": [
        279,
        "flower"
    ]
}