{
    "1": [
        208,
        "kitchen_countertop_items"
    ],
    "2": [
        7,
        "basket_of_something"
    ],
    "4": [
        116,
        "toilet"
    ],
    "5": [
        344,
        "wall_electronics"
    ],
    "6": [
        435,
        "decorative_plant"
    ],
    "7": [
        445,
        "table"
    ],
    "8": [
        408,
        "chair"
    ],
    "11": [
        631,
        "pillow"
    ],
    "12": [
        234,
        "kitchen_cabinet"
    ],
    "13": [
        269,
        "basket"
    ],
    "17": [
        124,
        "door"
    ],
    "19": [
        529,
        "toilet"
    ],
    "21": [
        262,
        "window_glass"
    ],
    "25": [
        441,
        "bonsai_tree"
    ],
    "27": [
        654,
        "door"
    ],
    "28": [
        8,
        "box_of_tissues"
    ],
    "29": [
        62,
        "board"
    ],
    "30": [
        541,
        "bathrobe"
    ],
    "32": [
        558,
        "mirror"
    ],
    "37": [
        372,
        "couch"
    ],
    "39": [
        354,
        "ceiling_lamp"
    ],
    "43": [
        422,
        "lampshade"
    ],
    "44": [
        471,
        "door"
    ],
    "48": [
        433,
        "pillow"
    ],
    "54": [
        425,
        "window"
    ],
    "56": [
        24,
        "wall_electronics"
    ],
    "57": [
        12,
        "door"
    ],
    "61": [
        242,
        "ceiling_lamp"
    ],
    "69": [
        609,
        "shower_cabinet"
    ],
    "70": [
        469,
        "door"
    ],
    "74": [
        580,
        "bathroom_cabinet"
    ],
    "75": [
        224,
        "kitchen_lower_cabinet"
    ],
    "77": [
        285,
        "dining_chair"
    ],
    "78": [
        246,
        "ceiling_lamp"
    ],
    "79": [
        35,
        "window"
    ],
    "82": [
        544,
        "door"
    ],
    "84": [
        538,
        "towel_bar"
    ],
    "86": [
        109,
        "bathroom_towel"
    ],
    "87": [
        418,
        "window"
    ],
    "92": [
        197,
        "faucet"
    ],
    "93": [
        110,
        "bathroom_towel"
    ],
    "94": [
        373,
        "window"
    ],
    "96": [
        222,
        "kitchen_countertop_item"
    ],
    "97": [
        245,
        "ceiling_lamp"
    ],
    "99": [
        13,
        "door"
    ],
    "102": [
        215,
        "wall_lamp"
    ],
    "103": [
        398,
        "mat"
    ],
    "105": [
        416,
        "flower_stand"
    ],
    "110": [
        271,
        "window"
    ],
    "114": [
        577,
        "window"
    ],
    "116": [
        267,
        "coaster"
    ],
    "117": [
        9,
        "bottle_of_detergent"
    ],
    "118": [
        367,
        "window"
    ],
    "119": [
        489,
        "box_of_tissues"
    ],
    "120": [
        397,
        "table_lamp"
    ],
    "121": [
        227,
        "kitchen_lower_cabinet"
    ],
    "122": [
        497,
        "wall_lamp"
    ],
    "124": [
        199,
        "towel"
    ],
    "125": [
        575,
        "window_curtain"
    ],
    "126": [
        53,
        "wall_electronics"
    ],
    "127": [
        270,
        "decorative_plant"
    ],
    "131": [
        472,
        "door"
    ],
    "134": [
        430,
        "piano"
    ],
    "136": [
        106,
        "mirror_frame"
    ],
    "138": [
        478,
        "appliance"
    ],
    "141": [
        491,
        "nightstand"
    ],
    "142": [
        144,
        "table_lamp"
    ],
    "143": [
        97,
        "cabinet"
    ],
    "144": [
        288,
        "pot"
    ],
    "145": [
        479,
        "appliance"
    ],
    "147": [
        20,
        "sconce"
    ],
    "148": [
        637,
        "pillow"
    ],
    "149": [
        527,
        "toilet_paper"
    ],
    "152": [
        198,
        "kettle"
    ],
    "153": [
        324,
        "fireplace_wall"
    ],
    "155": [
        532,
        "hot_water_cold_water_knob"
    ],
    "156": [
        160,
        "window"
    ],
    "158": [
        548,
        "window_curtain"
    ],
    "160": [
        93,
        "towel_ring"
    ],
    "161": [
        504,
        "pillow"
    ],
    "162": [
        239,
        "board"
    ],
    "164": [
        530,
        "shower_curtain"
    ],
    "165": [
        21,
        "basket"
    ],
    "166": [
        511,
        "ceiling_lamp"
    ],
    "167": [
        321,
        "fireplace_wall"
    ],
    "168": [
        606,
        "wall_lamp"
    ],
    "169": [
        605,
        "sink_cabinet"
    ],
    "170": [
        590,
        "faucet"
    ],
    "174": [
        194,
        "stool"
    ],
    "178": [
        375,
        "mirror"
    ],
    "179": [
        436,
        "side_table"
    ],
    "180": [
        153,
        "blanket"
    ],
    "181": [
        229,
        "kitchen_cabinet"
    ],
    "184": [
        564,
        "cosmetics"
    ],
    "191": [
        244,
        "ceiling_lamp"
    ],
    "192": [
        585,
        "bathroom_cabinet"
    ],
    "195": [
        533,
        "shower"
    ],
    "196": [
        68,
        "board"
    ],
    "201": [
        565,
        "bathroom_towel"
    ],
    "202": [
        94,
        "cabinet"
    ],
    "203": [
        6,
        "rug"
    ],
    "206": [
        429,
        "piano_stool"
    ],
    "208": [
        183,
        "rug"
    ],
    "210": [
        135,
        "window"
    ],
    "211": [
        284,
        "dining_chair"
    ],
    "213": [
        104,
        "ceiling_lamp"
    ],
    "216": [
        118,
        "countertop"
    ],
    "220": [
        358,
        "shelf"
    ],
    "227": [
        203,
        "toaster"
    ],
    "229": [
        152,
        "pillow"
    ],
    "230": [
        438,
        "side_table"
    ],
    "232": [
        108,
        "bathroom_towel"
    ],
    "234": [
        534,
        "bathroom_towel"
    ],
    "235": [
        19,
        "sconce"
    ],
    "236": [
        640,
        "window_seat"
    ],
    "237": [
        23,
        "sconce"
    ],
    "239": [
        206,
        "paper_towel"
    ],
    "243": [
        614,
        "nightstand"
    ],
    "244": [
        369,
        "side_table"
    ],
    "245": [
        666,
        "pillow"
    ],
    "248": [
        623,
        "wall_lamp"
    ],
    "251": [
        155,
        "window_curtain"
    ],
    "253": [
        406,
        "door"
    ],
    "256": [
        615,
        "armchair"
    ],
    "257": [
        295,
        "vessel"
    ],
    "258": [
        431,
        "pillow"
    ],
    "259": [
        612,
        "window"
    ],
    "260": [
        70,
        "board"
    ],
    "262": [
        212,
        "kitchen_countertop_item"
    ],
    "263": [
        213,
        "kitchen_countertop_item"
    ],
    "264": [
        90,
        "faucet"
    ],
    "266": [
        86,
        "bar"
    ],
    "269": [
        410,
        "desk"
    ],
    "270": [
        444,
        "table_lamp"
    ],
    "272": [
        611,
        "nightstand"
    ],
    "279": [
        91,
        "washing_stuff"
    ],
    "280": [
        226,
        "kitchen_lower_cabinet"
    ],
    "281": [
        85,
        "door"
    ],
    "283": [
        139,
        "tv_stand"
    ],
    "291": [
        559,
        "mirror_frame"
    ],
    "292": [
        71,
        "board"
    ],
    "293": [
        592,
        "mirror_frame"
    ],
    "294": [
        232,
        "kitchen_cabinet"
    ],
    "301": [
        119,
        "cabinet"
    ],
    "302": [
        376,
        "side_table"
    ],
    "303": [
        168,
        "ceiling_lamp"
    ],
    "304": [
        281,
        "dining_chair"
    ],
    "305": [
        73,
        "board"
    ],
    "310": [
        207,
        "kitchen_countertop_items"
    ],
    "311": [
        589,
        "toilet_paper"
    ],
    "313": [
        216,
        "kitchen_extractor"
    ],
    "314": [
        549,
        "window"
    ],
    "315": [
        69,
        "board"
    ],
    "316": [
        428,
        "appliance"
    ],
    "318": [
        125,
        "toilet_paper"
    ],
    "319": [
        214,
        "wall_lamp"
    ],
    "323": [
        604,
        "bathroom_cabinet"
    ],
    "329": [
        297,
        "bucket"
    ],
    "330": [
        396,
        "shelf"
    ],
    "333": [
        243,
        "ceiling_lamp"
    ],
    "336": [
        660,
        "stonework"
    ],
    "340": [
        409,
        "sewing_machine"
    ],
    "342": [
        411,
        "window"
    ],
    "344": [
        502,
        "pillow"
    ],
    "346": [
        188,
        "rug"
    ],
    "348": [
        201,
        "kitchen_appliance"
    ],
    "352": [
        41,
        "door"
    ],
    "353": [
        363,
        "door"
    ],
    "355": [
        634,
        "pillow"
    ],
    "356": [
        492,
        "window"
    ],
    "358": [
        667,
        "pillow"
    ],
    "361": [
        632,
        "pillow"
    ],
    "364": [
        205,
        "pot"
    ],
    "367": [
        131,
        "shelf"
    ],
    "368": [
        420,
        "window"
    ],
    "369": [
        32,
        "decorative_plant"
    ],
    "373": [
        280,
        "dining_chair"
    ],
    "374": [
        404,
        "door"
    ],
    "375": [
        196,
        "window_glass"
    ],
    "379": [
        189,
        "dishwasher"
    ],
    "381": [
        459,
        "wall_lamp"
    ],
    "384": [
        657,
        "door"
    ],
    "385": [
        287,
        "rug"
    ],
    "389": [
        146,
        "cabinet"
    ],
    "390": [
        240,
        "window"
    ],
    "391": [
        112,
        "faucet"
    ],
    "394": [
        149,
        "blanket"
    ],
    "401": [
        487,
        "nightstand"
    ],
    "404": [
        154,
        "couch"
    ],
    "405": [
        521,
        "rug"
    ],
    "408": [
        107,
        "bathroom_towel"
    ],
    "409": [
        38,
        "ceiling_lamp"
    ],
    "414": [
        141,
        "appliance"
    ],
    "421": [
        167,
        "ceiling_lamp"
    ],
    "423": [
        264,
        "decorative_plant"
    ],
    "427": [
        266,
        "lampshade"
    ],
    "429": [
        540,
        "bathroom_towel"
    ],
    "430": [
        138,
        "tv"
    ],
    "432": [
        298,
        "fireplace"
    ],
    "433": [
        630,
        "pillow"
    ],
    "434": [
        121,
        "cabinet"
    ],
    "437": [
        434,
        "pillow"
    ],
    "438": [
        401,
        "wall_lamp"
    ],
    "440": [
        190,
        "kitchen_top"
    ],
    "443": [
        92,
        "towel"
    ],
    "446": [
        484,
        "box_of_tissues"
    ],
    "447": [
        635,
        "pillow"
    ],
    "448": [
        185,
        "decorative_plant"
    ],
    "449": [
        202,
        "toaster"
    ],
    "450": [
        283,
        "dining_chair"
    ],
    "452": [
        535,
        "bathroom_towel"
    ],
    "453": [
        560,
        "casket"
    ],
    "455": [
        437,
        "decorative_plant"
    ],
    "459": [
        57,
        "wall_electronics"
    ],
    "460": [
        300,
        "door"
    ],
    "461": [
        200,
        "kitchen_appliance"
    ],
    "462": [
        31,
        "flowerpot"
    ],
    "465": [
        282,
        "dining_chair"
    ],
    "466": [
        99,
        "cabinet"
    ],
    "469": [
        142,
        "appliance"
    ],
    "471": [
        15,
        "door"
    ],
    "472": [
        327,
        "fireplace_wall"
    ],
    "473": [
        485,
        "bedside_lamp"
    ],
    "474": [
        370,
        "table_lamp"
    ],
    "475": [
        503,
        "pillow"
    ],
    "478": [
        126,
        "air_vent"
    ],
    "479": [
        192,
        "stool"
    ],
    "480": [
        236,
        "air_vent"
    ],
    "486": [
        562,
        "faucet"
    ],
    "488": [
        286,
        "dining_table"
    ],
    "489": [
        100,
        "countertop"
    ],
    "490": [
        88,
        "washing_machine_and_dryer"
    ],
    "493": [
        111,
        "towel_ring"
    ],
    "495": [
        498,
        "window"
    ],
    "496": [
        415,
        "rug"
    ],
    "497": [
        432,
        "pillow"
    ],
    "499": [
        11,
        "cabinet"
    ],
    "500": [
        506,
        "bed"
    ],
    "501": [
        79,
        "ceiling_lamp"
    ],
    "502": [
        191,
        "stool"
    ],
    "504": [
        423,
        "window"
    ],
    "505": [
        461,
        "wall_lamp"
    ],
    "507": [
        204,
        "microwave"
    ],
    "511": [
        343,
        "wall_electronics"
    ],
    "513": [
        482,
        "wall_electronics"
    ],
    "514": [
        488,
        "book"
    ],
    "517": [
        27,
        "statue"
    ],
    "519": [
        64,
        "board"
    ],
    "522": [
        223,
        "kitchen_top"
    ],
    "523": [
        539,
        "towel_bar"
    ],
    "526": [
        629,
        "pillow"
    ],
    "529": [
        322,
        "fireplace_wall"
    ],
    "530": [
        10,
        "bottle"
    ],
    "532": [
        442,
        "decorative_plant"
    ],
    "535": [
        44,
        "sconce"
    ],
    "536": [
        193,
        "stool"
    ],
    "539": [
        265,
        "decorative_plant"
    ],
    "540": [
        467,
        "door"
    ],
    "541": [
        132,
        "window_curtain"
    ],
    "542": [
        150,
        "armchair"
    ],
    "544": [
        628,
        "bed"
    ],
    "546": [
        30,
        "flowerpot"
    ],
    "547": [
        158,
        "window"
    ],
    "551": [
        613,
        "bedside_lamp"
    ],
    "552": [
        268,
        "desk"
    ],
    "556": [
        661,
        "basket_of_something"
    ],
    "557": [
        120,
        "cabinet"
    ],
    "558": [
        481,
        "wall_electronics"
    ],
    "561": [
        147,
        "pillow"
    ],
    "563": [
        622,
        "ceiling_lamp"
    ],
    "568": [
        102,
        "ceiling_lamp"
    ],
    "569": [
        14,
        "door_window"
    ],
    "571": [
        29,
        "flower_stand"
    ],
    "572": [
        113,
        "bottle_of_soap"
    ],
    "574": [
        330,
        "fireplace_wall"
    ],
    "575": [
        331,
        "fireplace_wall"
    ],
    "577": [
        40,
        "door"
    ],
    "580": [
        326,
        "fireplace_wall"
    ],
    "581": [
        531,
        "faucet"
    ],
    "582": [
        235,
        "refrigerator"
    ],
    "583": [
        417,
        "flowerpot"
    ],
    "585": [
        238,
        "board"
    ],
    "588": [
        608,
        "door"
    ],
    "589": [
        95,
        "cabinet"
    ],
    "590": [
        43,
        "sconce"
    ],
    "592": [
        211,
        "sink"
    ],
    "593": [
        22,
        "bench"
    ],
    "596": [
        665,
        "kitchen_countertop_item"
    ],
    "597": [
        210,
        "sink"
    ],
    "598": [
        443,
        "decorative_plant"
    ],
    "599": [
        98,
        "sink"
    ],
    "600": [
        225,
        "kitchen_lower_cabinet"
    ],
    "603": [
        74,
        "board"
    ],
    "604": [
        72,
        "board"
    ],
    "605": [
        505,
        "pillow"
    ],
    "606": [
        221,
        "kitchen_top"
    ],
    "608": [
        233,
        "kitchen_cabinet"
    ],
    "609": [
        470,
        "door"
    ],
    "611": [
        117,
        "sink"
    ],
    "612": [
        638,
        "window"
    ],
    "613": [
        89,
        "washing_machine_and_dryer"
    ],
    "614": [
        230,
        "kitchen_cabinet"
    ],
    "616": [
        440,
        "couch"
    ],
    "617": [
        42,
        "sconce"
    ],
    "621": [
        299,
        "door_window"
    ],
    "627": [
        151,
        "pillow"
    ],
    "630": [
        228,
        "kitchen_lower_cabinet"
    ],
    "634": [
        148,
        "pillow"
    ],
    "635": [
        156,
        "window"
    ],
    "637": [
        289,
        "cabinet"
    ],
    "640": [
        323,
        "fireplace_wall"
    ],
    "642": [
        325,
        "fireplace_wall"
    ],
    "645": [
        186,
        "basket"
    ],
    "646": [
        195,
        "kitchen_island"
    ],
    "651": [
        187,
        "calendar"
    ],
    "653": [
        364,
        "door"
    ],
    "654": [
        54,
        "wall_electronics"
    ],
    "656": [
        636,
        "pillow"
    ],
    "657": [
        133,
        "window_curtain"
    ],
    "659": [
        231,
        "kitchen_cabinet"
    ],
    "661": [
        633,
        "pillow"
    ],
    "662": [
        136,
        "shower_cabin"
    ],
    "663": [
        218,
        "oven_and_stove"
    ],
    "664": [
        480,
        "wall_electronics"
    ]
}