{
    "1": [
        165,
        "sprinkler"
    ],
    "5": [
        188,
        "lamp"
    ],
    "7": [
        378,
        "stool"
    ],
    "8": [
        361,
        "plant"
    ],
    "10": [
        341,
        "chair"
    ],
    "11": [
        11,
        "pillow"
    ],
    "12": [
        196,
        "cosmetic"
    ],
    "13": [
        192,
        "door"
    ],
    "16": [
        380,
        "stool"
    ],
    "17": [
        82,
        "decor"
    ],
    "18": [
        315,
        "ventilation"
    ],
    "19": [
        133,
        "painting"
    ],
    "20": [
        287,
        "tv"
    ],
    "21": [
        230,
        "sprinkler"
    ],
    "22": [
        9,
        "pillow"
    ],
    "24": [
        88,
        "lamp"
    ],
    "25": [
        291,
        "blanket"
    ],
    "26": [
        97,
        "pillow"
    ],
    "28": [
        164,
        "lamp"
    ],
    "32": [
        372,
        "cabinet"
    ],
    "33": [
        314,
        "sprinkler"
    ],
    "35": [
        335,
        "table"
    ],
    "36": [
        310,
        "lamp"
    ],
    "37": [
        5,
        "painting"
    ],
    "38": [
        58,
        "bathtub"
    ],
    "41": [
        140,
        "cabinet"
    ],
    "44": [
        171,
        "basket"
    ],
    "46": [
        238,
        "air_duct"
    ],
    "47": [
        369,
        "worktop"
    ],
    "48": [
        242,
        "hose"
    ],
    "49": [
        79,
        "ventilation"
    ],
    "51": [
        339,
        "chair"
    ],
    "52": [
        379,
        "stool"
    ],
    "53": [
        80,
        "lamp"
    ],
    "54": [
        147,
        "door"
    ],
    "58": [
        141,
        "pillow"
    ],
    "63": [
        135,
        "cabinet"
    ],
    "65": [
        77,
        "lamp"
    ],
    "66": [
        78,
        "ventilation"
    ],
    "68": [
        50,
        "shelf"
    ],
    "70": [
        134,
        "box"
    ],
    "71": [
        95,
        "plant"
    ],
    "72": [
        377,
        "stool"
    ],
    "73": [
        125,
        "ventilation"
    ],
    "74": [
        296,
        "pillow"
    ],
    "77": [
        94,
        "mug"
    ],
    "78": [
        223,
        "compressor"
    ],
    "80": [
        191,
        "toilet"
    ],
    "81": [
        364,
        "tap"
    ],
    "82": [
        52,
        "tap"
    ],
    "83": [
        89,
        "clock"
    ],
    "84": [
        284,
        "plant"
    ],
    "85": [
        51,
        "tap"
    ],
    "86": [
        265,
        "wall_control"
    ],
    "91": [
        47,
        "shelf"
    ],
    "92": [
        275,
        "chair"
    ],
    "94": [
        176,
        "door"
    ],
    "99": [
        40,
        "picture"
    ],
    "102": [
        232,
        "frame"
    ],
    "103": [
        101,
        "bed"
    ],
    "109": [
        276,
        "pillow"
    ],
    "111": [
        144,
        "bed"
    ],
    "113": [
        124,
        "lamp"
    ],
    "115": [
        139,
        "book"
    ],
    "117": [
        6,
        "picture"
    ],
    "118": [
        231,
        "lamp"
    ],
    "120": [
        259,
        "sprinkler"
    ],
    "121": [
        189,
        "picture"
    ],
    "122": [
        173,
        "railing"
    ],
    "124": [
        382,
        "bottle"
    ],
    "125": [
        281,
        "table"
    ],
    "128": [
        343,
        "cabinet"
    ],
    "129": [
        357,
        "cabinet"
    ],
    "130": [
        254,
        "ventilation"
    ],
    "131": [
        8,
        "table"
    ],
    "134": [
        28,
        "window"
    ],
    "135": [
        290,
        "pot"
    ],
    "138": [
        198,
        "sink"
    ],
    "139": [
        260,
        "sprinkler"
    ],
    "141": [
        381,
        "cook_book"
    ],
    "142": [
        84,
        "painting"
    ],
    "143": [
        212,
        "bathtub"
    ],
    "144": [
        368,
        "fruit_bowl"
    ],
    "146": [
        136,
        "lamp"
    ],
    "151": [
        222,
        "cloth"
    ],
    "153": [
        324,
        "painting"
    ],
    "156": [
        85,
        "plant"
    ],
    "158": [
        23,
        "door"
    ],
    "159": [
        17,
        "plant"
    ],
    "163": [
        366,
        "cook_book"
    ],
    "165": [
        86,
        "pot"
    ],
    "166": [
        359,
        "refrigerator"
    ],
    "174": [
        271,
        "table"
    ],
    "175": [
        270,
        "plant"
    ],
    "176": [
        269,
        "lamp"
    ],
    "179": [
        362,
        "mug"
    ],
    "181": [
        342,
        "microwave"
    ],
    "182": [
        21,
        "desk"
    ],
    "185": [
        93,
        "box"
    ],
    "186": [
        316,
        "smoke_detector"
    ],
    "187": [
        237,
        "pipe"
    ],
    "188": [
        99,
        "pillow"
    ],
    "190": [
        186,
        "sprinkler"
    ],
    "191": [
        225,
        "outlet"
    ],
    "193": [
        297,
        "sofa"
    ],
    "194": [
        122,
        "sprinkler"
    ],
    "195": [
        104,
        "door"
    ],
    "196": [
        145,
        "decor"
    ],
    "197": [
        96,
        "cabinet"
    ],
    "198": [
        45,
        "sink"
    ],
    "199": [
        220,
        "washing_machine"
    ],
    "201": [
        46,
        "cabinet"
    ],
    "205": [
        100,
        "blanket"
    ],
    "207": [
        67,
        "lamp"
    ],
    "208": [
        239,
        "pipe"
    ],
    "210": [
        258,
        "sprinkler"
    ],
    "212": [
        48,
        "shelf"
    ],
    "214": [
        244,
        "lamp"
    ],
    "218": [
        340,
        "chair"
    ],
    "219": [
        273,
        "table"
    ],
    "220": [
        39,
        "lamp"
    ],
    "222": [
        221,
        "cloth"
    ],
    "223": [
        288,
        "cabinet"
    ],
    "224": [
        264,
        "picture"
    ],
    "225": [
        172,
        "ironing_board"
    ],
    "231": [
        215,
        "door"
    ],
    "232": [
        348,
        "cabinet"
    ],
    "233": [
        3,
        "smoke_detector"
    ],
    "234": [
        322,
        "pot"
    ],
    "236": [
        98,
        "pillow"
    ],
    "237": [
        107,
        "door"
    ],
    "238": [
        274,
        "chair"
    ],
    "239": [
        10,
        "pillow"
    ],
    "245": [
        2,
        "ventilation"
    ],
    "247": [
        252,
        "window"
    ],
    "250": [
        36,
        "door"
    ],
    "252": [
        105,
        "door"
    ],
    "253": [
        126,
        "ventilation"
    ],
    "255": [
        14,
        "trashcan"
    ],
    "256": [
        16,
        "lamp"
    ],
    "257": [
        282,
        "rug"
    ],
    "260": [
        285,
        "book"
    ],
    "263": [
        349,
        "cabinet"
    ],
    "264": [
        227,
        "pipe"
    ],
    "267": [
        43,
        "cosmetics"
    ],
    "268": [
        267,
        "painting"
    ],
    "269": [
        195,
        "plant"
    ],
    "270": [
        200,
        "cabinet"
    ],
    "271": [
        169,
        "plant"
    ],
    "272": [
        313,
        "lamp"
    ],
    "273": [
        146,
        "box"
    ],
    "274": [
        323,
        "plant"
    ],
    "276": [
        87,
        "chair"
    ],
    "279": [
        92,
        "cabinet"
    ],
    "283": [
        103,
        "shelving"
    ],
    "286": [
        289,
        "plant"
    ],
    "287": [
        57,
        "shower_curtain"
    ],
    "288": [
        347,
        "stove"
    ],
    "290": [
        167,
        "door"
    ],
    "291": [
        15,
        "book"
    ],
    "294": [
        336,
        "chair"
    ],
    "295": [
        90,
        "plant"
    ],
    "297": [
        326,
        "door"
    ],
    "298": [
        390,
        "lamp"
    ],
    "299": [
        337,
        "chair"
    ],
    "301": [
        170,
        "basket"
    ],
    "302": [
        350,
        "plant"
    ],
    "303": [
        257,
        "ventilation"
    ],
    "307": [
        338,
        "chair"
    ],
    "309": [
        20,
        "chair"
    ],
    "312": [
        13,
        "plant"
    ],
    "316": [
        219,
        "clothes_dryer"
    ],
    "318": [
        1,
        "lamp"
    ],
    "321": [
        12,
        "sofa"
    ],
    "322": [
        394,
        "lamp"
    ],
    "324": [
        363,
        "mug"
    ],
    "326": [
        194,
        "tap"
    ],
    "335": [
        49,
        "shelf"
    ],
    "338": [
        41,
        "toilet"
    ],
    "340": [
        311,
        "lamp"
    ],
    "341": [
        256,
        "ventilation"
    ],
    "342": [
        360,
        "tray"
    ],
    "343": [
        132,
        "chair"
    ],
    "345": [
        182,
        "shelving"
    ],
    "346": [
        129,
        "window"
    ],
    "347": [
        370,
        "cabinet"
    ],
    "353": [
        184,
        "railing"
    ],
    "354": [
        371,
        "dishwasher"
    ],
    "357": [
        197,
        "liquid_soap"
    ],
    "360": [
        42,
        "plant"
    ],
    "365": [
        263,
        "picture"
    ],
    "368": [
        294,
        "pillow"
    ],
    "369": [
        7,
        "plant"
    ],
    "374": [
        345,
        "cabinet"
    ],
    "375": [
        142,
        "pillow"
    ],
    "382": [
        127,
        "smoke_detector"
    ],
    "384": [
        143,
        "pillow"
    ],
    "385": [
        31,
        "lamp"
    ],
    "386": [
        44,
        "tap"
    ],
    "387": [
        131,
        "pillow"
    ],
    "391": [
        365,
        "sink"
    ],
    "392": [
        91,
        "book"
    ],
    "393": [
        283,
        "basket"
    ],
    "394": [
        344,
        "cabinet"
    ]
}