{
    "1": [
        722,
        "door_knob"
    ],
    "2": [
        665,
        "pillow"
    ],
    "4": [
        319,
        "ceiling_lamp"
    ],
    "5": [
        545,
        "wardrobe"
    ],
    "6": [
        164,
        "chair"
    ],
    "8": [
        772,
        "door"
    ],
    "9": [
        137,
        "kitchen_cabinet_lower"
    ],
    "11": [
        498,
        "carpet"
    ],
    "12": [
        408,
        "door_knob"
    ],
    "13": [
        295,
        "pillow"
    ],
    "14": [
        305,
        "side_table"
    ],
    "16": [
        643,
        "pillow"
    ],
    "17": [
        732,
        "pillow"
    ],
    "18": [
        544,
        "cabinet"
    ],
    "20": [
        106,
        "microwave"
    ],
    "22": [
        154,
        "glass"
    ],
    "23": [
        217,
        "window"
    ],
    "26": [
        327,
        "fireplace_shelf"
    ],
    "28": [
        345,
        "picture"
    ],
    "29": [
        372,
        "ceiling_lamp"
    ],
    "30": [
        832,
        "basket"
    ],
    "32": [
        207,
        "door"
    ],
    "34": [
        256,
        "window"
    ],
    "38": [
        512,
        "bedside_table"
    ],
    "41": [
        683,
        "ceiling_lamp"
    ],
    "42": [
        856,
        "fire_detector"
    ],
    "43": [
        112,
        "shelf"
    ],
    "46": [
        889,
        "pillow"
    ],
    "47": [
        764,
        "pillow"
    ],
    "48": [
        763,
        "pillow"
    ],
    "50": [
        288,
        "side_table"
    ],
    "51": [
        637,
        "wall_hanger"
    ],
    "55": [
        276,
        "armchair"
    ],
    "57": [
        385,
        "hanger"
    ],
    "59": [
        864,
        "door_knob"
    ],
    "60": [
        849,
        "door_knob"
    ],
    "62": [
        628,
        "shelf"
    ],
    "63": [
        860,
        "ceiling_lamp"
    ],
    "67": [
        469,
        "toilet_brush"
    ],
    "70": [
        181,
        "glass"
    ],
    "73": [
        782,
        "hanger"
    ],
    "74": [
        30,
        "window"
    ],
    "76": [
        680,
        "ceiling_lamp"
    ],
    "77": [
        916,
        "door"
    ],
    "80": [
        396,
        "tap"
    ],
    "81": [
        125,
        "cabinet"
    ],
    "83": [
        63,
        "chair"
    ],
    "84": [
        515,
        "decoration"
    ],
    "86": [
        533,
        "chest"
    ],
    "87": [
        699,
        "door"
    ],
    "88": [
        277,
        "pillow"
    ],
    "92": [
        618,
        "pillow"
    ],
    "96": [
        282,
        "table"
    ],
    "99": [
        487,
        "door"
    ],
    "101": [
        790,
        "ceiling_lamp"
    ],
    "102": [
        839,
        "mirror"
    ],
    "103": [
        593,
        "door"
    ],
    "105": [
        830,
        "wall_lamp"
    ],
    "111": [
        113,
        "decoration"
    ],
    "114": [
        352,
        "ottoman"
    ],
    "117": [
        101,
        "coffee_machine"
    ],
    "118": [
        284,
        "vessel"
    ],
    "119": [
        387,
        "door_knob"
    ],
    "120": [
        779,
        "wall_hanger"
    ],
    "122": [
        543,
        "chair"
    ],
    "124": [
        654,
        "table"
    ],
    "125": [
        881,
        "pillow"
    ],
    "127": [
        111,
        "wood"
    ],
    "128": [
        86,
        "kitchen_cabinet"
    ],
    "130": [
        513,
        "mirror"
    ],
    "132": [
        471,
        "door"
    ],
    "135": [
        505,
        "pillow"
    ],
    "136": [
        301,
        "pillow"
    ],
    "141": [
        788,
        "toilet_brush"
    ],
    "142": [
        146,
        "glass"
    ],
    "144": [
        316,
        "ceiling_lamp"
    ],
    "149": [
        321,
        "ceiling_lamp"
    ],
    "153": [
        499,
        "pillow"
    ],
    "154": [
        874,
        "wardrobe"
    ],
    "155": [
        629,
        "tray"
    ],
    "157": [
        657,
        "armchair"
    ],
    "160": [
        95,
        "window"
    ],
    "165": [
        612,
        "tv"
    ],
    "166": [
        773,
        "door_knob"
    ],
    "168": [
        247,
        "umbrella"
    ],
    "169": [
        415,
        "door"
    ],
    "170": [
        145,
        "vessel"
    ],
    "172": [
        310,
        "ceiling_lamp"
    ],
    "174": [
        613,
        "fireplace_shelf"
    ],
    "177": [
        237,
        "fireplace_utensil"
    ],
    "178": [
        550,
        "rack"
    ],
    "180": [
        616,
        "sitting_bench"
    ],
    "181": [
        673,
        "decoration"
    ],
    "182": [
        14,
        "window"
    ],
    "183": [
        304,
        "decoration"
    ],
    "186": [
        659,
        "floor_lamp"
    ],
    "187": [
        837,
        "bathroom_cabinet"
    ],
    "190": [
        819,
        "soap"
    ],
    "193": [
        853,
        "bin"
    ],
    "203": [
        333,
        "door"
    ],
    "204": [
        416,
        "door_knob"
    ],
    "206": [
        887,
        "pillow"
    ],
    "207": [
        906,
        "bedside_table"
    ],
    "208": [
        597,
        "window"
    ],
    "209": [
        294,
        "pillow"
    ],
    "211": [
        398,
        "liquid_soap"
    ],
    "212": [
        177,
        "tap"
    ],
    "213": [
        156,
        "glass"
    ],
    "214": [
        645,
        "slippers"
    ],
    "217": [
        144,
        "vessel"
    ],
    "219": [
        212,
        "window"
    ],
    "223": [
        281,
        "pillow"
    ],
    "226": [
        806,
        "ceiling_lamp"
    ],
    "227": [
        720,
        "door"
    ],
    "231": [
        736,
        "ceiling_lamp"
    ],
    "232": [
        60,
        "chair"
    ],
    "235": [
        623,
        "tap"
    ],
    "236": [
        700,
        "door_knob"
    ],
    "237": [
        346,
        "picture"
    ],
    "238": [
        65,
        "chair"
    ],
    "241": [
        670,
        "pillow"
    ],
    "243": [
        171,
        "chair"
    ],
    "245": [
        187,
        "chair"
    ],
    "246": [
        69,
        "ceiling_lamp"
    ],
    "247": [
        355,
        "ceiling_lamp"
    ],
    "248": [
        895,
        "door_knob"
    ],
    "250": [
        306,
        "floor_lamp"
    ],
    "251": [
        325,
        "ceiling_lamp"
    ],
    "254": [
        313,
        "ceiling_lamp"
    ],
    "257": [
        94,
        "window"
    ],
    "260": [
        434,
        "wall_lamp"
    ],
    "261": [
        606,
        "music_player"
    ],
    "262": [
        604,
        "pillow"
    ],
    "266": [
        781,
        "wall_lamp"
    ],
    "269": [
        413,
        "door_knob"
    ],
    "270": [
        274,
        "pillow"
    ],
    "272": [
        630,
        "decorative_plant"
    ],
    "275": [
        456,
        "fire_detector"
    ],
    "277": [
        744,
        "door_knob"
    ],
    "278": [
        556,
        "rack"
    ],
    "280": [
        399,
        "cosmetic"
    ],
    "284": [
        433,
        "mirror"
    ],
    "285": [
        892,
        "ceiling_lamp"
    ],
    "286": [
        293,
        "pillow"
    ],
    "287": [
        908,
        "bed"
    ],
    "290": [
        631,
        "decoration"
    ],
    "292": [
        59,
        "chair"
    ],
    "293": [
        317,
        "ceiling_lamp"
    ],
    "294": [
        660,
        "armchair"
    ],
    "295": [
        914,
        "fire_alarm"
    ],
    "297": [
        283,
        "tray"
    ],
    "298": [
        684,
        "ceiling_lamp"
    ],
    "299": [
        458,
        "ceiling_lamp"
    ],
    "300": [
        371,
        "ceiling_lamp"
    ],
    "302": [
        649,
        "mat"
    ],
    "303": [
        272,
        "armchair"
    ],
    "305": [
        827,
        "hanger"
    ],
    "306": [
        904,
        "pillow"
    ],
    "307": [
        429,
        "wash_cabinet"
    ],
    "310": [
        759,
        "fire_detector"
    ],
    "311": [
        750,
        "mirror"
    ],
    "313": [
        37,
        "window"
    ],
    "315": [
        840,
        "wash_cabinet"
    ],
    "317": [
        5,
        "door_knob"
    ],
    "319": [
        778,
        "faucet"
    ],
    "320": [
        555,
        "rack"
    ],
    "323": [
        149,
        "glass"
    ],
    "325": [
        100,
        "tap"
    ],
    "326": [
        425,
        "bath"
    ],
    "327": [
        603,
        "chest"
    ],
    "329": [
        886,
        "pillow"
    ],
    "332": [
        692,
        "door"
    ],
    "333": [
        56,
        "sofa"
    ],
    "334": [
        349,
        "decoration"
    ],
    "335": [
        727,
        "bed"
    ],
    "337": [
        320,
        "ceiling_lamp"
    ],
    "338": [
        766,
        "table_lamp"
    ],
    "339": [
        430,
        "washbasin"
    ],
    "340": [
        64,
        "chair"
    ],
    "343": [
        318,
        "ceiling_lamp"
    ],
    "348": [
        677,
        "ceiling_lamp"
    ],
    "349": [
        658,
        "coffee_table"
    ],
    "350": [
        760,
        "picture"
    ],
    "351": [
        820,
        "cosmetics"
    ],
    "352": [
        184,
        "glass"
    ],
    "353": [
        222,
        "fireplace"
    ],
    "357": [
        900,
        "window"
    ],
    "358": [
        445,
        "shower_bar"
    ],
    "359": [
        921,
        "armchair"
    ],
    "360": [
        162,
        "decorative_plant"
    ],
    "362": [
        876,
        "door_knob"
    ],
    "363": [
        51,
        "wood"
    ],
    "364": [
        842,
        "faucet"
    ],
    "366": [
        232,
        "tv"
    ],
    "367": [
        4,
        "door"
    ],
    "368": [
        752,
        "decoration"
    ],
    "369": [
        888,
        "pillow"
    ],
    "371": [
        621,
        "fridge"
    ],
    "372": [
        882,
        "floor_lamp"
    ],
    "373": [
        728,
        "pillow"
    ],
    "374": [
        54,
        "table"
    ],
    "375": [
        859,
        "ceiling_lamp"
    ],
    "377": [
        297,
        "decoration"
    ],
    "378": [
        507,
        "sheet"
    ],
    "380": [
        546,
        "cabinet"
    ],
    "382": [
        557,
        "rack"
    ],
    "383": [
        123,
        "window"
    ],
    "384": [
        644,
        "pillow"
    ],
    "387": [
        885,
        "pillow"
    ],
    "389": [
        26,
        "window"
    ],
    "390": [
        119,
        "window"
    ],
    "392": [
        668,
        "pillow"
    ],
    "393": [
        300,
        "pillow"
    ],
    "395": [
        854,
        "toilet_brush"
    ],
    "396": [
        70,
        "ceiling_lamp"
    ],
    "399": [
        641,
        "device"
    ],
    "401": [
        45,
        "window"
    ],
    "403": [
        98,
        "kitchen_sink_cabinet"
    ],
    "404": [
        195,
        "ceiling_lamp"
    ],
    "406": [
        43,
        "window"
    ],
    "407": [
        10,
        "window"
    ],
    "408": [
        894,
        "door"
    ],
    "409": [
        536,
        "window"
    ],
    "413": [
        159,
        "tray"
    ],
    "416": [
        767,
        "bedside_cabinet"
    ],
    "417": [
        834,
        "washbasin"
    ],
    "418": [
        124,
        "cabinet"
    ],
    "419": [
        53,
        "lounger"
    ],
    "420": [
        99,
        "sink"
    ],
    "421": [
        412,
        "door_knob"
    ],
    "422": [
        694,
        "door_knob"
    ],
    "426": [
        833,
        "wash_cabinet"
    ],
    "429": [
        805,
        "shower_dial"
    ],
    "430": [
        142,
        "cabinet"
    ],
    "431": [
        497,
        "bed"
    ],
    "434": [
        671,
        "blanket"
    ],
    "435": [
        249,
        "window"
    ],
    "438": [
        769,
        "ceiling_lamp"
    ],
    "441": [
        768,
        "table_lamp"
    ],
    "442": [
        39,
        "window"
    ],
    "446": [
        542,
        "desk"
    ],
    "447": [
        251,
        "door"
    ],
    "448": [
        518,
        "blanket"
    ],
    "449": [
        733,
        "pillow"
    ],
    "453": [
        199,
        "fire_detector"
    ],
    "454": [
        655,
        "chest"
    ],
    "455": [
        721,
        "door_knob"
    ],
    "456": [
        816,
        "shower_hose"
    ],
    "457": [
        61,
        "chair"
    ],
    "458": [
        213,
        "window"
    ],
    "459": [
        244,
        "sitting_bench"
    ],
    "460": [
        439,
        "shower_shelf"
    ],
    "461": [
        675,
        "pillow"
    ],
    "463": [
        110,
        "chair"
    ],
    "464": [
        397,
        "tray"
    ],
    "466": [
        528,
        "hanger"
    ],
    "467": [
        734,
        "bedside_table"
    ],
    "469": [
        883,
        "decoration"
    ],
    "470": [
        103,
        "kitchen_cabinet"
    ],
    "474": [
        761,
        "bed"
    ],
    "475": [
        711,
        "door"
    ],
    "476": [
        851,
        "toilet"
    ],
    "478": [
        85,
        "kitchen_cabinet"
    ],
    "481": [
        23,
        "door"
    ],
    "482": [
        395,
        "washbasin"
    ],
    "485": [
        204,
        "picture"
    ],
    "487": [
        878,
        "hanger"
    ],
    "488": [
        674,
        "tray"
    ],
    "489": [
        188,
        "chair"
    ],
    "490": [
        275,
        "floor_lamp"
    ],
    "492": [
        273,
        "pillow"
    ],
    "496": [
        848,
        "door"
    ],
    "497": [
        879,
        "fire_detector"
    ],
    "498": [
        140,
        "range_hood"
    ],
    "501": [
        500,
        "pillow"
    ],
    "507": [
        134,
        "vessel"
    ],
    "510": [
        172,
        "ceiling_lamp"
    ],
    "512": [
        55,
        "armchair"
    ],
    "513": [
        411,
        "door"
    ],
    "514": [
        286,
        "vessel"
    ],
    "515": [
        87,
        "cutting_board"
    ],
    "516": [
        835,
        "faucet"
    ],
    "518": [
        97,
        "kitchen_cabinet_lower"
    ],
    "521": [
        168,
        "chair"
    ],
    "523": [
        102,
        "kitchen_cabinet"
    ],
    "526": [
        183,
        "glass"
    ],
    "529": [
        617,
        "pillow"
    ],
    "533": [
        829,
        "mirror"
    ],
    "534": [
        57,
        "table"
    ],
    "535": [
        335,
        "door_knob"
    ],
    "536": [
        891,
        "floor_lamp"
    ],
    "538": [
        909,
        "pillow"
    ],
    "539": [
        186,
        "chair"
    ],
    "540": [
        496,
        "window"
    ],
    "541": [
        236,
        "firewood"
    ],
    "542": [
        252,
        "door_knob"
    ],
    "544": [
        831,
        "hanger"
    ],
    "545": [
        340,
        "door"
    ],
    "547": [
        393,
        "toilet_paper"
    ],
    "548": [
        309,
        "mat"
    ],
    "553": [
        822,
        "shower_shelf"
    ],
    "554": [
        107,
        "clock"
    ],
    "557": [
        625,
        "shelf"
    ],
    "560": [
        863,
        "door"
    ],
    "561": [
        141,
        "picture"
    ],
    "564": [
        743,
        "door_knob"
    ],
    "567": [
        455,
        "mat"
    ],
    "569": [
        312,
        "ceiling_lamp"
    ],
    "570": [
        383,
        "mirror"
    ],
    "571": [
        176,
        "sink"
    ],
    "572": [
        519,
        "floor_lamp"
    ],
    "573": [
        257,
        "picture"
    ],
    "575": [
        730,
        "pillow"
    ],
    "576": [
        843,
        "hanger"
    ],
    "581": [
        348,
        "table"
    ],
    "582": [
        510,
        "mirror"
    ],
    "583": [
        814,
        "shower_dial"
    ],
    "585": [
        153,
        "glass"
    ],
    "586": [
        289,
        "ottoman"
    ],
    "589": [
        89,
        "kitchen_cabinet"
    ],
    "590": [
        838,
        "wall_lamp"
    ],
    "591": [
        298,
        "sofa"
    ],
    "592": [
        269,
        "armchair"
    ],
    "593": [
        147,
        "glass"
    ],
    "594": [
        503,
        "pillow"
    ],
    "596": [
        633,
        "shelf"
    ],
    "601": [
        554,
        "rack"
    ],
    "602": [
        384,
        "wall_lamp"
    ],
    "603": [
        919,
        "carpet"
    ],
    "608": [
        855,
        "toilet_paper"
    ],
    "609": [
        506,
        "pillow"
    ],
    "611": [
        421,
        "hanger"
    ],
    "614": [
        748,
        "window"
    ],
    "618": [
        762,
        "pillow"
    ],
    "619": [
        307,
        "carpet"
    ],
    "620": [
        426,
        "bath_faucet"
    ],
    "623": [
        804,
        "shower_bar"
    ],
    "624": [
        765,
        "bedside_cabinet"
    ],
    "626": [
        880,
        "armchair"
    ],
    "629": [
        920,
        "cosmetic"
    ],
    "631": [
        260,
        "door"
    ],
    "632": [
        905,
        "pillow"
    ],
    "633": [
        158,
        "glass"
    ],
    "634": [
        135,
        "vessel"
    ],
    "636": [
        350,
        "decoration"
    ],
    "637": [
        852,
        "toilet_paper"
    ],
    "639": [
        84,
        "oven"
    ],
    "640": [
        595,
        "window"
    ],
    "641": [
        619,
        "kitchen_cabinet"
    ],
    "642": [
        642,
        "sitting_bench"
    ],
    "643": [
        615,
        "mirror"
    ],
    "644": [
        903,
        "bed"
    ],
    "647": [
        516,
        "armchair"
    ],
    "649": [
        292,
        "pillow"
    ],
    "651": [
        296,
        "table"
    ],
    "654": [
        444,
        "shower_bench"
    ],
    "655": [
        381,
        "air_vent"
    ],
    "656": [
        826,
        "hanger"
    ],
    "657": [
        726,
        "fire_detector"
    ],
    "660": [
        353,
        "chair"
    ],
    "662": [
        19,
        "window"
    ],
    "663": [
        279,
        "armchair"
    ],
    "664": [
        35,
        "window"
    ],
    "665": [
        314,
        "ceiling_lamp"
    ],
    "666": [
        424,
        "window"
    ],
    "668": [
        547,
        "hanger"
    ],
    "673": [
        197,
        "ceiling_lamp"
    ],
    "676": [
        308,
        "sitting_bench"
    ],
    "677": [
        386,
        "door"
    ],
    "678": [
        634,
        "decorative_plant"
    ],
    "680": [
        323,
        "ceiling_lamp"
    ],
    "681": [
        656,
        "ottoman"
    ],
    "682": [
        650,
        "fire_detector"
    ],
    "683": [
        173,
        "decoration"
    ],
    "685": [
        311,
        "ceiling_lamp"
    ],
    "686": [
        808,
        "door"
    ],
    "687": [
        404,
        "door"
    ],
    "688": [
        861,
        "door_knob"
    ],
    "689": [
        268,
        "floor_lamp"
    ],
    "690": [
        303,
        "table"
    ],
    "691": [
        278,
        "pillow"
    ],
    "695": [
        52,
        "lounger"
    ],
    "696": [
        287,
        "ottoman"
    ],
    "697": [
        509,
        "table_lamp"
    ],
    "698": [
        776,
        "wash_cabinet"
    ],
    "702": [
        239,
        "mirror"
    ],
    "704": [
        93,
        "window"
    ],
    "705": [
        235,
        "firewood"
    ],
    "708": [
        626,
        "mirror"
    ],
    "710": [
        729,
        "pillow"
    ],
    "711": [
        911,
        "picture"
    ],
    "712": [
        324,
        "ceiling_lamp"
    ],
    "713": [
        189,
        "air_vent"
    ],
    "714": [
        331,
        "door"
    ],
    "715": [
        735,
        "decoration"
    ],
    "716": [
        246,
        "rack"
    ],
    "717": [
        501,
        "pillow"
    ],
    "719": [
        602,
        "window"
    ],
    "720": [
        676,
        "pillow"
    ],
    "721": [
        394,
        "wash_cabinet"
    ],
    "722": [
        558,
        "ceiling_door"
    ],
    "723": [
        166,
        "chair"
    ],
    "724": [
        622,
        "sink"
    ],
    "725": [
        527,
        "hanger"
    ],
    "729": [
        322,
        "ceiling_lamp"
    ],
    "730": [
        205,
        "picture"
    ],
    "731": [
        291,
        "blanket"
    ],
    "732": [
        818,
        "shower_shelf"
    ],
    "733": [
        190,
        "ceiling_lamp"
    ],
    "734": [
        917,
        "door_knob"
    ],
    "736": [
        155,
        "glass"
    ],
    "739": [
        836,
        "bathroom_cabinet"
    ],
    "741": [
        373,
        "fire_detector"
    ],
    "742": [
        502,
        "pillow"
    ],
    "743": [
        130,
        "door_knob"
    ],
    "744": [
        780,
        "mirror"
    ],
    "746": [
        216,
        "window"
    ],
    "748": [
        302,
        "pillow"
    ],
    "749": [
        588,
        "mirror"
    ],
    "750": [
        575,
        "ceiling_lamp"
    ],
    "751": [
        792,
        "air_vent"
    ],
    "752": [
        796,
        "toilet_paper"
    ],
    "753": [
        553,
        "rack"
    ],
    "754": [
        912,
        "picture"
    ],
    "755": [
        431,
        "washbasin"
    ],
    "759": [
        229,
        "firewood"
    ],
    "761": [
        457,
        "fire_detector"
    ],
    "762": [
        787,
        "toilet_paper"
    ],
    "764": [
        238,
        "fireplace_utensil"
    ],
    "767": [
        233,
        "decoration"
    ],
    "769": [
        290,
        "sofa"
    ],
    "770": [
        143,
        "vessel"
    ],
    "771": [
        571,
        "window"
    ],
    "772": [
        907,
        "bell"
    ],
    "774": [
        610,
        "hearth"
    ],
    "776": [
        240,
        "chest"
    ],
    "777": [
        280,
        "pillow"
    ],
    "778": [
        270,
        "pillow"
    ],
    "779": [
        427,
        "bath_side_table"
    ],
    "780": [
        514,
        "table_lamp"
    ],
    "781": [
        476,
        "wall_lamp"
    ],
    "782": [
        170,
        "chair"
    ],
    "783": [
        508,
        "bedside_table"
    ],
    "784": [
        347,
        "fur_carpet"
    ],
    "785": [
        870,
        "window"
    ],
    "788": [
        169,
        "chair"
    ],
    "789": [
        407,
        "door_knob"
    ],
    "790": [
        178,
        "tray"
    ],
    "791": [
        552,
        "rack"
    ],
    "793": [
        12,
        "window"
    ],
    "794": [
        167,
        "chair"
    ],
    "795": [
        440,
        "cosmetics"
    ],
    "797": [
        786,
        "toilet"
    ],
    "801": [
        757,
        "door"
    ],
    "803": [
        541,
        "basket"
    ],
    "805": [
        813,
        "shower_bar"
    ],
    "807": [
        717,
        "window"
    ],
    "808": [
        271,
        "pillow"
    ],
    "809": [
        751,
        "cabinet"
    ],
    "811": [
        611,
        "hearth"
    ],
    "815": [
        884,
        "bed"
    ],
    "816": [
        221,
        "door"
    ],
    "818": [
        406,
        "door"
    ],
    "819": [
        609,
        "fireplace"
    ],
    "821": [
        446,
        "shower_dial"
    ],
    "822": [
        62,
        "chair"
    ],
    "823": [
        58,
        "chair"
    ],
    "824": [
        624,
        "shelf"
    ],
    "826": [
        590,
        "window"
    ],
    "828": [
        470,
        "toilet_paper"
    ],
    "832": [
        563,
        "window"
    ],
    "835": [
        525,
        "ceiling_lamp"
    ],
    "837": [
        797,
        "shower_step"
    ],
    "839": [
        758,
        "door_knob"
    ],
    "841": [
        504,
        "pillow"
    ],
    "842": [
        841,
        "washbasin"
    ],
    "843": [
        133,
        "kitchen_cabinet"
    ],
    "844": [
        326,
        "chair"
    ],
    "848": [
        129,
        "door"
    ],
    "849": [
        131,
        "door_knob"
    ],
    "853": [
        745,
        "door"
    ],
    "854": [
        454,
        "decoration"
    ],
    "856": [
        627,
        "shelf"
    ],
    "857": [
        511,
        "decoration"
    ],
    "861": [
        392,
        "toilet"
    ],
    "864": [
        72,
        "ceiling_lamp"
    ],
    "865": [
        517,
        "pillow"
    ],
    "867": [
        344,
        "picture"
    ],
    "868": [
        910,
        "pillow"
    ],
    "869": [
        21,
        "window"
    ],
    "877": [
        41,
        "window"
    ],
    "878": [
        198,
        "ceiling_lamp"
    ],
    "883": [
        890,
        "chest"
    ],
    "884": [
        706,
        "fire_detector"
    ],
    "885": [
        104,
        "kitchen_cabinet_lower"
    ],
    "886": [
        163,
        "table"
    ],
    "891": [
        731,
        "pillow"
    ],
    "893": [
        667,
        "pillow"
    ],
    "895": [
        175,
        "kitchen_island"
    ],
    "901": [
        708,
        "ceiling_lamp"
    ],
    "902": [
        913,
        "ceiling_lamp"
    ],
    "905": [
        165,
        "chair"
    ],
    "906": [
        777,
        "washbasin"
    ],
    "913": [
        90,
        "kitchen_cabinet"
    ],
    "914": [
        551,
        "rack"
    ],
    "915": [
        468,
        "toilet"
    ],
    "917": [
        334,
        "door_knob"
    ],
    "920": [
        299,
        "pillow"
    ]
}