{
    "1": [
        20,
        "picture"
    ],
    "2": [
        677,
        "pillow"
    ],
    "4": [
        1588,
        "can_of_paint"
    ],
    "7": [
        1491,
        "basket_of_something"
    ],
    "8": [
        1576,
        "can"
    ],
    "9": [
        1008,
        "pillow"
    ],
    "10": [
        319,
        "picture"
    ],
    "11": [
        1335,
        "book"
    ],
    "12": [
        994,
        "decoration"
    ],
    "13": [
        1475,
        "pipe"
    ],
    "15": [
        1367,
        "book"
    ],
    "16": [
        1432,
        "bucket"
    ],
    "17": [
        551,
        "board"
    ],
    "18": [
        1260,
        "picture"
    ],
    "20": [
        513,
        "plush_toy"
    ],
    "21": [
        1373,
        "book"
    ],
    "22": [
        168,
        "box"
    ],
    "23": [
        1027,
        "curtain"
    ],
    "24": [
        1005,
        "table"
    ],
    "27": [
        167,
        "cabinet"
    ],
    "28": [
        1405,
        "shoe"
    ],
    "29": [
        87,
        "desk_chair"
    ],
    "31": [
        579,
        "book"
    ],
    "32": [
        998,
        "bag"
    ],
    "33": [
        282,
        "decoration"
    ],
    "34": [
        799,
        "dining_chair"
    ],
    "35": [
        1011,
        "pillow"
    ],
    "36": [
        794,
        "flowerpot"
    ],
    "39": [
        563,
        "lamp"
    ],
    "40": [
        1271,
        "desk"
    ],
    "42": [
        1196,
        "book_rack"
    ],
    "43": [
        1321,
        "paper"
    ],
    "44": [
        338,
        "decoration"
    ],
    "45": [
        1422,
        "box"
    ],
    "46": [
        387,
        "toilet"
    ],
    "47": [
        967,
        "window"
    ],
    "48": [
        1014,
        "pillow"
    ],
    "49": [
        1571,
        "shelf"
    ],
    "51": [
        923,
        "towel"
    ],
    "52": [
        1303,
        "binder"
    ],
    "53": [
        1062,
        "rug"
    ],
    "54": [
        1358,
        "book"
    ],
    "56": [
        1072,
        "sculpture"
    ],
    "57": [
        173,
        "book"
    ],
    "58": [
        230,
        "curtain"
    ],
    "59": [
        706,
        "board"
    ],
    "61": [
        656,
        "cardboard_box"
    ],
    "62": [
        147,
        "mirror"
    ],
    "63": [
        207,
        "tissue_box"
    ],
    "64": [
        45,
        "book"
    ],
    "67": [
        907,
        "vase"
    ],
    "70": [
        1111,
        "decoration"
    ],
    "73": [
        1273,
        "desk_chair"
    ],
    "74": [
        1427,
        "pipe"
    ],
    "75": [
        287,
        "ladder"
    ],
    "76": [
        992,
        "decoration"
    ],
    "78": [
        1355,
        "book"
    ],
    "79": [
        229,
        "robe"
    ],
    "80": [
        560,
        "desk"
    ],
    "81": [
        241,
        "curtain"
    ],
    "83": [
        885,
        "box"
    ],
    "84": [
        1254,
        "box"
    ],
    "85": [
        533,
        "picture"
    ],
    "86": [
        1222,
        "book"
    ],
    "87": [
        1546,
        "platform"
    ],
    "89": [
        1200,
        "picture"
    ],
    "91": [
        477,
        "box"
    ],
    "92": [
        1167,
        "pillow"
    ],
    "93": [
        710,
        "speaker"
    ],
    "94": [
        461,
        "robe"
    ],
    "95": [
        534,
        "picture"
    ],
    "96": [
        1490,
        "refrigerator"
    ],
    "97": [
        407,
        "mirror"
    ],
    "98": [
        880,
        "kitchen_counter"
    ],
    "99": [
        378,
        "pillow"
    ],
    "100": [
        462,
        "table"
    ],
    "102": [
        1162,
        "chair"
    ],
    "103": [
        59,
        "book"
    ],
    "107": [
        783,
        "flower_vase"
    ],
    "108": [
        1575,
        "can"
    ],
    "109": [
        977,
        "box"
    ],
    "110": [
        148,
        "door"
    ],
    "112": [
        203,
        "mirror"
    ],
    "113": [
        1617,
        "box"
    ],
    "114": [
        971,
        "curtain"
    ],
    "115": [
        768,
        "decoration"
    ],
    "116": [
        108,
        "cabinet"
    ],
    "117": [
        565,
        "picture"
    ],
    "118": [
        874,
        "kitchen_cabinet"
    ],
    "119": [
        869,
        "wall_clock"
    ],
    "121": [
        1372,
        "book"
    ],
    "122": [
        1638,
        "board"
    ],
    "124": [
        224,
        "bag"
    ],
    "127": [
        123,
        "wall_lamp"
    ],
    "128": [
        575,
        "book"
    ],
    "129": [
        422,
        "mirror"
    ],
    "130": [
        244,
        "box"
    ],
    "131": [
        498,
        "bed"
    ],
    "132": [
        62,
        "picture"
    ],
    "133": [
        1348,
        "book"
    ],
    "134": [
        37,
        "window"
    ],
    "135": [
        1293,
        "box"
    ],
    "136": [
        1444,
        "box"
    ],
    "138": [
        154,
        "lamp"
    ],
    "139": [
        663,
        "picture"
    ],
    "140": [
        214,
        "bathroom_accessory"
    ],
    "141": [
        713,
        "cabinet"
    ],
    "142": [
        1288,
        "box"
    ],
    "143": [
        1158,
        "lamp"
    ],
    "145": [
        1591,
        "can_of_paint"
    ],
    "149": [
        1240,
        "box"
    ],
    "150": [
        231,
        "clothes"
    ],
    "152": [
        868,
        "picture"
    ],
    "153": [
        1377,
        "book"
    ],
    "154": [
        1000,
        "box"
    ],
    "155": [
        1046,
        "sculpture"
    ],
    "156": [
        417,
        "box"
    ],
    "158": [
        118,
        "board"
    ],
    "159": [
        170,
        "cabinet"
    ],
    "160": [
        1224,
        "book"
    ],
    "161": [
        1577,
        "can"
    ],
    "162": [
        1415,
        "can"
    ],
    "163": [
        805,
        "picture"
    ],
    "164": [
        1471,
        "basket"
    ],
    "165": [
        617,
        "bed"
    ],
    "166": [
        752,
        "electric_box"
    ],
    "171": [
        1614,
        "bag"
    ],
    "172": [
        758,
        "painting"
    ],
    "173": [
        452,
        "window"
    ],
    "174": [
        913,
        "glass"
    ],
    "175": [
        591,
        "box"
    ],
    "176": [
        1420,
        "can"
    ],
    "177": [
        884,
        "tap"
    ],
    "179": [
        155,
        "tissue_box"
    ],
    "180": [
        1623,
        "jar"
    ],
    "181": [
        607,
        "window"
    ],
    "182": [
        213,
        "bathroom_accessory"
    ],
    "183": [
        630,
        "board"
    ],
    "184": [
        85,
        "curtain"
    ],
    "185": [
        1219,
        "book"
    ],
    "186": [
        1402,
        "shoe"
    ],
    "187": [
        681,
        "lamp"
    ],
    "188": [
        939,
        "tray"
    ],
    "189": [
        1324,
        "box"
    ],
    "191": [
        278,
        "picture"
    ],
    "192": [
        1266,
        "picture"
    ],
    "193": [
        870,
        "refrigerator"
    ],
    "194": [
        685,
        "box"
    ],
    "195": [
        891,
        "shelf"
    ],
    "196": [
        1426,
        "pipe"
    ],
    "197": [
        1397,
        "shelf"
    ],
    "198": [
        1060,
        "book"
    ],
    "199": [
        483,
        "decoration"
    ],
    "201": [
        890,
        "appliance"
    ],
    "205": [
        949,
        "appliance"
    ],
    "207": [
        1586,
        "bottle_of_detergent"
    ],
    "208": [
        892,
        "microwave"
    ],
    "209": [
        486,
        "box"
    ],
    "210": [
        1439,
        "box"
    ],
    "212": [
        21,
        "cabinet"
    ],
    "213": [
        1598,
        "bucket"
    ],
    "214": [
        1526,
        "pipe"
    ],
    "215": [
        887,
        "kettle"
    ],
    "216": [
        1338,
        "book"
    ],
    "217": [
        1272,
        "rug"
    ],
    "218": [
        1169,
        "desk"
    ],
    "219": [
        1589,
        "can_of_paint"
    ],
    "221": [
        1319,
        "case"
    ],
    "222": [
        1545,
        "bag"
    ],
    "223": [
        26,
        "window"
    ],
    "225": [
        93,
        "screen"
    ],
    "226": [
        212,
        "bathroom_accessory"
    ],
    "227": [
        1520,
        "blanket"
    ],
    "228": [
        562,
        "trashcan"
    ],
    "229": [
        980,
        "rocking_chair"
    ],
    "231": [
        516,
        "plush_toy"
    ],
    "232": [
        872,
        "kitchen_cabinet"
    ],
    "233": [
        888,
        "kettle"
    ],
    "236": [
        725,
        "heater"
    ],
    "237": [
        1006,
        "vase"
    ],
    "239": [
        879,
        "dishwasher"
    ],
    "240": [
        785,
        "decoration"
    ],
    "241": [
        91,
        "table"
    ],
    "243": [
        964,
        "ceiling_lamp"
    ],
    "244": [
        708,
        "picture"
    ],
    "245": [
        1351,
        "book"
    ],
    "246": [
        90,
        "chair"
    ],
    "247": [
        107,
        "box"
    ],
    "248": [
        1032,
        "picture"
    ],
    "249": [
        691,
        "picture"
    ],
    "250": [
        1574,
        "box"
    ],
    "252": [
        764,
        "flowerpot"
    ],
    "253": [
        769,
        "decoration"
    ],
    "254": [
        702,
        "curtain_bar"
    ],
    "255": [
        771,
        "door"
    ],
    "256": [
        1206,
        "book"
    ],
    "257": [
        814,
        "sculpture"
    ],
    "258": [
        105,
        "picture"
    ],
    "259": [
        117,
        "box"
    ],
    "260": [
        245,
        "bag"
    ],
    "261": [
        1363,
        "book"
    ],
    "262": [
        1173,
        "paper"
    ],
    "263": [
        795,
        "dining_chair"
    ],
    "264": [
        1556,
        "box"
    ],
    "265": [
        952,
        "bottle"
    ],
    "266": [
        211,
        "bathroom_accessory"
    ],
    "267": [
        425,
        "appliance"
    ],
    "268": [
        413,
        "basket"
    ],
    "269": [
        1481,
        "electric_box"
    ],
    "270": [
        1359,
        "book"
    ],
    "273": [
        1610,
        "broom"
    ],
    "274": [
        1537,
        "door"
    ],
    "275": [
        382,
        "toilet_paper"
    ],
    "277": [
        232,
        "rack"
    ],
    "278": [
        953,
        "bottle"
    ],
    "282": [
        259,
        "door"
    ],
    "283": [
        981,
        "couch"
    ],
    "284": [
        800,
        "dining_chair"
    ],
    "285": [
        759,
        "heater"
    ],
    "286": [
        537,
        "picture"
    ],
    "288": [
        472,
        "door"
    ],
    "290": [
        1316,
        "cardboard_box"
    ],
    "295": [
        813,
        "lamp"
    ],
    "296": [
        323,
        "picture"
    ],
    "297": [
        905,
        "decoration"
    ],
    "298": [
        450,
        "fireplace"
    ],
    "300": [
        866,
        "picture"
    ],
    "302": [
        1514,
        "can"
    ],
    "303": [
        1517,
        "bag"
    ],
    "305": [
        217,
        "lamp"
    ],
    "306": [
        1668,
        "box"
    ],
    "307": [
        946,
        "pan"
    ],
    "308": [
        427,
        "towel"
    ],
    "309": [
        995,
        "decoration"
    ],
    "312": [
        1178,
        "picture"
    ],
    "313": [
        150,
        "bed"
    ],
    "314": [
        1002,
        "lamp"
    ],
    "315": [
        1437,
        "boiler"
    ],
    "316": [
        1195,
        "decoration"
    ],
    "318": [
        631,
        "picture"
    ],
    "319": [
        638,
        "book"
    ],
    "320": [
        1570,
        "shelf"
    ],
    "322": [
        1547,
        "basket"
    ],
    "326": [
        1041,
        "decoration"
    ],
    "327": [
        865,
        "picture"
    ],
    "328": [
        1542,
        "decoration"
    ],
    "329": [
        327,
        "appliance"
    ],
    "330": [
        1275,
        "desk"
    ],
    "331": [
        1601,
        "box"
    ],
    "333": [
        1148,
        "picture"
    ],
    "335": [
        1508,
        "wood"
    ],
    "337": [
        1541,
        "decoration"
    ],
    "338": [
        1549,
        "bag"
    ],
    "339": [
        56,
        "book"
    ],
    "342": [
        1208,
        "book"
    ],
    "343": [
        1007,
        "pillow"
    ],
    "344": [
        662,
        "appliance"
    ],
    "345": [
        973,
        "shelf"
    ],
    "346": [
        1193,
        "decoration"
    ],
    "348": [
        63,
        "decoration"
    ],
    "351": [
        1660,
        "bag"
    ],
    "352": [
        1174,
        "painting"
    ],
    "353": [
        1512,
        "basket_of_something"
    ],
    "355": [
        1649,
        "hook"
    ],
    "356": [
        718,
        "desk_chair"
    ],
    "357": [
        335,
        "hat"
    ],
    "358": [
        926,
        "dining_chair"
    ],
    "359": [
        1066,
        "picture"
    ],
    "360": [
        1624,
        "jar"
    ],
    "361": [
        1425,
        "pipe"
    ],
    "364": [
        18,
        "lamp"
    ],
    "365": [
        897,
        "pipe"
    ],
    "366": [
        676,
        "bed"
    ],
    "368": [
        80,
        "door"
    ],
    "370": [
        937,
        "decoration"
    ],
    "372": [
        1049,
        "box"
    ],
    "373": [
        1180,
        "decoration"
    ],
    "374": [
        535,
        "picture"
    ],
    "375": [
        121,
        "bag"
    ],
    "376": [
        930,
        "bag"
    ],
    "378": [
        1561,
        "platform"
    ],
    "380": [
        1371,
        "book"
    ],
    "381": [
        23,
        "curtain"
    ],
    "382": [
        415,
        "desk"
    ],
    "384": [
        1435,
        "ladder"
    ],
    "387": [
        940,
        "teapot"
    ],
    "388": [
        182,
        "window"
    ],
    "389": [
        1511,
        "wood"
    ],
    "391": [
        228,
        "robe"
    ],
    "394": [
        716,
        "picture"
    ],
    "395": [
        1501,
        "wood"
    ],
    "396": [
        1662,
        "cabinet"
    ],
    "397": [
        644,
        "box"
    ],
    "398": [
        1203,
        "picture"
    ],
    "399": [
        1289,
        "binder"
    ],
    "401": [
        950,
        "handle"
    ],
    "403": [
        1163,
        "table"
    ],
    "404": [
        420,
        "bathroom_cabinet"
    ],
    "405": [
        512,
        "decoration"
    ],
    "406": [
        1436,
        "box"
    ],
    "407": [
        1278,
        "magazine"
    ],
    "408": [
        1252,
        "box"
    ],
    "409": [
        1057,
        "book"
    ],
    "410": [
        157,
        "cabinet"
    ],
    "411": [
        1496,
        "cover"
    ],
    "412": [
        1460,
        "box"
    ],
    "414": [
        317,
        "picture"
    ],
    "415": [
        370,
        "box"
    ],
    "417": [
        258,
        "shower_bar"
    ],
    "418": [
        862,
        "heater"
    ],
    "419": [
        802,
        "dining_chair"
    ],
    "420": [
        307,
        "decoration"
    ],
    "421": [
        434,
        "shower_cabin"
    ],
    "422": [
        790,
        "table"
    ],
    "423": [
        911,
        "glass"
    ],
    "424": [
        1055,
        "rug"
    ],
    "425": [
        84,
        "window"
    ],
    "427": [
        1179,
        "decoration"
    ],
    "428": [
        439,
        "hanger"
    ],
    "429": [
        1461,
        "pouffe"
    ],
    "430": [
        1655,
        "folder"
    ],
    "431": [
        253,
        "stand"
    ],
    "432": [
        1434,
        "vacuum_cleaner"
    ],
    "433": [
        1155,
        "box"
    ],
    "435": [
        1216,
        "book"
    ],
    "436": [
        990,
        "vase"
    ],
    "437": [
        1347,
        "book"
    ],
    "438": [
        1536,
        "door"
    ],
    "439": [
        1277,
        "painting"
    ],
    "440": [
        932,
        "decoration"
    ],
    "441": [
        161,
        "decoration"
    ],
    "442": [
        860,
        "window"
    ],
    "444": [
        561,
        "desk_chair"
    ],
    "445": [
        177,
        "lamp"
    ],
    "446": [
        645,
        "book"
    ],
    "447": [
        661,
        "printer"
    ],
    "448": [
        1021,
        "heater"
    ],
    "451": [
        1322,
        "picture"
    ],
    "454": [
        1357,
        "book"
    ],
    "455": [
        779,
        "painting"
    ],
    "458": [
        1632,
        "drawer"
    ],
    "459": [
        1510,
        "wood"
    ],
    "460": [
        320,
        "picture"
    ],
    "462": [
        1083,
        "curtain"
    ],
    "464": [
        596,
        "picture"
    ],
    "467": [
        331,
        "cabinet"
    ],
    "468": [
        1160,
        "chair"
    ],
    "469": [
        16,
        "chair"
    ],
    "471": [
        1168,
        "pillow"
    ],
    "472": [
        899,
        "box"
    ],
    "473": [
        1202,
        "picture"
    ],
    "474": [
        1143,
        "door"
    ],
    "475": [
        46,
        "book"
    ],
    "476": [
        792,
        "box"
    ],
    "477": [
        1448,
        "box"
    ],
    "478": [
        1622,
        "jar"
    ],
    "479": [
        1059,
        "book"
    ],
    "480": [
        1076,
        "door"
    ],
    "482": [
        1234,
        "decoration"
    ],
    "483": [
        988,
        "chest"
    ],
    "484": [
        1503,
        "box"
    ],
    "487": [
        1690,
        "box"
    ],
    "488": [
        1326,
        "picture"
    ],
    "489": [
        787,
        "heater"
    ],
    "490": [
        1318,
        "case"
    ],
    "491": [
        1043,
        "bottle"
    ],
    "492": [
        705,
        "door"
    ],
    "493": [
        1095,
        "alarm"
    ],
    "495": [
        1400,
        "shoe"
    ],
    "496": [
        917,
        "kitchen_decoration"
    ],
    "497": [
        1465,
        "lamp"
    ],
    "498": [
        1068,
        "lamp"
    ],
    "500": [
        428,
        "towel"
    ],
    "501": [
        514,
        "plush_toy"
    ],
    "502": [
        497,
        "guitar"
    ],
    "503": [
        666,
        "appliance"
    ],
    "504": [
        179,
        "picture"
    ],
    "505": [
        414,
        "scale"
    ],
    "506": [
        1664,
        "box"
    ],
    "507": [
        641,
        "box"
    ],
    "508": [
        901,
        "picture"
    ],
    "509": [
        1554,
        "flowerpot"
    ],
    "510": [
        435,
        "shampoo"
    ],
    "511": [
        634,
        "pillow"
    ],
    "512": [
        618,
        "cabinet"
    ],
    "513": [
        640,
        "box"
    ],
    "514": [
        776,
        "picture"
    ],
    "515": [
        916,
        "kitchen_decoration"
    ],
    "517": [
        550,
        "chandelier"
    ],
    "518": [
        650,
        "box"
    ],
    "519": [
        322,
        "picture"
    ],
    "520": [
        635,
        "pillow"
    ],
    "521": [
        1300,
        "box"
    ],
    "522": [
        13,
        "chest"
    ],
    "523": [
        1230,
        "book"
    ],
    "525": [
        1364,
        "book"
    ],
    "526": [
        466,
        "curtain"
    ],
    "529": [
        1450,
        "box"
    ],
    "530": [
        895,
        "stool"
    ],
    "531": [
        1188,
        "fireplace"
    ],
    "532": [
        623,
        "desk"
    ],
    "534": [
        1149,
        "picture"
    ],
    "535": [
        698,
        "guitar"
    ],
    "536": [
        1194,
        "basket"
    ],
    "538": [
        496,
        "decoration"
    ],
    "539": [
        1555,
        "flowerpot"
    ],
    "541": [
        1593,
        "bag"
    ],
    "542": [
        1069,
        "sculpture"
    ],
    "545": [
        246,
        "clothes"
    ],
    "548": [
        1130,
        "curtain"
    ],
    "549": [
        875,
        "kitchen_cabinet"
    ],
    "550": [
        1621,
        "jar"
    ],
    "551": [
        660,
        "dresser"
    ],
    "552": [
        114,
        "telephone"
    ],
    "553": [
        342,
        "flower_vase"
    ],
    "554": [
        742,
        "decoration"
    ],
    "555": [
        1442,
        "box"
    ],
    "556": [
        1136,
        "curtain"
    ],
    "557": [
        610,
        "curtain"
    ],
    "559": [
        227,
        "clothes"
    ],
    "560": [
        1462,
        "box"
    ],
    "561": [
        1102,
        "toilet"
    ],
    "563": [
        619,
        "rack"
    ],
    "564": [
        1310,
        "box"
    ],
    "565": [
        204,
        "shelf"
    ],
    "566": [
        1333,
        "paper"
    ],
    "568": [
        473,
        "picture"
    ],
    "569": [
        933,
        "picture"
    ],
    "572": [
        1280,
        "curtain"
    ],
    "573": [
        1297,
        "box"
    ],
    "574": [
        1401,
        "shoe"
    ],
    "575": [
        825,
        "bin"
    ],
    "576": [
        1416,
        "can"
    ],
    "577": [
        1323,
        "picture"
    ],
    "578": [
        975,
        "lamp"
    ],
    "579": [
        1370,
        "book"
    ],
    "580": [
        1578,
        "can"
    ],
    "581": [
        767,
        "appliance"
    ],
    "585": [
        404,
        "curtain"
    ],
    "586": [
        487,
        "cardboard_box"
    ],
    "587": [
        146,
        "picture"
    ],
    "588": [
        1540,
        "wood"
    ],
    "589": [
        1486,
        "laundry_machine"
    ],
    "590": [
        1406,
        "shoe"
    ],
    "591": [
        507,
        "book"
    ],
    "592": [
        709,
        "rack"
    ],
    "593": [
        1633,
        "box"
    ],
    "594": [
        341,
        "decoration"
    ],
    "595": [
        112,
        "book"
    ],
    "596": [
        929,
        "dining_chair"
    ],
    "597": [
        898,
        "box"
    ],
    "598": [
        226,
        "clothes"
    ],
    "599": [
        976,
        "flowerpot"
    ],
    "601": [
        1404,
        "shoe"
    ],
    "602": [
        997,
        "bag"
    ],
    "604": [
        1645,
        "box"
    ],
    "606": [
        432,
        "tap"
    ],
    "607": [
        1518,
        "can"
    ],
    "608": [
        1418,
        "can"
    ],
    "609": [
        324,
        "decoration"
    ],
    "610": [
        28,
        "pillow"
    ],
    "614": [
        1607,
        "bottle"
    ],
    "615": [
        943,
        "pot"
    ],
    "616": [
        1325,
        "book"
    ],
    "619": [
        220,
        "wardrobe"
    ],
    "621": [
        894,
        "dining_chair"
    ],
    "622": [
        1038,
        "painting"
    ],
    "623": [
        510,
        "book"
    ],
    "624": [
        1487,
        "laundry_machine"
    ],
    "625": [
        1417,
        "can"
    ],
    "626": [
        1226,
        "book"
    ],
    "627": [
        1445,
        "box"
    ],
    "628": [
        678,
        "pillow"
    ],
    "629": [
        346,
        "appliance"
    ],
    "630": [
        1161,
        "chair"
    ],
    "632": [
        1603,
        "box"
    ],
    "634": [
        460,
        "door"
    ],
    "635": [
        573,
        "toy"
    ],
    "638": [
        339,
        "decoration"
    ],
    "639": [
        202,
        "sink"
    ],
    "640": [
        1419,
        "can"
    ],
    "641": [
        316,
        "picture"
    ],
    "642": [
        484,
        "decoration"
    ],
    "643": [
        605,
        "ceiling_lamp"
    ],
    "645": [
        1312,
        "bag"
    ],
    "646": [
        485,
        "decoration"
    ],
    "647": [
        1009,
        "pillow"
    ],
    "649": [
        249,
        "clothes"
    ],
    "652": [
        1295,
        "binder"
    ],
    "653": [
        1003,
        "lamp"
    ],
    "654": [
        411,
        "trashcan"
    ],
    "655": [
        1579,
        "can"
    ],
    "656": [
        201,
        "bathroom_cabinet"
    ],
    "658": [
        1600,
        "cabinet"
    ],
    "660": [
        1365,
        "book"
    ],
    "661": [
        1470,
        "door"
    ],
    "662": [
        728,
        "book_rack"
    ],
    "663": [
        169,
        "box"
    ],
    "664": [
        1366,
        "book"
    ],
    "667": [
        1615,
        "tool_box"
    ],
    "671": [
        35,
        "heater"
    ],
    "672": [
        250,
        "bag"
    ],
    "674": [
        345,
        "decoration"
    ],
    "675": [
        222,
        "curtain"
    ],
    "676": [
        791,
        "bowl"
    ],
    "677": [
        1331,
        "box"
    ],
    "678": [
        1026,
        "curtain"
    ],
    "679": [
        680,
        "box"
    ],
    "680": [
        1309,
        "box"
    ],
    "681": [
        55,
        "book"
    ],
    "684": [
        578,
        "book"
    ],
    "685": [
        1129,
        "curtain"
    ],
    "686": [
        1264,
        "picture"
    ],
    "687": [
        436,
        "shampoo"
    ],
    "688": [
        205,
        "shelf"
    ],
    "689": [
        1343,
        "book"
    ],
    "690": [
        873,
        "kitchen_cabinet"
    ],
    "692": [
        974,
        "cabinet"
    ],
    "694": [
        1305,
        "paper"
    ],
    "696": [
        41,
        "book"
    ],
    "697": [
        1016,
        "pillow"
    ],
    "698": [
        690,
        "picture"
    ],
    "699": [
        49,
        "book"
    ],
    "702": [
        1232,
        "book"
    ],
    "703": [
        401,
        "cabinet"
    ],
    "705": [
        864,
        "picture"
    ],
    "706": [
        569,
        "decoration"
    ],
    "707": [
        712,
        "board"
    ],
    "709": [
        380,
        "painting"
    ],
    "710": [
        142,
        "picture"
    ],
    "711": [
        1459,
        "cover"
    ],
    "712": [
        1053,
        "pouffe"
    ],
    "713": [
        1453,
        "box"
    ],
    "714": [
        902,
        "shelf"
    ],
    "715": [
        1315,
        "tool_box"
    ],
    "719": [
        463,
        "board"
    ],
    "723": [
        1109,
        "towel"
    ],
    "724": [
        371,
        "rug"
    ],
    "725": [
        903,
        "bowl_of_fruit"
    ],
    "726": [
        707,
        "cabinet"
    ],
    "727": [
        1421,
        "can"
    ],
    "728": [
        1652,
        "decoration"
    ],
    "729": [
        421,
        "sink"
    ],
    "730": [
        918,
        "kitchen_decoration"
    ],
    "731": [
        633,
        "pillow"
    ],
    "732": [
        1088,
        "door"
    ],
    "733": [
        304,
        "painting"
    ],
    "737": [
        225,
        "bag"
    ],
    "740": [
        883,
        "sink"
    ],
    "742": [
        1142,
        "door"
    ],
    "743": [
        457,
        "heater"
    ],
    "744": [
        1089,
        "door"
    ],
    "745": [
        223,
        "lamp"
    ],
    "746": [
        233,
        "curtain"
    ],
    "747": [
        1573,
        "box"
    ],
    "748": [
        675,
        "ceiling_lamp"
    ],
    "749": [
        1449,
        "box"
    ],
    "751": [
        1341,
        "book"
    ],
    "752": [
        1521,
        "basket"
    ],
    "753": [
        89,
        "door"
    ],
    "755": [
        914,
        "kitchen_decoration"
    ],
    "757": [
        909,
        "glass"
    ],
    "758": [
        1661,
        "ball"
    ],
    "760": [
        478,
        "picture"
    ],
    "763": [
        1181,
        "decoration"
    ],
    "764": [
        1454,
        "box"
    ],
    "765": [
        648,
        "book"
    ],
    "766": [
        164,
        "picture"
    ],
    "767": [
        209,
        "bathroom_accessory"
    ],
    "770": [
        1504,
        "wood"
    ],
    "771": [
        654,
        "picture"
    ],
    "772": [
        51,
        "book"
    ],
    "774": [
        652,
        "decoration"
    ],
    "775": [
        567,
        "decoration"
    ],
    "776": [
        921,
        "hanger"
    ],
    "777": [
        500,
        "pillow"
    ],
    "778": [
        1094,
        "flower_vase"
    ],
    "779": [
        275,
        "picture"
    ],
    "781": [
        1563,
        "glass"
    ],
    "782": [
        984,
        "table"
    ],
    "783": [
        1198,
        "picture"
    ],
    "785": [
        559,
        "rack"
    ],
    "786": [
        163,
        "picture"
    ],
    "788": [
        1469,
        "cabinet"
    ],
    "790": [
        1276,
        "heater"
    ],
    "791": [
        1395,
        "bag"
    ],
    "792": [
        1590,
        "can_of_paint"
    ],
    "793": [
        955,
        "spice_rack"
    ],
    "794": [
        508,
        "book"
    ],
    "796": [
        176,
        "picture"
    ],
    "797": [
        1328,
        "picture"
    ],
    "799": [
        40,
        "book"
    ],
    "800": [
        468,
        "curtain_rod"
    ],
    "802": [
        1637,
        "support"
    ],
    "804": [
        987,
        "chest"
    ],
    "806": [
        1502,
        "wood"
    ],
    "807": [
        1105,
        "shelf"
    ],
    "808": [
        1004,
        "lamp"
    ],
    "809": [
        238,
        "bag"
    ],
    "810": [
        1452,
        "box"
    ],
    "811": [
        555,
        "pillow"
    ],
    "812": [
        1054,
        "pouffe"
    ],
    "813": [
        798,
        "dining_chair"
    ],
    "814": [
        1170,
        "desk_chair"
    ],
    "815": [
        200,
        "wall_lamp"
    ],
    "817": [
        925,
        "dining_chair"
    ],
    "821": [
        406,
        "chair"
    ],
    "822": [
        43,
        "book"
    ],
    "823": [
        543,
        "window"
    ],
    "824": [
        1527,
        "towel"
    ],
    "825": [
        111,
        "box"
    ],
    "828": [
        221,
        "box"
    ],
    "830": [
        81,
        "heater"
    ],
    "831": [
        1499,
        "platform"
    ],
    "832": [
        235,
        "clothes"
    ],
    "833": [
        503,
        "display_cabinet"
    ],
    "834": [
        330,
        "vase"
    ],
    "836": [
        521,
        "picture"
    ],
    "837": [
        978,
        "chair"
    ],
    "839": [
        1313,
        "bag"
    ],
    "841": [
        1522,
        "bag"
    ],
    "842": [
        882,
        "stove"
    ],
    "843": [
        625,
        "lamp"
    ],
    "844": [
        1227,
        "book"
    ],
    "845": [
        1507,
        "wood"
    ],
    "847": [
        1157,
        "cabinet"
    ],
    "849": [
        723,
        "book"
    ],
    "851": [
        1236,
        "decoration"
    ],
    "852": [
        1256,
        "box"
    ],
    "853": [
        321,
        "picture"
    ],
    "854": [
        659,
        "case"
    ],
    "855": [
        1613,
        "box"
    ],
    "856": [
        786,
        "bag"
    ],
    "857": [
        160,
        "decoration"
    ],
    "858": [
        1605,
        "bottle"
    ],
    "859": [
        1464,
        "platform"
    ],
    "861": [
        309,
        "lamp"
    ],
    "862": [
        1505,
        "wood"
    ],
    "864": [
        1165,
        "couch"
    ],
    "865": [
        1229,
        "book"
    ],
    "866": [
        60,
        "decoration"
    ],
    "867": [
        286,
        "bench"
    ],
    "870": [
        1612,
        "box"
    ],
    "872": [
        1104,
        "sink"
    ],
    "873": [
        1665,
        "box"
    ],
    "875": [
        1483,
        "basket_of_something"
    ],
    "877": [
        1299,
        "bag"
    ],
    "880": [
        629,
        "box"
    ],
    "882": [
        683,
        "box"
    ],
    "884": [
        518,
        "plush_toy"
    ],
    "885": [
        1346,
        "book"
    ],
    "886": [
        175,
        "picture"
    ],
    "887": [
        628,
        "box"
    ],
    "888": [
        1403,
        "shoe"
    ],
    "889": [
        1666,
        "box"
    ],
    "890": [
        942,
        "pot"
    ],
    "893": [
        38,
        "rack"
    ],
    "894": [
        1478,
        "pipe"
    ],
    "896": [
        284,
        "decoration"
    ],
    "898": [
        126,
        "decoration"
    ],
    "903": [
        248,
        "clothes"
    ],
    "904": [
        1362,
        "book"
    ],
    "905": [
        1606,
        "bottle"
    ],
    "908": [
        180,
        "lamp"
    ],
    "909": [
        806,
        "curtain"
    ],
    "910": [
        1317,
        "paper"
    ],
    "911": [
        1182,
        "decoration"
    ],
    "912": [
        408,
        "picture"
    ],
    "913": [
        719,
        "trashcan"
    ],
    "914": [
        1616,
        "appliance"
    ],
    "915": [
        495,
        "decoration"
    ],
    "916": [
        922,
        "hanger"
    ],
    "917": [
        985,
        "chest"
    ],
    "919": [
        1150,
        "decoration"
    ],
    "920": [
        381,
        "picture"
    ],
    "922": [
        184,
        "curtain"
    ],
    "923": [
        494,
        "decoration"
    ],
    "924": [
        1494,
        "cover"
    ],
    "925": [
        1164,
        "rug"
    ],
    "927": [
        22,
        "cabinet"
    ],
    "928": [
        919,
        "kitchen_decoration"
    ],
    "929": [
        778,
        "painting"
    ],
    "930": [
        928,
        "dining_chair"
    ],
    "931": [
        1153,
        "decoration"
    ],
    "932": [
        19,
        "picture"
    ],
    "934": [
        1025,
        "pipe"
    ],
    "935": [
        149,
        "door"
    ],
    "937": [
        1197,
        "book_rack"
    ],
    "939": [
        385,
        "wall_lamp"
    ],
    "941": [
        983,
        "table"
    ],
    "942": [
        493,
        "decoration"
    ],
    "943": [
        1693,
        "tool"
    ],
    "944": [
        1560,
        "bag"
    ],
    "945": [
        199,
        "cabinet"
    ],
    "946": [
        1075,
        "book"
    ],
    "947": [
        1204,
        "picture"
    ],
    "948": [
        1572,
        "cabinet"
    ],
    "949": [
        446,
        "ceiling_lamp"
    ],
    "950": [
        761,
        "heater"
    ],
    "951": [
        733,
        "book"
    ],
    "952": [
        1479,
        "electric_box"
    ],
    "953": [
        344,
        "decoration"
    ],
    "954": [
        29,
        "pillow"
    ],
    "955": [
        465,
        "desk_chair"
    ],
    "956": [
        1618,
        "box"
    ],
    "957": [
        910,
        "picture"
    ],
    "958": [
        1017,
        "pillow"
    ],
    "959": [
        1548,
        "bag"
    ],
    "960": [
        1630,
        "blanket"
    ],
    "962": [
        1294,
        "box"
    ],
    "963": [
        429,
        "bathtub"
    ],
    "964": [
        781,
        "picture"
    ],
    "967": [
        1045,
        "box"
    ],
    "968": [
        934,
        "appliance"
    ],
    "969": [
        116,
        "box"
    ],
    "971": [
        1151,
        "decoration"
    ],
    "972": [
        1585,
        "bottle_of_detergent"
    ],
    "974": [
        1654,
        "decoration"
    ],
    "976": [
        920,
        "kitchen_decoration"
    ],
    "977": [
        1044,
        "decoration"
    ],
    "978": [
        252,
        "appliance"
    ],
    "979": [
        219,
        "lamp"
    ],
    "980": [
        506,
        "box"
    ],
    "981": [
        557,
        "lamp"
    ],
    "982": [
        1141,
        "door"
    ],
    "983": [
        1212,
        "book"
    ],
    "985": [
        636,
        "pillow"
    ],
    "986": [
        1488,
        "electric_box"
    ],
    "987": [
        711,
        "picture"
    ],
    "988": [
        1352,
        "book"
    ],
    "991": [
        1629,
        "shelf"
    ],
    "992": [
        347,
        "appliance"
    ],
    "993": [
        722,
        "box"
    ],
    "994": [
        1558,
        "bag"
    ],
    "995": [
        1287,
        "cover"
    ],
    "996": [
        12,
        "door"
    ],
    "997": [
        545,
        "curtain"
    ],
    "998": [
        1031,
        "picture"
    ],
    "999": [
        1379,
        "window"
    ],
    "1002": [
        1374,
        "book"
    ],
    "1003": [
        189,
        "picture"
    ],
    "1004": [
        333,
        "hat"
    ],
    "1005": [
        927,
        "dining_chair"
    ],
    "1006": [
        1604,
        "box"
    ],
    "1007": [
        145,
        "picture"
    ],
    "1008": [
        305,
        "display_table"
    ],
    "1010": [
        1137,
        "curtain_bar"
    ],
    "1011": [
        1689,
        "ceiling_window"
    ],
    "1013": [
        1441,
        "box"
    ],
    "1014": [
        581,
        "box"
    ],
    "1015": [
        824,
        "decoration"
    ],
    "1016": [
        726,
        "decoration"
    ],
    "1017": [
        1292,
        "book"
    ],
    "1020": [
        912,
        "glass"
    ],
    "1022": [
        823,
        "pipe"
    ],
    "1023": [
        1261,
        "picture"
    ],
    "1024": [
        1274,
        "desk_chair"
    ],
    "1025": [
        1498,
        "cover"
    ],
    "1026": [
        1209,
        "book"
    ],
    "1027": [
        1611,
        "broom"
    ],
    "1029": [
        904,
        "vase"
    ],
    "1030": [
        61,
        "vase"
    ],
    "1031": [
        1133,
        "curtain"
    ],
    "1032": [
        1134,
        "curtain"
    ],
    "1033": [
        876,
        "kitchen_cabinet"
    ],
    "1034": [
        1628,
        "box"
    ],
    "1035": [
        340,
        "decoration"
    ],
    "1037": [
        110,
        "book"
    ],
    "1038": [
        1282,
        "bag"
    ],
    "1039": [
        1562,
        "shelf"
    ],
    "1040": [
        1349,
        "book"
    ],
    "1041": [
        553,
        "pillow"
    ],
    "1043": [
        1552,
        "basket"
    ],
    "1044": [
        64,
        "decoration"
    ],
    "1045": [
        239,
        "rack"
    ],
    "1048": [
        188,
        "cabinet"
    ],
    "1049": [
        183,
        "heater"
    ],
    "1050": [
        502,
        "cabinet"
    ],
    "1051": [
        1595,
        "cover"
    ],
    "1052": [
        1154,
        "decoration"
    ],
    "1053": [
        1175,
        "painting"
    ],
    "1055": [
        1330,
        "picture"
    ],
    "1057": [
        1263,
        "picture"
    ],
    "1058": [
        877,
        "kitchen_cabinet"
    ],
    "1059": [
        50,
        "book"
    ],
    "1060": [
        242,
        "curtain"
    ],
    "1061": [
        544,
        "curtain"
    ],
    "1062": [
        632,
        "pillow"
    ],
    "1063": [
        124,
        "decoration"
    ],
    "1067": [
        1565,
        "pot"
    ],
    "1068": [
        1344,
        "book"
    ],
    "1069": [
        234,
        "curtain"
    ],
    "1072": [
        1592,
        "platform"
    ],
    "1073": [
        1067,
        "book"
    ],
    "1075": [
        236,
        "rack"
    ],
    "1077": [
        166,
        "cabinet"
    ],
    "1081": [
        889,
        "kitchen_countertop_item"
    ],
    "1082": [
        332,
        "hat"
    ],
    "1083": [
        704,
        "picture"
    ],
    "1084": [
        570,
        "decoration"
    ],
    "1085": [
        1553,
        "tool"
    ],
    "1086": [
        519,
        "plush_toy"
    ],
    "1087": [
        54,
        "book"
    ],
    "1089": [
        1634,
        "box"
    ],
    "1090": [
        815,
        "curtain"
    ],
    "1093": [
        95,
        "picture"
    ],
    "1094": [
        1296,
        "box"
    ],
    "1096": [
        1028,
        "bicycle"
    ],
    "1097": [
        693,
        "door"
    ],
    "1098": [
        755,
        "painting"
    ],
    "1099": [
        1551,
        "bag"
    ],
    "1100": [
        499,
        "pillow"
    ],
    "1101": [
        52,
        "book"
    ],
    "1102": [
        896,
        "trashcan"
    ],
    "1104": [
        1304,
        "box"
    ],
    "1105": [
        735,
        "picture"
    ],
    "1107": [
        171,
        "book"
    ],
    "1109": [
        886,
        "bowl"
    ],
    "1110": [
        1218,
        "book"
    ],
    "1111": [
        695,
        "picture"
    ],
    "1112": [
        403,
        "robe"
    ],
    "1114": [
        1332,
        "box"
    ],
    "1116": [
        697,
        "picture"
    ],
    "1118": [
        389,
        "bottle_of_detergent"
    ],
    "1119": [
        480,
        "picture"
    ],
    "1120": [
        482,
        "cabinet"
    ],
    "1121": [
        1030,
        "picture"
    ],
    "1122": [
        1463,
        "platform"
    ],
    "1124": [
        1185,
        "decoration"
    ],
    "1129": [
        682,
        "box"
    ],
    "1130": [
        481,
        "book"
    ],
    "1131": [
        982,
        "couch"
    ],
    "1133": [
        1052,
        "pouffe"
    ],
    "1134": [
        1440,
        "box"
    ],
    "1135": [
        489,
        "picture"
    ],
    "1136": [
        1103,
        "bottle"
    ],
    "1138": [
        398,
        "door"
    ],
    "1139": [
        965,
        "ceiling_lamp"
    ],
    "1140": [
        945,
        "pot"
    ],
    "1141": [
        1063,
        "piano"
    ],
    "1142": [
        86,
        "desk"
    ],
    "1143": [
        679,
        "box"
    ],
    "1144": [
        1506,
        "shelf"
    ],
    "1145": [
        1239,
        "box"
    ],
    "1146": [
        936,
        "kitchen_counter"
    ],
    "1147": [
        208,
        "soap"
    ],
    "1148": [
        58,
        "book"
    ],
    "1149": [
        1138,
        "curtain_bar"
    ],
    "1150": [
        44,
        "book"
    ],
    "1151": [
        1581,
        "can"
    ],
    "1152": [
        1314,
        "bag"
    ],
    "1153": [
        642,
        "ball"
    ],
    "1155": [
        42,
        "book"
    ],
    "1157": [
        1353,
        "book"
    ],
    "1158": [
        1653,
        "picture"
    ],
    "1159": [
        686,
        "lamp"
    ],
    "1160": [
        584,
        "curtain_bar"
    ],
    "1162": [
        402,
        "robe"
    ],
    "1163": [
        821,
        "window"
    ],
    "1164": [
        1056,
        "book_rack"
    ],
    "1165": [
        1594,
        "basket"
    ],
    "1166": [
        941,
        "appliance"
    ],
    "1167": [
        1033,
        "picture"
    ],
    "1168": [
        1010,
        "pillow"
    ],
    "1169": [
        1423,
        "box"
    ],
    "1171": [
        509,
        "book"
    ],
    "1172": [
        1231,
        "book"
    ],
    "1174": [
        996,
        "decoration"
    ],
    "1175": [
        523,
        "decoration"
    ],
    "1176": [
        1135,
        "curtain"
    ],
    "1178": [
        306,
        "decoration"
    ],
    "1179": [
        1354,
        "book"
    ],
    "1180": [
        1474,
        "pipe"
    ],
    "1181": [
        756,
        "painting"
    ],
    "1183": [
        1500,
        "wood"
    ],
    "1186": [
        479,
        "picture"
    ],
    "1187": [
        1255,
        "box"
    ],
    "1188": [
        215,
        "trashcan"
    ],
    "1189": [
        717,
        "desk"
    ],
    "1190": [
        1258,
        "painting"
    ],
    "1191": [
        1369,
        "book"
    ],
    "1192": [
        620,
        "rack"
    ],
    "1193": [
        424,
        "picture"
    ],
    "1194": [
        827,
        "door"
    ],
    "1196": [
        1015,
        "pillow"
    ],
    "1197": [
        609,
        "curtain"
    ],
    "1198": [
        696,
        "picture"
    ],
    "1200": [
        1298,
        "bag"
    ],
    "1201": [
        505,
        "box"
    ],
    "1202": [
        715,
        "box"
    ],
    "1203": [
        643,
        "box"
    ],
    "1204": [
        1619,
        "appliance"
    ],
    "1205": [
        1144,
        "door"
    ],
    "1206": [
        908,
        "clock"
    ],
    "1207": [
        491,
        "book"
    ],
    "1208": [
        1039,
        "cabinet"
    ],
    "1212": [
        1201,
        "picture"
    ],
    "1214": [
        948,
        "appliance"
    ],
    "1215": [
        566,
        "picture"
    ],
    "1218": [
        274,
        "window"
    ],
    "1219": [
        1564,
        "glass"
    ],
    "1220": [
        437,
        "shampoo"
    ],
    "1222": [
        1302,
        "bag"
    ],
    "1223": [
        730,
        "appliance"
    ],
    "1224": [
        1484,
        "bag"
    ],
    "1226": [
        1580,
        "can"
    ],
    "1227": [
        504,
        "lamp"
    ],
    "1228": [
        1559,
        "tool"
    ],
    "1229": [
        773,
        "door"
    ],
    "1230": [
        162,
        "bench"
    ],
    "1231": [
        31,
        "lamp"
    ],
    "1232": [
        122,
        "appliance"
    ],
    "1233": [
        1388,
        "ironing_board"
    ],
    "1235": [
        554,
        "pillow"
    ],
    "1236": [
        53,
        "book"
    ],
    "1237": [
        1047,
        "decoration"
    ],
    "1239": [
        972,
        "curtain"
    ],
    "1240": [
        1213,
        "book"
    ],
    "1241": [
        1207,
        "book"
    ],
    "1242": [
        515,
        "plush_toy"
    ],
    "1244": [
        1368,
        "book"
    ],
    "1245": [
        1482,
        "electric_box"
    ],
    "1246": [
        388,
        "toilet_brush"
    ],
    "1247": [
        517,
        "plush_toy"
    ],
    "1248": [
        766,
        "appliance"
    ],
    "1249": [
        285,
        "decoration"
    ],
    "1251": [
        954,
        "bottle"
    ],
    "1253": [
        1456,
        "box"
    ],
    "1254": [
        1307,
        "paper"
    ],
    "1255": [
        572,
        "box"
    ],
    "1257": [
        1376,
        "book"
    ],
    "1259": [
        1336,
        "book"
    ],
    "1261": [
        1635,
        "blanket"
    ],
    "1262": [
        657,
        "box"
    ],
    "1263": [
        237,
        "curtain"
    ],
    "1265": [
        881,
        "kitchen_extractor"
    ],
    "1266": [
        33,
        "door"
    ],
    "1267": [
        622,
        "trashcan"
    ],
    "1272": [
        1670,
        "bag"
    ],
    "1274": [
        784,
        "cabinet"
    ],
    "1275": [
        1455,
        "box"
    ],
    "1276": [
        1285,
        "rack"
    ],
    "1277": [
        1599,
        "bucket"
    ],
    "1278": [
        1398,
        "shelf"
    ],
    "1279": [
        1497,
        "box"
    ],
    "1282": [
        1480,
        "electric_box"
    ],
    "1283": [
        1647,
        "appliance"
    ],
    "1284": [
        991,
        "decoration"
    ],
    "1286": [
        216,
        "curtain"
    ],
    "1287": [
        637,
        "book"
    ],
    "1288": [
        804,
        "picture"
    ],
    "1289": [
        1433,
        "bucket"
    ],
    "1290": [
        871,
        "kitchen_cabinet"
    ],
    "1291": [
        1636,
        "box"
    ],
    "1293": [
        153,
        "table"
    ],
    "1294": [
        763,
        "flowerpot"
    ],
    "1295": [
        958,
        "door"
    ],
    "1297": [
        334,
        "hat"
    ],
    "1298": [
        737,
        "book"
    ],
    "1299": [
        165,
        "rug"
    ],
    "1301": [
        655,
        "picture"
    ],
    "1303": [
        492,
        "picture"
    ],
    "1304": [
        251,
        "appliance"
    ],
    "1305": [
        583,
        "mirror"
    ],
    "1306": [
        1539,
        "basket_of_something"
    ],
    "1307": [
        1516,
        "clothes_hanger"
    ],
    "1310": [
        924,
        "dishrag"
    ],
    "1311": [
        471,
        "door"
    ],
    "1312": [
        1233,
        "decoration"
    ],
    "1314": [
        109,
        "book"
    ],
    "1315": [
        524,
        "door"
    ],
    "1317": [
        1152,
        "decoration"
    ],
    "1318": [
        1013,
        "pillow"
    ],
    "1319": [
        734,
        "picture"
    ],
    "1324": [
        653,
        "decoration"
    ],
    "1326": [
        893,
        "dining_table"
    ],
    "1327": [
        1238,
        "box"
    ],
    "1328": [
        1597,
        "platform"
    ],
    "1329": [
        1036,
        "decoration"
    ],
    "1331": [
        580,
        "book"
    ],
    "1332": [
        464,
        "desk"
    ],
    "1335": [
        1519,
        "blanket"
    ],
    "1336": [
        1587,
        "can_of_paint"
    ],
    "1338": [
        826,
        "door"
    ],
    "1340": [
        1091,
        "wall_post"
    ],
    "1341": [
        1050,
        "box"
    ],
    "1342": [
        931,
        "towel"
    ],
    "1345": [
        17,
        "drawer"
    ],
    "1346": [
        368,
        "door"
    ],
    "1347": [
        151,
        "pillow"
    ],
    "1348": [
        979,
        "chair"
    ],
    "1350": [
        158,
        "box"
    ],
    "1353": [
        867,
        "picture"
    ],
    "1354": [
        1544,
        "table"
    ],
    "1355": [
        558,
        "dresser"
    ],
    "1356": [
        915,
        "kitchen_decoration"
    ],
    "1357": [
        1356,
        "book"
    ],
    "1358": [
        1284,
        "ladder"
    ],
    "1359": [
        993,
        "decoration"
    ],
    "1360": [
        1283,
        "book_rack"
    ],
    "1361": [
        944,
        "pot"
    ],
    "1362": [
        172,
        "book"
    ],
    "1363": [
        803,
        "display_cabinet"
    ],
    "1364": [
        621,
        "guitar"
    ],
    "1365": [
        1583,
        "can"
    ],
    "1366": [
        186,
        "lamp"
    ],
    "1368": [
        426,
        "towel"
    ],
    "1370": [
        1543,
        "decoration"
    ],
    "1371": [
        1446,
        "box"
    ],
    "1372": [
        564,
        "guitar"
    ],
    "1374": [
        797,
        "dining_chair"
    ],
    "1376": [
        1058,
        "book"
    ],
    "1377": [
        1340,
        "book"
    ],
    "1378": [
        279,
        "wall_lamp"
    ],
    "1379": [
        1381,
        "appliance"
    ],
    "1381": [
        863,
        "picture"
    ],
    "1382": [
        24,
        "curtain"
    ],
    "1383": [
        1311,
        "bag"
    ],
    "1384": [
        906,
        "bowl"
    ],
    "1386": [
        48,
        "book"
    ],
    "1387": [
        1166,
        "pillow"
    ],
    "1388": [
        1451,
        "box"
    ],
    "1390": [
        1071,
        "binder"
    ],
    "1391": [
        801,
        "dining_chair"
    ],
    "1392": [
        736,
        "book"
    ],
    "1393": [
        1211,
        "book"
    ],
    "1394": [
        1493,
        "cover"
    ],
    "1395": [
        647,
        "book"
    ],
    "1396": [
        1410,
        "mat"
    ],
    "1399": [
        276,
        "picture"
    ],
    "1401": [
        1680,
        "window"
    ],
    "1403": [
        1048,
        "bottle"
    ],
    "1404": [
        1051,
        "picture"
    ],
    "1405": [
        1156,
        "cabinet"
    ],
    "1407": [
        1667,
        "bag"
    ],
    "1408": [
        1626,
        "rug"
    ],
    "1409": [
        727,
        "appliance"
    ],
    "1410": [
        1663,
        "bag"
    ],
    "1412": [
        1228,
        "book"
    ],
    "1414": [
        1327,
        "picture"
    ],
    "1415": [
        540,
        "heater"
    ],
    "1416": [
        30,
        "lamp"
    ],
    "1417": [
        490,
        "picture"
    ],
    "1419": [
        789,
        "decoration"
    ],
    "1421": [
        82,
        "bag"
    ],
    "1422": [
        1337,
        "book"
    ],
    "1426": [
        807,
        "curtain"
    ],
    "1427": [
        100,
        "picture"
    ],
    "1428": [
        1584,
        "can"
    ],
    "1429": [
        822,
        "decoration"
    ],
    "1430": [
        369,
        "picture"
    ],
    "1431": [
        1602,
        "drawer"
    ],
    "1432": [
        731,
        "book"
    ],
    "1433": [
        218,
        "lamp"
    ],
    "1434": [
        476,
        "board"
    ],
    "1436": [
        1648,
        "hook"
    ],
    "1437": [
        1286,
        "rack"
    ],
    "1442": [
        1361,
        "book"
    ],
    "1443": [
        1235,
        "pillow"
    ],
    "1445": [
        283,
        "decoration"
    ],
    "1446": [
        900,
        "appliance"
    ],
    "1447": [
        714,
        "box"
    ],
    "1448": [
        115,
        "box"
    ],
    "1449": [
        1215,
        "book"
    ],
    "1451": [
        1308,
        "paper"
    ],
    "1452": [
        757,
        "painting"
    ],
    "1453": [
        1192,
        "curtain"
    ],
    "1455": [
        732,
        "book"
    ],
    "1456": [
        178,
        "decoration"
    ],
    "1459": [
        410,
        "box"
    ],
    "1460": [
        1424,
        "box"
    ],
    "1461": [
        1029,
        "picture"
    ],
    "1462": [
        1064,
        "piano_stool"
    ],
    "1463": [
        1631,
        "cardboard_box"
    ],
    "1465": [
        1620,
        "appliance"
    ],
    "1466": [
        1159,
        "chair"
    ],
    "1468": [
        744,
        "mirror"
    ],
    "1471": [
        34,
        "decoration"
    ],
    "1473": [
        782,
        "picture"
    ],
    "1474": [
        753,
        "painting"
    ],
    "1475": [
        1019,
        "window"
    ],
    "1476": [
        999,
        "book"
    ],
    "1477": [
        1306,
        "paper"
    ],
    "1478": [
        94,
        "picture"
    ],
    "1480": [
        1220,
        "book"
    ],
    "1481": [
        1627,
        "appliance"
    ],
    "1482": [
        646,
        "book"
    ],
    "1483": [
        1001,
        "paper"
    ],
    "1484": [
        27,
        "bed"
    ],
    "1486": [
        796,
        "dining_chair"
    ],
    "1491": [
        951,
        "pipe"
    ],
    "1492": [
        1350,
        "book"
    ],
    "1493": [
        1183,
        "decoration"
    ],
    "1494": [
        390,
        "lamp"
    ],
    "1496": [
        1073,
        "box"
    ],
    "1497": [
        1265,
        "picture"
    ],
    "1498": [
        1515,
        "clothes_hanger"
    ],
    "1500": [
        451,
        "window"
    ],
    "1502": [
        243,
        "box"
    ],
    "1504": [
        354,
        "decoration"
    ],
    "1507": [
        120,
        "decoration"
    ],
    "1509": [
        174,
        "book"
    ],
    "1510": [
        1070,
        "binder"
    ],
    "1514": [
        57,
        "book"
    ],
    "1516": [
        1392,
        "tool"
    ],
    "1517": [
        1375,
        "book"
    ],
    "1519": [
        1396,
        "shelf"
    ],
    "1520": [
        1281,
        "book_rack"
    ],
    "1521": [
        113,
        "picture"
    ],
    "1522": [
        571,
        "picture"
    ],
    "1523": [
        614,
        "heater"
    ],
    "1524": [
        511,
        "decoration"
    ],
    "1525": [
        1538,
        "pipe"
    ],
    "1526": [
        626,
        "door"
    ],
    "1527": [
        577,
        "book"
    ],
    "1529": [
        938,
        "coffee_machine"
    ],
    "1530": [
        1147,
        "picture"
    ],
    "1531": [
        1177,
        "picture"
    ],
    "1532": [
        156,
        "book"
    ],
    "1534": [
        1692,
        "box"
    ],
    "1535": [
        812,
        "window"
    ],
    "1539": [
        1093,
        "door"
    ],
    "1540": [
        1509,
        "wood"
    ],
    "1542": [
        576,
        "book"
    ],
    "1544": [
        639,
        "book"
    ],
    "1545": [
        986,
        "chest"
    ],
    "1546": [
        501,
        "pillow"
    ],
    "1548": [
        1042,
        "trashcan"
    ],
    "1549": [
        743,
        "painting"
    ],
    "1550": [
        418,
        "flowerpot"
    ],
    "1551": [
        119,
        "toy"
    ],
    "1552": [
        1608,
        "bucket"
    ],
    "1553": [
        1557,
        "box"
    ],
    "1554": [
        651,
        "book"
    ],
    "1556": [
        1074,
        "appliance"
    ],
    "1559": [
        474,
        "picture"
    ],
    "1562": [
        720,
        "shelf"
    ],
    "1563": [
        1171,
        "trashcan"
    ],
    "1565": [
        1339,
        "book"
    ],
    "1566": [
        1112,
        "mirror"
    ],
    "1567": [
        582,
        "book"
    ],
    "1568": [
        694,
        "picture"
    ],
    "1570": [
        1360,
        "book"
    ],
    "1572": [
        1110,
        "decoration"
    ],
    "1574": [
        1172,
        "bag"
    ],
    "1576": [
        318,
        "picture"
    ],
    "1577": [
        1210,
        "book"
    ],
    "1578": [
        793,
        "dining_table"
    ],
    "1580": [
        152,
        "pillow"
    ],
    "1582": [
        531,
        "door"
    ],
    "1583": [
        568,
        "decoration"
    ],
    "1585": [
        206,
        "rack"
    ],
    "1586": [
        1524,
        "bicycle"
    ],
    "1587": [
        185,
        "table"
    ],
    "1588": [
        701,
        "curtain"
    ],
    "1590": [
        1301,
        "bag"
    ],
    "1591": [
        1065,
        "shelf"
    ],
    "1593": [
        597,
        "picture"
    ],
    "1594": [
        552,
        "bed"
    ],
    "1595": [
        1329,
        "box"
    ],
    "1596": [
        383,
        "toilet_paper"
    ],
    "1597": [
        627,
        "guitar"
    ],
    "1598": [
        1290,
        "binder"
    ],
    "1599": [
        92,
        "bag"
    ],
    "1600": [
        1609,
        "rack"
    ],
    "1602": [
        1061,
        "book"
    ],
    "1604": [
        1237,
        "box"
    ],
    "1606": [
        433,
        "shower_hose_head"
    ],
    "1609": [
        935,
        "picture"
    ],
    "1611": [
        159,
        "decoration"
    ],
    "1614": [
        1399,
        "shoe"
    ],
    "1615": [
        649,
        "paper"
    ],
    "1617": [
        254,
        "shower_cabin"
    ],
    "1618": [
        989,
        "book"
    ],
    "1619": [
        384,
        "picture"
    ],
    "1620": [
        1040,
        "cabinet"
    ],
    "1621": [
        65,
        "box"
    ],
    "1623": [
        878,
        "oven"
    ],
    "1624": [
        1342,
        "book"
    ],
    "1625": [
        412,
        "basket"
    ],
    "1626": [
        1012,
        "pillow"
    ],
    "1629": [
        1291,
        "box"
    ],
    "1630": [
        1334,
        "book"
    ],
    "1631": [
        624,
        "desk_chair"
    ],
    "1632": [
        729,
        "book"
    ],
    "1634": [
        1184,
        "decoration"
    ],
    "1635": [
        1037,
        "painting"
    ],
    "1636": [
        240,
        "picture"
    ],
    "1637": [
        1217,
        "book"
    ],
    "1639": [
        467,
        "curtain"
    ],
    "1640": [
        47,
        "book"
    ],
    "1642": [
        816,
        "curtain"
    ],
    "1643": [
        277,
        "decoration"
    ],
    "1645": [
        947,
        "pan"
    ],
    "1646": [
        1476,
        "pipe"
    ],
    "1647": [
        14,
        "desk"
    ],
    "1648": [
        247,
        "basket"
    ],
    "1649": [
        1199,
        "picture"
    ],
    "1652": [
        1205,
        "picture"
    ],
    "1654": [
        1458,
        "rug"
    ],
    "1655": [
        1646,
        "case"
    ],
    "1657": [
        611,
        "curtain_bar"
    ],
    "1658": [
        1582,
        "can"
    ],
    "1662": [
        1495,
        "cover"
    ],
    "1663": [
        419,
        "tissue_box"
    ],
    "1665": [
        39,
        "book"
    ],
    "1667": [
        1477,
        "pipe"
    ],
    "1669": [
        1320,
        "book"
    ],
    "1670": [
        423,
        "picture"
    ],
    "1672": [
        15,
        "rug"
    ],
    "1673": [
        1550,
        "bag"
    ],
    "1674": [
        1566,
        "cover"
    ],
    "1675": [
        1447,
        "box"
    ],
    "1677": [
        416,
        "clock"
    ],
    "1678": [
        475,
        "picture"
    ],
    "1679": [
        210,
        "bathroom_accessory"
    ],
    "1681": [
        1176,
        "painting"
    ],
    "1682": [
        1513,
        "support_beam"
    ],
    "1683": [
        1443,
        "box"
    ],
    "1684": [
        409,
        "picture"
    ],
    "1686": [
        1659,
        "cabinet"
    ],
    "1687": [
        1345,
        "book"
    ],
    "1688": [
        658,
        "box"
    ],
    "1689": [
        1438,
        "broom"
    ],
    "1690": [
        665,
        "decoration"
    ],
    "1691": [
        556,
        "cabinet"
    ],
    "1693": [
        754,
        "painting"
    ]
}