{
    "1": [
        175,
        "rug"
    ],
    "2": [
        21,
        "flower_vase"
    ],
    "6": [
        188,
        "kitchen_lower_cabinet"
    ],
    "8": [
        322,
        "shelf"
    ],
    "9": [
        238,
        "decoration"
    ],
    "11": [
        236,
        "decoration"
    ],
    "12": [
        130,
        "mirror"
    ],
    "15": [
        313,
        "pillow"
    ],
    "16": [
        18,
        "podium"
    ],
    "17": [
        137,
        "flowerpot"
    ],
    "18": [
        294,
        "pillow"
    ],
    "19": [
        66,
        "ceiling_lamp"
    ],
    "20": [
        315,
        "pillow"
    ],
    "22": [
        222,
        "pillow"
    ],
    "23": [
        25,
        "picture"
    ],
    "24": [
        185,
        "sink"
    ],
    "25": [
        62,
        "blanket"
    ],
    "26": [
        172,
        "table"
    ],
    "27": [
        60,
        "pillow"
    ],
    "28": [
        102,
        "dining_chair"
    ],
    "29": [
        243,
        "picture"
    ],
    "31": [
        296,
        "pillow"
    ],
    "33": [
        329,
        "fire_alarm"
    ],
    "34": [
        170,
        "painting"
    ],
    "35": [
        273,
        "door"
    ],
    "39": [
        330,
        "decoration"
    ],
    "40": [
        68,
        "ceiling_lamp"
    ],
    "41": [
        347,
        "pillow"
    ],
    "42": [
        94,
        "ceiling_lamp"
    ],
    "43": [
        221,
        "pillow"
    ],
    "46": [
        379,
        "towel_bar"
    ],
    "47": [
        179,
        "refrigerator"
    ],
    "48": [
        206,
        "decoration"
    ],
    "49": [
        14,
        "fireplace_wall"
    ],
    "50": [
        32,
        "decoration"
    ],
    "53": [
        230,
        "bowl"
    ],
    "54": [
        295,
        "pillow"
    ],
    "56": [
        190,
        "kitchen_cabinet"
    ],
    "57": [
        254,
        "ceiling_lamp"
    ],
    "59": [
        189,
        "kitchen_cabinet"
    ],
    "60": [
        339,
        "book"
    ],
    "62": [
        338,
        "cabinet"
    ],
    "66": [
        247,
        "ceiling_lamp"
    ],
    "67": [
        57,
        "pillow"
    ],
    "69": [
        31,
        "book"
    ],
    "70": [
        166,
        "door"
    ],
    "71": [
        378,
        "window"
    ],
    "72": [
        333,
        "window"
    ],
    "73": [
        288,
        "table"
    ],
    "75": [
        136,
        "desk_chair"
    ],
    "76": [
        245,
        "ceiling_lamp"
    ],
    "77": [
        10,
        "sofa_chair"
    ],
    "78": [
        70,
        "window"
    ],
    "79": [
        125,
        "decoration"
    ],
    "80": [
        176,
        "stool"
    ],
    "82": [
        89,
        "window"
    ],
    "84": [
        184,
        "kitchen_lower_cabinet"
    ],
    "85": [
        231,
        "stove"
    ],
    "87": [
        335,
        "bed"
    ],
    "89": [
        260,
        "ceiling_lamp"
    ],
    "91": [
        232,
        "microwave"
    ],
    "92": [
        129,
        "door"
    ],
    "93": [
        286,
        "rack"
    ],
    "94": [
        252,
        "ceiling_lamp"
    ],
    "95": [
        109,
        "carpet"
    ],
    "97": [
        278,
        "fire_alarm"
    ],
    "98": [
        196,
        "kitchen_cabinet"
    ],
    "100": [
        349,
        "toilet"
    ],
    "101": [
        71,
        "window"
    ],
    "102": [
        334,
        "painting"
    ],
    "104": [
        202,
        "table"
    ],
    "105": [
        126,
        "decoration"
    ],
    "107": [
        134,
        "chair"
    ],
    "108": [
        99,
        "dining_chair"
    ],
    "112": [
        256,
        "fire_alarm"
    ],
    "113": [
        250,
        "ceiling_lamp"
    ],
    "115": [
        64,
        "ceiling_lamp"
    ],
    "116": [
        216,
        "window"
    ],
    "117": [
        318,
        "decoration"
    ],
    "118": [
        390,
        "door"
    ],
    "120": [
        197,
        "kitchen_lower_cabinet"
    ],
    "121": [
        12,
        "fireplace"
    ],
    "122": [
        205,
        "decoration"
    ],
    "124": [
        22,
        "flower_vase"
    ],
    "125": [
        368,
        "trash_can"
    ],
    "126": [
        132,
        "decoration"
    ],
    "127": [
        59,
        "pillow"
    ],
    "128": [
        242,
        "dishwasher"
    ],
    "130": [
        90,
        "flowerpot"
    ],
    "131": [
        208,
        "flowerpot"
    ],
    "132": [
        9,
        "couch"
    ],
    "133": [
        138,
        "flowerpot"
    ],
    "135": [
        177,
        "stool"
    ],
    "136": [
        171,
        "couch"
    ],
    "137": [
        139,
        "book"
    ],
    "138": [
        92,
        "podium"
    ],
    "139": [
        53,
        "pillow"
    ],
    "142": [
        104,
        "plate"
    ],
    "144": [
        20,
        "flower_vase"
    ],
    "148": [
        16,
        "shelf"
    ],
    "149": [
        160,
        "door"
    ],
    "150": [
        220,
        "pillow"
    ],
    "151": [
        229,
        "pillow"
    ],
    "158": [
        369,
        "mirror"
    ],
    "159": [
        95,
        "dining_table"
    ],
    "160": [
        293,
        "window"
    ],
    "161": [
        23,
        "flowerpot"
    ],
    "162": [
        255,
        "ceiling_lamp"
    ],
    "163": [
        19,
        "decoration"
    ],
    "164": [
        194,
        "kitchen_cabinet"
    ],
    "167": [
        98,
        "dining_chair"
    ],
    "171": [
        310,
        "window"
    ],
    "172": [
        241,
        "kitchen_countertop_items"
    ],
    "173": [
        204,
        "tray"
    ],
    "174": [
        187,
        "kitchen_counter"
    ],
    "177": [
        380,
        "towel"
    ],
    "180": [
        133,
        "chair"
    ],
    "181": [
        107,
        "plate"
    ],
    "183": [
        186,
        "kitchen_lower_cabinet"
    ],
    "184": [
        384,
        "bathroom_cabinet"
    ],
    "186": [
        352,
        "sink"
    ],
    "189": [
        249,
        "ceiling_lamp"
    ],
    "190": [
        88,
        "painting"
    ],
    "191": [
        7,
        "rug"
    ],
    "194": [
        248,
        "ceiling_lamp"
    ],
    "195": [
        383,
        "toilet_paper_dispenser"
    ],
    "197": [
        211,
        "shelf"
    ],
    "198": [
        237,
        "decoration"
    ],
    "200": [
        246,
        "ceiling_lamp"
    ],
    "203": [
        55,
        "pillow"
    ],
    "206": [
        385,
        "sink"
    ],
    "208": [
        259,
        "fire_alarm"
    ],
    "210": [
        337,
        "lamp"
    ],
    "211": [
        305,
        "fan"
    ],
    "213": [
        193,
        "kitchen_cabinet"
    ],
    "215": [
        251,
        "ceiling_lamp"
    ],
    "219": [
        203,
        "flower_vase"
    ],
    "222": [
        291,
        "painting"
    ],
    "224": [
        218,
        "bench"
    ],
    "225": [
        34,
        "podium"
    ],
    "226": [
        167,
        "door"
    ],
    "227": [
        224,
        "pillow"
    ],
    "230": [
        17,
        "shelf"
    ],
    "233": [
        308,
        "door"
    ],
    "234": [
        351,
        "bathroom_cabinet"
    ],
    "235": [
        83,
        "door"
    ],
    "236": [
        201,
        "decoration"
    ],
    "237": [
        207,
        "decoration"
    ],
    "238": [
        253,
        "ceiling_lamp"
    ],
    "240": [
        215,
        "window"
    ],
    "244": [
        26,
        "lamp"
    ],
    "247": [
        287,
        "lamp"
    ],
    "248": [
        124,
        "window"
    ],
    "250": [
        178,
        "refrigerator_cabinet"
    ],
    "253": [
        198,
        "decoration"
    ],
    "254": [
        56,
        "pillow"
    ],
    "257": [
        223,
        "pillow"
    ],
    "259": [
        362,
        "air_conditioner"
    ],
    "260": [
        314,
        "pillow"
    ],
    "261": [
        96,
        "flower_vase"
    ],
    "262": [
        39,
        "door"
    ],
    "263": [
        346,
        "pillow"
    ],
    "265": [
        297,
        "pillow"
    ],
    "266": [
        97,
        "dining_chair"
    ],
    "267": [
        364,
        "shower_curtain"
    ],
    "268": [
        54,
        "pillow"
    ],
    "271": [
        272,
        "carpet"
    ],
    "272": [
        199,
        "decoration"
    ],
    "273": [
        386,
        "tissue_box"
    ],
    "274": [
        72,
        "window"
    ],
    "276": [
        312,
        "pillow"
    ],
    "277": [
        306,
        "fire_alarm"
    ],
    "278": [
        11,
        "sofa_chair"
    ],
    "280": [
        61,
        "pillow"
    ],
    "282": [
        227,
        "pillow"
    ],
    "285": [
        8,
        "couch"
    ],
    "286": [
        13,
        "fireplace_wall"
    ],
    "288": [
        240,
        "kitchen_countertop_item"
    ],
    "291": [
        28,
        "decoration"
    ],
    "292": [
        101,
        "dining_chair"
    ],
    "297": [
        135,
        "desk"
    ],
    "298": [
        65,
        "ceiling_lamp"
    ],
    "300": [
        336,
        "fan"
    ],
    "302": [
        316,
        "lamp"
    ],
    "303": [
        340,
        "decoration"
    ],
    "313": [
        30,
        "decoration"
    ],
    "314": [
        168,
        "fan"
    ],
    "319": [
        192,
        "kitchen_cabinet"
    ],
    "322": [
        183,
        "cabinet"
    ],
    "323": [
        343,
        "pillow"
    ],
    "324": [
        119,
        "door"
    ],
    "327": [
        348,
        "door"
    ],
    "329": [
        311,
        "bed"
    ],
    "332": [
        195,
        "kitchen_cabinet"
    ],
    "333": [
        363,
        "bathtub"
    ],
    "335": [
        33,
        "table"
    ],
    "336": [
        15,
        "shelf"
    ],
    "337": [
        103,
        "plate"
    ],
    "338": [
        93,
        "wall_lamp"
    ],
    "339": [
        226,
        "pillow"
    ],
    "340": [
        210,
        "flowerpot"
    ],
    "342": [
        63,
        "ceiling_lamp"
    ],
    "343": [
        317,
        "table"
    ],
    "344": [
        200,
        "vase"
    ],
    "346": [
        225,
        "pillow"
    ],
    "347": [
        280,
        "bed"
    ],
    "348": [
        219,
        "pillow"
    ],
    "349": [
        209,
        "flower_vase"
    ],
    "350": [
        344,
        "pillow"
    ],
    "351": [
        122,
        "window"
    ],
    "354": [
        37,
        "wall_lamp"
    ],
    "355": [
        217,
        "window"
    ],
    "356": [
        279,
        "fan"
    ],
    "359": [
        105,
        "plate"
    ],
    "360": [
        373,
        "door"
    ],
    "362": [
        235,
        "kitchen_extractor"
    ],
    "363": [
        239,
        "decoration"
    ],
    "364": [
        244,
        "table"
    ],
    "365": [
        228,
        "pillow"
    ],
    "366": [
        367,
        "window"
    ],
    "367": [
        382,
        "toilet_brush"
    ],
    "368": [
        58,
        "pillow"
    ],
    "369": [
        191,
        "kitchen_cabinet"
    ],
    "371": [
        52,
        "fan"
    ],
    "373": [
        127,
        "wall_lamp"
    ],
    "374": [
        164,
        "ceiling_lamp"
    ],
    "375": [
        174,
        "table"
    ],
    "377": [
        169,
        "painting"
    ],
    "378": [
        24,
        "book"
    ],
    "380": [
        131,
        "mirror"
    ],
    "382": [
        234,
        "towel"
    ],
    "383": [
        298,
        "door"
    ],
    "384": [
        29,
        "decoration"
    ],
    "385": [
        173,
        "table"
    ],
    "386": [
        391,
        "wardrobe"
    ],
    "387": [
        233,
        "oven"
    ],
    "388": [
        100,
        "dining_chair"
    ],
    "389": [
        87,
        "painting"
    ],
    "390": [
        108,
        "plate"
    ],
    "391": [
        345,
        "pillow"
    ]
}