{
    "1": [
        132,
        "ceiling_lamp"
    ],
    "2": [
        246,
        "wine_bottle"
    ],
    "5": [
        2,
        "ceiling_lamp"
    ],
    "7": [
        329,
        "painting"
    ],
    "10": [
        168,
        "heater"
    ],
    "11": [
        53,
        "towel"
    ],
    "13": [
        350,
        "towel"
    ],
    "15": [
        268,
        "wall_electronics"
    ],
    "16": [
        394,
        "wall_electronics"
    ],
    "18": [
        97,
        "window"
    ],
    "19": [
        45,
        "hanger"
    ],
    "21": [
        73,
        "painting"
    ],
    "22": [
        384,
        "sauna_bowl"
    ],
    "25": [
        395,
        "picture"
    ],
    "27": [
        90,
        "bed_table"
    ],
    "28": [
        211,
        "firewood_holder"
    ],
    "29": [
        292,
        "painting"
    ],
    "32": [
        306,
        "curtain_rod"
    ],
    "34": [
        227,
        "curtain"
    ],
    "37": [
        267,
        "sink"
    ],
    "40": [
        83,
        "pillow"
    ],
    "42": [
        130,
        "wall_hanging_decoration"
    ],
    "43": [
        260,
        "kitchen_cabinet"
    ],
    "44": [
        296,
        "bed"
    ],
    "46": [
        33,
        "window"
    ],
    "47": [
        256,
        "table"
    ],
    "53": [
        342,
        "wardrobe"
    ],
    "56": [
        349,
        "heater"
    ],
    "58": [
        85,
        "cabinet"
    ],
    "60": [
        299,
        "bed_table"
    ],
    "61": [
        193,
        "ceiling_lamp"
    ],
    "64": [
        103,
        "folding_chair"
    ],
    "65": [
        331,
        "guitar"
    ],
    "67": [
        278,
        "kitchen_cabinet"
    ],
    "68": [
        243,
        "painting"
    ],
    "69": [
        230,
        "window"
    ],
    "72": [
        259,
        "washing_machine"
    ],
    "76": [
        27,
        "pillow"
    ],
    "78": [
        235,
        "door"
    ],
    "79": [
        358,
        "towel"
    ],
    "80": [
        279,
        "kitchen_cabinet"
    ],
    "82": [
        172,
        "wall_hanging_decoration"
    ],
    "83": [
        48,
        "mirror"
    ],
    "85": [
        295,
        "rug"
    ],
    "86": [
        57,
        "toilet_paper_dispenser"
    ],
    "89": [
        13,
        "door"
    ],
    "90": [
        266,
        "tap"
    ],
    "91": [
        257,
        "flower"
    ],
    "92": [
        221,
        "pillow"
    ],
    "94": [
        51,
        "tap"
    ],
    "96": [
        253,
        "chair"
    ],
    "97": [
        290,
        "door"
    ],
    "100": [
        372,
        "wall_electronics"
    ],
    "103": [
        282,
        "wall_electronics"
    ],
    "105": [
        80,
        "pillow"
    ],
    "106": [
        203,
        "wall_clock"
    ],
    "107": [
        20,
        "book"
    ],
    "109": [
        68,
        "ceiling_lamp"
    ],
    "110": [
        185,
        "box"
    ],
    "111": [
        262,
        "picture"
    ],
    "112": [
        298,
        "pillow"
    ],
    "116": [
        258,
        "kitchen_cabinet"
    ],
    "118": [
        265,
        "coffee_machine"
    ],
    "119": [
        337,
        "box"
    ],
    "121": [
        39,
        "floor_mat"
    ],
    "122": [
        58,
        "toilet_paper_dispenser"
    ],
    "123": [
        248,
        "wine_bottle"
    ],
    "124": [
        357,
        "tissue_box"
    ],
    "125": [
        78,
        "bed"
    ],
    "127": [
        5,
        "painting"
    ],
    "128": [
        25,
        "toy"
    ],
    "129": [
        212,
        "fireplace"
    ],
    "130": [
        302,
        "bed_light"
    ],
    "131": [
        140,
        "ceiling_lamp"
    ],
    "132": [
        60,
        "trashcan"
    ],
    "133": [
        401,
        "wall_electronics"
    ],
    "139": [
        118,
        "sensor"
    ],
    "140": [
        207,
        "painting"
    ],
    "142": [
        52,
        "hand_soap"
    ],
    "144": [
        264,
        "microwave"
    ],
    "145": [
        247,
        "wine_bottle"
    ],
    "148": [
        61,
        "shower_curtain"
    ],
    "149": [
        34,
        "window"
    ],
    "151": [
        341,
        "couch"
    ],
    "153": [
        186,
        "box"
    ],
    "154": [
        305,
        "curtain"
    ],
    "155": [
        240,
        "curtain"
    ],
    "156": [
        206,
        "painting"
    ],
    "158": [
        368,
        "bathroom_cabinet"
    ],
    "159": [
        308,
        "cabinet"
    ],
    "160": [
        15,
        "box"
    ],
    "162": [
        108,
        "grill"
    ],
    "163": [
        269,
        "kitchen_appliance"
    ],
    "164": [
        192,
        "ceiling_lamp"
    ],
    "166": [
        62,
        "bathrobe"
    ],
    "169": [
        104,
        "patio_chair"
    ],
    "172": [
        307,
        "curtain_rod"
    ],
    "173": [
        234,
        "door"
    ],
    "174": [
        117,
        "attic_door"
    ],
    "175": [
        30,
        "curtain"
    ],
    "177": [
        241,
        "heater"
    ],
    "179": [
        113,
        "window"
    ],
    "180": [
        244,
        "picture"
    ],
    "181": [
        328,
        "ceiling_lamp"
    ],
    "182": [
        55,
        "toilet_paper"
    ],
    "183": [
        300,
        "bed_table"
    ],
    "184": [
        391,
        "ceiling_lamp"
    ],
    "187": [
        164,
        "ceiling_lamp"
    ],
    "188": [
        181,
        "clothes_hanger"
    ],
    "189": [
        54,
        "flower"
    ],
    "193": [
        210,
        "fireplace_wall"
    ],
    "196": [
        250,
        "wine_bottle"
    ],
    "198": [
        215,
        "coffee_table"
    ],
    "201": [
        187,
        "box"
    ],
    "203": [
        178,
        "doormat"
    ],
    "204": [
        49,
        "cabinet"
    ],
    "207": [
        229,
        "window"
    ],
    "208": [
        180,
        "clothes_hanger"
    ],
    "210": [
        163,
        "ceiling_lamp"
    ],
    "211": [
        115,
        "lamp"
    ],
    "212": [
        340,
        "newspaper"
    ],
    "213": [
        24,
        "toy"
    ],
    "216": [
        28,
        "pillow"
    ],
    "218": [
        110,
        "window"
    ],
    "219": [
        285,
        "ceiling_lamp"
    ],
    "221": [
        35,
        "curtain_rod"
    ],
    "222": [
        161,
        "window"
    ],
    "224": [
        50,
        "sink"
    ],
    "225": [
        373,
        "door"
    ],
    "226": [
        106,
        "table"
    ],
    "227": [
        84,
        "pillow"
    ],
    "230": [
        29,
        "heater"
    ],
    "231": [
        208,
        "led_tv"
    ],
    "232": [
        91,
        "flower"
    ],
    "234": [
        283,
        "wall_electronics"
    ],
    "235": [
        388,
        "spa_bench"
    ],
    "240": [
        359,
        "mirror"
    ],
    "241": [
        400,
        "door"
    ],
    "242": [
        222,
        "pillow"
    ],
    "244": [
        124,
        "wall_lamp"
    ],
    "245": [
        209,
        "fireplace_wall"
    ],
    "248": [
        263,
        "oven"
    ],
    "249": [
        255,
        "chair"
    ],
    "251": [
        214,
        "rug"
    ],
    "252": [
        79,
        "pillow"
    ],
    "253": [
        76,
        "door"
    ],
    "255": [
        22,
        "toy"
    ],
    "256": [
        251,
        "wall_electronics"
    ],
    "257": [
        81,
        "pillow"
    ],
    "258": [
        291,
        "door"
    ],
    "259": [
        396,
        "picture"
    ],
    "260": [
        277,
        "refrigerator"
    ],
    "261": [
        344,
        "door"
    ],
    "262": [
        4,
        "painting"
    ],
    "263": [
        219,
        "book"
    ],
    "264": [
        23,
        "toy"
    ],
    "267": [
        383,
        "sauna_bowl"
    ],
    "268": [
        9,
        "door"
    ],
    "270": [
        338,
        "media_console"
    ],
    "273": [
        82,
        "pillow"
    ],
    "274": [
        191,
        "ceiling_lamp"
    ],
    "275": [
        334,
        "cabinet"
    ],
    "277": [
        37,
        "ceiling_vent"
    ],
    "278": [
        16,
        "box"
    ],
    "280": [
        44,
        "towel"
    ],
    "281": [
        293,
        "wall_hanging_decoration"
    ],
    "283": [
        270,
        "kitchen_appliance"
    ],
    "284": [
        205,
        "painting"
    ],
    "285": [
        218,
        "coffee_table"
    ],
    "286": [
        137,
        "door"
    ],
    "287": [
        93,
        "curtain"
    ],
    "288": [
        252,
        "chair"
    ],
    "290": [
        370,
        "bath_faucet"
    ],
    "291": [
        96,
        "window"
    ],
    "293": [
        379,
        "sauna_heater"
    ],
    "297": [
        239,
        "window"
    ],
    "298": [
        280,
        "kitchen_appliance"
    ],
    "299": [
        343,
        "door"
    ],
    "300": [
        220,
        "couch"
    ],
    "301": [
        356,
        "toilet"
    ],
    "303": [
        380,
        "sauna_bowl"
    ],
    "304": [
        301,
        "book"
    ],
    "306": [
        43,
        "door"
    ],
    "307": [
        17,
        "box"
    ],
    "308": [
        201,
        "wall_hanging_decoration"
    ],
    "310": [
        364,
        "bottle_of_soap"
    ],
    "313": [
        59,
        "toilet"
    ],
    "318": [
        249,
        "wine_bottle"
    ],
    "319": [
        88,
        "bed_table"
    ],
    "320": [
        275,
        "wall_hanging_decoration"
    ],
    "322": [
        148,
        "wall_lamp"
    ],
    "323": [
        176,
        "door"
    ],
    "324": [
        314,
        "window"
    ],
    "326": [
        182,
        "clothes_hanger"
    ],
    "327": [
        366,
        "ventilation_hood"
    ],
    "330": [
        92,
        "curtain"
    ],
    "331": [
        309,
        "flower"
    ],
    "332": [
        323,
        "electric_box"
    ],
    "333": [
        21,
        "book"
    ],
    "334": [
        107,
        "rug"
    ],
    "337": [
        313,
        "window"
    ],
    "338": [
        56,
        "toilet_paper"
    ],
    "339": [
        339,
        "media_console"
    ],
    "340": [
        336,
        "flower"
    ],
    "341": [
        170,
        "wall_hanging_decoration"
    ],
    "342": [
        333,
        "led_tv"
    ],
    "345": [
        297,
        "pillow"
    ],
    "349": [
        367,
        "wall_hanging_decoration"
    ],
    "350": [
        64,
        "bath_faucet"
    ],
    "351": [
        335,
        "flower"
    ],
    "352": [
        304,
        "door"
    ],
    "353": [
        179,
        "clothes_hanger"
    ],
    "354": [
        385,
        "sauna_bowl"
    ],
    "355": [
        303,
        "heater"
    ],
    "357": [
        31,
        "curtain"
    ],
    "358": [
        363,
        "tap"
    ],
    "361": [
        94,
        "curtain_rod"
    ],
    "363": [
        232,
        "curtain"
    ],
    "367": [
        167,
        "door"
    ],
    "370": [
        224,
        "floor_lamp"
    ],
    "371": [
        355,
        "floor_mat"
    ],
    "372": [
        105,
        "patio_chair"
    ],
    "376": [
        14,
        "cabinet"
    ],
    "377": [
        216,
        "flower"
    ],
    "380": [
        114,
        "window"
    ],
    "382": [
        65,
        "bath_faucet"
    ],
    "383": [
        389,
        "spa_bench"
    ],
    "385": [
        26,
        "bed"
    ],
    "387": [
        46,
        "towel_bar"
    ],
    "391": [
        361,
        "sink"
    ],
    "392": [
        330,
        "heater"
    ],
    "393": [
        324,
        "wall_electronics"
    ],
    "394": [
        225,
        "curtain"
    ],
    "396": [
        189,
        "window"
    ],
    "397": [
        89,
        "bedside_lamp"
    ],
    "398": [
        184,
        "wall_cabinet"
    ],
    "399": [
        371,
        "door"
    ],
    "400": [
        360,
        "bathroom_cabinet"
    ],
    "401": [
        254,
        "chair"
    ]
}