{
    "3": [
        6,
        "window_glass"
    ],
    "4": [
        448,
        "bed"
    ],
    "6": [
        315,
        "cabinet"
    ],
    "8": [
        478,
        "heater"
    ],
    "10": [
        541,
        "mirror"
    ],
    "12": [
        63,
        "faucet"
    ],
    "14": [
        435,
        "heater"
    ],
    "15": [
        275,
        "door"
    ],
    "17": [
        121,
        "window_glass"
    ],
    "18": [
        220,
        "kitchen_lower_cabinet"
    ],
    "23": [
        88,
        "picture"
    ],
    "24": [
        427,
        "cuddly_toy"
    ],
    "25": [
        208,
        "table_cloth"
    ],
    "30": [
        445,
        "blanket"
    ],
    "31": [
        53,
        "mirror"
    ],
    "32": [
        556,
        "heater"
    ],
    "33": [
        32,
        "frame"
    ],
    "36": [
        381,
        "decoration"
    ],
    "37": [
        60,
        "door"
    ],
    "40": [
        129,
        "window_curtain"
    ],
    "41": [
        292,
        "window_curtain"
    ],
    "42": [
        474,
        "picture"
    ],
    "43": [
        366,
        "bed"
    ],
    "46": [
        447,
        "bed_sheet"
    ],
    "47": [
        124,
        "window_curtain"
    ],
    "49": [
        20,
        "nightstand"
    ],
    "50": [
        132,
        "cabinet"
    ],
    "52": [
        106,
        "candle"
    ],
    "53": [
        405,
        "board"
    ],
    "54": [
        217,
        "oven_and_stove"
    ],
    "59": [
        104,
        "book"
    ],
    "62": [
        96,
        "rug"
    ],
    "64": [
        52,
        "picture"
    ],
    "68": [
        125,
        "window_curtain"
    ],
    "69": [
        84,
        "towel"
    ],
    "70": [
        102,
        "decorative_plate"
    ],
    "73": [
        473,
        "rug"
    ],
    "74": [
        466,
        "picture"
    ],
    "75": [
        114,
        "book"
    ],
    "76": [
        177,
        "kitchen_appliance"
    ],
    "77": [
        4,
        "picture"
    ],
    "78": [
        127,
        "picture"
    ],
    "79": [
        197,
        "sink"
    ],
    "80": [
        212,
        "dining_table"
    ],
    "81": [
        215,
        "basket_of_something"
    ],
    "84": [
        279,
        "wardrobe"
    ],
    "86": [
        291,
        "door_stopper"
    ],
    "90": [
        370,
        "board"
    ],
    "94": [
        430,
        "wardrobe"
    ],
    "95": [
        309,
        "mirror"
    ],
    "96": [
        486,
        "door"
    ],
    "97": [
        134,
        "picture"
    ],
    "98": [
        310,
        "bin"
    ],
    "99": [
        302,
        "basket"
    ],
    "100": [
        465,
        "picture"
    ],
    "101": [
        462,
        "lamp"
    ],
    "102": [
        78,
        "cosmetics"
    ],
    "109": [
        362,
        "pillow"
    ],
    "110": [
        411,
        "picture"
    ],
    "112": [
        174,
        "plate"
    ],
    "113": [
        499,
        "door"
    ],
    "116": [
        112,
        "fireplace_tool_set"
    ],
    "117": [
        410,
        "jar"
    ],
    "118": [
        326,
        "window_curtain"
    ],
    "119": [
        467,
        "mirror"
    ],
    "120": [
        218,
        "dishwasher"
    ],
    "121": [
        54,
        "wall_soap_shelf"
    ],
    "123": [
        301,
        "basket"
    ],
    "124": [
        538,
        "toilet"
    ],
    "127": [
        239,
        "door"
    ],
    "129": [
        271,
        "coat_hanger"
    ],
    "131": [
        517,
        "exercise_equipment"
    ],
    "132": [
        325,
        "window_glass"
    ],
    "133": [
        169,
        "ceiling_lamp"
    ],
    "135": [
        225,
        "kitchen_wall"
    ],
    "137": [
        91,
        "pillow"
    ],
    "138": [
        73,
        "bathroom_towel"
    ],
    "139": [
        65,
        "trash_can"
    ],
    "140": [
        198,
        "kettle"
    ],
    "143": [
        516,
        "exercise_equipment"
    ],
    "144": [
        456,
        "lamp"
    ],
    "148": [
        564,
        "shower_cabin"
    ],
    "149": [
        92,
        "pillow"
    ],
    "150": [
        340,
        "picture"
    ],
    "151": [
        574,
        "door"
    ],
    "152": [
        316,
        "pillow"
    ],
    "154": [
        558,
        "sink"
    ],
    "158": [
        320,
        "bed"
    ],
    "159": [
        5,
        "picture"
    ],
    "160": [
        303,
        "curtain"
    ],
    "161": [
        418,
        "mirror"
    ],
    "164": [
        142,
        "socket"
    ],
    "165": [
        105,
        "telephone"
    ],
    "168": [
        546,
        "basket_of_something"
    ],
    "170": [
        404,
        "board"
    ],
    "173": [
        475,
        "window_curtain"
    ],
    "174": [
        193,
        "paper_towel"
    ],
    "175": [
        526,
        "rack"
    ],
    "177": [
        213,
        "l"
    ],
    "178": [
        568,
        "trash_can"
    ],
    "179": [
        563,
        "bathroom_shelf"
    ],
    "180": [
        545,
        "bathroom_accessory"
    ],
    "182": [
        329,
        "wardrobe"
    ],
    "183": [
        472,
        "cabinet"
    ],
    "184": [
        71,
        "toilet_paper"
    ],
    "185": [
        133,
        "cabinet_clutter"
    ],
    "189": [
        559,
        "bathroom_towel"
    ],
    "190": [
        109,
        "picture"
    ],
    "194": [
        144,
        "couch"
    ],
    "195": [
        221,
        "kitchen_lower_cabinet"
    ],
    "198": [
        10,
        "blanket"
    ],
    "199": [
        130,
        "floor_lamp"
    ],
    "202": [
        570,
        "toilet_paper"
    ],
    "205": [
        9,
        "pillow"
    ],
    "206": [
        85,
        "window_curtain"
    ],
    "208": [
        135,
        "box_of_tissues"
    ],
    "209": [
        89,
        "picture"
    ],
    "210": [
        94,
        "pillow"
    ],
    "211": [
        205,
        "kitchen_extractor"
    ],
    "214": [
        187,
        "curtain_rod"
    ],
    "215": [
        377,
        "tv"
    ],
    "217": [
        87,
        "picture"
    ],
    "218": [
        544,
        "bathroom_accessory"
    ],
    "221": [
        379,
        "tv_stand"
    ],
    "227": [
        123,
        "curtain_rod"
    ],
    "228": [
        167,
        "curtain_rod"
    ],
    "229": [
        397,
        "wall_clock"
    ],
    "230": [
        380,
        "rug"
    ],
    "232": [
        311,
        "rug"
    ],
    "233": [
        117,
        "ceiling_lamp"
    ],
    "238": [
        180,
        "wall_clock"
    ],
    "241": [
        13,
        "bedside_lamp"
    ],
    "243": [
        79,
        "cosmetics"
    ],
    "244": [
        327,
        "window_curtain"
    ],
    "253": [
        266,
        "rug"
    ],
    "255": [
        201,
        "pillow"
    ],
    "258": [
        416,
        "window_curtain"
    ],
    "260": [
        438,
        "pillow"
    ],
    "261": [
        223,
        "kitchen_cabinet"
    ],
    "263": [
        528,
        "appliance"
    ],
    "265": [
        374,
        "curtain"
    ],
    "267": [
        532,
        "cloth"
    ],
    "268": [
        396,
        "ceiling_molding"
    ],
    "270": [
        393,
        "painting"
    ],
    "271": [
        514,
        "box"
    ],
    "273": [
        415,
        "window_curtain"
    ],
    "274": [
        382,
        "picture"
    ],
    "275": [
        269,
        "mirror"
    ],
    "276": [
        338,
        "picture"
    ],
    "279": [
        128,
        "window_curtain"
    ],
    "280": [
        439,
        "pillow"
    ],
    "281": [
        524,
        "clutter"
    ],
    "283": [
        533,
        "coat_hanger"
    ],
    "288": [
        401,
        "wall_lamp"
    ],
    "290": [
        18,
        "table_lamp"
    ],
    "293": [
        49,
        "shower_rail"
    ],
    "295": [
        107,
        "picture"
    ],
    "296": [
        470,
        "brush"
    ],
    "297": [
        295,
        "appliance"
    ],
    "300": [
        219,
        "kitchen_top"
    ],
    "301": [
        494,
        "book"
    ],
    "303": [
        186,
        "window_curtain"
    ],
    "304": [
        209,
        "dining_chair"
    ],
    "305": [
        140,
        "stool"
    ],
    "306": [
        484,
        "nightstand"
    ],
    "307": [
        561,
        "cosmetic"
    ],
    "309": [
        492,
        "bed"
    ],
    "313": [
        113,
        "firewood"
    ],
    "315": [
        111,
        "fireplace_wall"
    ],
    "320": [
        24,
        "cabinet"
    ],
    "321": [
        118,
        "armchair"
    ],
    "324": [
        323,
        "folding_chair"
    ],
    "325": [
        539,
        "toilet_paper"
    ],
    "326": [
        19,
        "basket_of_something"
    ],
    "327": [
        437,
        "pillow"
    ],
    "328": [
        206,
        "board"
    ],
    "331": [
        468,
        "switch"
    ],
    "332": [
        373,
        "curtain_rod"
    ],
    "333": [
        294,
        "washing_machine"
    ],
    "334": [
        278,
        "utensil"
    ],
    "337": [
        216,
        "kitchen_cabinet"
    ],
    "338": [
        306,
        "appliance"
    ],
    "340": [
        519,
        "case"
    ],
    "342": [
        518,
        "case"
    ],
    "343": [
        464,
        "picture"
    ],
    "344": [
        305,
        "rack"
    ],
    "348": [
        383,
        "picture"
    ],
    "349": [
        158,
        "wall_electronics"
    ],
    "351": [
        166,
        "shelf"
    ],
    "352": [
        324,
        "side_table"
    ],
    "353": [
        368,
        "board"
    ],
    "354": [
        274,
        "door_window"
    ],
    "355": [
        191,
        "kitchen_wall"
    ],
    "356": [
        203,
        "kitchen_appliance"
    ],
    "357": [
        527,
        "clutter"
    ],
    "358": [
        103,
        "vessel"
    ],
    "360": [
        146,
        "cabinet"
    ],
    "361": [
        569,
        "toilet_brush_holder"
    ],
    "362": [
        515,
        "exercise_equipment"
    ],
    "365": [
        66,
        "bathroom_towel"
    ],
    "369": [
        56,
        "laundry_basket"
    ],
    "370": [
        573,
        "bathroom_towel"
    ],
    "372": [
        68,
        "bath_sink"
    ],
    "375": [
        300,
        "shovel"
    ],
    "378": [
        385,
        "window_curtain"
    ],
    "379": [
        476,
        "window_curtain"
    ],
    "380": [
        562,
        "cosmetics"
    ],
    "381": [
        440,
        "pillow"
    ],
    "383": [
        446,
        "bed_sheet"
    ],
    "385": [
        115,
        "book"
    ],
    "386": [
        2,
        "ceiling_lamp"
    ],
    "390": [
        108,
        "picture"
    ],
    "391": [
        542,
        "faucet"
    ],
    "392": [
        200,
        "table_lamp"
    ],
    "393": [
        207,
        "heater"
    ],
    "394": [
        312,
        "cuddly_toy"
    ],
    "397": [
        341,
        "wall_electronics"
    ],
    "400": [
        51,
        "picture"
    ],
    "401": [
        12,
        "towel"
    ],
    "403": [
        72,
        "toilet"
    ],
    "405": [
        194,
        "wall_soap_shelf"
    ],
    "406": [
        547,
        "basket"
    ],
    "408": [
        442,
        "bedside_lamp"
    ],
    "409": [
        199,
        "cloth"
    ],
    "410": [
        540,
        "picture"
    ],
    "412": [
        264,
        "ceiling_lamp"
    ],
    "413": [
        535,
        "ceiling_lamp"
    ],
    "414": [
        270,
        "heater"
    ],
    "415": [
        272,
        "picture"
    ],
    "417": [
        86,
        "picture"
    ],
    "419": [
        181,
        "glass"
    ],
    "420": [
        314,
        "cloth"
    ],
    "421": [
        143,
        "cabinet"
    ],
    "422": [
        15,
        "newspaper"
    ],
    "423": [
        481,
        "pillow"
    ],
    "426": [
        386,
        "window_glass"
    ],
    "429": [
        479,
        "wardrobe"
    ],
    "431": [
        145,
        "stool"
    ],
    "434": [
        196,
        "washcloth"
    ],
    "435": [
        183,
        "window_glass"
    ],
    "436": [
        192,
        "kitchen_wall"
    ],
    "438": [
        21,
        "table_cloth"
    ],
    "439": [
        48,
        "shower_curtain"
    ],
    "442": [
        560,
        "cosmetics"
    ],
    "445": [
        50,
        "picture"
    ],
    "447": [
        543,
        "soap"
    ],
    "449": [
        551,
        "window_glass"
    ],
    "451": [
        548,
        "basket"
    ],
    "452": [
        493,
        "book"
    ],
    "454": [
        555,
        "bathroom_towel"
    ],
    "455": [
        211,
        "dining_chair"
    ],
    "459": [
        522,
        "case"
    ],
    "461": [
        365,
        "pillow"
    ],
    "463": [
        26,
        "door"
    ],
    "464": [
        120,
        "heater"
    ],
    "468": [
        495,
        "mirror"
    ],
    "472": [
        126,
        "table_lamp"
    ],
    "474": [
        441,
        "plate"
    ],
    "475": [
        469,
        "chair"
    ],
    "477": [
        268,
        "rug"
    ],
    "478": [
        8,
        "coat_hanger"
    ],
    "480": [
        70,
        "bathtub"
    ],
    "481": [
        16,
        "nightstand"
    ],
    "483": [
        222,
        "kitchen_cabinet"
    ],
    "485": [
        534,
        "ceiling_molding"
    ],
    "487": [
        98,
        "rug"
    ],
    "488": [
        444,
        "nightstand"
    ],
    "491": [
        17,
        "heater"
    ],
    "493": [
        62,
        "soap"
    ],
    "494": [
        74,
        "heater"
    ],
    "495": [
        195,
        "tray"
    ],
    "497": [
        100,
        "glass"
    ],
    "498": [
        157,
        "cabinet"
    ],
    "501": [
        557,
        "sink_pipe"
    ],
    "505": [
        339,
        "picture"
    ],
    "506": [
        431,
        "door"
    ],
    "510": [
        90,
        "pillow"
    ],
    "511": [
        165,
        "shelf"
    ],
    "513": [
        529,
        "rack"
    ],
    "514": [
        317,
        "heater"
    ],
    "517": [
        210,
        "dining_chair"
    ],
    "518": [
        403,
        "board"
    ],
    "519": [
        449,
        "bed"
    ],
    "520": [
        321,
        "bedside_lamp"
    ],
    "523": [
        141,
        "floor_lamp"
    ],
    "524": [
        95,
        "pillow"
    ],
    "525": [
        521,
        "ladder"
    ],
    "529": [
        99,
        "blanket"
    ],
    "531": [
        67,
        "sink_pipe"
    ],
    "534": [
        550,
        "window_curtain"
    ],
    "535": [
        483,
        "nightstand"
    ],
    "536": [
        204,
        "plate"
    ],
    "539": [
        330,
        "door"
    ],
    "541": [
        61,
        "cosmetics"
    ],
    "543": [
        428,
        "armchair"
    ],
    "544": [
        131,
        "wall_clock"
    ],
    "545": [
        224,
        "kitchen_cabinet"
    ],
    "546": [
        384,
        "wall_lamp"
    ],
    "547": [
        3,
        "picture"
    ],
    "549": [
        76,
        "window_curtain"
    ],
    "550": [
        549,
        "basket"
    ],
    "554": [
        23,
        "bed_sheet"
    ],
    "556": [
        11,
        "towel"
    ],
    "557": [
        480,
        "pillow"
    ],
    "563": [
        369,
        "board"
    ],
    "564": [
        289,
        "door"
    ],
    "565": [
        93,
        "pillow"
    ],
    "567": [
        277,
        "container"
    ],
    "568": [
        55,
        "bathroom_shelf"
    ],
    "569": [
        308,
        "ceiling_lamp"
    ],
    "570": [
        119,
        "armchair"
    ],
    "571": [
        491,
        "blanket"
    ],
    "573": [
        110,
        "fireplace"
    ],
    "574": [
        571,
        "bag"
    ],
    "575": [
        185,
        "window_curtain"
    ],
    "576": [
        443,
        "socket"
    ]
}