{
    "2": [
        127,
        "cabinet"
    ],
    "3": [
        8,
        "tv"
    ],
    "4": [
        256,
        "bathroom_counter"
    ],
    "5": [
        115,
        "door"
    ],
    "6": [
        342,
        "door"
    ],
    "7": [
        306,
        "blanket"
    ],
    "8": [
        33,
        "cushion"
    ],
    "9": [
        278,
        "mirror"
    ],
    "10": [
        203,
        "towel_bar"
    ],
    "11": [
        214,
        "showerhead"
    ],
    "13": [
        85,
        "kitchen_cabinet"
    ],
    "15": [
        64,
        "table"
    ],
    "16": [
        279,
        "door"
    ],
    "17": [
        77,
        "kitchen_cabinet"
    ],
    "19": [
        154,
        "lamp"
    ],
    "20": [
        84,
        "microwave"
    ],
    "22": [
        265,
        "air_conditioner"
    ],
    "23": [
        67,
        "chair"
    ],
    "24": [
        259,
        "light_fixture"
    ],
    "25": [
        39,
        "cushion"
    ],
    "27": [
        87,
        "kitchen_cabinet"
    ],
    "28": [
        122,
        "light_fixture"
    ],
    "29": [
        217,
        "door"
    ],
    "30": [
        275,
        "light_fixture"
    ],
    "32": [
        286,
        "lamp"
    ],
    "33": [
        336,
        "mirror"
    ],
    "34": [
        227,
        "sink_cabinet"
    ],
    "35": [
        80,
        "window"
    ],
    "36": [
        158,
        "nightstand"
    ],
    "37": [
        157,
        "ornament"
    ],
    "38": [
        9,
        "blanket"
    ],
    "40": [
        46,
        "plant"
    ],
    "42": [
        96,
        "kitchen_cabinet"
    ],
    "43": [
        71,
        "bin"
    ],
    "44": [
        65,
        "bench"
    ],
    "45": [
        110,
        "kitchen_island"
    ],
    "46": [
        31,
        "cushion"
    ],
    "47": [
        224,
        "sink"
    ],
    "48": [
        332,
        "table"
    ],
    "49": [
        22,
        "clock"
    ],
    "50": [
        301,
        "cushion"
    ],
    "51": [
        41,
        "plant"
    ],
    "55": [
        44,
        "table"
    ],
    "57": [
        104,
        "stool"
    ],
    "58": [
        108,
        "kitchen_cabinet"
    ],
    "60": [
        284,
        "decoration"
    ],
    "61": [
        25,
        "candlestick"
    ],
    "62": [
        251,
        "mirror"
    ],
    "65": [
        187,
        "light_fixture"
    ],
    "66": [
        322,
        "bed"
    ],
    "67": [
        34,
        "cushion"
    ],
    "69": [
        201,
        "plant"
    ],
    "70": [
        334,
        "hook"
    ],
    "71": [
        330,
        "mirror"
    ],
    "72": [
        325,
        "chair"
    ],
    "74": [
        276,
        "ceiling_fan"
    ],
    "75": [
        106,
        "stool"
    ],
    "76": [
        261,
        "light_fixture"
    ],
    "78": [
        257,
        "bathroom_cabinet"
    ],
    "79": [
        324,
        "table"
    ],
    "80": [
        340,
        "ornament"
    ],
    "81": [
        288,
        "curtain"
    ],
    "82": [
        90,
        "kitchen_cabinet"
    ],
    "83": [
        91,
        "kitchen_cabinet"
    ],
    "84": [
        69,
        "chair"
    ],
    "85": [
        97,
        "kitchen_counter"
    ],
    "87": [
        70,
        "kettle"
    ],
    "88": [
        28,
        "fireplace"
    ],
    "89": [
        47,
        "curtain"
    ],
    "91": [
        63,
        "bowl_of_fruit"
    ],
    "93": [
        52,
        "curtain_rod"
    ],
    "95": [
        15,
        "cushion"
    ],
    "96": [
        207,
        "bathtub"
    ],
    "100": [
        93,
        "kitchen_cabinet"
    ],
    "102": [
        36,
        "cushion"
    ],
    "103": [
        234,
        "toilet_paper"
    ],
    "105": [
        11,
        "dog_bed"
    ],
    "106": [
        125,
        "fuse_box"
    ],
    "107": [
        208,
        "bathtub_platform"
    ],
    "108": [
        38,
        "cushion"
    ],
    "109": [
        169,
        "window"
    ],
    "110": [
        223,
        "tap"
    ],
    "111": [
        59,
        "door"
    ],
    "112": [
        68,
        "chair"
    ],
    "113": [
        222,
        "tap"
    ],
    "114": [
        285,
        "lamp"
    ],
    "115": [
        159,
        "nightstand"
    ],
    "116": [
        140,
        "vase"
    ],
    "118": [
        290,
        "window"
    ],
    "120": [
        337,
        "picture"
    ],
    "121": [
        19,
        "magazine"
    ],
    "122": [
        244,
        "bin"
    ],
    "123": [
        338,
        "ornament"
    ],
    "124": [
        308,
        "ceiling_fan"
    ],
    "126": [
        168,
        "curtain"
    ],
    "128": [
        191,
        "bin"
    ],
    "129": [
        10,
        "stuffed_animal"
    ],
    "130": [
        160,
        "pillow"
    ],
    "131": [
        30,
        "blanket"
    ],
    "132": [
        42,
        "lamp"
    ],
    "133": [
        179,
        "tv"
    ],
    "136": [
        49,
        "curtain"
    ],
    "137": [
        294,
        "door"
    ],
    "139": [
        172,
        "armchair"
    ],
    "142": [
        146,
        "rug"
    ],
    "143": [
        72,
        "tap"
    ],
    "144": [
        296,
        "nightstand"
    ],
    "145": [
        86,
        "dishwasher"
    ],
    "146": [
        141,
        "ornament"
    ],
    "148": [
        193,
        "toilet"
    ],
    "149": [
        82,
        "sink"
    ],
    "151": [
        83,
        "kitchen_counter"
    ],
    "153": [
        206,
        "tap"
    ],
    "156": [
        242,
        "plant"
    ],
    "157": [
        48,
        "curtain"
    ],
    "158": [
        190,
        "toilet_paper"
    ],
    "159": [
        243,
        "toilet"
    ],
    "160": [
        18,
        "coffee_table"
    ],
    "162": [
        268,
        "door"
    ],
    "163": [
        45,
        "magazine"
    ],
    "165": [
        60,
        "lamp"
    ],
    "166": [
        328,
        "curtain_rod"
    ],
    "167": [
        238,
        "towel"
    ],
    "168": [
        128,
        "door"
    ],
    "169": [
        113,
        "thermostat"
    ],
    "170": [
        237,
        "shower_curtain"
    ],
    "171": [
        103,
        "stool"
    ],
    "174": [
        109,
        "kitchen_cabinet"
    ],
    "176": [
        347,
        "sign"
    ],
    "177": [
        323,
        "lamp"
    ],
    "178": [
        231,
        "window"
    ],
    "180": [
        40,
        "sofa"
    ],
    "181": [
        79,
        "kitchen_cabinet"
    ],
    "182": [
        153,
        "lamp"
    ],
    "185": [
        24,
        "candlestick"
    ],
    "186": [
        241,
        "bath_mat"
    ],
    "189": [
        180,
        "cabinet"
    ],
    "191": [
        89,
        "kitchen_cabinet"
    ],
    "192": [
        341,
        "chest_of_drawers"
    ],
    "195": [
        289,
        "curtain_rod"
    ],
    "196": [
        5,
        "clock"
    ],
    "200": [
        331,
        "light"
    ],
    "201": [
        216,
        "door"
    ],
    "202": [
        58,
        "window"
    ],
    "203": [
        53,
        "chandelier"
    ],
    "204": [
        102,
        "kitchen_counter"
    ],
    "206": [
        245,
        "door"
    ],
    "208": [
        239,
        "towel"
    ],
    "209": [
        312,
        "door"
    ],
    "210": [
        37,
        "cushion"
    ],
    "211": [
        51,
        "curtain_rod"
    ],
    "212": [
        142,
        "mirror"
    ],
    "213": [
        107,
        "kitchen_cabinet"
    ],
    "214": [
        162,
        "pillow"
    ],
    "215": [
        32,
        "cushion"
    ],
    "217": [
        173,
        "clock"
    ],
    "219": [
        151,
        "fire_alarm"
    ],
    "222": [
        326,
        "curtain"
    ],
    "223": [
        316,
        "cushion"
    ],
    "225": [
        171,
        "cushion"
    ],
    "228": [
        260,
        "light_fixture"
    ],
    "230": [
        112,
        "light_fixture"
    ],
    "231": [
        302,
        "pillow"
    ],
    "233": [
        229,
        "bathroom_counter"
    ],
    "234": [
        73,
        "vase"
    ],
    "235": [
        335,
        "tv"
    ],
    "236": [
        4,
        "chandelier"
    ],
    "238": [
        345,
        "rug"
    ],
    "239": [
        130,
        "cabinet"
    ],
    "241": [
        101,
        "kitchen_counter"
    ],
    "242": [
        167,
        "curtain"
    ],
    "245": [
        225,
        "sink"
    ],
    "246": [
        327,
        "curtain"
    ],
    "247": [
        177,
        "door"
    ],
    "248": [
        135,
        "washer"
    ],
    "250": [
        202,
        "towel"
    ],
    "252": [
        195,
        "bathroom_cabinet"
    ],
    "253": [
        155,
        "book"
    ],
    "254": [
        196,
        "light_fixture"
    ],
    "255": [
        226,
        "sink_cabinet"
    ],
    "257": [
        305,
        "pillow"
    ],
    "258": [
        76,
        "coffee_maker"
    ],
    "259": [
        255,
        "sink"
    ],
    "260": [
        317,
        "cushion"
    ],
    "261": [
        304,
        "pillow"
    ],
    "262": [
        35,
        "cushion"
    ],
    "263": [
        66,
        "chair"
    ],
    "264": [
        235,
        "toilet_paper"
    ],
    "265": [
        55,
        "rug"
    ],
    "266": [
        253,
        "tap"
    ],
    "267": [
        150,
        "ceiling_fan"
    ],
    "268": [
        156,
        "remote_control"
    ],
    "269": [
        26,
        "christmas_tree"
    ],
    "273": [
        170,
        "curtain_rod"
    ],
    "275": [
        266,
        "rug"
    ],
    "276": [
        147,
        "blinds"
    ],
    "277": [
        264,
        "thermostat"
    ],
    "280": [
        143,
        "cabinet"
    ],
    "281": [
        166,
        "stool"
    ],
    "282": [
        240,
        "towel_bar"
    ],
    "283": [
        20,
        "magazine"
    ],
    "284": [
        137,
        "light_fixture"
    ],
    "285": [
        319,
        "pillow"
    ],
    "286": [
        200,
        "window"
    ],
    "287": [
        124,
        "lamp"
    ],
    "288": [
        13,
        "plant"
    ],
    "290": [
        318,
        "cushion"
    ],
    "291": [
        21,
        "mirror"
    ],
    "293": [
        270,
        "mirror"
    ],
    "294": [
        94,
        "kitchen_cabinet"
    ],
    "296": [
        62,
        "mirror"
    ],
    "297": [
        78,
        "kitchen_cabinet"
    ],
    "298": [
        295,
        "nightstand"
    ],
    "299": [
        50,
        "curtain"
    ],
    "300": [
        105,
        "stool"
    ],
    "302": [
        136,
        "washer"
    ],
    "303": [
        320,
        "pillow"
    ],
    "304": [
        95,
        "cooker"
    ],
    "305": [
        92,
        "kitchen_cabinet"
    ],
    "308": [
        175,
        "mirror"
    ],
    "309": [
        17,
        "bowl_of_fruit"
    ],
    "310": [
        27,
        "mantle"
    ],
    "311": [
        163,
        "pillow"
    ],
    "313": [
        12,
        "sideboard"
    ],
    "314": [
        228,
        "sink_cabinet"
    ],
    "316": [
        148,
        "door"
    ],
    "318": [
        16,
        "armchair"
    ],
    "319": [
        161,
        "pillow"
    ],
    "320": [
        74,
        "vase"
    ],
    "321": [
        303,
        "pillow"
    ],
    "322": [
        300,
        "cushion"
    ],
    "323": [
        43,
        "plant"
    ],
    "324": [
        299,
        "cushion"
    ],
    "325": [
        164,
        "bed"
    ],
    "326": [
        339,
        "ornament"
    ],
    "328": [
        88,
        "kitchen_cabinet"
    ],
    "330": [
        236,
        "shower_curtain_rod"
    ],
    "331": [
        321,
        "pillow"
    ],
    "333": [
        100,
        "refrigerator"
    ],
    "334": [
        56,
        "blinds"
    ],
    "336": [
        329,
        "window"
    ],
    "338": [
        309,
        "light_fixture"
    ],
    "339": [
        176,
        "thermostat"
    ],
    "340": [
        57,
        "window"
    ],
    "342": [
        287,
        "curtain"
    ],
    "343": [
        307,
        "bed"
    ],
    "347": [
        189,
        "toilet_paper"
    ]
}