{
    "4": [
        170,
        "door"
    ],
    "6": [
        521,
        "cabinet"
    ],
    "9": [
        125,
        "railing"
    ],
    "10": [
        96,
        "dresser"
    ],
    "11": [
        336,
        "chair"
    ],
    "14": [
        678,
        "bed"
    ],
    "15": [
        162,
        "shelf"
    ],
    "17": [
        302,
        "bed"
    ],
    "18": [
        44,
        "door"
    ],
    "19": [
        326,
        "curtain"
    ],
    "20": [
        256,
        "pillow"
    ],
    "24": [
        254,
        "chair"
    ],
    "25": [
        91,
        "nightstand"
    ],
    "26": [
        699,
        "sink"
    ],
    "32": [
        327,
        "curtain"
    ],
    "33": [
        86,
        "pillow"
    ],
    "43": [
        300,
        "pillow"
    ],
    "45": [
        130,
        "window_shutter"
    ],
    "48": [
        110,
        "towel"
    ],
    "51": [
        704,
        "toilet_paper"
    ],
    "52": [
        590,
        "chair"
    ],
    "54": [
        247,
        "towel"
    ],
    "63": [
        323,
        "railing"
    ],
    "64": [
        452,
        "cushion"
    ],
    "66": [
        29,
        "towel"
    ],
    "75": [
        626,
        "electric_box"
    ],
    "78": [
        201,
        "toilet_paper"
    ],
    "80": [
        338,
        "dustbin"
    ],
    "81": [
        18,
        "toilet"
    ],
    "84": [
        172,
        "shower_cabin"
    ],
    "85": [
        497,
        "lamp"
    ],
    "86": [
        16,
        "sink"
    ],
    "88": [
        204,
        "lamp"
    ],
    "90": [
        622,
        "chair"
    ],
    "91": [
        102,
        "paper"
    ],
    "95": [
        690,
        "wardrobe"
    ],
    "96": [
        470,
        "chair"
    ],
    "97": [
        28,
        "towel"
    ],
    "100": [
        84,
        "pillow"
    ],
    "107": [
        524,
        "book"
    ],
    "112": [
        121,
        "curtain"
    ],
    "114": [
        191,
        "toilet"
    ],
    "116": [
        357,
        "soap_dispenser"
    ],
    "117": [
        391,
        "lamp"
    ],
    "119": [
        249,
        "towel"
    ],
    "120": [
        301,
        "bed"
    ],
    "124": [
        214,
        "shower"
    ],
    "125": [
        477,
        "pot"
    ],
    "127": [
        159,
        "soap_bottle"
    ],
    "129": [
        187,
        "lamp"
    ],
    "131": [
        517,
        "door"
    ],
    "132": [
        289,
        "lamp"
    ],
    "133": [
        393,
        "fire_extinguisher"
    ],
    "134": [
        154,
        "soap_dispenser"
    ],
    "135": [
        185,
        "window_shutter"
    ],
    "137": [
        397,
        "window"
    ],
    "143": [
        543,
        "window"
    ],
    "146": [
        89,
        "pillow"
    ],
    "147": [
        202,
        "toilet_paper"
    ],
    "149": [
        676,
        "towel"
    ],
    "154": [
        345,
        "toilet_brush"
    ],
    "155": [
        213,
        "shower_cabin"
    ],
    "156": [
        328,
        "window_shutter"
    ],
    "160": [
        462,
        "kettle"
    ],
    "161": [
        374,
        "light"
    ],
    "162": [
        579,
        "lamp"
    ],
    "163": [
        670,
        "thermostat"
    ],
    "164": [
        210,
        "toilet_brush"
    ],
    "166": [
        594,
        "vase"
    ],
    "167": [
        92,
        "nightstand"
    ],
    "169": [
        250,
        "towel"
    ],
    "171": [
        245,
        "tv"
    ],
    "175": [
        209,
        "window"
    ],
    "178": [
        81,
        "armchair"
    ],
    "179": [
        93,
        "lamp"
    ],
    "180": [
        17,
        "mirror"
    ],
    "181": [
        596,
        "tray"
    ],
    "182": [
        173,
        "shower"
    ],
    "183": [
        525,
        "bench"
    ],
    "184": [
        113,
        "pillow"
    ],
    "188": [
        413,
        "radiator"
    ],
    "191": [
        349,
        "ceiling_window"
    ],
    "193": [
        455,
        "picture"
    ],
    "199": [
        30,
        "towel"
    ],
    "200": [
        692,
        "radiator"
    ],
    "201": [
        597,
        "mug"
    ],
    "203": [
        642,
        "lamp"
    ],
    "204": [
        333,
        "towel"
    ],
    "207": [
        184,
        "window_shutter"
    ],
    "210": [
        100,
        "radiator"
    ],
    "212": [
        260,
        "bed"
    ],
    "214": [
        156,
        "window"
    ],
    "215": [
        386,
        "ceiling_window"
    ],
    "216": [
        665,
        "mirror"
    ],
    "218": [
        617,
        "window"
    ],
    "219": [
        132,
        "lamp"
    ],
    "221": [
        471,
        "chair"
    ],
    "222": [
        206,
        "shelf"
    ],
    "223": [
        221,
        "window_shutter"
    ],
    "228": [
        675,
        "pillow"
    ],
    "233": [
        39,
        "window"
    ],
    "234": [
        79,
        "window"
    ],
    "236": [
        682,
        "door"
    ],
    "238": [
        625,
        "chair"
    ],
    "239": [
        683,
        "window_shutter"
    ],
    "241": [
        188,
        "towel_bar"
    ],
    "243": [
        472,
        "chair"
    ],
    "245": [
        639,
        "door"
    ],
    "246": [
        595,
        "teapot"
    ],
    "248": [
        496,
        "lamp"
    ],
    "250": [
        464,
        "decorative_plate"
    ],
    "251": [
        408,
        "lamp"
    ],
    "255": [
        83,
        "pillow"
    ],
    "256": [
        196,
        "mirror"
    ],
    "257": [
        321,
        "window"
    ],
    "261": [
        700,
        "toilet"
    ],
    "263": [
        356,
        "shower"
    ],
    "264": [
        158,
        "toilet"
    ],
    "265": [
        198,
        "sink"
    ],
    "268": [
        578,
        "container"
    ],
    "272": [
        94,
        "lamp"
    ],
    "273": [
        656,
        "door"
    ],
    "274": [
        599,
        "cabinet"
    ],
    "275": [
        641,
        "door"
    ],
    "276": [
        416,
        "hanger"
    ],
    "277": [
        263,
        "curtain"
    ],
    "285": [
        203,
        "toilet_paper"
    ],
    "286": [
        474,
        "table"
    ],
    "287": [
        598,
        "mug"
    ],
    "289": [
        677,
        "towel"
    ],
    "290": [
        264,
        "curtain"
    ],
    "292": [
        396,
        "window"
    ],
    "295": [
        241,
        "wardrobe"
    ],
    "296": [
        164,
        "towel"
    ],
    "297": [
        32,
        "bathtub"
    ],
    "298": [
        418,
        "picture"
    ],
    "299": [
        454,
        "sofa"
    ],
    "301": [
        19,
        "radiator"
    ],
    "302": [
        686,
        "window"
    ],
    "303": [
        531,
        "radiator"
    ],
    "304": [
        293,
        "wardrobe"
    ],
    "305": [
        410,
        "lamp"
    ],
    "306": [
        347,
        "toilet"
    ],
    "309": [
        36,
        "soap_dispenser"
    ],
    "310": [
        90,
        "bed"
    ],
    "313": [
        253,
        "door"
    ],
    "316": [
        480,
        "coffee_table"
    ],
    "318": [
        657,
        "door"
    ],
    "319": [
        358,
        "lamp"
    ],
    "320": [
        592,
        "plates"
    ],
    "325": [
        593,
        "plates"
    ],
    "329": [
        78,
        "lamp"
    ],
    "334": [
        103,
        "tv"
    ],
    "335": [
        624,
        "chair"
    ],
    "337": [
        582,
        "lamp"
    ],
    "340": [
        133,
        "lamp"
    ],
    "342": [
        161,
        "radiator"
    ],
    "343": [
        468,
        "cabinet"
    ],
    "344": [
        674,
        "pillow"
    ],
    "346": [
        9,
        "lamp"
    ],
    "347": [
        473,
        "chair"
    ],
    "349": [
        97,
        "lamp"
    ],
    "354": [
        666,
        "lamp"
    ],
    "355": [
        98,
        "picture"
    ],
    "357": [
        186,
        "toilet_paper"
    ],
    "360": [
        118,
        "paper"
    ],
    "361": [
        600,
        "door"
    ],
    "362": [
        684,
        "window_shutter"
    ],
    "363": [
        673,
        "lamp"
    ],
    "364": [
        153,
        "mirror"
    ],
    "365": [
        82,
        "pillow"
    ],
    "372": [
        35,
        "container"
    ],
    "374": [
        479,
        "lamp"
    ],
    "375": [
        34,
        "towel"
    ],
    "378": [
        37,
        "shower"
    ],
    "380": [
        354,
        "shower_tub"
    ],
    "382": [
        705,
        "toilet_paper"
    ],
    "385": [
        12,
        "toilet_brush"
    ],
    "386": [
        88,
        "pillow"
    ],
    "388": [
        298,
        "pillow"
    ],
    "391": [
        211,
        "shower_tub"
    ],
    "392": [
        122,
        "window"
    ],
    "397": [
        297,
        "pillow"
    ],
    "401": [
        392,
        "sign"
    ],
    "404": [
        171,
        "shower_tub"
    ],
    "405": [
        584,
        "lamp"
    ],
    "407": [
        334,
        "towel"
    ],
    "408": [
        167,
        "toilet_paper"
    ],
    "409": [
        322,
        "window"
    ],
    "410": [
        331,
        "towel"
    ],
    "412": [
        648,
        "chest"
    ],
    "414": [
        26,
        "toilet_paper"
    ],
    "421": [
        222,
        "window_shutter"
    ],
    "423": [
        475,
        "flower_vase"
    ],
    "425": [
        261,
        "nightstand"
    ],
    "426": [
        453,
        "sofa"
    ],
    "428": [
        341,
        "toilet_paper"
    ],
    "434": [
        643,
        "lamp"
    ],
    "437": [
        135,
        "door"
    ],
    "439": [
        105,
        "door"
    ],
    "441": [
        343,
        "mirror"
    ],
    "442": [
        178,
        "basket"
    ],
    "443": [
        197,
        "soap_bottle"
    ],
    "445": [
        243,
        "picture"
    ],
    "446": [
        116,
        "nightstand"
    ],
    "447": [
        709,
        "shelf"
    ],
    "452": [
        469,
        "cabinet"
    ],
    "453": [
        339,
        "toilet_paper"
    ],
    "455": [
        168,
        "toilet_paper"
    ],
    "457": [
        355,
        "shower_cabin"
    ],
    "458": [
        712,
        "shower"
    ],
    "465": [
        589,
        "chair"
    ],
    "466": [
        25,
        "toilet_paper"
    ],
    "468": [
        583,
        "desk"
    ],
    "471": [
        708,
        "towel_bar"
    ],
    "473": [
        20,
        "towel_bar"
    ],
    "475": [
        713,
        "shower_cabin"
    ],
    "481": [
        13,
        "toilet_paper"
    ],
    "482": [
        190,
        "dustbin"
    ],
    "483": [
        265,
        "window"
    ],
    "486": [
        689,
        "window"
    ],
    "487": [
        258,
        "pillow"
    ],
    "491": [
        212,
        "soap_dispenser"
    ],
    "492": [
        111,
        "towel"
    ],
    "494": [
        710,
        "soap_dispenser"
    ],
    "495": [
        679,
        "nightstand"
    ],
    "498": [
        457,
        "dustbin"
    ],
    "499": [
        251,
        "towel"
    ],
    "500": [
        646,
        "dustbin"
    ],
    "501": [
        216,
        "radiator"
    ],
    "502": [
        112,
        "pillow"
    ],
    "504": [
        257,
        "pillow"
    ],
    "506": [
        31,
        "shelf"
    ],
    "507": [
        24,
        "shelf"
    ],
    "508": [
        651,
        "box"
    ],
    "509": [
        478,
        "kettle"
    ],
    "512": [
        373,
        "light"
    ],
    "513": [
        119,
        "tv"
    ],
    "514": [
        236,
        "lamp"
    ],
    "516": [
        591,
        "plates"
    ],
    "518": [
        40,
        "window"
    ],
    "519": [
        229,
        "lamp"
    ],
    "520": [
        518,
        "window_shutter"
    ],
    "525": [
        346,
        "toilet_paper"
    ],
    "526": [
        621,
        "table"
    ],
    "528": [
        342,
        "sink"
    ],
    "529": [
        412,
        "plant"
    ],
    "531": [
        623,
        "chair"
    ],
    "533": [
        586,
        "radiator"
    ],
    "536": [
        519,
        "window_shutter"
    ],
    "538": [
        335,
        "towel"
    ],
    "541": [
        14,
        "container"
    ],
    "543": [
        581,
        "lamp"
    ],
    "546": [
        200,
        "toilet_paper"
    ],
    "547": [
        246,
        "container"
    ],
    "548": [
        303,
        "nightstand"
    ],
    "549": [
        290,
        "lamp"
    ],
    "550": [
        466,
        "vase"
    ],
    "553": [
        417,
        "picture"
    ],
    "555": [
        344,
        "soap_dispenser"
    ],
    "558": [
        131,
        "window_shutter"
    ],
    "559": [
        614,
        "window_shutter"
    ],
    "564": [
        199,
        "door"
    ],
    "565": [
        580,
        "lamp"
    ],
    "566": [
        120,
        "armchair"
    ],
    "567": [
        548,
        "window_shutter"
    ],
    "568": [
        259,
        "bed"
    ],
    "569": [
        688,
        "window"
    ],
    "570": [
        449,
        "cushion"
    ],
    "574": [
        450,
        "cushion"
    ],
    "578": [
        653,
        "sign"
    ],
    "584": [
        451,
        "cushion"
    ],
    "585": [
        459,
        "lamp"
    ],
    "587": [
        587,
        "radiator"
    ],
    "588": [
        279,
        "window_shutter"
    ],
    "590": [
        27,
        "toilet_paper"
    ],
    "591": [
        645,
        "mirror"
    ],
    "595": [
        703,
        "toilet_paper"
    ],
    "596": [
        248,
        "towel"
    ],
    "597": [
        394,
        "vase"
    ],
    "599": [
        99,
        "mirror"
    ],
    "601": [
        687,
        "window"
    ],
    "602": [
        160,
        "sink"
    ],
    "606": [
        544,
        "window"
    ],
    "607": [
        618,
        "window"
    ],
    "608": [
        95,
        "folding_chair"
    ],
    "609": [
        33,
        "towel"
    ],
    "612": [
        332,
        "towel"
    ],
    "615": [
        306,
        "tv"
    ],
    "616": [
        467,
        "vase"
    ],
    "617": [
        115,
        "bed"
    ],
    "620": [
        101,
        "curtain"
    ],
    "622": [
        706,
        "toilet_brush"
    ],
    "626": [
        262,
        "radiator"
    ],
    "628": [
        117,
        "nightstand"
    ],
    "631": [
        305,
        "paper"
    ],
    "632": [
        463,
        "decorative_plate"
    ],
    "634": [
        114,
        "pillow"
    ],
    "636": [
        330,
        "container"
    ],
    "638": [
        87,
        "pillow"
    ],
    "641": [
        255,
        "pillow"
    ],
    "644": [
        520,
        "door"
    ],
    "645": [
        85,
        "bed"
    ],
    "649": [
        208,
        "window"
    ],
    "650": [
        38,
        "shower_handle"
    ],
    "651": [
        340,
        "toilet_paper"
    ],
    "654": [
        447,
        "coffee_table"
    ],
    "658": [
        242,
        "picture"
    ],
    "661": [
        109,
        "wardrobe"
    ],
    "665": [
        465,
        "bowl"
    ],
    "666": [
        299,
        "pillow"
    ],
    "671": [
        707,
        "vent"
    ],
    "672": [
        15,
        "soap_bottle"
    ],
    "673": [
        701,
        "radiator"
    ],
    "676": [
        691,
        "lamp"
    ],
    "686": [
        296,
        "door"
    ],
    "689": [
        547,
        "curtain"
    ],
    "694": [
        448,
        "candle"
    ],
    "695": [
        523,
        "book"
    ],
    "696": [
        658,
        "door"
    ],
    "697": [
        681,
        "door"
    ],
    "698": [
        702,
        "toilet_paper"
    ],
    "702": [
        123,
        "window"
    ],
    "706": [
        104,
        "wardrobe"
    ],
    "707": [
        155,
        "window"
    ],
    "709": [
        515,
        "pillar"
    ],
    "712": [
        458,
        "picture"
    ],
    "713": [
        456,
        "picture"
    ],
    "714": [
        169,
        "shelf"
    ],
    "716": [
        235,
        "lamp"
    ],
    "718": [
        244,
        "paper"
    ],
    "720": [
        177,
        "dustbin"
    ],
    "724": [
        278,
        "window_shutter"
    ],
    "725": [
        304,
        "radiator"
    ]
}