{
    "2": [
        316,
        "door"
    ],
    "5": [
        32,
        "toilet_brush"
    ],
    "8": [
        208,
        "painting"
    ],
    "9": [
        65,
        "pillow"
    ],
    "10": [
        186,
        "pillow"
    ],
    "12": [
        238,
        "microwave"
    ],
    "13": [
        58,
        "telephone"
    ],
    "15": [
        239,
        "stove"
    ],
    "20": [
        236,
        "kitchen_cabinet"
    ],
    "21": [
        56,
        "bed"
    ],
    "22": [
        167,
        "window"
    ],
    "30": [
        176,
        "armchair"
    ],
    "39": [
        127,
        "tap"
    ],
    "40": [
        46,
        "ceiling_lamp"
    ],
    "41": [
        101,
        "towel"
    ],
    "42": [
        345,
        "window"
    ],
    "43": [
        47,
        "ceiling_lamp"
    ],
    "44": [
        140,
        "door"
    ],
    "45": [
        36,
        "tap"
    ],
    "47": [
        54,
        "ventilation_hood"
    ],
    "50": [
        304,
        "ceiling_lamp"
    ],
    "53": [
        264,
        "chair"
    ],
    "62": [
        329,
        "toilet"
    ],
    "66": [
        281,
        "wall_electronics"
    ],
    "68": [
        122,
        "mirror_frame"
    ],
    "69": [
        278,
        "bucket"
    ],
    "70": [
        88,
        "towel"
    ],
    "72": [
        334,
        "sink"
    ],
    "76": [
        262,
        "stack_of_papers"
    ],
    "78": [
        266,
        "chair"
    ],
    "89": [
        193,
        "vase"
    ],
    "90": [
        85,
        "closet_shelf"
    ],
    "91": [
        348,
        "shower_dial"
    ],
    "92": [
        95,
        "towel"
    ],
    "95": [
        41,
        "door"
    ],
    "98": [
        177,
        "pillow"
    ],
    "100": [
        37,
        "bottle_of_soap"
    ],
    "101": [
        303,
        "bedside_lamp"
    ],
    "103": [
        16,
        "bed"
    ],
    "104": [
        124,
        "sink"
    ],
    "106": [
        243,
        "kitchen_appliance"
    ],
    "107": [
        89,
        "towel"
    ],
    "108": [
        175,
        "electrical_controller"
    ],
    "109": [
        100,
        "towel"
    ],
    "114": [
        246,
        "lamp_table"
    ],
    "116": [
        224,
        "sink"
    ],
    "124": [
        131,
        "door"
    ],
    "128": [
        61,
        "electrical_controller"
    ],
    "129": [
        49,
        "led_tv"
    ],
    "132": [
        342,
        "cabinet"
    ],
    "133": [
        197,
        "window"
    ],
    "134": [
        265,
        "chair"
    ],
    "135": [
        290,
        "ventilation_hood"
    ],
    "137": [
        4,
        "ceiling_lamp"
    ],
    "139": [
        19,
        "nightstand"
    ],
    "143": [
        192,
        "vase"
    ],
    "145": [
        50,
        "chair"
    ],
    "147": [
        98,
        "towel"
    ],
    "152": [
        198,
        "window"
    ],
    "153": [
        169,
        "door"
    ],
    "156": [
        279,
        "brush"
    ],
    "158": [
        344,
        "tap"
    ],
    "159": [
        298,
        "electrical_controller"
    ],
    "160": [
        299,
        "window_curtain"
    ],
    "161": [
        151,
        "ventilation_hood"
    ],
    "162": [
        328,
        "toilet_paper"
    ],
    "165": [
        297,
        "photo"
    ],
    "167": [
        225,
        "tap"
    ],
    "170": [
        64,
        "pillow"
    ],
    "171": [
        33,
        "toilet"
    ],
    "172": [
        174,
        "electrical_controller"
    ],
    "175": [
        63,
        "pillow"
    ],
    "176": [
        295,
        "nightstand"
    ],
    "177": [
        43,
        "clothes_hanger"
    ],
    "178": [
        55,
        "ventilation_hood"
    ],
    "179": [
        84,
        "closet_shelf"
    ],
    "180": [
        209,
        "wall_electronics"
    ],
    "181": [
        159,
        "ventilation_hood"
    ],
    "183": [
        191,
        "led_tv"
    ],
    "185": [
        187,
        "table"
    ],
    "186": [
        21,
        "nightstand"
    ],
    "189": [
        271,
        "flower"
    ],
    "190": [
        9,
        "ventilation_hood"
    ],
    "191": [
        261,
        "stack_of_papers"
    ],
    "192": [
        293,
        "painting"
    ],
    "194": [
        137,
        "ceiling_lamp"
    ],
    "195": [
        71,
        "bedside_lamp"
    ],
    "198": [
        163,
        "window"
    ],
    "199": [
        173,
        "glass"
    ],
    "201": [
        240,
        "kettle"
    ],
    "202": [
        332,
        "tap"
    ],
    "203": [
        172,
        "glass"
    ],
    "204": [
        347,
        "tap"
    ],
    "205": [
        17,
        "pillow"
    ],
    "206": [
        45,
        "ceiling_lamp"
    ],
    "207": [
        283,
        "flower"
    ],
    "210": [
        62,
        "pillow"
    ],
    "211": [
        23,
        "bedside_lamp"
    ],
    "214": [
        105,
        "clothes_hanger"
    ],
    "215": [
        3,
        "painting"
    ],
    "218": [
        81,
        "cabinet"
    ],
    "219": [
        115,
        "toilet"
    ],
    "220": [
        272,
        "support_beam"
    ],
    "223": [
        114,
        "trashcan"
    ],
    "226": [
        308,
        "ceiling_light"
    ],
    "227": [
        182,
        "pillow"
    ],
    "228": [
        73,
        "ceiling_vent"
    ],
    "232": [
        185,
        "pillow"
    ],
    "233": [
        269,
        "chair"
    ],
    "237": [
        86,
        "closet_shelf"
    ],
    "238": [
        180,
        "couch"
    ],
    "240": [
        301,
        "pillow"
    ],
    "242": [
        309,
        "ceiling_light"
    ],
    "243": [
        343,
        "sink"
    ],
    "245": [
        196,
        "window"
    ],
    "246": [
        123,
        "bathroom_cabinet"
    ],
    "248": [
        118,
        "shower_dial"
    ],
    "250": [
        270,
        "table"
    ],
    "251": [
        14,
        "window_curtain"
    ],
    "252": [
        116,
        "wall_electronics"
    ],
    "254": [
        60,
        "electrical_controller"
    ],
    "256": [
        57,
        "nightstand"
    ],
    "259": [
        296,
        "nightstand"
    ],
    "260": [
        22,
        "picture"
    ],
    "261": [
        30,
        "toilet_paper"
    ],
    "262": [
        305,
        "ceiling_lamp"
    ],
    "263": [
        6,
        "ceiling_lamp"
    ],
    "266": [
        129,
        "flower"
    ],
    "267": [
        324,
        "ceiling_lamp"
    ],
    "268": [
        18,
        "pillow"
    ],
    "272": [
        5,
        "ceiling_lamp"
    ],
    "275": [
        248,
        "lamp"
    ],
    "276": [
        170,
        "support_beam"
    ],
    "277": [
        302,
        "pillow"
    ],
    "280": [
        285,
        "washing_machine"
    ],
    "281": [
        34,
        "bath_cabinet"
    ],
    "282": [
        160,
        "ventilation_hood"
    ],
    "283": [
        179,
        "pillow"
    ],
    "284": [
        260,
        "stack_of_papers"
    ],
    "286": [
        349,
        "shower_cabin"
    ],
    "287": [
        223,
        "island"
    ],
    "289": [
        39,
        "shower_dial"
    ],
    "293": [
        267,
        "chair"
    ],
    "296": [
        40,
        "shower_tap"
    ],
    "297": [
        212,
        "sensor"
    ],
    "301": [
        66,
        "window_curtain"
    ],
    "302": [
        67,
        "support_beam"
    ],
    "303": [
        128,
        "tap"
    ],
    "305": [
        162,
        "support_beam"
    ],
    "306": [
        24,
        "bedside_lamp"
    ],
    "309": [
        120,
        "shower_cabin"
    ],
    "313": [
        268,
        "chair"
    ],
    "314": [
        138,
        "ceiling_lamp"
    ],
    "317": [
        171,
        "coffee_table"
    ],
    "318": [
        282,
        "vase"
    ],
    "321": [
        188,
        "telephone"
    ],
    "323": [
        300,
        "bed"
    ],
    "324": [
        211,
        "shelf"
    ],
    "325": [
        121,
        "mirror_frame"
    ],
    "326": [
        333,
        "bottle_of_soap"
    ],
    "329": [
        178,
        "armchair"
    ],
    "334": [
        68,
        "window_curtain"
    ],
    "339": [
        194,
        "shelf"
    ],
    "340": [
        35,
        "sink"
    ],
    "342": [
        237,
        "oven"
    ],
    "343": [
        280,
        "wall_electronics"
    ],
    "344": [
        70,
        "bedside_lamp"
    ],
    "345": [
        117,
        "wall_electronics"
    ],
    "347": [
        181,
        "pillow"
    ],
    "349": [
        206,
        "sensor"
    ],
    "350": [
        145,
        "door"
    ]
}