{
    "2": [
        40,
        "lamp"
    ],
    "4": [
        386,
        "toy"
    ],
    "8": [
        233,
        "decoration"
    ],
    "9": [
        598,
        "pouffe"
    ],
    "11": [
        330,
        "book"
    ],
    "13": [
        369,
        "ceiling_lamp"
    ],
    "14": [
        235,
        "clock"
    ],
    "19": [
        33,
        "lamp"
    ],
    "20": [
        101,
        "can"
    ],
    "23": [
        439,
        "box"
    ],
    "25": [
        538,
        "wardrobe"
    ],
    "27": [
        306,
        "bedframe"
    ],
    "28": [
        268,
        "ceiling_lamp"
    ],
    "29": [
        103,
        "can"
    ],
    "31": [
        554,
        "wall_lamp"
    ],
    "32": [
        114,
        "furnace"
    ],
    "33": [
        424,
        "box"
    ],
    "35": [
        555,
        "wall_lamp"
    ],
    "38": [
        519,
        "window"
    ],
    "39": [
        468,
        "bathtub"
    ],
    "40": [
        65,
        "window"
    ],
    "41": [
        43,
        "side_table"
    ],
    "45": [
        136,
        "condiment"
    ],
    "46": [
        319,
        "basket"
    ],
    "47": [
        102,
        "can"
    ],
    "49": [
        208,
        "heater"
    ],
    "52": [
        575,
        "door"
    ],
    "54": [
        61,
        "pillow"
    ],
    "58": [
        550,
        "pillow"
    ],
    "59": [
        491,
        "mirror"
    ],
    "63": [
        503,
        "doorpost"
    ],
    "64": [
        521,
        "plush_toy"
    ],
    "66": [
        228,
        "ceiling_lamp"
    ],
    "69": [
        578,
        "pillow"
    ],
    "71": [
        23,
        "chair"
    ],
    "73": [
        49,
        "pillow"
    ],
    "74": [
        270,
        "door"
    ],
    "75": [
        316,
        "box"
    ],
    "77": [
        475,
        "weight"
    ],
    "78": [
        291,
        "doorpost"
    ],
    "80": [
        529,
        "chest_of_drawers"
    ],
    "81": [
        122,
        "kitchen_lower_cabinet"
    ],
    "90": [
        492,
        "wall_cubby"
    ],
    "91": [
        315,
        "chest_of_drawers"
    ],
    "92": [
        403,
        "toy"
    ],
    "93": [
        109,
        "kitchen_utensil"
    ],
    "96": [
        106,
        "sink"
    ],
    "100": [
        363,
        "bench"
    ],
    "101": [
        327,
        "toy"
    ],
    "103": [
        548,
        "ceiling_lamp"
    ],
    "104": [
        34,
        "tray"
    ],
    "106": [
        438,
        "box"
    ],
    "107": [
        395,
        "toy"
    ],
    "108": [
        398,
        "drawer"
    ],
    "109": [
        552,
        "pillow"
    ],
    "110": [
        392,
        "toy"
    ],
    "111": [
        338,
        "toy"
    ],
    "112": [
        582,
        "decoration"
    ],
    "114": [
        85,
        "ceiling_lamp"
    ],
    "115": [
        76,
        "doorpost"
    ],
    "116": [
        479,
        "ceiling_lamp"
    ],
    "117": [
        292,
        "doorpost"
    ],
    "118": [
        113,
        "painting"
    ],
    "119": [
        94,
        "window"
    ],
    "120": [
        100,
        "spice_rack"
    ],
    "122": [
        269,
        "ceiling_lamp"
    ],
    "123": [
        580,
        "pillow"
    ],
    "124": [
        44,
        "folder"
    ],
    "125": [
        64,
        "window"
    ],
    "126": [
        75,
        "mirror"
    ],
    "127": [
        143,
        "door"
    ],
    "128": [
        318,
        "toy"
    ],
    "129": [
        131,
        "can"
    ],
    "130": [
        345,
        "plush_toy"
    ],
    "133": [
        326,
        "toy"
    ],
    "134": [
        436,
        "box"
    ],
    "135": [
        405,
        "lamp"
    ],
    "137": [
        589,
        "door"
    ],
    "138": [
        379,
        "window_curtain"
    ],
    "139": [
        402,
        "toy"
    ],
    "140": [
        609,
        "pillow"
    ],
    "143": [
        244,
        "box_of_tissue"
    ],
    "144": [
        312,
        "decoration"
    ],
    "145": [
        163,
        "heater"
    ],
    "146": [
        125,
        "dishwasher"
    ],
    "147": [
        482,
        "mirror"
    ],
    "149": [
        525,
        "picture"
    ],
    "152": [
        348,
        "toy"
    ],
    "153": [
        422,
        "drawer"
    ],
    "155": [
        164,
        "door"
    ],
    "159": [
        108,
        "kitchen_appliance"
    ],
    "160": [
        535,
        "decoration"
    ],
    "161": [
        393,
        "toy"
    ],
    "164": [
        18,
        "table"
    ],
    "165": [
        544,
        "door"
    ],
    "167": [
        320,
        "toy"
    ],
    "168": [
        526,
        "picture"
    ],
    "172": [
        314,
        "decoration"
    ],
    "173": [
        443,
        "decoration"
    ],
    "174": [
        105,
        "kettle"
    ],
    "175": [
        558,
        "radio"
    ],
    "176": [
        86,
        "ceiling_lamp"
    ],
    "178": [
        137,
        "box"
    ],
    "181": [
        13,
        "ceiling_lamp"
    ],
    "182": [
        98,
        "window_curtain"
    ],
    "183": [
        355,
        "toy"
    ],
    "184": [
        409,
        "decoration"
    ],
    "186": [
        162,
        "mirror"
    ],
    "187": [
        608,
        "pillow"
    ],
    "189": [
        307,
        "nightstand"
    ],
    "190": [
        428,
        "box"
    ],
    "191": [
        133,
        "can"
    ],
    "195": [
        117,
        "kitchen_cabinet"
    ],
    "196": [
        232,
        "decoration"
    ],
    "197": [
        67,
        "window_curtain"
    ],
    "198": [
        542,
        "basket"
    ],
    "200": [
        551,
        "pillow"
    ],
    "201": [
        523,
        "mirror"
    ],
    "202": [
        429,
        "box"
    ],
    "203": [
        357,
        "toy"
    ],
    "204": [
        539,
        "basket"
    ],
    "207": [
        120,
        "kitchen_lower_cabinet"
    ],
    "208": [
        481,
        "doorpost"
    ],
    "209": [
        32,
        "lamp"
    ],
    "210": [
        579,
        "pillow"
    ],
    "212": [
        59,
        "pillow"
    ],
    "216": [
        478,
        "ceiling_lamp"
    ],
    "217": [
        396,
        "toy"
    ],
    "221": [
        293,
        "doorpost"
    ],
    "222": [
        556,
        "nightstand"
    ],
    "227": [
        441,
        "decoration"
    ],
    "228": [
        466,
        "bathroom_utensil"
    ],
    "229": [
        30,
        "iron_board"
    ],
    "231": [
        361,
        "toy"
    ],
    "233": [
        423,
        "box"
    ],
    "235": [
        289,
        "doorpost"
    ],
    "238": [
        382,
        "rack"
    ],
    "241": [
        48,
        "lounge_chair"
    ],
    "242": [
        111,
        "bowl_of_fruit"
    ],
    "243": [
        381,
        "heater"
    ],
    "245": [
        418,
        "shelf_cubby"
    ],
    "246": [
        142,
        "kitchen_cabinet"
    ],
    "250": [
        121,
        "kitchen_lower_cabinet"
    ],
    "251": [
        170,
        "doorpost"
    ],
    "252": [
        242,
        "chest_of_drawers"
    ],
    "253": [
        112,
        "radio"
    ],
    "254": [
        344,
        "window_curtain"
    ],
    "256": [
        74,
        "mirror"
    ],
    "257": [
        522,
        "door"
    ],
    "259": [
        115,
        "kitchen_cabinet"
    ],
    "260": [
        390,
        "rack"
    ],
    "261": [
        56,
        "l"
    ],
    "262": [
        407,
        "pillow"
    ],
    "263": [
        597,
        "armchair"
    ],
    "265": [
        166,
        "fire_alarm"
    ],
    "266": [
        397,
        "toy"
    ],
    "267": [
        63,
        "door"
    ],
    "268": [
        171,
        "doorpost"
    ],
    "273": [
        329,
        "toy"
    ],
    "275": [
        332,
        "plush_toy"
    ],
    "276": [
        187,
        "door"
    ],
    "277": [
        190,
        "shelving"
    ],
    "278": [
        333,
        "shelf"
    ],
    "280": [
        480,
        "vent"
    ],
    "282": [
        435,
        "box"
    ],
    "283": [
        450,
        "box"
    ],
    "285": [
        231,
        "mirror"
    ],
    "286": [
        595,
        "doorpost"
    ],
    "288": [
        573,
        "ceiling_lamp"
    ],
    "290": [
        350,
        "toy"
    ],
    "292": [
        433,
        "box"
    ],
    "294": [
        156,
        "ceiling_lamp"
    ],
    "299": [
        14,
        "painting"
    ],
    "301": [
        451,
        "box"
    ],
    "305": [
        524,
        "tv"
    ],
    "306": [
        530,
        "decoration"
    ],
    "308": [
        410,
        "toy"
    ],
    "309": [
        323,
        "box"
    ],
    "310": [
        461,
        "heater"
    ],
    "311": [
        442,
        "decoration"
    ],
    "312": [
        564,
        "doorpost"
    ],
    "314": [
        28,
        "heater"
    ],
    "315": [
        476,
        "door"
    ],
    "316": [
        17,
        "tv"
    ],
    "317": [
        590,
        "dressing_table"
    ],
    "320": [
        15,
        "painting"
    ],
    "321": [
        453,
        "doorpost"
    ],
    "324": [
        116,
        "kitchen_cabinet"
    ],
    "327": [
        358,
        "toy"
    ],
    "328": [
        305,
        "bedframe"
    ],
    "331": [
        245,
        "jewelry_box"
    ],
    "332": [
        440,
        "box"
    ],
    "333": [
        599,
        "cushion"
    ],
    "334": [
        532,
        "window_curtain"
    ],
    "336": [
        496,
        "bathroom_cabinet"
    ],
    "338": [
        99,
        "kitchen_counter"
    ],
    "339": [
        401,
        "toy"
    ],
    "341": [
        583,
        "heater"
    ],
    "342": [
        367,
        "painting"
    ],
    "345": [
        541,
        "basket"
    ],
    "346": [
        385,
        "toy"
    ],
    "348": [
        353,
        "toy"
    ],
    "349": [
        366,
        "doorpost"
    ],
    "350": [
        464,
        "decoration"
    ],
    "351": [
        470,
        "faucet"
    ],
    "352": [
        128,
        "heater"
    ],
    "353": [
        427,
        "box"
    ],
    "354": [
        70,
        "fire_alarm"
    ],
    "355": [
        593,
        "decoration"
    ],
    "357": [
        31,
        "chest_of_drawers"
    ],
    "360": [
        336,
        "window"
    ],
    "362": [
        534,
        "chest_of_drawers"
    ],
    "363": [
        58,
        "pillow"
    ],
    "364": [
        604,
        "box"
    ],
    "365": [
        29,
        "painting"
    ],
    "368": [
        559,
        "tissue_box"
    ],
    "372": [
        69,
        "window_curtain"
    ],
    "373": [
        414,
        "door"
    ],
    "377": [
        311,
        "toy"
    ],
    "379": [
        303,
        "door"
    ],
    "380": [
        290,
        "doorpost"
    ],
    "381": [
        545,
        "painting"
    ],
    "385": [
        581,
        "headboard"
    ],
    "386": [
        607,
        "doorpost"
    ],
    "388": [
        62,
        "door"
    ],
    "391": [
        601,
        "wardrobe"
    ],
    "392": [
        540,
        "basket"
    ],
    "393": [
        565,
        "doorpost"
    ],
    "394": [
        325,
        "box"
    ],
    "395": [
        68,
        "window_curtain"
    ],
    "396": [
        459,
        "heater"
    ],
    "397": [
        549,
        "bed"
    ],
    "398": [
        356,
        "toy"
    ],
    "399": [
        96,
        "flowerpot"
    ],
    "400": [
        431,
        "box"
    ],
    "403": [
        19,
        "tray"
    ],
    "404": [
        553,
        "headboard"
    ],
    "407": [
        16,
        "painting"
    ],
    "411": [
        174,
        "doorpost"
    ],
    "412": [
        502,
        "towel"
    ],
    "414": [
        324,
        "box"
    ],
    "422": [
        417,
        "ceiling_lamp"
    ],
    "424": [
        161,
        "smoke_alarm"
    ],
    "429": [
        362,
        "toy"
    ],
    "430": [
        394,
        "toy"
    ],
    "431": [
        110,
        "fruit"
    ],
    "432": [
        413,
        "door"
    ],
    "433": [
        234,
        "chest"
    ],
    "434": [
        591,
        "mirror"
    ],
    "435": [
        543,
        "basket"
    ],
    "436": [
        465,
        "basin"
    ],
    "438": [
        97,
        "painting"
    ],
    "439": [
        132,
        "can"
    ],
    "440": [
        351,
        "toy"
    ],
    "441": [
        388,
        "toy"
    ],
    "444": [
        173,
        "doorpost"
    ],
    "445": [
        399,
        "drawer"
    ],
    "446": [
        446,
        "decoration"
    ],
    "449": [
        389,
        "toy"
    ],
    "451": [
        527,
        "picture"
    ],
    "454": [
        347,
        "chest"
    ],
    "455": [
        391,
        "toy"
    ],
    "457": [
        342,
        "window_curtain"
    ],
    "459": [
        588,
        "window"
    ],
    "461": [
        384,
        "toy"
    ],
    "462": [
        387,
        "toy"
    ],
    "463": [
        560,
        "nightstand"
    ],
    "464": [
        432,
        "box"
    ],
    "465": [
        349,
        "plush_toy"
    ],
    "466": [
        246,
        "book"
    ],
    "468": [
        172,
        "doorpost"
    ],
    "470": [
        118,
        "refrigerator_cabinet"
    ],
    "471": [
        434,
        "box"
    ],
    "473": [
        27,
        "heater"
    ],
    "475": [
        189,
        "dog_bed"
    ],
    "477": [
        328,
        "toy"
    ],
    "478": [
        134,
        "condiment"
    ],
    "481": [
        346,
        "cabinet"
    ],
    "482": [
        24,
        "chair"
    ],
    "483": [
        317,
        "toy"
    ],
    "484": [
        147,
        "doorpost"
    ],
    "485": [
        236,
        "decoration"
    ],
    "487": [
        561,
        "box"
    ],
    "488": [
        449,
        "box"
    ],
    "489": [
        193,
        "doorpost"
    ],
    "491": [
        602,
        "clothes"
    ],
    "494": [
        331,
        "book"
    ],
    "496": [
        462,
        "wall_lamp"
    ],
    "497": [
        130,
        "kitchen_shelf"
    ],
    "498": [
        135,
        "condiment"
    ],
    "502": [
        471,
        "shower_bar"
    ],
    "503": [
        377,
        "window"
    ],
    "504": [
        309,
        "lamp"
    ],
    "506": [
        304,
        "bed"
    ],
    "508": [
        123,
        "kitchen_lower_cabinet"
    ],
    "509": [
        129,
        "kitchen_shelf"
    ],
    "511": [
        25,
        "chair"
    ],
    "512": [
        576,
        "wall_lamp"
    ],
    "514": [
        66,
        "window_curtain"
    ],
    "516": [
        51,
        "tray"
    ],
    "517": [
        119,
        "kitchen_lower_cabinet"
    ],
    "520": [
        488,
        "shower_door"
    ],
    "521": [
        138,
        "kitchen_appliance"
    ],
    "525": [
        406,
        "pillow"
    ],
    "526": [
        408,
        "pillow"
    ],
    "527": [
        463,
        "decoration"
    ],
    "528": [
        60,
        "recliner"
    ],
    "530": [
        460,
        "hanger"
    ],
    "531": [
        596,
        "mirror"
    ],
    "532": [
        472,
        "shower_curtain"
    ],
    "533": [
        452,
        "doorpost"
    ],
    "534": [
        473,
        "shower_curtain"
    ],
    "535": [
        104,
        "can"
    ],
    "536": [
        378,
        "window_curtain"
    ],
    "537": [
        563,
        "doorpost"
    ],
    "538": [
        577,
        "bed"
    ],
    "541": [
        343,
        "toy"
    ],
    "542": [
        50,
        "coffee_table"
    ],
    "543": [
        365,
        "heater"
    ],
    "546": [
        26,
        "chair"
    ],
    "548": [
        212,
        "doorpost"
    ],
    "550": [
        364,
        "blanket"
    ],
    "552": [
        272,
        "flower_vase"
    ],
    "553": [
        404,
        "couch"
    ],
    "554": [
        574,
        "ceiling_lamp"
    ],
    "562": [
        322,
        "toy"
    ],
    "563": [
        584,
        "box"
    ],
    "565": [
        354,
        "toy"
    ],
    "566": [
        165,
        "door"
    ],
    "569": [
        321,
        "toy"
    ],
    "572": [
        467,
        "bathroom_utensil"
    ],
    "573": [
        340,
        "painting"
    ],
    "574": [
        600,
        "window_curtain"
    ],
    "575": [
        606,
        "stool"
    ],
    "576": [
        266,
        "painting"
    ],
    "580": [
        213,
        "decoration"
    ],
    "581": [
        39,
        "side_table"
    ],
    "583": [
        310,
        "basket"
    ],
    "584": [
        430,
        "box"
    ],
    "585": [
        57,
        "pillow"
    ],
    "587": [
        124,
        "kitchen_lower_cabinet"
    ],
    "588": [
        126,
        "oven"
    ],
    "594": [
        12,
        "ceiling_lamp"
    ],
    "595": [
        107,
        "microwave"
    ],
    "600": [
        339,
        "toy"
    ],
    "604": [
        383,
        "toy"
    ],
    "605": [
        288,
        "doorpost"
    ],
    "606": [
        243,
        "picture"
    ],
    "609": [
        531,
        "heater"
    ]
}