{
    "1": [
        224,
        "toilet_paper"
    ],
    "3": [
        324,
        "rug"
    ],
    "5": [
        370,
        "flowerpot"
    ],
    "8": [
        334,
        "pillow"
    ],
    "10": [
        555,
        "pillow"
    ],
    "11": [
        458,
        "ceiling_lamp"
    ],
    "12": [
        27,
        "sofa_chair"
    ],
    "15": [
        802,
        "wall_lamp"
    ],
    "17": [
        50,
        "wall_lamp"
    ],
    "19": [
        997,
        "curtain"
    ],
    "20": [
        29,
        "table"
    ],
    "21": [
        343,
        "pillow"
    ],
    "22": [
        749,
        "appliance"
    ],
    "24": [
        421,
        "kitchen_counter"
    ],
    "25": [
        647,
        "pillow"
    ],
    "26": [
        770,
        "couch"
    ],
    "27": [
        692,
        "sink"
    ],
    "28": [
        444,
        "jar"
    ],
    "30": [
        924,
        "sink"
    ],
    "31": [
        789,
        "pillow"
    ],
    "32": [
        263,
        "picture"
    ],
    "33": [
        741,
        "cabinet"
    ],
    "35": [
        734,
        "picture"
    ],
    "36": [
        59,
        "dining_chair"
    ],
    "38": [
        787,
        "pillow"
    ],
    "39": [
        436,
        "kitchen_countertop_item"
    ],
    "40": [
        252,
        "table"
    ],
    "41": [
        293,
        "window"
    ],
    "42": [
        69,
        "frame"
    ],
    "44": [
        46,
        "cabinet"
    ],
    "46": [
        202,
        "picture"
    ],
    "52": [
        80,
        "ceiling_lamp"
    ],
    "54": [
        446,
        "kitchen_lower_cabinet"
    ],
    "56": [
        808,
        "picture"
    ],
    "57": [
        25,
        "sofa_chair"
    ],
    "59": [
        850,
        "decoration"
    ],
    "60": [
        593,
        "mirror"
    ],
    "61": [
        640,
        "book"
    ],
    "62": [
        672,
        "shower_cabin"
    ],
    "66": [
        416,
        "refrigerator"
    ],
    "67": [
        876,
        "door"
    ],
    "68": [
        908,
        "pillow"
    ],
    "69": [
        894,
        "lamp"
    ],
    "71": [
        746,
        "basket"
    ],
    "72": [
        859,
        "book"
    ],
    "73": [
        71,
        "ceiling_lamp"
    ],
    "74": [
        208,
        "lamp"
    ],
    "78": [
        627,
        "picture"
    ],
    "79": [
        338,
        "pillow"
    ],
    "80": [
        654,
        "door"
    ],
    "81": [
        693,
        "sink"
    ],
    "82": [
        755,
        "ceiling_lamp"
    ],
    "83": [
        899,
        "cabinet"
    ],
    "85": [
        443,
        "flowerpot"
    ],
    "86": [
        887,
        "painting"
    ],
    "88": [
        302,
        "dining_chair"
    ],
    "89": [
        257,
        "book"
    ],
    "91": [
        919,
        "picture"
    ],
    "92": [
        23,
        "picture"
    ],
    "93": [
        895,
        "decoration"
    ],
    "96": [
        54,
        "flower_vase"
    ],
    "97": [
        198,
        "window"
    ],
    "99": [
        875,
        "shelf"
    ],
    "100": [
        242,
        "window"
    ],
    "103": [
        949,
        "door"
    ],
    "104": [
        767,
        "picture"
    ],
    "106": [
        268,
        "decoration"
    ],
    "108": [
        32,
        "table"
    ],
    "109": [
        231,
        "painting"
    ],
    "110": [
        906,
        "pillow"
    ],
    "111": [
        438,
        "shelf"
    ],
    "114": [
        168,
        "ceiling_lamp"
    ],
    "115": [
        488,
        "display_cabinet"
    ],
    "117": [
        921,
        "door"
    ],
    "118": [
        342,
        "pillow"
    ],
    "121": [
        929,
        "shower_pipe"
    ],
    "122": [
        41,
        "pillow"
    ],
    "123": [
        329,
        "table"
    ],
    "126": [
        64,
        "board"
    ],
    "127": [
        248,
        "desk_chair"
    ],
    "128": [
        301,
        "dining_chair"
    ],
    "131": [
        260,
        "basket"
    ],
    "132": [
        515,
        "rug"
    ],
    "133": [
        550,
        "basket"
    ],
    "136": [
        858,
        "picture"
    ],
    "137": [
        739,
        "sink"
    ],
    "138": [
        439,
        "flowerpot"
    ],
    "142": [
        171,
        "picture"
    ],
    "143": [
        628,
        "painting"
    ],
    "144": [
        630,
        "flowerpot"
    ],
    "147": [
        847,
        "window"
    ],
    "149": [
        266,
        "decoration"
    ],
    "150": [
        287,
        "picture"
    ],
    "151": [
        379,
        "flowerpot"
    ],
    "152": [
        723,
        "rack"
    ],
    "153": [
        466,
        "book"
    ],
    "154": [
        776,
        "lamp"
    ],
    "157": [
        484,
        "flowerpot"
    ],
    "159": [
        241,
        "window"
    ],
    "160": [
        354,
        "tv"
    ],
    "161": [
        238,
        "lamp"
    ],
    "163": [
        842,
        "decoration"
    ],
    "164": [
        101,
        "picture"
    ],
    "166": [
        347,
        "decoration"
    ],
    "168": [
        794,
        "ceiling_lamp"
    ],
    "173": [
        66,
        "window"
    ],
    "174": [
        982,
        "painting"
    ],
    "177": [
        424,
        "stool"
    ],
    "178": [
        928,
        "shelf"
    ],
    "179": [
        815,
        "ceiling_lamp"
    ],
    "180": [
        289,
        "book"
    ],
    "181": [
        632,
        "decoration"
    ],
    "182": [
        82,
        "ceiling_lamp"
    ],
    "184": [
        126,
        "wall_lamp"
    ],
    "186": [
        883,
        "door"
    ],
    "187": [
        495,
        "decoration"
    ],
    "188": [
        792,
        "pillow"
    ],
    "191": [
        852,
        "picture"
    ],
    "192": [
        775,
        "lamp"
    ],
    "193": [
        122,
        "picture"
    ],
    "194": [
        795,
        "ceiling_lamp"
    ],
    "197": [
        84,
        "ceiling_lamp"
    ],
    "198": [
        35,
        "flower_vase"
    ],
    "199": [
        683,
        "vent"
    ],
    "200": [
        373,
        "vase"
    ],
    "202": [
        325,
        "couch"
    ],
    "206": [
        349,
        "book"
    ],
    "207": [
        462,
        "ceiling_lamp"
    ],
    "210": [
        999,
        "towel"
    ],
    "211": [
        258,
        "rack"
    ],
    "212": [
        385,
        "ceiling_lamp"
    ],
    "213": [
        860,
        "decoration"
    ],
    "214": [
        344,
        "pillow"
    ],
    "217": [
        803,
        "picture"
    ],
    "220": [
        430,
        "sink"
    ],
    "221": [
        636,
        "pillow"
    ],
    "222": [
        282,
        "chandelier"
    ],
    "223": [
        500,
        "jar"
    ],
    "226": [
        489,
        "kitchen_cabinet"
    ],
    "227": [
        679,
        "ceiling_lamp"
    ],
    "228": [
        951,
        "door"
    ],
    "233": [
        206,
        "case"
    ],
    "234": [
        782,
        "tray"
    ],
    "236": [
        901,
        "lamp"
    ],
    "238": [
        31,
        "table"
    ],
    "239": [
        127,
        "door"
    ],
    "241": [
        561,
        "appliance"
    ],
    "244": [
        898,
        "bed"
    ],
    "246": [
        717,
        "door"
    ],
    "247": [
        998,
        "bathtub"
    ],
    "248": [
        897,
        "chair"
    ],
    "250": [
        552,
        "basket"
    ],
    "251": [
        512,
        "bottle"
    ],
    "252": [
        62,
        "rug"
    ],
    "253": [
        464,
        "desk"
    ],
    "254": [
        123,
        "toilet"
    ],
    "255": [
        977,
        "towel"
    ],
    "257": [
        788,
        "pillow"
    ],
    "263": [
        606,
        "door"
    ],
    "264": [
        861,
        "pillow"
    ],
    "265": [
        8,
        "ceiling_lamp"
    ],
    "267": [
        55,
        "dining_table"
    ],
    "268": [
        26,
        "sofa_chair"
    ],
    "269": [
        857,
        "lamp"
    ],
    "271": [
        298,
        "pillow"
    ],
    "272": [
        829,
        "picture"
    ],
    "273": [
        653,
        "fire_alarm"
    ],
    "274": [
        205,
        "display_table"
    ],
    "276": [
        888,
        "painting"
    ],
    "279": [
        903,
        "picture"
    ],
    "281": [
        374,
        "book"
    ],
    "282": [
        831,
        "ceiling_lamp"
    ],
    "284": [
        223,
        "towel"
    ],
    "286": [
        481,
        "kitchen_lower_cabinet"
    ],
    "290": [
        245,
        "picture"
    ],
    "291": [
        381,
        "ceiling_lamp"
    ],
    "292": [
        63,
        "bowl"
    ],
    "293": [
        256,
        "teapot"
    ],
    "295": [
        554,
        "pillow"
    ],
    "299": [
        486,
        "kitchen_cabinet"
    ],
    "300": [
        219,
        "door"
    ],
    "303": [
        582,
        "picture"
    ],
    "306": [
        543,
        "ceiling_lamp"
    ],
    "307": [
        264,
        "decoration"
    ],
    "309": [
        864,
        "pillow"
    ],
    "311": [
        456,
        "ceiling_lamp"
    ],
    "313": [
        799,
        "ceiling_lamp"
    ],
    "314": [
        989,
        "door"
    ],
    "316": [
        641,
        "picture"
    ],
    "317": [
        295,
        "window"
    ],
    "318": [
        853,
        "bed"
    ],
    "320": [
        851,
        "picture"
    ],
    "321": [
        280,
        "rug"
    ],
    "322": [
        68,
        "window"
    ],
    "323": [
        482,
        "sink"
    ],
    "330": [
        300,
        "dining_chair"
    ],
    "331": [
        448,
        "kitchen_cabinet"
    ],
    "332": [
        747,
        "basket"
    ],
    "333": [
        246,
        "picture"
    ],
    "336": [
        625,
        "window"
    ],
    "337": [
        844,
        "drawer"
    ],
    "338": [
        918,
        "toilet"
    ],
    "339": [
        102,
        "picture"
    ],
    "340": [
        125,
        "wall_lamp"
    ],
    "341": [
        96,
        "door"
    ],
    "342": [
        339,
        "pillow"
    ],
    "346": [
        270,
        "decoration"
    ],
    "348": [
        149,
        "window"
    ],
    "350": [
        220,
        "toilet"
    ],
    "351": [
        785,
        "book"
    ],
    "352": [
        450,
        "board"
    ],
    "355": [
        303,
        "dining_chair"
    ],
    "358": [
        135,
        "shower_cabin"
    ],
    "361": [
        828,
        "picture"
    ],
    "364": [
        960,
        "ceiling_lamp"
    ],
    "366": [
        299,
        "dining_table"
    ],
    "368": [
        910,
        "pillow"
    ],
    "371": [
        856,
        "cabinet"
    ],
    "372": [
        896,
        "decoration"
    ],
    "373": [
        384,
        "ceiling_lamp"
    ],
    "374": [
        346,
        "decoration"
    ],
    "376": [
        773,
        "window"
    ],
    "378": [
        975,
        "door"
    ],
    "379": [
        941,
        "shelf"
    ],
    "380": [
        433,
        "jar"
    ],
    "381": [
        269,
        "decoration"
    ],
    "382": [
        765,
        "chair"
    ],
    "383": [
        533,
        "window"
    ],
    "385": [
        351,
        "fireplace_wall"
    ],
    "390": [
        451,
        "oven_and_stove"
    ],
    "392": [
        966,
        "rack"
    ],
    "393": [
        784,
        "decoration"
    ],
    "396": [
        70,
        "door"
    ],
    "397": [
        684,
        "bathroom_cabinet"
    ],
    "399": [
        254,
        "book"
    ],
    "400": [
        355,
        "shelf"
    ],
    "401": [
        417,
        "refrigerator"
    ],
    "404": [
        635,
        "chair"
    ],
    "405": [
        652,
        "pillow"
    ],
    "406": [
        510,
        "bottle"
    ],
    "407": [
        358,
        "display_cabinet"
    ],
    "408": [
        73,
        "ceiling_lamp"
    ],
    "409": [
        855,
        "stool"
    ],
    "410": [
        147,
        "door"
    ],
    "414": [
        629,
        "drawer"
    ],
    "415": [
        157,
        "door"
    ],
    "416": [
        863,
        "pillow"
    ],
    "417": [
        591,
        "rack"
    ],
    "418": [
        535,
        "picture"
    ],
    "423": [
        633,
        "decoration"
    ],
    "424": [
        570,
        "rack"
    ],
    "425": [
        81,
        "ceiling_lamp"
    ],
    "426": [
        243,
        "window"
    ],
    "427": [
        590,
        "painting"
    ],
    "429": [
        364,
        "window"
    ],
    "430": [
        227,
        "wall_lamp"
    ],
    "432": [
        846,
        "window"
    ],
    "435": [
        809,
        "picture"
    ],
    "436": [
        983,
        "bathroom_cabinet"
    ],
    "437": [
        281,
        "rug"
    ],
    "439": [
        970,
        "ceiling_lamp"
    ],
    "440": [
        932,
        "towel"
    ],
    "441": [
        212,
        "door"
    ],
    "442": [
        564,
        "ceiling_lamp"
    ],
    "445": [
        428,
        "microwave"
    ],
    "446": [
        651,
        "pillow"
    ],
    "447": [
        507,
        "bottle"
    ],
    "448": [
        437,
        "shelf"
    ],
    "449": [
        104,
        "picture"
    ],
    "450": [
        272,
        "box"
    ],
    "452": [
        340,
        "pillow"
    ],
    "453": [
        733,
        "ceiling_lamp"
    ],
    "455": [
        244,
        "window"
    ],
    "459": [
        900,
        "cabinet"
    ],
    "461": [
        442,
        "shelf"
    ],
    "462": [
        39,
        "pillow"
    ],
    "463": [
        783,
        "decoration"
    ],
    "465": [
        1004,
        "vent"
    ],
    "469": [
        667,
        "window"
    ],
    "472": [
        911,
        "pillow"
    ],
    "473": [
        927,
        "shower_cabin"
    ],
    "476": [
        691,
        "wall_lamp"
    ],
    "478": [
        617,
        "appliance"
    ],
    "479": [
        549,
        "cabinet"
    ],
    "480": [
        52,
        "sink"
    ],
    "485": [
        441,
        "shelf"
    ],
    "487": [
        371,
        "decoration"
    ],
    "488": [
        494,
        "decoration"
    ],
    "491": [
        678,
        "shower_hose_head"
    ],
    "493": [
        440,
        "display_cabinet"
    ],
    "494": [
        457,
        "ceiling_lamp"
    ],
    "497": [
        467,
        "lamp"
    ],
    "498": [
        75,
        "ceiling_lamp"
    ],
    "499": [
        536,
        "door"
    ],
    "500": [
        76,
        "ceiling_lamp"
    ],
    "502": [
        725,
        "rack"
    ],
    "503": [
        807,
        "picture"
    ],
    "504": [
        474,
        "ceiling_lamp"
    ],
    "505": [
        222,
        "sink"
    ],
    "506": [
        686,
        "flowerpot"
    ],
    "507": [
        262,
        "picture"
    ],
    "508": [
        766,
        "picture"
    ],
    "509": [
        528,
        "door"
    ],
    "510": [
        638,
        "table"
    ],
    "512": [
        235,
        "door"
    ],
    "513": [
        363,
        "window"
    ],
    "515": [
        434,
        "jar"
    ],
    "516": [
        490,
        "basket"
    ],
    "519": [
        805,
        "picture"
    ],
    "522": [
        491,
        "basket"
    ],
    "524": [
        848,
        "painting"
    ],
    "525": [
        250,
        "pillow"
    ],
    "528": [
        455,
        "kitchen_countertop_items"
    ],
    "529": [
        995,
        "picture"
    ],
    "530": [
        565,
        "appliance"
    ],
    "532": [
        265,
        "decoration"
    ],
    "535": [
        57,
        "dining_chair"
    ],
    "536": [
        45,
        "decoration"
    ],
    "540": [
        922,
        "bathroom_cabinet"
    ],
    "542": [
        571,
        "shelf"
    ],
    "543": [
        383,
        "ceiling_lamp"
    ],
    "545": [
        743,
        "laundry_machine"
    ],
    "547": [
        255,
        "teapot"
    ],
    "548": [
        61,
        "dining_chair"
    ],
    "550": [
        558,
        "pillow"
    ],
    "551": [
        801,
        "wall_lamp"
    ],
    "553": [
        544,
        "ceiling_lamp"
    ],
    "555": [
        646,
        "pillow"
    ],
    "557": [
        429,
        "kitchen_lower_cabinet"
    ],
    "558": [
        78,
        "ceiling_lamp"
    ],
    "560": [
        779,
        "cabinet"
    ],
    "563": [
        332,
        "lamp"
    ],
    "564": [
        427,
        "bowl_of_fruit"
    ],
    "565": [
        978,
        "towel"
    ],
    "566": [
        136,
        "shelf"
    ],
    "567": [
        403,
        "window"
    ],
    "569": [
        483,
        "tap"
    ],
    "570": [
        902,
        "lamp"
    ],
    "571": [
        592,
        "flower_vase"
    ],
    "572": [
        337,
        "pillow"
    ],
    "575": [
        28,
        "couch"
    ],
    "576": [
        22,
        "painting"
    ],
    "577": [
        724,
        "rack"
    ],
    "578": [
        600,
        "fire_alarm"
    ],
    "579": [
        447,
        "kitchen_lower_cabinet"
    ],
    "581": [
        130,
        "sink"
    ],
    "582": [
        496,
        "shelf"
    ],
    "583": [
        526,
        "painting"
    ],
    "584": [
        768,
        "chair"
    ],
    "585": [
        735,
        "picture"
    ],
    "586": [
        461,
        "ceiling_lamp"
    ],
    "587": [
        432,
        "dishwasher"
    ],
    "588": [
        452,
        "kitchen_extractor"
    ],
    "589": [
        77,
        "ceiling_lamp"
    ],
    "590": [
        889,
        "painting"
    ],
    "593": [
        306,
        "basket_of_something"
    ],
    "595": [
        798,
        "ceiling_lamp"
    ],
    "596": [
        541,
        "appliance"
    ],
    "599": [
        40,
        "pillow"
    ],
    "600": [
        11,
        "door"
    ],
    "603": [
        986,
        "bathroom_accessory"
    ],
    "605": [
        459,
        "ceiling_lamp"
    ],
    "609": [
        499,
        "basket"
    ],
    "610": [
        534,
        "picture"
    ],
    "611": [
        267,
        "box"
    ],
    "613": [
        10,
        "window"
    ],
    "616": [
        172,
        "picture"
    ],
    "617": [
        249,
        "chair"
    ],
    "619": [
        849,
        "lamp"
    ],
    "620": [
        463,
        "ceiling_lamp"
    ],
    "621": [
        539,
        "ceiling_lamp"
    ],
    "622": [
        781,
        "display_table"
    ],
    "624": [
        37,
        "rug"
    ],
    "625": [
        47,
        "display_cabinet"
    ],
    "626": [
        419,
        "kitchen_cabinet"
    ],
    "627": [
        492,
        "appliance"
    ],
    "628": [
        540,
        "appliance"
    ],
    "630": [
        335,
        "pillow"
    ],
    "631": [
        449,
        "kitchen_cabinet"
    ],
    "633": [
        621,
        "window"
    ],
    "634": [
        158,
        "ceiling_lamp"
    ],
    "635": [
        931,
        "ceiling_lamp"
    ],
    "638": [
        431,
        "tap"
    ],
    "641": [
        310,
        "ceiling_lamp"
    ],
    "642": [
        362,
        "window"
    ],
    "643": [
        957,
        "window"
    ],
    "644": [
        199,
        "window"
    ],
    "646": [
        738,
        "cabinet"
    ],
    "647": [
        247,
        "desk"
    ],
    "648": [
        221,
        "bathroom_cabinet"
    ],
    "650": [
        140,
        "ceiling_lamp"
    ],
    "651": [
        885,
        "alarm"
    ],
    "653": [
        786,
        "pillow"
    ],
    "656": [
        702,
        "toilet"
    ],
    "660": [
        930,
        "shower_rod"
    ],
    "661": [
        204,
        "painting"
    ],
    "663": [
        969,
        "ceiling_lamp"
    ],
    "664": [
        595,
        "appliance"
    ],
    "665": [
        965,
        "door"
    ],
    "667": [
        513,
        "microwave"
    ],
    "668": [
        631,
        "lamp"
    ],
    "670": [
        378,
        "basket"
    ],
    "672": [
        854,
        "stool"
    ],
    "675": [
        1,
        "carpet"
    ],
    "677": [
        551,
        "basket"
    ],
    "679": [
        348,
        "flowerpot"
    ],
    "680": [
        290,
        "picture"
    ],
    "681": [
        650,
        "pillow"
    ],
    "684": [
        642,
        "box"
    ],
    "685": [
        24,
        "picture"
    ],
    "686": [
        498,
        "shelf"
    ],
    "687": [
        445,
        "jar"
    ],
    "689": [
        682,
        "ceiling_lamp"
    ],
    "691": [
        557,
        "pillow"
    ],
    "695": [
        36,
        "decoration"
    ],
    "696": [
        511,
        "bottle"
    ],
    "697": [
        435,
        "plate"
    ],
    "698": [
        547,
        "door"
    ],
    "699": [
        21,
        "tv"
    ],
    "700": [
        309,
        "ceiling_lamp"
    ],
    "701": [
        382,
        "ceiling_lamp"
    ],
    "703": [
        935,
        "alarm"
    ],
    "704": [
        643,
        "picture"
    ],
    "706": [
        731,
        "door"
    ],
    "709": [
        42,
        "counter"
    ],
    "713": [
        780,
        "clock"
    ],
    "715": [
        356,
        "speaker"
    ],
    "716": [
        100,
        "picture"
    ],
    "718": [
        368,
        "basket"
    ],
    "719": [
        548,
        "flowerpot"
    ],
    "720": [
        708,
        "ceiling_lamp"
    ],
    "723": [
        380,
        "decoration"
    ],
    "724": [
        33,
        "table_lamp"
    ],
    "725": [
        553,
        "basket"
    ],
    "728": [
        648,
        "pillow"
    ],
    "730": [
        681,
        "ceiling_lamp"
    ],
    "732": [
        862,
        "pillow"
    ],
    "733": [
        705,
        "door"
    ],
    "734": [
        7,
        "ceiling_lamp"
    ],
    "735": [
        207,
        "lamp"
    ],
    "736": [
        508,
        "bottle"
    ],
    "737": [
        624,
        "window"
    ],
    "739": [
        386,
        "ceiling_lamp"
    ],
    "741": [
        790,
        "pillow"
    ],
    "744": [
        286,
        "lamp"
    ],
    "745": [
        121,
        "picture"
    ],
    "746": [
        294,
        "window"
    ],
    "747": [
        560,
        "flowerpot"
    ],
    "749": [
        772,
        "window"
    ],
    "750": [
        308,
        "door"
    ],
    "752": [
        341,
        "pillow"
    ],
    "755": [
        904,
        "picture"
    ],
    "756": [
        336,
        "pillow"
    ],
    "757": [
        129,
        "flower_vase"
    ],
    "758": [
        229,
        "vent"
    ],
    "760": [
        128,
        "bathroom_cabinet"
    ],
    "761": [
        671,
        "painting"
    ],
    "762": [
        34,
        "clock"
    ],
    "763": [
        649,
        "pillow"
    ],
    "767": [
        283,
        "chair"
    ],
    "768": [
        74,
        "ceiling_lamp"
    ],
    "769": [
        556,
        "pillow"
    ],
    "771": [
        823,
        "alarm"
    ],
    "772": [
        920,
        "mirror"
    ],
    "773": [
        375,
        "book"
    ],
    "774": [
        559,
        "cabinet"
    ],
    "777": [
        509,
        "bottle"
    ],
    "778": [
        637,
        "table"
    ],
    "781": [
        137,
        "shower_knob"
    ],
    "782": [
        328,
        "chair"
    ],
    "784": [
        305,
        "dining_chair"
    ],
    "785": [
        369,
        "picture"
    ],
    "786": [
        30,
        "table"
    ],
    "788": [
        680,
        "ceiling_lamp"
    ],
    "790": [
        60,
        "dining_chair"
    ],
    "793": [
        778,
        "flowerpot"
    ],
    "795": [
        67,
        "window"
    ],
    "796": [
        413,
        "window"
    ],
    "797": [
        503,
        "decoration"
    ],
    "800": [
        261,
        "clock"
    ],
    "807": [
        542,
        "ceiling_lamp"
    ],
    "811": [
        774,
        "window"
    ],
    "813": [
        644,
        "picture"
    ],
    "814": [
        367,
        "flowerpot"
    ],
    "815": [
        285,
        "flower_vase"
    ],
    "816": [
        891,
        "window"
    ],
    "818": [
        923,
        "bathroom_accessory"
    ],
    "820": [
        201,
        "picture"
    ],
    "821": [
        530,
        "window"
    ],
    "826": [
        504,
        "decoration"
    ],
    "827": [
        506,
        "bottle"
    ],
    "828": [
        839,
        "door"
    ],
    "829": [
        297,
        "blanket"
    ],
    "831": [
        956,
        "window"
    ],
    "832": [
        79,
        "ceiling_lamp"
    ],
    "833": [
        312,
        "ceiling_lamp"
    ],
    "835": [
        406,
        "refrigerator_cabinet"
    ],
    "837": [
        53,
        "tap"
    ],
    "838": [
        1003,
        "shower_hose_head"
    ],
    "839": [
        694,
        "stool"
    ],
    "840": [
        661,
        "picture"
    ],
    "841": [
        44,
        "stool"
    ],
    "843": [
        505,
        "bottle"
    ],
    "844": [
        487,
        "kitchen_cabinet"
    ],
    "845": [
        626,
        "window"
    ],
    "846": [
        331,
        "painting"
    ],
    "848": [
        615,
        "ceiling_lamp"
    ],
    "849": [
        907,
        "pillow"
    ],
    "851": [
        345,
        "pouffe"
    ],
    "852": [
        666,
        "window"
    ],
    "856": [
        404,
        "window"
    ],
    "857": [
        639,
        "book"
    ],
    "859": [
        330,
        "table"
    ],
    "861": [
        402,
        "window"
    ],
    "863": [
        98,
        "door"
    ],
    "864": [
        984,
        "sink"
    ],
    "865": [
        634,
        "table"
    ],
    "866": [
        43,
        "stool"
    ],
    "867": [
        209,
        "bowl"
    ],
    "869": [
        720,
        "window"
    ],
    "871": [
        497,
        "shelf"
    ],
    "874": [
        622,
        "window"
    ],
    "876": [
        545,
        "ceiling_lamp"
    ],
    "877": [
        304,
        "dining_chair"
    ],
    "879": [
        777,
        "book"
    ],
    "886": [
        742,
        "cabinet"
    ],
    "888": [
        99,
        "picture"
    ],
    "889": [
        687,
        "wall_lamp"
    ],
    "891": [
        501,
        "jar"
    ],
    "895": [
        333,
        "table"
    ],
    "896": [
        353,
        "fireplace_wall"
    ],
    "900": [
        56,
        "dining_chair"
    ],
    "901": [
        793,
        "pillow"
    ],
    "902": [
        357,
        "display_cabinet"
    ],
    "905": [
        944,
        "ceiling_lamp"
    ],
    "906": [
        387,
        "window"
    ],
    "907": [
        538,
        "fire_alarm"
    ],
    "912": [
        38,
        "pillow"
    ],
    "914": [
        468,
        "flowerpot"
    ],
    "916": [
        744,
        "laundry_machine"
    ],
    "918": [
        531,
        "hat"
    ],
    "920": [
        493,
        "appliance"
    ],
    "921": [
        940,
        "door"
    ],
    "923": [
        737,
        "window"
    ],
    "925": [
        740,
        "flowerpot"
    ],
    "926": [
        866,
        "pillow"
    ],
    "929": [
        892,
        "mirror"
    ],
    "931": [
        200,
        "rug"
    ],
    "936": [
        745,
        "cabinet"
    ],
    "937": [
        170,
        "window"
    ],
    "938": [
        372,
        "vase"
    ],
    "941": [
        905,
        "pillow"
    ],
    "942": [
        48,
        "display_cabinet"
    ],
    "943": [
        454,
        "book"
    ],
    "945": [
        485,
        "bowl"
    ],
    "946": [
        259,
        "basket"
    ],
    "950": [
        695,
        "bathtub"
    ],
    "952": [
        502,
        "decoration"
    ],
    "953": [
        271,
        "book"
    ],
    "954": [
        51,
        "picture"
    ],
    "955": [
        326,
        "couch"
    ],
    "956": [
        645,
        "lamp"
    ],
    "957": [
        210,
        "decoration"
    ],
    "958": [
        350,
        "fireplace"
    ],
    "959": [
        996,
        "picture"
    ],
    "960": [
        425,
        "ceiling_lamp"
    ],
    "961": [
        674,
        "shower_rod"
    ],
    "963": [
        806,
        "picture"
    ],
    "964": [
        952,
        "alarm"
    ],
    "966": [
        72,
        "ceiling_lamp"
    ],
    "967": [
        994,
        "toilet"
    ],
    "968": [
        764,
        "tv"
    ],
    "969": [
        893,
        "drawer"
    ],
    "972": [
        748,
        "basket_of_something"
    ],
    "975": [
        284,
        "chair"
    ],
    "978": [
        405,
        "refrigerator_cabinet"
    ],
    "979": [
        58,
        "dining_chair"
    ],
    "981": [
        985,
        "sink"
    ],
    "982": [
        791,
        "pillow"
    ],
    "983": [
        769,
        "table"
    ],
    "984": [
        814,
        "ceiling_lamp"
    ],
    "987": [
        909,
        "pillow"
    ],
    "988": [
        131,
        "vent"
    ],
    "989": [
        377,
        "flowerpot"
    ],
    "990": [
        103,
        "picture"
    ],
    "992": [
        991,
        "ceiling_lamp"
    ],
    "994": [
        583,
        "chandelier"
    ],
    "995": [
        670,
        "picture"
    ],
    "996": [
        721,
        "window"
    ],
    "998": [
        865,
        "pillow"
    ],
    "1000": [
        311,
        "ceiling_lamp"
    ],
    "1003": [
        722,
        "rack"
    ],
    "1004": [
        616,
        "bed"
    ]
}