{
    "2": [
        6,
        "window"
    ],
    "3": [
        382,
        "cup"
    ],
    "4": [
        130,
        "book"
    ],
    "5": [
        37,
        "wall_lamp"
    ],
    "6": [
        113,
        "painting"
    ],
    "7": [
        309,
        "shelf"
    ],
    "10": [
        167,
        "chest"
    ],
    "11": [
        98,
        "pillow"
    ],
    "14": [
        77,
        "vase"
    ],
    "15": [
        228,
        "sink"
    ],
    "17": [
        191,
        "ceiling_lamp"
    ],
    "19": [
        116,
        "painting"
    ],
    "21": [
        444,
        "bathroom_towel"
    ],
    "22": [
        385,
        "bowl"
    ],
    "24": [
        84,
        "book"
    ],
    "25": [
        241,
        "wall_hanging_decoration"
    ],
    "26": [
        194,
        "shelf"
    ],
    "27": [
        171,
        "toy"
    ],
    "30": [
        193,
        "clothes_dryer"
    ],
    "32": [
        324,
        "candle_holder"
    ],
    "35": [
        181,
        "bedside_lamp"
    ],
    "37": [
        367,
        "kitchen_cabinet"
    ],
    "41": [
        351,
        "curtain"
    ],
    "43": [
        337,
        "book"
    ],
    "44": [
        310,
        "wall_hanging_decoration"
    ],
    "45": [
        76,
        "vase"
    ],
    "47": [
        251,
        "closet_door"
    ],
    "48": [
        347,
        "vase"
    ],
    "49": [
        201,
        "door"
    ],
    "50": [
        340,
        "decoration"
    ],
    "52": [
        63,
        "ceiling_lamp"
    ],
    "53": [
        65,
        "painting"
    ],
    "56": [
        80,
        "end_table"
    ],
    "58": [
        250,
        "closet_door"
    ],
    "60": [
        381,
        "cup"
    ],
    "61": [
        78,
        "plant"
    ],
    "62": [
        358,
        "refrigerator"
    ],
    "63": [
        428,
        "door"
    ],
    "64": [
        314,
        "window"
    ],
    "65": [
        85,
        "decoration"
    ],
    "66": [
        348,
        "picture"
    ],
    "67": [
        448,
        "decoration"
    ],
    "68": [
        311,
        "blinds"
    ],
    "71": [
        357,
        "window"
    ],
    "73": [
        10,
        "clothes_hanger_rod"
    ],
    "75": [
        450,
        "decorative_plant"
    ],
    "77": [
        199,
        "wall_hanging_decoration"
    ],
    "78": [
        376,
        "book"
    ],
    "80": [
        359,
        "ceiling_lamp"
    ],
    "81": [
        219,
        "toilet"
    ],
    "82": [
        185,
        "door"
    ],
    "83": [
        342,
        "vase"
    ],
    "84": [
        217,
        "wall_lamp"
    ],
    "85": [
        449,
        "decoration"
    ],
    "86": [
        390,
        "fruit_bowl"
    ],
    "87": [
        236,
        "ceiling_lamp"
    ],
    "89": [
        182,
        "closet"
    ],
    "90": [
        258,
        "bottle"
    ],
    "91": [
        74,
        "blinds"
    ],
    "92": [
        252,
        "closet"
    ],
    "93": [
        216,
        "window"
    ],
    "94": [
        177,
        "plush_toy"
    ],
    "95": [
        393,
        "kitchen_cabinet"
    ],
    "96": [
        36,
        "wall_lamp"
    ],
    "97": [
        307,
        "mirror_frame"
    ],
    "98": [
        425,
        "bench"
    ],
    "99": [
        387,
        "kitchen_utensil"
    ],
    "100": [
        159,
        "closet_door"
    ],
    "101": [
        374,
        "kitchen_counter"
    ],
    "102": [
        420,
        "window"
    ],
    "104": [
        69,
        "door"
    ],
    "106": [
        313,
        "window"
    ],
    "107": [
        375,
        "kitchen_counter"
    ],
    "109": [
        373,
        "pipe"
    ],
    "110": [
        14,
        "clothes_hanger"
    ],
    "112": [
        452,
        "bathroom_shelf"
    ],
    "114": [
        368,
        "kitchen_cabinet"
    ],
    "115": [
        306,
        "decorative_plant"
    ],
    "116": [
        318,
        "dining_chair"
    ],
    "117": [
        153,
        "smoke_detector"
    ],
    "118": [
        254,
        "plush_toy"
    ],
    "119": [
        227,
        "bathroom_counter"
    ],
    "120": [
        68,
        "curtain_rod"
    ],
    "123": [
        162,
        "backpack"
    ],
    "132": [
        437,
        "mirror"
    ],
    "133": [
        115,
        "painting"
    ],
    "134": [
        97,
        "pillow"
    ],
    "137": [
        332,
        "box"
    ],
    "138": [
        391,
        "kitchen_cabinet"
    ],
    "139": [
        38,
        "decorative_plant"
    ],
    "140": [
        255,
        "book"
    ],
    "144": [
        421,
        "coat_hanger"
    ],
    "145": [
        271,
        "wall_hanging_decoration"
    ],
    "146": [
        353,
        "sliding_glass_door"
    ],
    "147": [
        331,
        "coffee_table"
    ],
    "148": [
        395,
        "kitchen_cabinet"
    ],
    "149": [
        265,
        "bed"
    ],
    "150": [
        247,
        "jar"
    ],
    "151": [
        384,
        "bowl"
    ],
    "152": [
        117,
        "smoke_detector"
    ],
    "156": [
        90,
        "candle"
    ],
    "157": [
        131,
        "book"
    ],
    "158": [
        161,
        "hanging_clothes"
    ],
    "159": [
        243,
        "shelf"
    ],
    "160": [
        366,
        "kitchen_cabinet"
    ],
    "161": [
        60,
        "ceiling_lamp"
    ],
    "162": [
        415,
        "blinds"
    ],
    "163": [
        12,
        "hat"
    ],
    "164": [
        166,
        "hat"
    ],
    "165": [
        220,
        "bath_towel"
    ],
    "166": [
        114,
        "painting"
    ],
    "167": [
        8,
        "ceiling_lamp"
    ],
    "171": [
        446,
        "toilet"
    ],
    "173": [
        192,
        "washing_machine"
    ],
    "174": [
        96,
        "pillow"
    ],
    "177": [
        170,
        "toy"
    ],
    "178": [
        371,
        "kitchen_cabinet"
    ],
    "179": [
        308,
        "mirror"
    ],
    "181": [
        423,
        "hat"
    ],
    "182": [
        266,
        "hanging_clothes"
    ],
    "184": [
        392,
        "kitchen_cabinet"
    ],
    "186": [
        134,
        "box"
    ],
    "188": [
        246,
        "jar"
    ],
    "189": [
        213,
        "bathtub"
    ],
    "190": [
        132,
        "book"
    ],
    "192": [
        223,
        "hot_water_cold_water_knob"
    ],
    "194": [
        160,
        "closet_door"
    ],
    "196": [
        126,
        "book"
    ],
    "197": [
        154,
        "blinds"
    ],
    "201": [
        31,
        "soap_dispenser"
    ],
    "202": [
        378,
        "box"
    ],
    "203": [
        72,
        "book"
    ],
    "204": [
        333,
        "flower_vase"
    ],
    "205": [
        91,
        "bed"
    ],
    "207": [
        451,
        "bathroom_shelf"
    ],
    "208": [
        221,
        "bathroom_towel"
    ],
    "209": [
        44,
        "sink"
    ],
    "210": [
        442,
        "sink"
    ],
    "212": [
        320,
        "dining_chair"
    ],
    "214": [
        261,
        "end_table"
    ],
    "215": [
        141,
        "door"
    ],
    "216": [
        123,
        "shelf"
    ],
    "217": [
        195,
        "shelf"
    ],
    "219": [
        260,
        "decoration"
    ],
    "221": [
        364,
        "kitchen_island"
    ],
    "222": [
        136,
        "stool"
    ],
    "223": [
        95,
        "pillow"
    ],
    "227": [
        46,
        "bathroom_cabinet"
    ],
    "228": [
        322,
        "plant"
    ],
    "229": [
        42,
        "bathroom_counter"
    ],
    "231": [
        245,
        "jar"
    ],
    "232": [
        355,
        "blinds"
    ],
    "233": [
        372,
        "microwave"
    ],
    "235": [
        328,
        "pillow"
    ],
    "236": [
        370,
        "kitchen_cabinet"
    ],
    "237": [
        262,
        "bedside_lamp"
    ],
    "239": [
        173,
        "bed"
    ],
    "240": [
        447,
        "decoration"
    ],
    "241": [
        334,
        "decoration"
    ],
    "243": [
        399,
        "carpet"
    ],
    "244": [
        152,
        "ceiling_lamp"
    ],
    "245": [
        163,
        "plush_toy"
    ],
    "246": [
        212,
        "shower_curtain"
    ],
    "247": [
        312,
        "window"
    ],
    "248": [
        135,
        "stool"
    ],
    "250": [
        93,
        "pillow"
    ],
    "251": [
        422,
        "handbag"
    ],
    "254": [
        82,
        "alarm_clock"
    ],
    "256": [
        257,
        "box"
    ],
    "257": [
        397,
        "dishwasher"
    ],
    "259": [
        86,
        "end_table"
    ],
    "261": [
        259,
        "decoration"
    ],
    "262": [
        416,
        "blinds"
    ],
    "265": [
        172,
        "plush_toy"
    ],
    "267": [
        386,
        "bowl_of_fruit"
    ],
    "268": [
        396,
        "kitchen_cabinet"
    ],
    "269": [
        94,
        "pillow"
    ],
    "270": [
        327,
        "pillow"
    ],
    "275": [
        298,
        "ceiling_lamp"
    ],
    "276": [
        71,
        "cabinet"
    ],
    "277": [
        81,
        "bedside_lamp"
    ],
    "278": [
        335,
        "shelf"
    ],
    "279": [
        9,
        "hanging_clothes"
    ],
    "280": [
        242,
        "shelf"
    ],
    "283": [
        34,
        "ceiling_lamp"
    ],
    "284": [
        156,
        "window"
    ],
    "287": [
        180,
        "toy"
    ],
    "288": [
        345,
        "decoration"
    ],
    "289": [
        315,
        "blinds"
    ],
    "290": [
        299,
        "ceiling_lamp"
    ],
    "291": [
        360,
        "ceiling_lamp"
    ],
    "292": [
        61,
        "ceiling_lamp"
    ],
    "295": [
        388,
        "oven_and_stove"
    ],
    "296": [
        13,
        "handbag"
    ],
    "297": [
        240,
        "mirror_frame"
    ],
    "298": [
        377,
        "sink"
    ],
    "300": [
        412,
        "door"
    ],
    "302": [
        89,
        "plant"
    ],
    "304": [
        128,
        "book"
    ],
    "306": [
        325,
        "l"
    ],
    "309": [
        87,
        "bedside_lamp"
    ],
    "310": [
        83,
        "plant"
    ],
    "311": [
        165,
        "shelf"
    ],
    "314": [
        226,
        "bathroom_cabinet"
    ],
    "316": [
        414,
        "wall_hanging_decoration"
    ],
    "320": [
        338,
        "candle"
    ],
    "321": [
        256,
        "cabinet"
    ],
    "322": [
        329,
        "pillow"
    ],
    "323": [
        394,
        "kitchen_cabinet"
    ],
    "325": [
        157,
        "door"
    ],
    "328": [
        32,
        "soap_dispenser"
    ],
    "330": [
        365,
        "bowl_of_fruit"
    ],
    "331": [
        443,
        "wall_toilet_paper"
    ],
    "332": [
        47,
        "bathroom_cabinet"
    ],
    "334": [
        389,
        "bottle"
    ],
    "336": [
        296,
        "ceiling_lamp"
    ],
    "337": [
        297,
        "ceiling_lamp"
    ],
    "338": [
        341,
        "decorative_plant"
    ],
    "340": [
        303,
        "door"
    ],
    "341": [
        179,
        "nightstand"
    ],
    "343": [
        268,
        "pillow"
    ],
    "345": [
        92,
        "pillow"
    ],
    "346": [
        323,
        "flower_vase"
    ],
    "347": [
        339,
        "picture"
    ],
    "349": [
        64,
        "painting"
    ],
    "350": [
        305,
        "fireplace"
    ],
    "351": [
        35,
        "ceiling_lamp"
    ],
    "352": [
        79,
        "rock"
    ],
    "354": [
        88,
        "vase"
    ],
    "357": [
        168,
        "toy"
    ],
    "358": [
        211,
        "shower_caddy"
    ],
    "360": [
        354,
        "sliding_glass_door"
    ],
    "361": [
        222,
        "bathroom_shelf"
    ],
    "364": [
        253,
        "bean_bag_chair"
    ],
    "367": [
        197,
        "box"
    ],
    "368": [
        380,
        "coffee_machine"
    ],
    "370": [
        321,
        "dining_table"
    ],
    "372": [
        239,
        "window"
    ],
    "374": [
        16,
        "door"
    ],
    "377": [
        29,
        "door"
    ],
    "379": [
        196,
        "box"
    ],
    "380": [
        124,
        "shelf"
    ],
    "381": [
        11,
        "clothes_hanger_rod"
    ],
    "382": [
        269,
        "pillow"
    ],
    "383": [
        263,
        "book"
    ],
    "384": [
        304,
        "painting"
    ],
    "385": [
        73,
        "blinds"
    ],
    "386": [
        62,
        "ceiling_lamp"
    ],
    "388": [
        67,
        "curtain"
    ],
    "392": [
        66,
        "curtain"
    ],
    "393": [
        169,
        "toy"
    ],
    "394": [
        237,
        "blinds"
    ],
    "395": [
        164,
        "shelf"
    ],
    "396": [
        125,
        "book"
    ],
    "398": [
        264,
        "alarm_clock"
    ],
    "399": [
        344,
        "cabinet"
    ],
    "400": [
        319,
        "dining_chair"
    ],
    "401": [
        343,
        "cabinet"
    ],
    "403": [
        379,
        "decorative_plant"
    ],
    "404": [
        27,
        "toilet"
    ],
    "405": [
        41,
        "cosmetics"
    ],
    "406": [
        346,
        "decorative_plant"
    ],
    "408": [
        133,
        "table"
    ],
    "410": [
        224,
        "toiletry"
    ],
    "413": [
        336,
        "decorative_plant"
    ],
    "415": [
        30,
        "bathroom_towel"
    ],
    "416": [
        445,
        "trashcan"
    ],
    "417": [
        383,
        "spice_rack"
    ],
    "422": [
        174,
        "pillow"
    ],
    "423": [
        210,
        "shower_caddy"
    ],
    "424": [
        267,
        "pillow"
    ],
    "425": [
        349,
        "picture"
    ],
    "426": [
        244,
        "picture"
    ],
    "427": [
        330,
        "pillow"
    ],
    "428": [
        75,
        "blinds"
    ],
    "429": [
        248,
        "door"
    ],
    "430": [
        225,
        "soap_dispenser"
    ],
    "431": [
        176,
        "plush_toy"
    ],
    "434": [
        178,
        "plush_toy"
    ],
    "435": [
        270,
        "plush_toy"
    ],
    "436": [
        280,
        "door"
    ],
    "437": [
        300,
        "support_beam"
    ],
    "438": [
        424,
        "backpack"
    ],
    "439": [
        175,
        "pillow"
    ],
    "441": [
        317,
        "dining_chair"
    ],
    "443": [
        295,
        "ceiling_lamp"
    ],
    "447": [
        419,
        "window"
    ],
    "449": [
        369,
        "kitchen_cabinet"
    ],
    "450": [
        326,
        "pillow"
    ],
    "451": [
        45,
        "bathroom_cabinet"
    ],
    "453": [
        411,
        "door"
    ]
}