{
    "1": [
        622,
        "soap_bottle"
    ],
    "3": [
        132,
        "toaster"
    ],
    "4": [
        429,
        "ceiling_lamp"
    ],
    "5": [
        392,
        "bedside_lamp"
    ],
    "6": [
        395,
        "bedside_lamp"
    ],
    "8": [
        72,
        "armchair"
    ],
    "10": [
        619,
        "shower_soap_shelf"
    ],
    "11": [
        295,
        "hand_soap"
    ],
    "12": [
        365,
        "flower_vase"
    ],
    "13": [
        486,
        "ceiling_fan"
    ],
    "14": [
        245,
        "bedside_lamp"
    ],
    "15": [
        506,
        "tissue_box"
    ],
    "16": [
        195,
        "door"
    ],
    "17": [
        23,
        "window"
    ],
    "21": [
        134,
        "paper_towel"
    ],
    "23": [
        62,
        "painting"
    ],
    "24": [
        660,
        "trashcan"
    ],
    "25": [
        469,
        "art_frame"
    ],
    "27": [
        119,
        "oven_and_stove"
    ],
    "28": [
        145,
        "bar_chair"
    ],
    "29": [
        602,
        "painting"
    ],
    "30": [
        546,
        "curtain"
    ],
    "32": [
        465,
        "cabinet"
    ],
    "35": [
        559,
        "lamp"
    ],
    "36": [
        467,
        "pillow"
    ],
    "38": [
        162,
        "ceiling_lamp"
    ],
    "41": [
        473,
        "pillow"
    ],
    "43": [
        246,
        "sofa_seat"
    ],
    "44": [
        298,
        "table"
    ],
    "46": [
        560,
        "door_window"
    ],
    "47": [
        595,
        "support_beam"
    ],
    "48": [
        400,
        "lamp"
    ],
    "51": [
        402,
        "cabinet"
    ],
    "52": [
        69,
        "shelf"
    ],
    "53": [
        84,
        "couch"
    ],
    "54": [
        489,
        "support_beam"
    ],
    "55": [
        105,
        "microwave"
    ],
    "56": [
        579,
        "patio_chair"
    ],
    "59": [
        611,
        "towel"
    ],
    "60": [
        87,
        "decoration"
    ],
    "62": [
        643,
        "sink"
    ],
    "63": [
        364,
        "liquid_soap"
    ],
    "64": [
        123,
        "shelf"
    ],
    "69": [
        199,
        "vase"
    ],
    "72": [
        555,
        "pillow"
    ],
    "73": [
        505,
        "liquid_soap"
    ],
    "75": [
        219,
        "cabinet"
    ],
    "77": [
        81,
        "table"
    ],
    "79": [
        617,
        "window"
    ],
    "80": [
        227,
        "curtain"
    ],
    "82": [
        252,
        "pillow"
    ],
    "85": [
        427,
        "soap_bottle"
    ],
    "86": [
        430,
        "ceiling_lamp"
    ],
    "87": [
        74,
        "shelf"
    ],
    "89": [
        144,
        "bar_chair"
    ],
    "90": [
        608,
        "window"
    ],
    "92": [
        554,
        "pillow"
    ],
    "93": [
        635,
        "shower_handle"
    ],
    "95": [
        479,
        "pillow"
    ],
    "96": [
        125,
        "shelf"
    ],
    "97": [
        282,
        "towel"
    ],
    "104": [
        113,
        "shelf"
    ],
    "106": [
        598,
        "door"
    ],
    "108": [
        553,
        "pillow"
    ],
    "109": [
        477,
        "pillow"
    ],
    "110": [
        641,
        "flower_vase"
    ],
    "111": [
        172,
        "shelf"
    ],
    "112": [
        653,
        "shelf"
    ],
    "114": [
        647,
        "hand_soap"
    ],
    "115": [
        548,
        "bedside_lamp"
    ],
    "117": [
        299,
        "towel"
    ],
    "123": [
        97,
        "chair"
    ],
    "125": [
        265,
        "bathroom_glass"
    ],
    "126": [
        648,
        "liquid_soap"
    ],
    "128": [
        114,
        "refrigerator"
    ],
    "129": [
        677,
        "device"
    ],
    "132": [
        674,
        "pillow"
    ],
    "134": [
        103,
        "shelf"
    ],
    "137": [
        439,
        "table"
    ],
    "144": [
        614,
        "bath_faucet"
    ],
    "145": [
        70,
        "shelf"
    ],
    "149": [
        580,
        "circular_sofa"
    ],
    "150": [
        669,
        "pillow"
    ],
    "151": [
        388,
        "curtain"
    ],
    "152": [
        292,
        "hand_soap"
    ],
    "159": [
        372,
        "ceiling_lamp"
    ],
    "161": [
        242,
        "cabinet"
    ],
    "163": [
        164,
        "ceiling_lamp"
    ],
    "166": [
        198,
        "decoration"
    ],
    "167": [
        128,
        "faucet"
    ],
    "168": [
        418,
        "towel_bar"
    ],
    "169": [
        102,
        "lamp"
    ],
    "172": [
        512,
        "towel_bar"
    ],
    "173": [
        613,
        "bathtub"
    ],
    "175": [
        277,
        "art_frame"
    ],
    "176": [
        448,
        "door"
    ],
    "177": [
        250,
        "bed"
    ],
    "178": [
        423,
        "sink_cabinet"
    ],
    "179": [
        127,
        "sink"
    ],
    "183": [
        94,
        "chair"
    ],
    "185": [
        122,
        "shelf"
    ],
    "186": [
        230,
        "lamp"
    ],
    "187": [
        99,
        "chair"
    ],
    "193": [
        398,
        "armchair"
    ],
    "194": [
        455,
        "curtain"
    ],
    "196": [
        297,
        "mirror"
    ],
    "197": [
        610,
        "towel_bar"
    ],
    "199": [
        220,
        "device"
    ],
    "200": [
        247,
        "pillow"
    ],
    "201": [
        249,
        "pillow"
    ],
    "202": [
        482,
        "telephone"
    ],
    "203": [
        433,
        "door"
    ],
    "205": [
        310,
        "bathtub"
    ],
    "206": [
        630,
        "shower_glass"
    ],
    "207": [
        570,
        "device"
    ],
    "208": [
        120,
        "shelf"
    ],
    "209": [
        440,
        "door"
    ],
    "211": [
        28,
        "lamp"
    ],
    "212": [
        632,
        "towel_bar"
    ],
    "213": [
        374,
        "door"
    ],
    "214": [
        475,
        "pillow"
    ],
    "216": [
        655,
        "tissue_box"
    ],
    "217": [
        397,
        "bed"
    ],
    "218": [
        301,
        "chair"
    ],
    "219": [
        474,
        "pillow"
    ],
    "220": [
        561,
        "sofa_seat"
    ],
    "221": [
        200,
        "vase"
    ],
    "223": [
        78,
        "newspaper"
    ],
    "224": [
        96,
        "chair"
    ],
    "225": [
        615,
        "bath_towel"
    ],
    "228": [
        286,
        "lamp"
    ],
    "229": [
        289,
        "sink_cabinet"
    ],
    "230": [
        527,
        "support_beam"
    ],
    "231": [
        110,
        "window"
    ],
    "234": [
        471,
        "art_frame"
    ],
    "238": [
        66,
        "window"
    ],
    "241": [
        500,
        "trashcan"
    ],
    "242": [
        621,
        "soap_bottle"
    ],
    "243": [
        665,
        "lamp"
    ],
    "245": [
        187,
        "mirror"
    ],
    "247": [
        650,
        "liquid_soap"
    ],
    "248": [
        129,
        "table"
    ],
    "249": [
        511,
        "window"
    ],
    "252": [
        284,
        "mirror"
    ],
    "257": [
        83,
        "pouffe"
    ],
    "258": [
        93,
        "chair"
    ],
    "259": [
        313,
        "vase"
    ],
    "260": [
        640,
        "mirror"
    ],
    "261": [
        367,
        "trashcan"
    ],
    "262": [
        495,
        "lamp"
    ],
    "263": [
        463,
        "tv"
    ],
    "265": [
        652,
        "device"
    ],
    "267": [
        642,
        "shelf"
    ],
    "270": [
        315,
        "shower_seat"
    ],
    "272": [
        307,
        "towel"
    ],
    "274": [
        80,
        "table_lamp"
    ],
    "276": [
        216,
        "mirror"
    ],
    "277": [
        547,
        "table"
    ],
    "278": [
        563,
        "tv"
    ],
    "282": [
        401,
        "pouffe"
    ],
    "283": [
        387,
        "curtain"
    ],
    "285": [
        673,
        "pillow"
    ],
    "289": [
        147,
        "table"
    ],
    "291": [
        468,
        "bed"
    ],
    "293": [
        287,
        "mirror"
    ],
    "294": [
        67,
        "curtain"
    ],
    "295": [
        366,
        "shelf"
    ],
    "296": [
        370,
        "door"
    ],
    "297": [
        100,
        "chair"
    ],
    "298": [
        549,
        "table"
    ],
    "300": [
        63,
        "painting"
    ],
    "301": [
        431,
        "art_frame"
    ],
    "303": [
        472,
        "pillow"
    ],
    "305": [
        545,
        "curtain"
    ],
    "306": [
        569,
        "ceiling_fan"
    ],
    "309": [
        592,
        "can"
    ],
    "312": [
        79,
        "table"
    ],
    "313": [
        186,
        "mirror"
    ],
    "314": [
        222,
        "led_tv"
    ],
    "319": [
        480,
        "cabinet"
    ],
    "320": [
        590,
        "closet_area_for_hanging_clothes"
    ],
    "321": [
        601,
        "towel_bar"
    ],
    "323": [
        631,
        "shower_mat"
    ],
    "326": [
        240,
        "alarm_clock"
    ],
    "327": [
        153,
        "carpet"
    ],
    "329": [
        131,
        "device"
    ],
    "331": [
        360,
        "sink"
    ],
    "334": [
        19,
        "table"
    ],
    "335": [
        551,
        "telephone"
    ],
    "339": [
        483,
        "alarm_clock"
    ],
    "340": [
        21,
        "vase"
    ],
    "341": [
        481,
        "bedside_lamp"
    ],
    "342": [
        183,
        "chair"
    ],
    "344": [
        432,
        "art_frame"
    ],
    "345": [
        26,
        "lamp"
    ],
    "346": [
        98,
        "chair"
    ],
    "347": [
        565,
        "curtain"
    ],
    "348": [
        136,
        "kettle"
    ],
    "349": [
        192,
        "mirror"
    ],
    "350": [
        478,
        "pillow"
    ],
    "352": [
        305,
        "trashcan"
    ],
    "353": [
        95,
        "chair"
    ],
    "354": [
        454,
        "wardrobe"
    ],
    "356": [
        266,
        "bathroom_glass"
    ],
    "358": [
        236,
        "window"
    ],
    "359": [
        502,
        "sink"
    ],
    "360": [
        646,
        "faucet"
    ],
    "361": [
        390,
        "art_frame"
    ],
    "362": [
        644,
        "sink"
    ],
    "363": [
        76,
        "decoration"
    ],
    "365": [
        438,
        "trashcan"
    ],
    "368": [
        85,
        "vase"
    ],
    "369": [
        121,
        "shelf"
    ],
    "371": [
        116,
        "shelf"
    ],
    "374": [
        75,
        "decoration"
    ],
    "375": [
        239,
        "bedside_lamp"
    ],
    "376": [
        523,
        "decoration"
    ],
    "378": [
        530,
        "smoke_alarm"
    ],
    "381": [
        288,
        "flower_vase"
    ],
    "382": [
        174,
        "teapot"
    ],
    "383": [
        218,
        "vase"
    ],
    "384": [
        671,
        "pillow"
    ],
    "390": [
        494,
        "mirror"
    ],
    "393": [
        499,
        "table"
    ],
    "394": [
        528,
        "decoration"
    ],
    "396": [
        399,
        "pillow"
    ],
    "397": [
        676,
        "device"
    ],
    "398": [
        276,
        "art_frame"
    ],
    "399": [
        564,
        "curtain"
    ],
    "400": [
        170,
        "ventilation"
    ],
    "401": [
        636,
        "shower_handle"
    ],
    "402": [
        503,
        "faucet"
    ],
    "404": [
        130,
        "table"
    ],
    "405": [
        508,
        "mirror"
    ],
    "406": [
        620,
        "soap_bottle"
    ],
    "407": [
        61,
        "painting"
    ],
    "408": [
        86,
        "vase"
    ],
    "410": [
        394,
        "cabinet"
    ],
    "411": [
        243,
        "telephone"
    ],
    "413": [
        391,
        "cabinet"
    ],
    "417": [
        290,
        "faucet"
    ],
    "418": [
        368,
        "toilet"
    ],
    "421": [
        12,
        "door"
    ],
    "424": [
        639,
        "mirror"
    ],
    "425": [
        628,
        "shower_glass"
    ],
    "428": [
        393,
        "telephone"
    ],
    "429": [
        210,
        "ceiling_lamp"
    ],
    "430": [
        25,
        "window"
    ],
    "432": [
        645,
        "faucet"
    ],
    "433": [
        424,
        "sink"
    ],
    "435": [
        389,
        "art_frame"
    ],
    "436": [
        496,
        "lamp"
    ],
    "438": [
        529,
        "decoration"
    ],
    "440": [
        217,
        "vase"
    ],
    "441": [
        285,
        "lamp"
    ],
    "443": [
        312,
        "vase"
    ],
    "446": [
        337,
        "door"
    ],
    "447": [
        166,
        "ceiling_lamp"
    ],
    "448": [
        417,
        "towel"
    ],
    "449": [
        173,
        "bowl"
    ],
    "451": [
        248,
        "pillow"
    ],
    "452": [
        490,
        "mirror"
    ],
    "453": [
        107,
        "ventilation_hood"
    ],
    "454": [
        211,
        "smoke_alarm"
    ],
    "455": [
        251,
        "pillow"
    ],
    "457": [
        362,
        "liquid_soap"
    ],
    "464": [
        659,
        "chair"
    ],
    "465": [
        658,
        "mirror"
    ],
    "466": [
        504,
        "liquid_soap"
    ],
    "468": [
        649,
        "liquid_soap"
    ],
    "469": [
        104,
        "shelf"
    ],
    "470": [
        163,
        "ceiling_lamp"
    ],
    "471": [
        280,
        "door"
    ],
    "474": [
        436,
        "towel"
    ],
    "475": [
        340,
        "washing_machine"
    ],
    "476": [
        470,
        "bed"
    ],
    "479": [
        459,
        "curtain"
    ],
    "483": [
        668,
        "pillow"
    ],
    "484": [
        300,
        "towel_bar"
    ],
    "486": [
        435,
        "towel"
    ],
    "487": [
        507,
        "towel"
    ],
    "488": [
        267,
        "bathroom_glass"
    ],
    "491": [
        20,
        "decoration"
    ],
    "492": [
        293,
        "hand_soap"
    ],
    "493": [
        336,
        "ceiling_lamp"
    ],
    "494": [
        667,
        "pillow"
    ],
    "495": [
        169,
        "ceiling_lamp"
    ],
    "498": [
        341,
        "shelf"
    ],
    "499": [
        149,
        "bowl_of_fruit"
    ],
    "501": [
        77,
        "newspaper"
    ],
    "502": [
        146,
        "bar_chair"
    ],
    "503": [
        268,
        "shower_door"
    ],
    "505": [
        583,
        "window"
    ],
    "507": [
        558,
        "circular_sofa"
    ],
    "508": [
        143,
        "bar_chair"
    ],
    "512": [
        501,
        "shelf"
    ],
    "513": [
        117,
        "shelf"
    ],
    "518": [
        591,
        "safe"
    ],
    "519": [
        519,
        "door"
    ],
    "524": [
        91,
        "decoration"
    ],
    "526": [
        556,
        "armchair"
    ],
    "528": [
        670,
        "pillow"
    ],
    "531": [
        167,
        "ceiling_lamp"
    ],
    "533": [
        306,
        "towel_bar"
    ],
    "534": [
        522,
        "painting"
    ],
    "536": [
        271,
        "window"
    ],
    "538": [
        550,
        "bedside_lamp"
    ],
    "539": [
        679,
        "pillow"
    ],
    "540": [
        118,
        "shelf"
    ],
    "541": [
        223,
        "curtain"
    ],
    "542": [
        73,
        "table"
    ],
    "543": [
        320,
        "ceiling_lamp"
    ],
    "544": [
        71,
        "armchair"
    ],
    "545": [
        442,
        "door"
    ],
    "546": [
        629,
        "shower_glass"
    ],
    "549": [
        672,
        "pillow"
    ],
    "551": [
        238,
        "cabinet"
    ],
    "554": [
        634,
        "shower_door"
    ],
    "555": [
        594,
        "clothes"
    ],
    "557": [
        18,
        "lamp"
    ],
    "562": [
        567,
        "carpet"
    ],
    "565": [
        180,
        "table"
    ],
    "567": [
        405,
        "ceiling_fan"
    ],
    "569": [
        662,
        "mirror"
    ],
    "573": [
        190,
        "door"
    ],
    "576": [
        101,
        "table"
    ],
    "579": [
        106,
        "shelf"
    ],
    "581": [
        14,
        "door"
    ],
    "585": [
        484,
        "lamp"
    ],
    "586": [
        664,
        "wardrobe"
    ],
    "587": [
        165,
        "ceiling_lamp"
    ],
    "589": [
        294,
        "hand_soap"
    ],
    "593": [
        524,
        "table"
    ],
    "594": [
        111,
        "shelf"
    ],
    "595": [
        148,
        "telephone"
    ],
    "597": [
        89,
        "led_tv"
    ],
    "599": [
        557,
        "pillow"
    ],
    "600": [
        675,
        "pillow"
    ],
    "601": [
        680,
        "pillow"
    ],
    "607": [
        254,
        "ceiling_fan"
    ],
    "608": [
        593,
        "can"
    ],
    "610": [
        350,
        "case"
    ],
    "612": [
        339,
        "clothes_dryer"
    ],
    "613": [
        133,
        "coffee_machine"
    ],
    "614": [
        633,
        "towel"
    ],
    "615": [
        562,
        "cabinet"
    ],
    "616": [
        396,
        "alarm_clock"
    ],
    "618": [
        358,
        "lamp"
    ],
    "619": [
        426,
        "soap_bottle"
    ],
    "621": [
        434,
        "door"
    ],
    "623": [
        552,
        "bed"
    ],
    "625": [
        657,
        "device"
    ],
    "626": [
        425,
        "faucet"
    ],
    "627": [
        403,
        "tv"
    ],
    "628": [
        466,
        "armchair"
    ],
    "630": [
        296,
        "towel_bar"
    ],
    "632": [
        126,
        "sink_cabinet"
    ],
    "633": [
        311,
        "bath_faucet"
    ],
    "634": [
        228,
        "curtain"
    ],
    "638": [
        90,
        "decoration"
    ],
    "639": [
        437,
        "mirror"
    ],
    "640": [
        582,
        "circular_sofa"
    ],
    "641": [
        82,
        "table_lamp"
    ],
    "643": [
        108,
        "shelf"
    ],
    "644": [
        349,
        "ironing_board"
    ],
    "646": [
        152,
        "carpet"
    ],
    "647": [
        609,
        "door"
    ],
    "648": [
        258,
        "decoration"
    ],
    "649": [
        27,
        "lamp"
    ],
    "650": [
        338,
        "trashcan"
    ],
    "651": [
        476,
        "pillow"
    ],
    "652": [
        124,
        "dishwasher"
    ],
    "653": [
        326,
        "painting"
    ],
    "654": [
        363,
        "liquid_soap"
    ],
    "660": [
        221,
        "device"
    ],
    "667": [
        464,
        "device"
    ],
    "671": [
        291,
        "faucet"
    ],
    "673": [
        156,
        "furnace"
    ],
    "676": [
        678,
        "pillow"
    ],
    "677": [
        359,
        "lamp"
    ],
    "679": [
        88,
        "decoration"
    ],
    "680": [
        514,
        "door"
    ]
}