{
    "3": [
        27,
        "curtain"
    ],
    "5": [
        102,
        "lamp"
    ],
    "6": [
        158,
        "shelf"
    ],
    "7": [
        57,
        "door"
    ],
    "8": [
        347,
        "liquid_soap"
    ],
    "9": [
        267,
        "bed"
    ],
    "11": [
        339,
        "chair"
    ],
    "13": [
        86,
        "decoration"
    ],
    "14": [
        271,
        "wardrobe"
    ],
    "16": [
        198,
        "art_frame"
    ],
    "21": [
        354,
        "device"
    ],
    "22": [
        81,
        "paper"
    ],
    "23": [
        258,
        "mirror"
    ],
    "24": [
        255,
        "painting"
    ],
    "26": [
        274,
        "lamp"
    ],
    "27": [
        207,
        "window"
    ],
    "30": [
        94,
        "chair"
    ],
    "31": [
        164,
        "decoration"
    ],
    "32": [
        90,
        "shelf"
    ],
    "33": [
        298,
        "window"
    ],
    "34": [
        107,
        "window"
    ],
    "35": [
        351,
        "lamp"
    ],
    "37": [
        315,
        "towel"
    ],
    "40": [
        244,
        "lamp"
    ],
    "42": [
        359,
        "lamp"
    ],
    "43": [
        59,
        "coffee_machine"
    ],
    "44": [
        177,
        "washing_stuff"
    ],
    "48": [
        83,
        "spice_rack"
    ],
    "49": [
        163,
        "decoration"
    ],
    "50": [
        169,
        "washing_machine"
    ],
    "52": [
        123,
        "fan"
    ],
    "55": [
        93,
        "chair"
    ],
    "57": [
        100,
        "lamp"
    ],
    "58": [
        201,
        "door"
    ],
    "60": [
        316,
        "towel"
    ],
    "61": [
        338,
        "high_shelf"
    ],
    "62": [
        272,
        "cabinet"
    ],
    "63": [
        341,
        "chair"
    ],
    "64": [
        185,
        "clock"
    ],
    "65": [
        62,
        "shelf"
    ],
    "67": [
        358,
        "lamp"
    ],
    "68": [
        243,
        "lamp"
    ],
    "69": [
        31,
        "tv"
    ],
    "70": [
        216,
        "door"
    ],
    "71": [
        55,
        "refrigerator"
    ],
    "72": [
        88,
        "decoration"
    ],
    "73": [
        324,
        "clothes"
    ],
    "75": [
        199,
        "art_frame"
    ],
    "78": [
        214,
        "table"
    ],
    "84": [
        97,
        "bench"
    ],
    "88": [
        334,
        "pillow"
    ],
    "91": [
        295,
        "window"
    ],
    "93": [
        227,
        "lamp"
    ],
    "95": [
        310,
        "door"
    ],
    "96": [
        166,
        "door"
    ],
    "98": [
        48,
        "oven_and_stove"
    ],
    "99": [
        275,
        "fan"
    ],
    "101": [
        357,
        "lamp"
    ],
    "103": [
        89,
        "shelf"
    ],
    "104": [
        63,
        "shelf"
    ],
    "105": [
        54,
        "art_frame"
    ],
    "106": [
        82,
        "knife_holder"
    ],
    "107": [
        84,
        "bowl_of_fruit"
    ],
    "108": [
        254,
        "towel"
    ],
    "111": [
        114,
        "door"
    ],
    "112": [
        321,
        "liquid_soap"
    ],
    "115": [
        120,
        "pillow"
    ],
    "120": [
        260,
        "door"
    ],
    "124": [
        300,
        "mirror"
    ],
    "125": [
        24,
        "window"
    ],
    "126": [
        270,
        "window"
    ],
    "130": [
        99,
        "decoration"
    ],
    "131": [
        314,
        "towel"
    ],
    "132": [
        42,
        "shelf"
    ],
    "133": [
        240,
        "door"
    ],
    "135": [
        116,
        "lamp"
    ],
    "136": [
        139,
        "painting"
    ],
    "139": [
        119,
        "pillow"
    ],
    "141": [
        337,
        "clothes_hanger"
    ],
    "142": [
        65,
        "art_frame"
    ],
    "144": [
        355,
        "device"
    ],
    "145": [
        47,
        "table"
    ],
    "146": [
        30,
        "painting"
    ],
    "151": [
        312,
        "toilet"
    ],
    "155": [
        122,
        "pillow"
    ],
    "156": [
        67,
        "art_frame"
    ],
    "157": [
        213,
        "laptop"
    ],
    "159": [
        340,
        "chair"
    ],
    "160": [
        317,
        "shower_cabin"
    ],
    "161": [
        246,
        "mirror"
    ],
    "162": [
        33,
        "decoration"
    ],
    "163": [
        38,
        "decoration"
    ],
    "164": [
        223,
        "chair"
    ],
    "166": [
        353,
        "device"
    ],
    "168": [
        138,
        "lamp"
    ],
    "169": [
        121,
        "pillow"
    ],
    "170": [
        85,
        "decoration"
    ],
    "172": [
        301,
        "painting"
    ],
    "173": [
        342,
        "chair"
    ],
    "175": [
        320,
        "liquid_soap"
    ],
    "176": [
        325,
        "hat"
    ],
    "177": [
        226,
        "lamp"
    ],
    "178": [
        259,
        "towel"
    ],
    "179": [
        96,
        "chair"
    ],
    "180": [
        53,
        "art_frame"
    ],
    "181": [
        51,
        "trashcan"
    ],
    "184": [
        318,
        "liquid_soap"
    ],
    "187": [
        210,
        "office_chair"
    ],
    "189": [
        49,
        "table"
    ],
    "190": [
        276,
        "cabinet"
    ],
    "191": [
        277,
        "door"
    ],
    "193": [
        176,
        "washing_stuff"
    ],
    "195": [
        110,
        "bed"
    ],
    "198": [
        46,
        "table"
    ],
    "199": [
        98,
        "table"
    ],
    "204": [
        92,
        "fan"
    ],
    "205": [
        256,
        "toilet"
    ],
    "207": [
        329,
        "container"
    ],
    "211": [
        160,
        "decoration"
    ],
    "213": [
        238,
        "door"
    ],
    "216": [
        219,
        "fan"
    ],
    "218": [
        197,
        "door"
    ],
    "219": [
        151,
        "door"
    ],
    "220": [
        87,
        "decoration"
    ],
    "221": [
        344,
        "cloth"
    ],
    "223": [
        60,
        "coffee_maker"
    ],
    "224": [
        137,
        "lamp"
    ],
    "228": [
        313,
        "toilet_paper"
    ],
    "229": [
        162,
        "decoration"
    ],
    "230": [
        37,
        "painting"
    ],
    "234": [
        192,
        "painting"
    ],
    "236": [
        360,
        "lamp"
    ],
    "238": [
        126,
        "decoration"
    ],
    "241": [
        35,
        "carpet"
    ],
    "246": [
        170,
        "washing_machine"
    ],
    "249": [
        45,
        "microwave"
    ],
    "252": [
        333,
        "pillow"
    ],
    "253": [
        71,
        "dishwasher"
    ],
    "254": [
        335,
        "shelf"
    ],
    "255": [
        124,
        "cabinet"
    ],
    "259": [
        297,
        "bench"
    ],
    "261": [
        356,
        "device"
    ],
    "262": [
        299,
        "sink_cabinet"
    ],
    "263": [
        39,
        "decoration"
    ],
    "264": [
        26,
        "window"
    ],
    "266": [
        68,
        "decoration"
    ],
    "267": [
        115,
        "shelf"
    ],
    "269": [
        95,
        "chair"
    ],
    "270": [
        330,
        "container"
    ],
    "272": [
        174,
        "lamp"
    ],
    "273": [
        326,
        "hat"
    ],
    "274": [
        108,
        "curtain"
    ],
    "275": [
        69,
        "shelf"
    ],
    "277": [
        118,
        "shelf"
    ],
    "280": [
        253,
        "curtain"
    ],
    "282": [
        273,
        "cabinet"
    ],
    "283": [
        336,
        "shoe"
    ],
    "285": [
        323,
        "clothes"
    ],
    "287": [
        332,
        "container"
    ],
    "288": [
        127,
        "decoration"
    ],
    "289": [
        211,
        "desk"
    ],
    "294": [
        58,
        "shelf"
    ],
    "295": [
        294,
        "painting"
    ],
    "296": [
        34,
        "couch"
    ],
    "297": [
        125,
        "tv"
    ],
    "302": [
        101,
        "lamp"
    ],
    "303": [
        187,
        "painting"
    ],
    "306": [
        43,
        "shelf"
    ],
    "307": [
        50,
        "sink"
    ],
    "309": [
        36,
        "table"
    ],
    "313": [
        209,
        "printer"
    ],
    "314": [
        109,
        "curtain"
    ],
    "318": [
        32,
        "decoration"
    ],
    "324": [
        41,
        "window"
    ],
    "325": [
        161,
        "decoration"
    ],
    "327": [
        245,
        "lamp"
    ],
    "328": [
        175,
        "ironing_board"
    ],
    "335": [
        70,
        "shelf"
    ],
    "338": [
        140,
        "device"
    ],
    "339": [
        159,
        "clock"
    ],
    "340": [
        322,
        "liquid_soap"
    ],
    "343": [
        117,
        "lamp"
    ],
    "344": [
        178,
        "washing_stuff"
    ],
    "346": [
        319,
        "liquid_soap"
    ],
    "348": [
        257,
        "sink_cabinet"
    ],
    "349": [
        212,
        "laptop"
    ],
    "352": [
        228,
        "lamp"
    ],
    "354": [
        52,
        "cabinet"
    ],
    "357": [
        327,
        "hat"
    ],
    "358": [
        44,
        "shelf"
    ],
    "359": [
        331,
        "container"
    ],
    "360": [
        29,
        "window"
    ]
}