{
    "1": [
        840,
        "toy"
    ],
    "2": [
        660,
        "ceiling_lamp"
    ],
    "3": [
        137,
        "dining_chair"
    ],
    "4": [
        340,
        "bedside_lamp"
    ],
    "6": [
        468,
        "curtain"
    ],
    "7": [
        809,
        "box"
    ],
    "8": [
        318,
        "art_frame"
    ],
    "10": [
        872,
        "cabinet"
    ],
    "14": [
        323,
        "window"
    ],
    "15": [
        772,
        "toy"
    ],
    "16": [
        469,
        "plant"
    ],
    "19": [
        183,
        "art_frame"
    ],
    "20": [
        320,
        "art_frame"
    ],
    "21": [
        457,
        "clothes_hanger"
    ],
    "22": [
        500,
        "cloth"
    ],
    "25": [
        189,
        "box_with_books"
    ],
    "26": [
        766,
        "toy"
    ],
    "28": [
        489,
        "sofa_seat"
    ],
    "30": [
        119,
        "door"
    ],
    "34": [
        824,
        "toy"
    ],
    "40": [
        185,
        "bookshelf"
    ],
    "41": [
        366,
        "door"
    ],
    "42": [
        375,
        "towel"
    ],
    "46": [
        247,
        "mirror"
    ],
    "47": [
        778,
        "toy"
    ],
    "48": [
        801,
        "boxes_with_books"
    ],
    "50": [
        625,
        "tv_stand"
    ],
    "52": [
        186,
        "statue"
    ],
    "53": [
        487,
        "sofa_chair"
    ],
    "54": [
        717,
        "art_frame"
    ],
    "56": [
        722,
        "art_frame"
    ],
    "59": [
        811,
        "toy"
    ],
    "60": [
        260,
        "ceiling_fan"
    ],
    "62": [
        258,
        "door"
    ],
    "63": [
        825,
        "toy"
    ],
    "64": [
        31,
        "armchair"
    ],
    "66": [
        120,
        "calendar"
    ],
    "67": [
        829,
        "toy"
    ],
    "68": [
        153,
        "mirror"
    ],
    "69": [
        434,
        "pillow"
    ],
    "70": [
        542,
        "lamp"
    ],
    "71": [
        668,
        "ceiling_lamp"
    ],
    "72": [
        879,
        "shower_soap_shelf"
    ],
    "74": [
        885,
        "ceiling_lamp"
    ],
    "75": [
        87,
        "table"
    ],
    "77": [
        773,
        "statue_art"
    ],
    "79": [
        205,
        "computer_desk"
    ],
    "81": [
        122,
        "kitchen_shelf"
    ],
    "82": [
        443,
        "box"
    ],
    "83": [
        388,
        "door"
    ],
    "84": [
        571,
        "towel"
    ],
    "86": [
        559,
        "washing_machine"
    ],
    "87": [
        18,
        "door"
    ],
    "88": [
        791,
        "toy"
    ],
    "91": [
        871,
        "cabinet"
    ],
    "92": [
        474,
        "plant"
    ],
    "93": [
        870,
        "sink"
    ],
    "96": [
        138,
        "dining_chair"
    ],
    "99": [
        273,
        "sink_cabinet"
    ],
    "104": [
        92,
        "pillar"
    ],
    "107": [
        169,
        "dishwasher"
    ],
    "108": [
        661,
        "ceiling_lamp"
    ],
    "113": [
        689,
        "art_frame"
    ],
    "118": [
        349,
        "door"
    ],
    "119": [
        411,
        "art_frame"
    ],
    "120": [
        145,
        "stove"
    ],
    "123": [
        459,
        "clothes_rack"
    ],
    "124": [
        795,
        "toy"
    ],
    "125": [
        379,
        "window"
    ],
    "126": [
        492,
        "pillow"
    ],
    "129": [
        5,
        "window"
    ],
    "130": [
        151,
        "kitchen_shelf"
    ],
    "132": [
        828,
        "toy"
    ],
    "133": [
        69,
        "lamp"
    ],
    "135": [
        121,
        "kitchen_shelf"
    ],
    "137": [
        166,
        "kitchen_shelf"
    ],
    "140": [
        123,
        "refrigerator"
    ],
    "141": [
        667,
        "ceiling_lamp"
    ],
    "142": [
        545,
        "alarm_control"
    ],
    "144": [
        413,
        "mirror"
    ],
    "146": [
        458,
        "clothes_hanger"
    ],
    "147": [
        462,
        "clothes_rack"
    ],
    "154": [
        577,
        "art_frame"
    ],
    "155": [
        494,
        "pillow"
    ],
    "158": [
        514,
        "art_frame"
    ],
    "160": [
        44,
        "window"
    ],
    "161": [
        699,
        "speaker"
    ],
    "163": [
        272,
        "curtain"
    ],
    "164": [
        497,
        "sofa_seat"
    ],
    "165": [
        823,
        "shelf"
    ],
    "167": [
        440,
        "shoe"
    ],
    "169": [
        669,
        "ceiling_lamp"
    ],
    "171": [
        274,
        "toilet_paper"
    ],
    "172": [
        771,
        "toy"
    ],
    "176": [
        792,
        "toy"
    ],
    "179": [
        572,
        "mirror"
    ],
    "180": [
        884,
        "ceiling_lamp"
    ],
    "182": [
        441,
        "shoe"
    ],
    "184": [
        129,
        "kitchen_shelf"
    ],
    "185": [
        28,
        "table_lamp"
    ],
    "186": [
        522,
        "pillow"
    ],
    "189": [
        488,
        "sofa_chair"
    ],
    "190": [
        794,
        "toy"
    ],
    "191": [
        62,
        "window"
    ],
    "192": [
        435,
        "pillow"
    ],
    "193": [
        164,
        "coffee_machine"
    ],
    "200": [
        530,
        "door"
    ],
    "201": [
        695,
        "window"
    ],
    "202": [
        783,
        "toy"
    ],
    "203": [
        438,
        "cloth"
    ],
    "204": [
        206,
        "computer_chair"
    ],
    "205": [
        485,
        "fruit_bowl"
    ],
    "207": [
        718,
        "art_frame"
    ],
    "208": [
        820,
        "toy"
    ],
    "210": [
        333,
        "pillow"
    ],
    "212": [
        865,
        "towel"
    ],
    "213": [
        696,
        "tv"
    ],
    "214": [
        456,
        "clothes_rack"
    ],
    "217": [
        51,
        "table"
    ],
    "218": [
        345,
        "pillow"
    ],
    "219": [
        167,
        "kitchen_shelf"
    ],
    "223": [
        262,
        "lamp"
    ],
    "229": [
        171,
        "sink"
    ],
    "234": [
        109,
        "chair"
    ],
    "237": [
        212,
        "smoke_alarm"
    ],
    "238": [
        446,
        "cloth"
    ],
    "241": [
        104,
        "window"
    ],
    "245": [
        363,
        "window"
    ],
    "247": [
        779,
        "toy"
    ],
    "248": [
        338,
        "bed_table"
    ],
    "249": [
        255,
        "pillow"
    ],
    "250": [
        63,
        "curtain"
    ],
    "253": [
        84,
        "picture"
    ],
    "254": [
        767,
        "toy"
    ],
    "255": [
        332,
        "pillow"
    ],
    "260": [
        521,
        "pillow"
    ],
    "264": [
        786,
        "toy"
    ],
    "266": [
        622,
        "table"
    ],
    "267": [
        57,
        "pillow"
    ],
    "270": [
        199,
        "door"
    ],
    "274": [
        450,
        "shoe"
    ],
    "276": [
        22,
        "door"
    ],
    "278": [
        620,
        "armchair"
    ],
    "279": [
        426,
        "basket"
    ],
    "280": [
        131,
        "kitchen_shelf"
    ],
    "281": [
        192,
        "box_with_books"
    ],
    "284": [
        297,
        "art_frame"
    ],
    "286": [
        524,
        "sink_cabinet"
    ],
    "287": [
        712,
        "table"
    ],
    "288": [
        744,
        "toy"
    ],
    "291": [
        454,
        "clothes"
    ],
    "294": [
        168,
        "kitchen_shelf"
    ],
    "295": [
        565,
        "towel"
    ],
    "296": [
        114,
        "table"
    ],
    "297": [
        836,
        "toy"
    ],
    "298": [
        370,
        "circular_sofa"
    ],
    "300": [
        382,
        "candle_holder"
    ],
    "302": [
        467,
        "window"
    ],
    "304": [
        750,
        "toy"
    ],
    "306": [
        343,
        "pillow"
    ],
    "310": [
        807,
        "desk_chair"
    ],
    "311": [
        133,
        "dining_table"
    ],
    "312": [
        159,
        "mirror"
    ],
    "313": [
        143,
        "chair"
    ],
    "316": [
        805,
        "statue_art"
    ],
    "317": [
        16,
        "statue"
    ],
    "319": [
        409,
        "art_frame"
    ],
    "322": [
        100,
        "painting"
    ],
    "324": [
        665,
        "ceiling_lamp"
    ],
    "325": [
        815,
        "toy"
    ],
    "328": [
        93,
        "pillar"
    ],
    "329": [
        47,
        "curtain"
    ],
    "330": [
        201,
        "shelf"
    ],
    "331": [
        312,
        "art_frame"
    ],
    "332": [
        448,
        "cloth"
    ],
    "333": [
        4,
        "door"
    ],
    "336": [
        819,
        "toy"
    ],
    "338": [
        527,
        "mirror"
    ],
    "340": [
        429,
        "hat"
    ],
    "342": [
        223,
        "wall_tv"
    ],
    "343": [
        235,
        "door"
    ],
    "345": [
        176,
        "ceiling_lamp"
    ],
    "349": [
        857,
        "paper_towel"
    ],
    "352": [
        710,
        "pillow"
    ],
    "355": [
        156,
        "door"
    ],
    "356": [
        108,
        "chair"
    ],
    "358": [
        286,
        "curtain"
    ],
    "360": [
        445,
        "box"
    ],
    "363": [
        33,
        "armchair"
    ],
    "365": [
        698,
        "speaker"
    ],
    "366": [
        480,
        "vase"
    ],
    "369": [
        720,
        "art_frame"
    ],
    "372": [
        287,
        "bath"
    ],
    "374": [
        424,
        "door"
    ],
    "377": [
        190,
        "box_with_books"
    ],
    "378": [
        352,
        "chandelier"
    ],
    "379": [
        126,
        "kitchen_shelf"
    ],
    "382": [
        380,
        "mirror"
    ],
    "383": [
        430,
        "hat"
    ],
    "384": [
        506,
        "ceiling_fan"
    ],
    "385": [
        124,
        "oven"
    ],
    "386": [
        198,
        "door"
    ],
    "389": [
        55,
        "couch"
    ],
    "396": [
        68,
        "rug"
    ],
    "397": [
        686,
        "ceiling_lamp"
    ],
    "399": [
        479,
        "cabinet"
    ],
    "402": [
        231,
        "pillow"
    ],
    "403": [
        376,
        "flower_vase"
    ],
    "408": [
        837,
        "toy"
    ],
    "409": [
        841,
        "toy"
    ],
    "411": [
        465,
        "clock"
    ],
    "412": [
        49,
        "curtain"
    ],
    "413": [
        690,
        "art_frame"
    ],
    "416": [
        383,
        "candle_holder"
    ],
    "418": [
        233,
        "bed_light"
    ],
    "419": [
        701,
        "guitar"
    ],
    "422": [
        769,
        "toy"
    ],
    "423": [
        496,
        "sofa_seat"
    ],
    "425": [
        170,
        "kitchen_shelf"
    ],
    "427": [
        410,
        "art_frame"
    ],
    "428": [
        460,
        "clothes_rack"
    ],
    "430": [
        339,
        "bed_table"
    ],
    "434": [
        627,
        "pillar"
    ],
    "435": [
        437,
        "bag"
    ],
    "436": [
        350,
        "fire_alarm"
    ],
    "437": [
        566,
        "toilet"
    ],
    "439": [
        8,
        "painting"
    ],
    "441": [
        43,
        "window"
    ],
    "443": [
        723,
        "art_frame"
    ],
    "446": [
        188,
        "box_with_books"
    ],
    "447": [
        427,
        "box"
    ],
    "449": [
        431,
        "hat"
    ],
    "450": [
        461,
        "clothes_rack"
    ],
    "455": [
        585,
        "door"
    ],
    "457": [
        371,
        "sink_cabinet"
    ],
    "460": [
        251,
        "art_frame"
    ],
    "461": [
        182,
        "mirror"
    ],
    "465": [
        237,
        "cabinet"
    ],
    "467": [
        384,
        "sink_cabinet"
    ],
    "468": [
        253,
        "bed"
    ],
    "471": [
        381,
        "wall_lamp"
    ],
    "476": [
        684,
        "ceiling_lamp"
    ],
    "478": [
        278,
        "mirror"
    ],
    "481": [
        812,
        "toy"
    ],
    "483": [
        793,
        "ceiling_lamp"
    ],
    "484": [
        579,
        "art_frame"
    ],
    "486": [
        821,
        "toy"
    ],
    "495": [
        257,
        "cabinet"
    ],
    "496": [
        327,
        "mirror"
    ],
    "497": [
        377,
        "candle_holder"
    ],
    "498": [
        308,
        "sofa_chair"
    ],
    "500": [
        859,
        "trashcan"
    ],
    "501": [
        520,
        "bed"
    ],
    "504": [
        197,
        "box_with_books"
    ],
    "505": [
        472,
        "window"
    ],
    "506": [
        504,
        "carpet"
    ],
    "508": [
        664,
        "ceiling_lamp"
    ],
    "510": [
        154,
        "kitchen_shelf"
    ],
    "514": [
        227,
        "window"
    ],
    "517": [
        573,
        "door"
    ],
    "518": [
        752,
        "toy"
    ],
    "523": [
        776,
        "toy"
    ],
    "524": [
        356,
        "mirror"
    ],
    "525": [
        582,
        "shelf"
    ],
    "526": [
        806,
        "desk"
    ],
    "528": [
        269,
        "toilet"
    ],
    "529": [
        423,
        "ceiling_lamp"
    ],
    "530": [
        252,
        "art_frame"
    ],
    "532": [
        495,
        "table"
    ],
    "533": [
        804,
        "file_cabinet"
    ],
    "534": [
        831,
        "toy"
    ],
    "535": [
        142,
        "chair"
    ],
    "538": [
        817,
        "toy"
    ],
    "539": [
        452,
        "box"
    ],
    "541": [
        490,
        "pillow"
    ],
    "542": [
        481,
        "vase"
    ],
    "543": [
        81,
        "door"
    ],
    "544": [
        777,
        "toy"
    ],
    "548": [
        393,
        "towel"
    ],
    "549": [
        172,
        "faucet"
    ],
    "550": [
        326,
        "window"
    ],
    "551": [
        48,
        "curtain"
    ],
    "553": [
        135,
        "dining_chair"
    ],
    "554": [
        329,
        "lamp"
    ],
    "556": [
        248,
        "door"
    ],
    "557": [
        331,
        "sofa_set"
    ],
    "561": [
        53,
        "can"
    ],
    "563": [
        711,
        "pillow"
    ],
    "564": [
        148,
        "kitchen_shelf"
    ],
    "566": [
        372,
        "mirror"
    ],
    "569": [
        700,
        "guitar"
    ],
    "571": [
        392,
        "bath"
    ],
    "574": [
        353,
        "door"
    ],
    "576": [
        827,
        "toy"
    ],
    "579": [
        436,
        "blanket"
    ],
    "582": [
        709,
        "couch"
    ],
    "584": [
        147,
        "kitchen_shelf"
    ],
    "586": [
        265,
        "door"
    ],
    "587": [
        502,
        "pillow"
    ],
    "588": [
        816,
        "toy"
    ],
    "591": [
        184,
        "art_frame"
    ],
    "593": [
        56,
        "pillow"
    ],
    "595": [
        569,
        "mirror"
    ],
    "597": [
        407,
        "toilet_paper"
    ],
    "601": [
        20,
        "art_frame"
    ],
    "605": [
        558,
        "sink_cabinet"
    ],
    "607": [
        204,
        "mirror"
    ],
    "609": [
        860,
        "urinal"
    ],
    "613": [
        42,
        "picture"
    ],
    "615": [
        578,
        "art_frame"
    ],
    "616": [
        785,
        "toy"
    ],
    "618": [
        261,
        "art_frame"
    ],
    "619": [
        433,
        "clothes"
    ],
    "622": [
        344,
        "pillow"
    ],
    "626": [
        498,
        "table"
    ],
    "628": [
        45,
        "window"
    ],
    "629": [
        394,
        "pillar"
    ],
    "630": [
        858,
        "toilet"
    ],
    "631": [
        110,
        "chair"
    ],
    "632": [
        240,
        "art_frame"
    ],
    "633": [
        242,
        "wardrobe"
    ],
    "634": [
        428,
        "hat"
    ],
    "636": [
        657,
        "ceiling_lamp"
    ],
    "639": [
        856,
        "towel"
    ],
    "640": [
        46,
        "window"
    ],
    "641": [
        330,
        "lamp"
    ],
    "642": [
        342,
        "bed"
    ],
    "643": [
        797,
        "boxes_with_books"
    ],
    "644": [
        808,
        "table"
    ],
    "646": [
        814,
        "toy"
    ],
    "647": [
        838,
        "toy"
    ],
    "650": [
        50,
        "curtain"
    ],
    "654": [
        26,
        "painting"
    ],
    "655": [
        869,
        "towel"
    ],
    "658": [
        13,
        "wall_lamp"
    ],
    "659": [
        155,
        "mirror"
    ],
    "663": [
        512,
        "curtain"
    ],
    "665": [
        855,
        "towel"
    ],
    "668": [
        187,
        "box_with_books"
    ],
    "669": [
        484,
        "fireplace"
    ],
    "672": [
        666,
        "ceiling_lamp"
    ],
    "675": [
        781,
        "toy"
    ],
    "677": [
        191,
        "box_with_books"
    ],
    "678": [
        334,
        "pillow"
    ],
    "680": [
        228,
        "mirror"
    ],
    "681": [
        624,
        "tv"
    ],
    "682": [
        562,
        "toilet_paper"
    ],
    "683": [
        386,
        "mirror"
    ],
    "684": [
        813,
        "toy"
    ],
    "685": [
        337,
        "pillow"
    ],
    "686": [
        471,
        "painting"
    ],
    "688": [
        85,
        "railing"
    ],
    "689": [
        576,
        "art_frame"
    ],
    "691": [
        832,
        "toy"
    ],
    "695": [
        405,
        "toilet"
    ],
    "697": [
        254,
        "pillow"
    ],
    "699": [
        194,
        "box_with_books"
    ],
    "701": [
        822,
        "window"
    ],
    "702": [
        505,
        "carpet"
    ],
    "703": [
        790,
        "toy"
    ],
    "704": [
        493,
        "pillow"
    ],
    "706": [
        89,
        "attic_door"
    ],
    "707": [
        149,
        "kitchen_shelf"
    ],
    "709": [
        3,
        "decorative_mask"
    ],
    "710": [
        867,
        "mirror"
    ],
    "711": [
        663,
        "ceiling_lamp"
    ],
    "713": [
        563,
        "art_frame"
    ],
    "715": [
        803,
        "boxes_with_books"
    ],
    "717": [
        30,
        "carpet"
    ],
    "723": [
        775,
        "shelf"
    ],
    "726": [
        395,
        "pillar"
    ],
    "727": [
        140,
        "slab"
    ],
    "728": [
        141,
        "kitchen_shelf"
    ],
    "731": [
        234,
        "bed_table"
    ],
    "734": [
        447,
        "cloth"
    ],
    "735": [
        99,
        "art_frame"
    ],
    "737": [
        738,
        "toy"
    ],
    "738": [
        449,
        "carpet"
    ],
    "739": [
        523,
        "door"
    ],
    "740": [
        834,
        "toy"
    ],
    "742": [
        27,
        "lamp_table"
    ],
    "745": [
        782,
        "toy"
    ],
    "746": [
        774,
        "device"
    ],
    "748": [
        195,
        "box_with_books"
    ],
    "749": [
        128,
        "slab"
    ],
    "753": [
        271,
        "bath"
    ],
    "755": [
        883,
        "toy"
    ],
    "760": [
        270,
        "towel"
    ],
    "761": [
        550,
        "window"
    ],
    "762": [
        215,
        "door"
    ],
    "763": [
        202,
        "cabinet"
    ],
    "764": [
        780,
        "toy"
    ],
    "765": [
        826,
        "toy"
    ],
    "766": [
        798,
        "boxes_with_books"
    ],
    "767": [
        483,
        "floor_lamp"
    ],
    "772": [
        374,
        "clock"
    ],
    "774": [
        289,
        "bath_mat"
    ],
    "775": [
        305,
        "cabinet"
    ],
    "776": [
        501,
        "pillow"
    ],
    "777": [
        113,
        "chair"
    ],
    "778": [
        336,
        "pillow"
    ],
    "783": [
        319,
        "pillow"
    ],
    "784": [
        299,
        "window"
    ],
    "785": [
        232,
        "pillow"
    ],
    "786": [
        499,
        "cabinet"
    ],
    "790": [
        567,
        "lamp"
    ],
    "791": [
        662,
        "smoke_alarm"
    ],
    "793": [
        547,
        "door"
    ],
    "795": [
        880,
        "shower_soap_shelf"
    ],
    "796": [
        335,
        "pillow"
    ],
    "799": [
        203,
        "art_frame"
    ],
    "804": [
        839,
        "toy"
    ],
    "805": [
        115,
        "flower_vase"
    ],
    "806": [
        444,
        "case"
    ],
    "807": [
        163,
        "toaster"
    ],
    "808": [
        136,
        "dining_chair"
    ],
    "809": [
        193,
        "box_with_books"
    ],
    "812": [
        150,
        "kitchen_shelf"
    ],
    "815": [
        369,
        "carpet"
    ],
    "816": [
        491,
        "pillow"
    ],
    "817": [
        873,
        "cabinet"
    ],
    "818": [
        196,
        "box_with_books"
    ],
    "819": [
        341,
        "bedside_lamp"
    ],
    "820": [
        211,
        "ceiling_lamp"
    ],
    "821": [
        346,
        "pillow"
    ],
    "822": [
        146,
        "microwave"
    ],
    "825": [
        694,
        "window"
    ],
    "828": [
        207,
        "computer"
    ],
    "830": [
        432,
        "clothes"
    ],
    "833": [
        328,
        "cabinet"
    ],
    "836": [
        442,
        "box"
    ],
    "837": [
        715,
        "art_frame"
    ],
    "838": [
        284,
        "toilet"
    ],
    "842": [
        414,
        "door"
    ],
    "846": [
        697,
        "speaker"
    ],
    "847": [
        580,
        "sink_cabinet"
    ],
    "849": [
        230,
        "bed"
    ],
    "850": [
        391,
        "lamp"
    ],
    "851": [
        316,
        "wall_tv"
    ],
    "854": [
        406,
        "trashcan"
    ],
    "855": [
        291,
        "window"
    ],
    "856": [
        560,
        "washing_machine"
    ],
    "857": [
        214,
        "art_frame"
    ],
    "860": [
        784,
        "toy"
    ],
    "861": [
        439,
        "shoe"
    ],
    "862": [
        322,
        "window"
    ],
    "865": [
        173,
        "washing_stuff"
    ],
    "866": [
        476,
        "window"
    ],
    "867": [
        165,
        "kettle"
    ],
    "871": [
        554,
        "art_frame"
    ],
    "872": [
        688,
        "art_frame"
    ],
    "874": [
        810,
        "toy"
    ],
    "875": [
        367,
        "door"
    ],
    "876": [
        818,
        "toy"
    ],
    "880": [
        54,
        "can"
    ],
    "883": [
        453,
        "clothes"
    ],
    "884": [
        895,
        "shower_curtain_rod"
    ],
    "887": [
        830,
        "toy"
    ],
    "888": [
        486,
        "circular_sofa"
    ],
    "889": [
        835,
        "toy"
    ],
    "890": [
        531,
        "door"
    ],
    "891": [
        621,
        "armchair"
    ],
    "894": [
        658,
        "ceiling_lamp"
    ],
    "895": [
        144,
        "kitchen_shelf"
    ],
    "897": [
        200,
        "printer"
    ],
    "898": [
        222,
        "ceiling_fan"
    ]
}